ARTIKELNAME;Handelssprache;Lokaler Artikelname;Lieferantenartikelnummer;Lieferanten Firmenname;LIEFERANTENNUMMER;Bruttokaufpreis;Zu- und Abschläge Bezeichnung 1;Zu- und Abschläge Preisart 1;Zu- und Abschläge Wert 1;Zu- und Abschläge Bezeichnung 2;Zu- und Abschläge Preisart 2;Zu- und Abschläge Wert 2;Währung;Artikel-Mengeneinheit;Matchcode;Artikel aktiv;Preis-Eintritt;Warengruppen-Name;Warengruppen Beschreibung;Steuersatz;Zugehörigen Verkaufsartikel erstellen oder aktualisieren;Verkaufsartikel-Nummer;Bruttopreis des zugehörigen Verkaufsartikels;Verkaufsartikel-Währung;Vertriebsweg;Vertriebsweg-Steuersatz;Kurztext 1;Handelssprache;Lokalisierte Kurztext 1;Kurztext 2;Handelssprache;Lokalisierte Kurztext 2;Artikelbeschreibung;Handelssprache;Lokalisierte Artikelbeschreibung;Interner Hinweis;Handelssprache;Lokalisierter interner Hinweis;Artikel-Langbeschreibung;Handelssprache;Lokalisierte Lange Artikelbeschreibung;EAN-Nummer;MPN-Nummer;Artikeltyp;Serienartikel;Hersteller;Bruttogewicht;Nettogewicht;Zolltarifnummer;Länge Artikel;Breite Artikel;Höhe Artikel;Herstellertyp;Einführungsdatum;Sicherheitstage;Mindestlagerbestand;Zielbestand;Wiederbeschaffungstage;Durchschnittliche Lieferzeit;Mindestbestellmenge;Gebindemenge;Lieferantenbestand;Dropshipping möglich;In Dropshipping-Automatisierung ignorieren;Kostenstelle Verkauf;Kostenstelle Einkauf;Kostenart;Primäre Bezugsquelle
Abschlussprofil Messing natur 3 mm 250 cm;;;09018030;Dural GmbH;10000;14,88;;DISCOUNT_PCT;50;;DISCOUNT_PCT;40;;;;;;;;;;020.020.0010;;;;;;;;;;;;;;;;;;;;;;;ja;;;;;;;;;;;;;;;;;;ja;;;;;ja
Biegbares Abschlussprofil Messing natur 3 mm 250 cm;;;0901803099;Dural GmbH;10000;17,62;;DISCOUNT_PCT;50;;DISCOUNT_PCT;40;;;;;;;;;;020.020.0020;;;;;;;;;;;;;;;;;;;;;;;ja;;;;;;;;;;;;;;;;;;ja;;;;;ja
Biegbares Abschlussprofil Messing natur 250 cm;;;0901806099;Dural GmbH;10000;19,48;;DISCOUNT_PCT;50;;DISCOUNT_PCT;40;;;;;;;;;;020.020.0030;;;;;;;;;;;;;;;;;;;;;;;ja;;;;;;;;;;;;;;;;;;ja;;;;;ja
Abschlussprofil Messing natur 250 cm;;;09018063;Dural GmbH;10000;15,84;;DISCOUNT_PCT;50;;DISCOUNT_PCT;40;;;;;;;;;;020.020.0040;;;;;;;;;;;;;;;;;;;;;;;ja;;;;;;;;;;;;;;;;;;ja;;;;;ja
Abschlussprofil Messing natur hochglanzpoliert 250 cm;;;09018064;Dural GmbH;10000;28,78;;DISCOUNT_PCT;50;;DISCOUNT_PCT;40;;;;;;;;;;020.020.0050;;;;;;;;;;;;;;;;;;;;;;;ja;;;;;;;;;;;;;;;;;;ja;;;;;ja
Biegbares Abschlussprofil Messing natur 8 mm 250 cm;;;0901808099;Dural GmbH;10000;20,54;;DISCOUNT_PCT;50;;DISCOUNT_PCT;40;;;;;;;;;;020.020.0060;;;;;;;;;;;;;;;;;;;;;;;ja;;;;;;;;;;;;;;;;;;ja;;;;;ja
Abschlussprofil Messing natur 8 mm 250 cm;;;09018083;Dural GmbH;10000;16,82;;DISCOUNT_PCT;50;;DISCOUNT_PCT;40;;;;;;;;;;020.020.0070;;;;;;;;;;;;;;;;;;;;;;;ja;;;;;;;;;;;;;;;;;;ja;;;;;ja
Abschlussprofil Messing natur hochglanzpoliert 8 mm 250 cm;;;09018084;Dural GmbH;10000;29,82;;DISCOUNT_PCT;50;;DISCOUNT_PCT;40;;;;;;;;;;020.020.0080;;;;;;;;;;;;;;;;;;;;;;;ja;;;;;;;;;;;;;;;;;;ja;;;;;ja
Abschlussprofil Messing natur 9 mm 250 cm;;;09018090;Dural GmbH;10000;17,34;;DISCOUNT_PCT;50;;DISCOUNT_PCT;40;;;;;;;;;;020.020.0090;;;;;;;;;;;;;;;;;;;;;;;ja;;;;;;;;;;;;;;;;;;ja;;;;;ja
Biegbares Abschlussprofil Messing natur 10 mm 250 cm;;;0901810099;Dural GmbH;10000;21,76;;DISCOUNT_PCT;50;;DISCOUNT_PCT;40;;;;;;;;;;020.020.0100;;;;;;;;;;;;;;;;;;;;;;;ja;;;;;;;;;;;;;;;;;;ja;;;;;ja
Abschlussprofil Messing natur 10 mm 250 cm;;;09018103;Dural GmbH;10000;18,04;;DISCOUNT_PCT;50;;DISCOUNT_PCT;40;;;;;;;;;;020.020.0110;;;;;;;;;;;;;;;;;;;;;;;ja;;;;;;;;;;;;;;;;;;ja;;;;;ja
Abschlussprofil Messing natur hochglanzpoliert 10 mm 250 cm;;;09018104;Dural GmbH;10000;31,04;;DISCOUNT_PCT;50;;DISCOUNT_PCT;40;;;;;;;;;;020.020.0120;;;;;;;;;;;;;;;;;;;;;;;ja;;;;;;;;;;;;;;;;;;ja;;;;;ja
Abschlussprofil Messing natur 11 mm 250 cm;;;09018110;Dural GmbH;10000;18,56;;DISCOUNT_PCT;50;;DISCOUNT_PCT;40;;;;;;;;;;020.020.0130;;;;;;;;;;;;;;;;;;;;;;;ja;;;;;;;;;;;;;;;;;;ja;;;;;ja
Biegbares Abschlussprofil Messing natur 11 mm 250 cm;;;0901811099;Dural GmbH;10000;22,3;;DISCOUNT_PCT;50;;DISCOUNT_PCT;40;;;;;;;;;;020.020.0140;;;;;;;;;;;;;;;;;;;;;;;ja;;;;;;;;;;;;;;;;;;ja;;;;;ja
Biegbares Abschlussprofil Messing natur 12,5 mm 250 cm;;;0901812099;Dural GmbH;10000;22,82;;DISCOUNT_PCT;50;;DISCOUNT_PCT;40;;;;;;;;;;020.020.0150;;;;;;;;;;;;;;;;;;;;;;;ja;;;;;;;;;;;;;;;;;;ja;;;;;ja
Abschlussprofil Messing natur 12,5 mm 250 cm;;;09018123;Dural GmbH;10000;19,04;;DISCOUNT_PCT;50;;DISCOUNT_PCT;40;;;;;;;;;;020.020.0160;;;;;;;;;;;;;;;;;;;;;;;ja;;;;;;;;;;;;;;;;;;ja;;;;;ja
Abschlussprofil Messing natur hochglanzpoliert 12,5 mm 250 cm;;;09018124;Dural GmbH;10000;32,02;;DISCOUNT_PCT;50;;DISCOUNT_PCT;40;;;;;;;;;;020.020.0170;;;;;;;;;;;;;;;;;;;;;;;ja;;;;;;;;;;;;;;;;;;ja;;;;;ja
Abschlussprofil Messing natur 15 mm 250 cm;;;09018150;Dural GmbH;10000;21,52;;DISCOUNT_PCT;50;;DISCOUNT_PCT;40;;;;;;;;;;020.020.0180;;;;;;;;;;;;;;;;;;;;;;;ja;;;;;;;;;;;;;;;;;;ja;;;;;ja
Biegbares Abschlussprofil Messing natur 15 mm 250 cm;;;0901815099;Dural GmbH;10000;24,28;;DISCOUNT_PCT;50;;DISCOUNT_PCT;40;;;;;;;;;;020.020.0190;;;;;;;;;;;;;;;;;;;;;;;ja;;;;;;;;;;;;;;;;;;ja;;;;;ja
Abschlussprofil Messing natur 18,5 mm 250 cm;;;09018180;Dural GmbH;10000;24,1;;DISCOUNT_PCT;50;;DISCOUNT_PCT;40;;;;;;;;;;020.020.0200;;;;;;;;;;;;;;;;;;;;;;;ja;;;;;;;;;;;;;;;;;;ja;;;;;ja
Biegbares Abschlussprofil Messing natur 18,5 mm 250 cm;;;0901818099;Dural GmbH;10000;26,98;;DISCOUNT_PCT;50;;DISCOUNT_PCT;40;;;;;;;;;;020.020.0210;;;;;;;;;;;;;;;;;;;;;;;ja;;;;;;;;;;;;;;;;;;ja;;;;;ja
Abschlussprofil Messing natur 20 mm 250 cm;;;09018200;Dural GmbH;10000;24,96;;DISCOUNT_PCT;50;;DISCOUNT_PCT;40;;;;;;;;;;020.020.0220;;;;;;;;;;;;;;;;;;;;;;;ja;;;;;;;;;;;;;;;;;;ja;;;;;ja
Biegbares Abschlussprofil Messing natur 20 mm 250 cm;;;0901820099;Dural GmbH;10000;27,92;;DISCOUNT_PCT;50;;DISCOUNT_PCT;40;;;;;;;;;;020.020.0230;;;;;;;;;;;;;;;;;;;;;;;ja;;;;;;;;;;;;;;;;;;ja;;;;;ja
Abschlussprofil Messing natur 22 mm 250 cm;;;09018220;Dural GmbH;10000;26,52;;DISCOUNT_PCT;50;;DISCOUNT_PCT;40;;;;;;;;;;020.020.0240;;;;;;;;;;;;;;;;;;;;;;;ja;;;;;;;;;;;;;;;;;;ja;;;;;ja
Abschlussprofil Messing natur 25 mm 250 cm;;;09018250;Dural GmbH;10000;28,3;;DISCOUNT_PCT;50;;DISCOUNT_PCT;40;;;;;;;;;;020.020.0250;;;;;;;;;;;;;;;;;;;;;;;ja;;;;;;;;;;;;;;;;;;ja;;;;;ja
Abschlussprofil Edelstahl (V2A, 304) natur 100 cm;;;09021060;Dural GmbH;10000;18,22;;DISCOUNT_PCT;50;;DISCOUNT_PCT;40;;;;;;;;;;020.020.0260;;;;;;;;;;;;;;;;;;;;;;;ja;;;;;;;;;;;;;;;;;;ja;;;;;ja
Abschlussprofil Edelstahl (V2A, 304) natur 8 mm 100 cm;;;09021080;Dural GmbH;10000;18,98;;DISCOUNT_PCT;50;;DISCOUNT_PCT;40;;;;;;;;;;020.020.0270;;;;;;;;;;;;;;;;;;;;;;;ja;;;;;;;;;;;;;;;;;;ja;;;;;ja
Abschlussprofil Edelstahl (V2A, 304) natur 10 mm 100 cm;;;09021100;Dural GmbH;10000;19,92;;DISCOUNT_PCT;50;;DISCOUNT_PCT;40;;;;;;;;;;020.020.0280;;;;;;;;;;;;;;;;;;;;;;;ja;;;;;;;;;;;;;;;;;;ja;;;;;ja
Abschlussprofil Edelstahl (V2A, 304) natur 11 mm 100 cm;;;09021110;Dural GmbH;10000;20,18;;DISCOUNT_PCT;50;;DISCOUNT_PCT;40;;;;;;;;;;020.020.0290;;;;;;;;;;;;;;;;;;;;;;;ja;;;;;;;;;;;;;;;;;;ja;;;;;ja
Abschlussprofil Edelstahl (V2A, 304) natur 12,5 mm 100 cm;;;09021120;Dural GmbH;10000;20,46;;DISCOUNT_PCT;50;;DISCOUNT_PCT;40;;;;;;;;;;020.020.0300;;;;;;;;;;;;;;;;;;;;;;;ja;;;;;;;;;;;;;;;;;;ja;;;;;ja
Abschlussprofil Edelstahl (V2A, 304) natur 300 cm;;;09022060;Dural GmbH;10000;16,9;;DISCOUNT_PCT;50;;DISCOUNT_PCT;40;;;;;;;;;;020.020.0310;;;;;;;;;;;;;;;;;;;;;;;ja;;;;;;;;;;;;;;;;;;ja;;;;;ja
Abschlussprofil Edelstahl (V2A, 304) natur 8 mm 300 cm;;;09022080;Dural GmbH;10000;17,5;;DISCOUNT_PCT;50;;DISCOUNT_PCT;40;;;;;;;;;;020.020.0320;;;;;;;;;;;;;;;;;;;;;;;ja;;;;;;;;;;;;;;;;;;ja;;;;;ja
Abschlussprofil Edelstahl (V2A, 304) natur 9 mm 300 cm;;;09022090;Dural GmbH;10000;18,02;;DISCOUNT_PCT;50;;DISCOUNT_PCT;40;;;;;;;;;;020.020.0330;;;;;;;;;;;;;;;;;;;;;;;ja;;;;;;;;;;;;;;;;;;ja;;;;;ja
Abschlussprofil Edelstahl (V2A, 304) natur 10 mm 300 cm;;;09022100;Dural GmbH;10000;18,46;;DISCOUNT_PCT;50;;DISCOUNT_PCT;40;;;;;;;;;;020.020.0340;;;;;;;;;;;;;;;;;;;;;;;ja;;;;;;;;;;;;;;;;;;ja;;;;;ja
Abschlussprofil Edelstahl (V2A, 304) natur 11 mm 300 cm;;;09022110;Dural GmbH;10000;18,7;;DISCOUNT_PCT;50;;DISCOUNT_PCT;40;;;;;;;;;;020.020.0350;;;;;;;;;;;;;;;;;;;;;;;ja;;;;;;;;;;;;;;;;;;ja;;;;;ja
Abschlussprofil Edelstahl (V2A, 304) natur 12,5 mm 300 cm;;;09022120;Dural GmbH;10000;18,98;;DISCOUNT_PCT;50;;DISCOUNT_PCT;40;;;;;;;;;;020.020.0360;;;;;;;;;;;;;;;;;;;;;;;ja;;;;;;;;;;;;;;;;;;ja;;;;;ja
Abschlussprofil Edelstahl (V2A, 304) natur 15 mm 300 cm;;;09022150;Dural GmbH;10000;20,18;;DISCOUNT_PCT;50;;DISCOUNT_PCT;40;;;;;;;;;;020.020.0370;;;;;;;;;;;;;;;;;;;;;;;ja;;;;;;;;;;;;;;;;;;ja;;;;;ja
Abschlussprofil Edelstahl (V2A, 304) natur 2 mm 250 cm;;;09028020;Dural GmbH;10000;15,6;;DISCOUNT_PCT;50;;DISCOUNT_PCT;40;;;;;;;;;;020.020.0380;;;;;;;;;;;;;;;;;;;;;;;ja;;;;;;;;;;;;;;;;;;ja;;;;;ja
Abschlussprofil Edelstahl (V2A, 304) natur 3 mm 250 cm;;;09028030;Dural GmbH;10000;15,6;;DISCOUNT_PCT;50;;DISCOUNT_PCT;40;;;;;;;;;;020.020.0390;;;;;;;;;;;;;;;;;;;;;;;ja;;;;;;;;;;;;;;;;;;ja;;;;;ja
Biegbares Abschlussprofil Edelstahl (V2A, 304) natur 3 mm 250 cm;;;0902803099;Dural GmbH;10000;18,88;;DISCOUNT_PCT;50;;DISCOUNT_PCT;40;;;;;;;;;;020.020.0400;;;;;;;;;;;;;;;;;;;;;;;ja;;;;;;;;;;;;;;;;;;ja;;;;;ja
Abschlussprofil Edelstahl (V2A, 304) natur hochglanzpoliert 3 mm 250 cm;;;09028031;Dural GmbH;10000;23,34;;DISCOUNT_PCT;50;;DISCOUNT_PCT;40;;;;;;;;;;020.020.0410;;;;;;;;;;;;;;;;;;;;;;;ja;;;;;;;;;;;;;;;;;;ja;;;;;ja
Abschlussprofil Edelstahl (V2A, 304) natur 4,5 mm 250 cm;;;09028040;Dural GmbH;10000;16,3;;DISCOUNT_PCT;50;;DISCOUNT_PCT;40;;;;;;;;;;020.020.0420;;;;;;;;;;;;;;;;;;;;;;;ja;;;;;;;;;;;;;;;;;;ja;;;;;ja
Biegbares Abschlussprofil Edelstahl (V2A, 304) natur 4,5 mm 250 cm;;;0902804099;Dural GmbH;10000;19,52;;DISCOUNT_PCT;50;;DISCOUNT_PCT;40;;;;;;;;;;020.020.0430;;;;;;;;;;;;;;;;;;;;;;;ja;;;;;;;;;;;;;;;;;;ja;;;;;ja
Abschlussprofil Edelstahl (V2A, 304) natur hochglanzpoliert 4,5 mm 250 cm;;;09028041;Dural GmbH;10000;24,18;;DISCOUNT_PCT;50;;DISCOUNT_PCT;40;;;;;;;;;;020.020.0440;;;;;;;;;;;;;;;;;;;;;;;ja;;;;;;;;;;;;;;;;;;ja;;;;;ja
Abschlussprofil Edelstahl (V2A, 304) natur 250 cm;;;09028060;Dural GmbH;10000;16,9;;DISCOUNT_PCT;50;;DISCOUNT_PCT;40;;;;;;;;;;020.020.0450;;;;;;;;;;;;;;;;;;;;;;;ja;;;;;;;;;;;;;;;;;;ja;;;;;ja
Biegbares Abschlussprofil Edelstahl (V2A, 304) natur 250 cm;;;0902806099;Dural GmbH;10000;20,18;;DISCOUNT_PCT;50;;DISCOUNT_PCT;40;;;;;;;;;;020.020.0460;;;;;;;;;;;;;;;;;;;;;;;ja;;;;;;;;;;;;;;;;;;ja;;;;;ja
Abschlussprofil Edelstahl (V2A, 304) natur hochglanzpoliert 250 cm;;;09028061;Dural GmbH;10000;25,34;;DISCOUNT_PCT;50;;DISCOUNT_PCT;40;;;;;;;;;;020.020.0470;;;;;;;;;;;;;;;;;;;;;;;ja;;;;;;;;;;;;;;;;;;ja;;;;;ja
Abschlussprofil Edelstahl (V2A, 304) natur gebürstet 250 cm;;;09028064;Dural GmbH;10000;27,58;;DISCOUNT_PCT;50;;DISCOUNT_PCT;40;;;;;;;;;;020.020.0480;;;;;;;;;;;;;;;;;;;;;;;ja;;;;;;;;;;;;;;;;;;ja;;;;;ja
Abschlussprofil Edelstahl (V2A, 304) natur 8 mm 250 cm;;;09028080;Dural GmbH;10000;17,5;;DISCOUNT_PCT;50;;DISCOUNT_PCT;40;;;;;;;;;;020.020.0490;;;;;;;;;;;;;;;;;;;;;;;ja;;;;;;;;;;;;;;;;;;ja;;;;;ja
Biegbares Abschlussprofil Edelstahl (V2A, 304) natur 8 mm 250 cm;;;0902808099;Dural GmbH;10000;20,72;;DISCOUNT_PCT;50;;DISCOUNT_PCT;40;;;;;;;;;;020.020.0500;;;;;;;;;;;;;;;;;;;;;;;ja;;;;;;;;;;;;;;;;;;ja;;;;;ja
Abschlussprofil Edelstahl (V2A, 304) natur hochglanzpoliert 8 mm 250 cm;;;09028081;Dural GmbH;10000;26,24;;DISCOUNT_PCT;50;;DISCOUNT_PCT;40;;;;;;;;;;020.020.0510;;;;;;;;;;;;;;;;;;;;;;;ja;;;;;;;;;;;;;;;;;;ja;;;;;ja
Abschlussprofil Edelstahl (V2A, 304) natur gebürstet 8 mm 250 cm;;;09028084;Dural GmbH;10000;29,32;;DISCOUNT_PCT;50;;DISCOUNT_PCT;40;;;;;;;;;;020.020.0520;;;;;;;;;;;;;;;;;;;;;;;ja;;;;;;;;;;;;;;;;;;ja;;;;;ja
Abschlussprofil Edelstahl (V2A, 304) natur 9 mm 250 cm;;;09028090;Dural GmbH;10000;18,02;;DISCOUNT_PCT;50;;DISCOUNT_PCT;40;;;;;;;;;;020.020.0530;;;;;;;;;;;;;;;;;;;;;;;ja;;;;;;;;;;;;;;;;;;ja;;;;;ja
Abschlussprofil Edelstahl (V2A, 304) natur hochglanzpoliert 9 mm 250 cm;;;09028091;Dural GmbH;10000;26,74;;DISCOUNT_PCT;50;;DISCOUNT_PCT;40;;;;;;;;;;020.020.0540;;;;;;;;;;;;;;;;;;;;;;;ja;;;;;;;;;;;;;;;;;;ja;;;;;ja
Abschlussprofil Edelstahl (V2A, 304) natur 10 mm 250 cm;;;09028100;Dural GmbH;10000;18,46;;DISCOUNT_PCT;50;;DISCOUNT_PCT;40;;;;;;;;;;020.020.0550;;;;;;;;;;;;;;;;;;;;;;;ja;;;;;;;;;;;;;;;;;;ja;;;;;ja
Biegbares Abschlussprofil Edelstahl (V2A, 304) natur 10 mm 250 cm;;;0902810099;Dural GmbH;10000;21,68;;DISCOUNT_PCT;50;;DISCOUNT_PCT;40;;;;;;;;;;020.020.0560;;;;;;;;;;;;;;;;;;;;;;;ja;;;;;;;;;;;;;;;;;;ja;;;;;ja
Abschlussprofil Edelstahl (V2A, 304) natur hochglanzpoliert 10 mm 250 cm;;;09028101;Dural GmbH;10000;27,26;;DISCOUNT_PCT;50;;DISCOUNT_PCT;40;;;;;;;;;;020.020.0570;;;;;;;;;;;;;;;;;;;;;;;ja;;;;;;;;;;;;;;;;;;ja;;;;;ja
Abschlussprofil Edelstahl (V2A, 304) natur gebürstet 10 mm 250 cm;;;09028104;Dural GmbH;10000;31,12;;DISCOUNT_PCT;50;;DISCOUNT_PCT;40;;;;;;;;;;020.020.0580;;;;;;;;;;;;;;;;;;;;;;;ja;;;;;;;;;;;;;;;;;;ja;;;;;ja
Abschlussprofil Edelstahl (V2A, 304) natur 11 mm 250 cm;;;09028110;Dural GmbH;10000;18,7;;DISCOUNT_PCT;50;;DISCOUNT_PCT;40;;;;;;;;;;020.020.0590;;;;;;;;;;;;;;;;;;;;;;;ja;;;;;;;;;;;;;;;;;;ja;;;;;ja
Biegbares Abschlussprofil Edelstahl (V2A, 304) natur 11 mm 250 cm;;;0902811099;Dural GmbH;10000;21,92;;DISCOUNT_PCT;50;;DISCOUNT_PCT;40;;;;;;;;;;020.020.0600;;;;;;;;;;;;;;;;;;;;;;;ja;;;;;;;;;;;;;;;;;;ja;;;;;ja
Abschlussprofil Edelstahl (V2A, 304) natur hochglanzpoliert 11 mm 250 cm;;;09028111;Dural GmbH;10000;27,78;;DISCOUNT_PCT;50;;DISCOUNT_PCT;40;;;;;;;;;;020.020.0610;;;;;;;;;;;;;;;;;;;;;;;ja;;;;;;;;;;;;;;;;;;ja;;;;;ja
Abschlussprofil Edelstahl (V2A, 304) natur gebürstet 11 mm 250 cm;;;09028114;Dural GmbH;10000;31,96;;DISCOUNT_PCT;50;;DISCOUNT_PCT;40;;;;;;;;;;020.020.0620;;;;;;;;;;;;;;;;;;;;;;;ja;;;;;;;;;;;;;;;;;;ja;;;;;ja
Abschlussprofil Edelstahl (V2A, 304) natur 12,5 mm 250 cm;;;09028120;Dural GmbH;10000;18,98;;DISCOUNT_PCT;50;;DISCOUNT_PCT;40;;;;;;;;;;020.020.0630;;;;;;;;;;;;;;;;;;;;;;;ja;;;;;;;;;;;;;;;;;;ja;;;;;ja
Biegbares Abschlussprofil Edelstahl (V2A, 304) natur 12,5 mm 250 cm;;;0902812099;Dural GmbH;10000;22,28;;DISCOUNT_PCT;50;;DISCOUNT_PCT;40;;;;;;;;;;020.020.0640;;;;;;;;;;;;;;;;;;;;;;;ja;;;;;;;;;;;;;;;;;;ja;;;;;ja
Abschlussprofil Edelstahl (V2A, 304) natur hochglanzpoliert 12,5 mm 250 cm;;;09028121;Dural GmbH;10000;28,26;;DISCOUNT_PCT;50;;DISCOUNT_PCT;40;;;;;;;;;;020.020.0650;;;;;;;;;;;;;;;;;;;;;;;ja;;;;;;;;;;;;;;;;;;ja;;;;;ja
Abschlussprofil Edelstahl (V2A, 304) natur gebürstet 12,5 mm 250 cm;;;09028122;Dural GmbH;10000;32,64;;DISCOUNT_PCT;50;;DISCOUNT_PCT;40;;;;;;;;;;020.020.0660;;;;;;;;;;;;;;;;;;;;;;;ja;;;;;;;;;;;;;;;;;;ja;;;;;ja
Abschlussprofil Edelstahl (V2A, 304) natur 14 mm 250 cm;;;09028140;Dural GmbH;10000;19,52;;DISCOUNT_PCT;50;;DISCOUNT_PCT;40;;;;;;;;;;020.020.0670;;;;;;;;;;;;;;;;;;;;;;;ja;;;;;;;;;;;;;;;;;;ja;;;;;ja
Abschlussprofil Edelstahl (V2A, 304) natur 15 mm 250 cm;;;09028150;Dural GmbH;10000;20,18;;DISCOUNT_PCT;50;;DISCOUNT_PCT;40;;;;;;;;;;020.020.0680;;;;;;;;;;;;;;;;;;;;;;;ja;;;;;;;;;;;;;;;;;;ja;;;;;ja
Abschlussprofil Edelstahl (V2A, 304) natur hochglanzpoliert 15 mm 250 cm;;;090281500;Dural GmbH;10000;29,9;;DISCOUNT_PCT;50;;DISCOUNT_PCT;40;;;;;;;;;;020.020.0690;;;;;;;;;;;;;;;;;;;;;;;ja;;;;;;;;;;;;;;;;;;ja;;;;;ja
Abschlussprofil Edelstahl (V2A, 304) natur 20 mm 250 cm;;;09028200;Dural GmbH;10000;22,5;;DISCOUNT_PCT;50;;DISCOUNT_PCT;40;;;;;;;;;;020.020.0700;;;;;;;;;;;;;;;;;;;;;;;ja;;;;;;;;;;;;;;;;;;ja;;;;;ja
Abschlussprofil Edelstahl (V2A, 304) natur hochglanzpoliert 20 mm 250 cm;;;09028201;Dural GmbH;10000;33,68;;DISCOUNT_PCT;50;;DISCOUNT_PCT;40;;;;;;;;;;020.020.0710;;;;;;;;;;;;;;;;;;;;;;;ja;;;;;;;;;;;;;;;;;;ja;;;;;ja
Abschlussprofil Edelstahl (V2A, 304) natur 22 mm 250 cm;;;09028220;Dural GmbH;10000;24,06;;DISCOUNT_PCT;50;;DISCOUNT_PCT;40;;;;;;;;;;020.020.0720;;;;;;;;;;;;;;;;;;;;;;;ja;;;;;;;;;;;;;;;;;;ja;;;;;ja
Abschlussprofil Edelstahl (V2A, 304) natur hochglanzpoliert 22 mm 250 cm;;;09028221;Dural GmbH;10000;36,02;;DISCOUNT_PCT;50;;DISCOUNT_PCT;40;;;;;;;;;;020.020.0730;;;;;;;;;;;;;;;;;;;;;;;ja;;;;;;;;;;;;;;;;;;ja;;;;;ja
Abschlussprofil Edelstahl (V2A, 304) natur 25 mm 250 cm;;;09028250;Dural GmbH;10000;25,78;;DISCOUNT_PCT;50;;DISCOUNT_PCT;40;;;;;;;;;;020.020.0740;;;;;;;;;;;;;;;;;;;;;;;ja;;;;;;;;;;;;;;;;;;ja;;;;;ja
Abschlussprofil Edelstahl (V2A, 304) natur hochglanzpoliert 25 mm 250 cm;;;09028251;Dural GmbH;10000;38,46;;DISCOUNT_PCT;50;;DISCOUNT_PCT;40;;;;;;;;;;020.020.0750;;;;;;;;;;;;;;;;;;;;;;;ja;;;;;;;;;;;;;;;;;;ja;;;;;ja
Abschlussprofil Edelstahl (V2A, 304) natur 30 mm 250 cm;;;09028300;Dural GmbH;10000;27,66;;DISCOUNT_PCT;50;;DISCOUNT_PCT;40;;;;;;;;;;020.020.0760;;;;;;;;;;;;;;;;;;;;;;;ja;;;;;;;;;;;;;;;;;;ja;;;;;ja
Abschlussprofil Edelstahl (V2A, 304) natur hochglanzpoliert 30 mm 250 cm;;;09028301;Dural GmbH;10000;41,26;;DISCOUNT_PCT;50;;DISCOUNT_PCT;40;;;;;;;;;;020.020.0770;;;;;;;;;;;;;;;;;;;;;;;ja;;;;;;;;;;;;;;;;;;ja;;;;;ja
Abschlussprofil Edelstahl (V4A, 316L) natur 250 cm;;;09048060;Dural GmbH;10000;19,82;;DISCOUNT_PCT;50;;DISCOUNT_PCT;40;;;;;;;;;;020.020.0780;;;;;;;;;;;;;;;;;;;;;;;ja;;;;;;;;;;;;;;;;;;ja;;;;;ja
Abschlussprofil Edelstahl (V4A, 316L) natur 8 mm 250 cm;;;09048080;Dural GmbH;10000;20,54;;DISCOUNT_PCT;50;;DISCOUNT_PCT;40;;;;;;;;;;020.020.0790;;;;;;;;;;;;;;;;;;;;;;;ja;;;;;;;;;;;;;;;;;;ja;;;;;ja
Abschlussprofil Edelstahl (V4A, 316L) natur 10 mm 250 cm;;;09048100;Dural GmbH;10000;21,56;;DISCOUNT_PCT;50;;DISCOUNT_PCT;40;;;;;;;;;;020.020.0800;;;;;;;;;;;;;;;;;;;;;;;ja;;;;;;;;;;;;;;;;;;ja;;;;;ja
Abschlussprofil Edelstahl (V4A, 316L) natur 12,5 mm 250 cm;;;09048120;Dural GmbH;10000;22,2;;DISCOUNT_PCT;50;;DISCOUNT_PCT;40;;;;;;;;;;020.020.0810;;;;;;;;;;;;;;;;;;;;;;;ja;;;;;;;;;;;;;;;;;;ja;;;;;ja
Abschlussprofil Aluminium natur 100 cm;;;09101060;Dural GmbH;10000;5,84;;DISCOUNT_PCT;50;;DISCOUNT_PCT;40;;;;;;;;;;020.020.0820;;;;;;;;;;;;;;;;;;;;;;;ja;;;;;;;;;;;;;;;;;;ja;;;;;ja
Abschlussprofil Aluminium natur 8 mm 100 cm;;;09101080;Dural GmbH;10000;5,98;;DISCOUNT_PCT;50;;DISCOUNT_PCT;40;;;;;;;;;;020.020.0830;;;;;;;;;;;;;;;;;;;;;;;ja;;;;;;;;;;;;;;;;;;ja;;;;;ja
Abschlussprofil Aluminium natur 9 mm 100 cm;;;09101090;Dural GmbH;10000;6,08;;DISCOUNT_PCT;50;;DISCOUNT_PCT;40;;;;;;;;;;020.020.0840;;;;;;;;;;;;;;;;;;;;;;;ja;;;;;;;;;;;;;;;;;;ja;;;;;ja
Abschlussprofil Aluminium natur 10 mm 100 cm;;;09101100;Dural GmbH;10000;6,22;;DISCOUNT_PCT;50;;DISCOUNT_PCT;40;;;;;;;;;;020.020.0850;;;;;;;;;;;;;;;;;;;;;;;ja;;;;;;;;;;;;;;;;;;ja;;;;;ja
Abschlussprofil Aluminium natur 11 mm 100 cm;;;09101110;Dural GmbH;10000;6,66;;DISCOUNT_PCT;50;;DISCOUNT_PCT;40;;;;;;;;;;020.020.0860;;;;;;;;;;;;;;;;;;;;;;;ja;;;;;;;;;;;;;;;;;;ja;;;;;ja
Abschlussprofil Aluminium natur 12,5 mm 100 cm;;;09101120;Dural GmbH;10000;6,94;;DISCOUNT_PCT;50;;DISCOUNT_PCT;40;;;;;;;;;;020.020.0870;;;;;;;;;;;;;;;;;;;;;;;ja;;;;;;;;;;;;;;;;;;ja;;;;;ja
Abschlussprofil Aluminium natur 15 mm 100 cm;;;09101150;Dural GmbH;10000;7,52;;DISCOUNT_PCT;50;;DISCOUNT_PCT;40;;;;;;;;;;020.020.0880;;;;;;;;;;;;;;;;;;;;;;;ja;;;;;;;;;;;;;;;;;;ja;;;;;ja
Eckschutzprofil Aluminium natur 20 × 20 mm 300 cm;;;09102020;Dural GmbH;10000;7,3;;DISCOUNT_PCT;50;;DISCOUNT_PCT;40;;;;;;;;;;020.080.0010;;;;;;;;;;;;;;;;;;;;;;;ja;;;;;;;;;;;;;;;;;;ja;;;;;ja
Abschlussprofil Aluminium natur 8 mm 300 cm;;;09102080;Dural GmbH;10000;5,68;;DISCOUNT_PCT;50;;DISCOUNT_PCT;40;;;;;;;;;;020.020.0890;;;;;;;;;;;;;;;;;;;;;;;ja;;;;;;;;;;;;;;;;;;ja;;;;;ja
Abschlussprofil Aluminium natur 9 mm 300 cm;;;09102090;Dural GmbH;10000;5,74;;DISCOUNT_PCT;50;;DISCOUNT_PCT;40;;;;;;;;;;020.020.0900;;;;;;;;;;;;;;;;;;;;;;;ja;;;;;;;;;;;;;;;;;;ja;;;;;ja
Abschlussprofil Aluminium natur 10 mm 300 cm;;;09102100;Dural GmbH;10000;5,84;;DISCOUNT_PCT;50;;DISCOUNT_PCT;40;;;;;;;;;;020.020.0910;;;;;;;;;;;;;;;;;;;;;;;ja;;;;;;;;;;;;;;;;;;ja;;;;;ja
Abschlussprofil Aluminium natur 11 mm 300 cm;;;09102110;Dural GmbH;10000;6,04;;DISCOUNT_PCT;50;;DISCOUNT_PCT;40;;;;;;;;;;020.020.0920;;;;;;;;;;;;;;;;;;;;;;;ja;;;;;;;;;;;;;;;;;;ja;;;;;ja
Abschlussprofil Aluminium natur 12,5 mm 300 cm;;;09102120;Dural GmbH;10000;6,22;;DISCOUNT_PCT;50;;DISCOUNT_PCT;40;;;;;;;;;;020.020.0930;;;;;;;;;;;;;;;;;;;;;;;ja;;;;;;;;;;;;;;;;;;ja;;;;;ja
Abschlussprofil Aluminium natur 15 mm 300 cm;;;09102150;Dural GmbH;10000;7,02;;DISCOUNT_PCT;50;;DISCOUNT_PCT;40;;;;;;;;;;020.020.0940;;;;;;;;;;;;;;;;;;;;;;;ja;;;;;;;;;;;;;;;;;;ja;;;;;ja
Eckschutzprofil Aluminium natur 25 × 25 mm 300 cm;;;09102525;Dural GmbH;10000;9,12;;DISCOUNT_PCT;50;;DISCOUNT_PCT;40;;;;;;;;;;020.080.0020;;;;;;;;;;;;;;;;;;;;;;;ja;;;;;;;;;;;;;;;;;;ja;;;;;ja
Eckschutzprofil Aluminium natur 30 × 30 mm 300 cm;;;09103030;Dural GmbH;10000;13,72;;DISCOUNT_PCT;50;;DISCOUNT_PCT;40;;;;;;;;;;020.080.0030;;;;;;;;;;;;;;;;;;;;;;;ja;;;;;;;;;;;;;;;;;;ja;;;;;ja
Eckschutzprofil Aluminium natur 40 × 40 mm 300 cm;;;091040403;Dural GmbH;10000;19,62;;DISCOUNT_PCT;50;;DISCOUNT_PCT;40;;;;;;;;;;020.080.0040;;;;;;;;;;;;;;;;;;;;;;;ja;;;;;;;;;;;;;;;;;;ja;;;;;ja
Abschlussprofil Aluminium natur 2 mm 250 cm;;;09108020;Dural GmbH;10000;5,02;;DISCOUNT_PCT;50;;DISCOUNT_PCT;40;;;;;;;;;;020.020.0950;;;;;;;;;;;;;;;;;;;;;;;ja;;;;;;;;;;;;;;;;;;ja;;;;;ja
Biegbares Abschlussprofil Aluminium natur 2 mm 250 cm;;;0910802099;Dural GmbH;10000;7,66;;DISCOUNT_PCT;50;;DISCOUNT_PCT;40;;;;;;;;;;020.020.0960;;;;;;;;;;;;;;;;;;;;;;;ja;;;;;;;;;;;;;;;;;;ja;;;;;ja
Abschlussprofil Aluminium natur 3 mm 250 cm;;;09108030;Dural GmbH;10000;5,12;;DISCOUNT_PCT;50;;DISCOUNT_PCT;40;;;;;;;;;;020.020.0970;;;;;;;;;;;;;;;;;;;;;;;ja;;;;;;;;;;;;;;;;;;ja;;;;;ja
Biegbares Abschlussprofil Aluminium natur 3 mm 250 cm;;;0910803099;Dural GmbH;10000;7,78;;DISCOUNT_PCT;50;;DISCOUNT_PCT;40;;;;;;;;;;020.020.0980;;;;;;;;;;;;;;;;;;;;;;;ja;;;;;;;;;;;;;;;;;;ja;;;;;ja
Abschlussprofil Aluminium natur 4,5 mm 250 cm;;;09108040;Dural GmbH;10000;5,28;;DISCOUNT_PCT;50;;DISCOUNT_PCT;40;;;;;;;;;;020.020.0990;;;;;;;;;;;;;;;;;;;;;;;ja;;;;;;;;;;;;;;;;;;ja;;;;;ja
Biegbares Abschlussprofil Aluminium natur 4,5 mm 250 cm;;;0910804099;Dural GmbH;10000;7,94;;DISCOUNT_PCT;50;;DISCOUNT_PCT;40;;;;;;;;;;020.020.1000;;;;;;;;;;;;;;;;;;;;;;;ja;;;;;;;;;;;;;;;;;;ja;;;;;ja
Abschlussprofil Aluminium natur 250 cm;;;09108060;Dural GmbH;10000;5,58;;DISCOUNT_PCT;50;;DISCOUNT_PCT;40;;;;;;;;;;020.020.1010;;;;;;;;;;;;;;;;;;;;;;;ja;;;;;;;;;;;;;;;;;;ja;;;;;ja
Biegbares Abschlussprofil Aluminium natur 250 cm;;;0910806099;Dural GmbH;10000;8,14;;DISCOUNT_PCT;50;;DISCOUNT_PCT;40;;;;;;;;;;020.020.1020;;;;;;;;;;;;;;;;;;;;;;;ja;;;;;;;;;;;;;;;;;;ja;;;;;ja
Abschlussprofil Aluminium natur 8 mm 250 cm;;;09108080;Dural GmbH;10000;5,68;;DISCOUNT_PCT;50;;DISCOUNT_PCT;40;;;;;;;;;;020.020.1030;;;;;;;;;;;;;;;;;;;;;;;ja;;;;;;;;;;;;;;;;;;ja;;;;;ja
Biegbares Abschlussprofil Aluminium natur 8 mm 250 cm;;;0910808099;Dural GmbH;10000;8,48;;DISCOUNT_PCT;50;;DISCOUNT_PCT;40;;;;;;;;;;020.020.1040;;;;;;;;;;;;;;;;;;;;;;;ja;;;;;;;;;;;;;;;;;;ja;;;;;ja
Abschlussprofil mit breitem Auflageschenkel Aluminium natur 8 mm 250 cm;;;09108081;Dural GmbH;10000;6,5;;DISCOUNT_PCT;50;;DISCOUNT_PCT;40;;;;;;;;;;020.020.1050;;;;;;;;;;;;;;;;;;;;;;;ja;;;;;;;;;;;;;;;;;;ja;;;;;ja
Abschlussprofil Aluminium natur 9 mm 250 cm;;;09108090;Dural GmbH;10000;5,74;;DISCOUNT_PCT;50;;DISCOUNT_PCT;40;;;;;;;;;;020.020.1060;;;;;;;;;;;;;;;;;;;;;;;ja;;;;;;;;;;;;;;;;;;ja;;;;;ja
Abschlussprofil Aluminium natur 10 mm 250 cm;;;09108100;Dural GmbH;10000;5,84;;DISCOUNT_PCT;50;;DISCOUNT_PCT;40;;;;;;;;;;020.020.1070;;;;;;;;;;;;;;;;;;;;;;;ja;;;;;;;;;;;;;;;;;;ja;;;;;ja
Biegbares Abschlussprofil Aluminium natur 10 mm 250 cm;;;0910810099;Dural GmbH;10000;8,66;;DISCOUNT_PCT;50;;DISCOUNT_PCT;40;;;;;;;;;;020.020.1080;;;;;;;;;;;;;;;;;;;;;;;ja;;;;;;;;;;;;;;;;;;ja;;;;;ja
Abschlussprofil Aluminium natur 11 mm 250 cm;;;09108110;Dural GmbH;10000;6,04;;DISCOUNT_PCT;50;;DISCOUNT_PCT;40;;;;;;;;;;020.020.1090;;;;;;;;;;;;;;;;;;;;;;;ja;;;;;;;;;;;;;;;;;;ja;;;;;ja
Biegbares Abschlussprofil Aluminium natur 11 mm 250 cm;;;0910811099;Dural GmbH;10000;8,88;;DISCOUNT_PCT;50;;DISCOUNT_PCT;40;;;;;;;;;;020.020.1100;;;;;;;;;;;;;;;;;;;;;;;ja;;;;;;;;;;;;;;;;;;ja;;;;;ja
Abschlussprofil Aluminium natur 12,5 mm 250 cm;;;09108120;Dural GmbH;10000;6,22;;DISCOUNT_PCT;50;;DISCOUNT_PCT;40;;;;;;;;;;020.020.1110;;;;;;;;;;;;;;;;;;;;;;;ja;;;;;;;;;;;;;;;;;;ja;;;;;ja
Biegbares Abschlussprofil Aluminium natur 12,5 mm 250 cm;;;0910812099;Dural GmbH;10000;9,06;;DISCOUNT_PCT;50;;DISCOUNT_PCT;40;;;;;;;;;;020.020.1120;;;;;;;;;;;;;;;;;;;;;;;ja;;;;;;;;;;;;;;;;;;ja;;;;;ja
Abschlussprofil Aluminium natur 15 mm 250 cm;;;09108150;Dural GmbH;10000;7,02;;DISCOUNT_PCT;50;;DISCOUNT_PCT;40;;;;;;;;;;020.020.1130;;;;;;;;;;;;;;;;;;;;;;;ja;;;;;;;;;;;;;;;;;;ja;;;;;ja
Biegbares Abschlussprofil Aluminium natur 15 mm 250 cm;;;0910815099;Dural GmbH;10000;9,68;;DISCOUNT_PCT;50;;DISCOUNT_PCT;40;;;;;;;;;;020.020.1140;;;;;;;;;;;;;;;;;;;;;;;ja;;;;;;;;;;;;;;;;;;ja;;;;;ja
Abschlussprofil Aluminium natur 16,5 mm 250 cm;;;09108165;Dural GmbH;10000;7,64;;DISCOUNT_PCT;50;;DISCOUNT_PCT;40;;;;;;;;;;020.020.1150;;;;;;;;;;;;;;;;;;;;;;;ja;;;;;;;;;;;;;;;;;;ja;;;;;ja
Abschlussprofil Aluminium natur 18,5 mm 250 cm;;;09108180;Dural GmbH;10000;8,18;;DISCOUNT_PCT;50;;DISCOUNT_PCT;40;;;;;;;;;;020.020.1160;;;;;;;;;;;;;;;;;;;;;;;ja;;;;;;;;;;;;;;;;;;ja;;;;;ja
Biegbares Abschlussprofil Aluminium natur 18,5 mm 250 cm;;;0910818099;Dural GmbH;10000;10,28;;DISCOUNT_PCT;50;;DISCOUNT_PCT;40;;;;;;;;;;020.020.1170;;;;;;;;;;;;;;;;;;;;;;;ja;;;;;;;;;;;;;;;;;;ja;;;;;ja
Abschlussprofil Aluminium natur 20 mm 250 cm;;;09108200;Dural GmbH;10000;8,5;;DISCOUNT_PCT;50;;DISCOUNT_PCT;40;;;;;;;;;;020.020.1180;;;;;;;;;;;;;;;;;;;;;;;ja;;;;;;;;;;;;;;;;;;ja;;;;;ja
Biegbares Abschlussprofil Aluminium natur 20 mm 250 cm;;;0910820099;Dural GmbH;10000;10,7;;DISCOUNT_PCT;50;;DISCOUNT_PCT;40;;;;;;;;;;020.020.1190;;;;;;;;;;;;;;;;;;;;;;;ja;;;;;;;;;;;;;;;;;;ja;;;;;ja
Abschlussprofil Aluminium natur 22 mm 250 cm;;;09108220;Dural GmbH;10000;9;;DISCOUNT_PCT;50;;DISCOUNT_PCT;40;;;;;;;;;;020.020.1200;;;;;;;;;;;;;;;;;;;;;;;ja;;;;;;;;;;;;;;;;;;ja;;;;;ja
Biegbares Abschlussprofil Aluminium natur 22 mm 250 cm;;;0910822099;Dural GmbH;10000;11,1;;DISCOUNT_PCT;50;;DISCOUNT_PCT;40;;;;;;;;;;020.020.1210;;;;;;;;;;;;;;;;;;;;;;;ja;;;;;;;;;;;;;;;;;;ja;;;;;ja
Abschlussprofil Aluminium natur 25 mm 250 cm;;;09108250;Dural GmbH;10000;9,48;;DISCOUNT_PCT;50;;DISCOUNT_PCT;40;;;;;;;;;;020.020.1220;;;;;;;;;;;;;;;;;;;;;;;ja;;;;;;;;;;;;;;;;;;ja;;;;;ja
Biegbares Abschlussprofil Aluminium natur 25 mm 250 cm;;;0910825099;Dural GmbH;10000;11,42;;DISCOUNT_PCT;50;;DISCOUNT_PCT;40;;;;;;;;;;020.020.1230;;;;;;;;;;;;;;;;;;;;;;;ja;;;;;;;;;;;;;;;;;;ja;;;;;ja
Abschlussprofil Aluminium natur 30 mm 250 cm;;;09108300;Dural GmbH;10000;10,5;;DISCOUNT_PCT;50;;DISCOUNT_PCT;40;;;;;;;;;;020.020.1240;;;;;;;;;;;;;;;;;;;;;;;ja;;;;;;;;;;;;;;;;;;ja;;;;;ja
Abschlussprofil Aluminium silber eloxiert 100 cm;;;09111060;Dural GmbH;10000;8,14;;DISCOUNT_PCT;50;;DISCOUNT_PCT;40;;;;;;;;;;020.020.1250;;;;;;;;;;;;;;;;;;;;;;;ja;;;;;;;;;;;;;;;;;;ja;;;;;ja
Abschlussprofil Aluminium silber eloxiert 8 mm 100 cm;;;09111080;Dural GmbH;10000;8,48;;DISCOUNT_PCT;50;;DISCOUNT_PCT;40;;;;;;;;;;020.020.1260;;;;;;;;;;;;;;;;;;;;;;;ja;;;;;;;;;;;;;;;;;;ja;;;;;ja
Abschlussprofil Aluminium silber eloxiert 9 mm 100 cm;;;09111090;Dural GmbH;10000;8,68;;DISCOUNT_PCT;50;;DISCOUNT_PCT;40;;;;;;;;;;020.020.1270;;;;;;;;;;;;;;;;;;;;;;;ja;;;;;;;;;;;;;;;;;;ja;;;;;ja
Abschlussprofil Aluminium silber eloxiert 10 mm 100 cm;;;09111100;Dural GmbH;10000;8,96;;DISCOUNT_PCT;50;;DISCOUNT_PCT;40;;;;;;;;;;020.020.1280;;;;;;;;;;;;;;;;;;;;;;;ja;;;;;;;;;;;;;;;;;;ja;;;;;ja
Abschlussprofil Aluminium silber eloxiert 11 mm 100 cm;;;09111110;Dural GmbH;10000;9,3;;DISCOUNT_PCT;50;;DISCOUNT_PCT;40;;;;;;;;;;020.020.1290;;;;;;;;;;;;;;;;;;;;;;;ja;;;;;;;;;;;;;;;;;;ja;;;;;ja
Abschlussprofil Aluminium silber eloxiert 12,5 mm 100 cm;;;09111120;Dural GmbH;10000;9,6;;DISCOUNT_PCT;50;;DISCOUNT_PCT;40;;;;;;;;;;020.020.1300;;;;;;;;;;;;;;;;;;;;;;;ja;;;;;;;;;;;;;;;;;;ja;;;;;ja
Abschlussprofil Aluminium silber eloxiert 15 mm 100 cm;;;09111150;Dural GmbH;10000;11,18;;DISCOUNT_PCT;50;;DISCOUNT_PCT;40;;;;;;;;;;020.020.1310;;;;;;;;;;;;;;;;;;;;;;;ja;;;;;;;;;;;;;;;;;;ja;;;;;ja
Winkel-Abschlussprofil Aluminium eloxiert silber 8 mm 300 cm;;;09112080;Dural GmbH;10000;8,02;;DISCOUNT_PCT;50;;DISCOUNT_PCT;40;;;;;;;;;;020.020.1320;;;;;;;;;;;;;;;;;;;;;;;ja;;;;;;;;;;;;;;;;;;ja;;;;;ja
Winkel-Abschlussprofil Aluminium eloxiert silber 9 mm 300 cm;;;09112090;Dural GmbH;10000;8,14;;DISCOUNT_PCT;50;;DISCOUNT_PCT;40;;;;;;;;;;020.020.1330;;;;;;;;;;;;;;;;;;;;;;;ja;;;;;;;;;;;;;;;;;;ja;;;;;ja
Winkel-Abschlussprofil Aluminium eloxiert silber 10 mm 300 cm;;;09112100;Dural GmbH;10000;8,4;;DISCOUNT_PCT;50;;DISCOUNT_PCT;40;;;;;;;;;;020.020.1340;;;;;;;;;;;;;;;;;;;;;;;ja;;;;;;;;;;;;;;;;;;ja;;;;;ja
Winkel-Abschlussprofil Aluminium eloxiert silber 11 mm 300 cm;;;09112110;Dural GmbH;10000;8,68;;DISCOUNT_PCT;50;;DISCOUNT_PCT;40;;;;;;;;;;020.020.1350;;;;;;;;;;;;;;;;;;;;;;;ja;;;;;;;;;;;;;;;;;;ja;;;;;ja
Winkel-Abschlussprofil Aluminium eloxiert silber 12,5 mm 300 cm;;;09112120;Dural GmbH;10000;9;;DISCOUNT_PCT;50;;DISCOUNT_PCT;40;;;;;;;;;;020.020.1360;;;;;;;;;;;;;;;;;;;;;;;ja;;;;;;;;;;;;;;;;;;ja;;;;;ja
Winkel-Abschlussprofil Aluminium eloxiert silber 15 mm 300 cm;;;09112150;Dural GmbH;10000;10,4;;DISCOUNT_PCT;50;;DISCOUNT_PCT;40;;;;;;;;;;020.020.1370;;;;;;;;;;;;;;;;;;;;;;;ja;;;;;;;;;;;;;;;;;;ja;;;;;ja
Winkel-Abschlussprofil Aluminium eloxiert silber 2 mm 250 cm;;;09118020;Dural GmbH;10000;7,08;;DISCOUNT_PCT;50;;DISCOUNT_PCT;40;;;;;;;;;;020.020.1380;;;;;;;;;;;;;;;;;;;;;;;ja;;;;;;;;;;;;;;;;;;ja;;;;;ja
Biegbares winkel-abschlussprofil Aluminium eloxiert silber 2 mm 250 cm;;;0911802099;Dural GmbH;10000;10,1;;DISCOUNT_PCT;50;;DISCOUNT_PCT;40;;;;;;;;;;020.020.1390;;;;;;;;;;;;;;;;;;;;;;;ja;;;;;;;;;;;;;;;;;;ja;;;;;ja
Winkel-Abschlussprofil Aluminium eloxiert silber 3 mm 250 cm;;;09118030;Dural GmbH;10000;7,18;;DISCOUNT_PCT;50;;DISCOUNT_PCT;40;;;;;;;;;;020.020.1400;;;;;;;;;;;;;;;;;;;;;;;ja;;;;;;;;;;;;;;;;;;ja;;;;;ja
Biegbares winkel-abschlussprofil Aluminium eloxiert silber 3 mm 250 cm;;;0911803099;Dural GmbH;10000;10,1;;DISCOUNT_PCT;50;;DISCOUNT_PCT;40;;;;;;;;;;020.020.1410;;;;;;;;;;;;;;;;;;;;;;;ja;;;;;;;;;;;;;;;;;;ja;;;;;ja
Winkel-Abschlussprofil Aluminium eloxiert silber 4,5 mm 250 cm;;;09118040;Dural GmbH;10000;7,4;;DISCOUNT_PCT;50;;DISCOUNT_PCT;40;;;;;;;;;;020.020.1420;;;;;;;;;;;;;;;;;;;;;;;ja;;;;;;;;;;;;;;;;;;ja;;;;;ja
Biegbares winkel-abschlussprofil Aluminium eloxiert silber 4,5 mm 250 cm;;;0911804099;Dural GmbH;10000;10,34;;DISCOUNT_PCT;50;;DISCOUNT_PCT;40;;;;;;;;;;020.020.1430;;;;;;;;;;;;;;;;;;;;;;;ja;;;;;;;;;;;;;;;;;;ja;;;;;ja
Winkel-Abschlussprofil Aluminium eloxiert silber 250 cm;;;09118060;Dural GmbH;10000;7,64;;DISCOUNT_PCT;50;;DISCOUNT_PCT;40;;;;;;;;;;020.020.1440;;;;;;;;;;;;;;;;;;;;;;;ja;;;;;;;;;;;;;;;;;;ja;;;;;ja
Biegbares winkel-abschlussprofil Aluminium eloxiert silber 250 cm;;;0911806099;Dural GmbH;10000;10,52;;DISCOUNT_PCT;50;;DISCOUNT_PCT;40;;;;;;;;;;020.020.1450;;;;;;;;;;;;;;;;;;;;;;;ja;;;;;;;;;;;;;;;;;;ja;;;;;ja
Winkel-Abschlussprofil Aluminium eloxiert silber 8 mm 250 cm;;;09118080;Dural GmbH;10000;8,02;;DISCOUNT_PCT;50;;DISCOUNT_PCT;40;;;;;;;;;;020.020.1460;;;;;;;;;;;;;;;;;;;;;;;ja;;;;;;;;;;;;;;;;;;ja;;;;;ja
Winkel-Abschlussprofil Aluminium eloxiert, gebürstet silber 8 mm 250 cm;;;0911808031;Dural GmbH;10000;9,66;;DISCOUNT_PCT;50;;DISCOUNT_PCT;40;;;;;;;;;;020.020.1470;;;;;;;;;;;;;;;;;;;;;;;ja;;;;;;;;;;;;;;;;;;ja;;;;;ja
Biegbares winkel-abschlussprofil Aluminium eloxiert silber 8 mm 250 cm;;;0911808099;Dural GmbH;10000;10,78;;DISCOUNT_PCT;50;;DISCOUNT_PCT;40;;;;;;;;;;020.020.1480;;;;;;;;;;;;;;;;;;;;;;;ja;;;;;;;;;;;;;;;;;;ja;;;;;ja
Winkel-Abschlussprofil Aluminium eloxiert silber 9 mm 250 cm;;;09118090;Dural GmbH;10000;8,14;;DISCOUNT_PCT;50;;DISCOUNT_PCT;40;;;;;;;;;;020.020.1490;;;;;;;;;;;;;;;;;;;;;;;ja;;;;;;;;;;;;;;;;;;ja;;;;;ja
Winkel-Abschlussprofil Aluminium eloxiert silber 10 mm 250 cm;;;09118100;Dural GmbH;10000;8,4;;DISCOUNT_PCT;50;;DISCOUNT_PCT;40;;;;;;;;;;020.020.1500;;;;;;;;;;;;;;;;;;;;;;;ja;;;;;;;;;;;;;;;;;;ja;;;;;ja
Winkel-Abschlussprofil Aluminium eloxiert, gebürstet silber 10 mm 250 cm;;;0911810031;Dural GmbH;10000;10,14;;DISCOUNT_PCT;50;;DISCOUNT_PCT;40;;;;;;;;;;020.020.1510;;;;;;;;;;;;;;;;;;;;;;;ja;;;;;;;;;;;;;;;;;;ja;;;;;ja
Biegbares winkel-abschlussprofil Aluminium eloxiert silber 10 mm 250 cm;;;0911810099;Dural GmbH;10000;11,38;;DISCOUNT_PCT;50;;DISCOUNT_PCT;40;;;;;;;;;;020.020.1520;;;;;;;;;;;;;;;;;;;;;;;ja;;;;;;;;;;;;;;;;;;ja;;;;;ja
Winkel-Abschlussprofil Aluminium eloxiert silber 11 mm 250 cm;;;09118110;Dural GmbH;10000;8,66;;DISCOUNT_PCT;50;;DISCOUNT_PCT;40;;;;;;;;;;020.020.1530;;;;;;;;;;;;;;;;;;;;;;;ja;;;;;;;;;;;;;;;;;;ja;;;;;ja
Biegbares winkel-abschlussprofil Aluminium eloxiert silber 11 mm 250 cm;;;0911811099;Dural GmbH;10000;11,7;;DISCOUNT_PCT;50;;DISCOUNT_PCT;40;;;;;;;;;;020.020.1540;;;;;;;;;;;;;;;;;;;;;;;ja;;;;;;;;;;;;;;;;;;ja;;;;;ja
Winkel-Abschlussprofil Aluminium eloxiert silber 12,5 mm 250 cm;;;09118120;Dural GmbH;10000;9;;DISCOUNT_PCT;50;;DISCOUNT_PCT;40;;;;;;;;;;020.020.1550;;;;;;;;;;;;;;;;;;;;;;;ja;;;;;;;;;;;;;;;;;;ja;;;;;ja
Winkel-Abschlussprofil Aluminium eloxiert, gebürstet silber 12,5 mm 250 cm;;;0911812031;Dural GmbH;10000;10,86;;DISCOUNT_PCT;50;;DISCOUNT_PCT;40;;;;;;;;;;020.020.1560;;;;;;;;;;;;;;;;;;;;;;;ja;;;;;;;;;;;;;;;;;;ja;;;;;ja
Biegbares winkel-abschlussprofil Aluminium eloxiert silber 12,5 mm 250 cm;;;0911812099;Dural GmbH;10000;12,04;;DISCOUNT_PCT;50;;DISCOUNT_PCT;40;;;;;;;;;;020.020.1570;;;;;;;;;;;;;;;;;;;;;;;ja;;;;;;;;;;;;;;;;;;ja;;;;;ja
Winkel-Abschlussprofil Aluminium eloxiert silber 15 mm 250 cm;;;09118150;Dural GmbH;10000;10,4;;DISCOUNT_PCT;50;;DISCOUNT_PCT;40;;;;;;;;;;020.020.1580;;;;;;;;;;;;;;;;;;;;;;;ja;;;;;;;;;;;;;;;;;;ja;;;;;ja
Biegbares winkel-abschlussprofil Aluminium eloxiert silber 15 mm 250 cm;;;0911815099;Dural GmbH;10000;12,14;;DISCOUNT_PCT;50;;DISCOUNT_PCT;40;;;;;;;;;;020.020.1590;;;;;;;;;;;;;;;;;;;;;;;ja;;;;;;;;;;;;;;;;;;ja;;;;;ja
Winkel-Abschlussprofil Aluminium eloxiert silber 22 mm 250 cm;;;09118220;Dural GmbH;10000;12,9;;DISCOUNT_PCT;50;;DISCOUNT_PCT;40;;;;;;;;;;020.020.1600;;;;;;;;;;;;;;;;;;;;;;;ja;;;;;;;;;;;;;;;;;;ja;;;;;ja
Winkel-Abschlussprofil Aluminium eloxiert gold 9 mm 250 cm;;;09128091;Dural GmbH;10000;8,48;;DISCOUNT_PCT;50;;DISCOUNT_PCT;40;;;;;;;;;;020.020.1610;;;;;;;;;;;;;;;;;;;;;;;ja;;;;;;;;;;;;;;;;;;ja;;;;;ja
Winkel-Abschlussprofil Aluminium eloxiert gold 12,5 mm 250 cm;;;09128121;Dural GmbH;10000;9,6;;DISCOUNT_PCT;50;;DISCOUNT_PCT;40;;;;;;;;;;020.020.1620;;;;;;;;;;;;;;;;;;;;;;;ja;;;;;;;;;;;;;;;;;;ja;;;;;ja
Winkel-Abschlussprofil Aluminium eloxiert gold 15 mm 250 cm;;;09128151;Dural GmbH;10000;10,84;;DISCOUNT_PCT;50;;DISCOUNT_PCT;40;;;;;;;;;;020.020.1630;;;;;;;;;;;;;;;;;;;;;;;ja;;;;;;;;;;;;;;;;;;ja;;;;;ja
Winkel-Abschlussprofil Messing verchromt 250 cm;;;09158065;Dural GmbH;10000;39,4;;DISCOUNT_PCT;50;;DISCOUNT_PCT;40;;;;;;;;;;020.020.1640;;;;;;;;;;;;;;;;;;;;;;;ja;;;;;;;;;;;;;;;;;;ja;;;;;ja
Winkel-Abschlussprofil Messing verchromt 8 mm 250 cm;;;09158085;Dural GmbH;10000;40,2;;DISCOUNT_PCT;50;;DISCOUNT_PCT;40;;;;;;;;;;020.020.1650;;;;;;;;;;;;;;;;;;;;;;;ja;;;;;;;;;;;;;;;;;;ja;;;;;ja
Winkel-Abschlussprofil Messing verchromt 9 mm 250 cm;;;09158090;Dural GmbH;10000;40,98;;DISCOUNT_PCT;50;;DISCOUNT_PCT;40;;;;;;;;;;020.020.1660;;;;;;;;;;;;;;;;;;;;;;;ja;;;;;;;;;;;;;;;;;;ja;;;;;ja
Winkel-Abschlussprofil Messing verchromt 10 mm 250 cm;;;09158105;Dural GmbH;10000;41,38;;DISCOUNT_PCT;50;;DISCOUNT_PCT;40;;;;;;;;;;020.020.1670;;;;;;;;;;;;;;;;;;;;;;;ja;;;;;;;;;;;;;;;;;;ja;;;;;ja
Winkel-Abschlussprofil Messing verchromt 12,5 mm 250 cm;;;09158125;Dural GmbH;10000;42,4;;DISCOUNT_PCT;50;;DISCOUNT_PCT;40;;;;;;;;;;020.020.1680;;;;;;;;;;;;;;;;;;;;;;;ja;;;;;;;;;;;;;;;;;;ja;;;;;ja
Winkel-Abschlussprofil Aluminium eloxiert titan 8 mm 250 cm;;;09168080;Dural GmbH;10000;8,28;;DISCOUNT_PCT;50;;DISCOUNT_PCT;40;;;;;;;;;;020.020.1690;;;;;;;;;;;;;;;;;;;;;;;ja;;;;;;;;;;;;;;;;;;ja;;;;;ja
Winkel-Abschlussprofil Aluminium eloxiert titan 10 mm 250 cm;;;09168100;Dural GmbH;10000;8,74;;DISCOUNT_PCT;50;;DISCOUNT_PCT;40;;;;;;;;;;020.020.1700;;;;;;;;;;;;;;;;;;;;;;;ja;;;;;;;;;;;;;;;;;;ja;;;;;ja
Winkel-Abschlussprofil Aluminium eloxiert titan 12,5 mm 250 cm;;;09168121;Dural GmbH;10000;9,6;;DISCOUNT_PCT;50;;DISCOUNT_PCT;40;;;;;;;;;;020.020.1710;;;;;;;;;;;;;;;;;;;;;;;ja;;;;;;;;;;;;;;;;;;ja;;;;;ja
Winkel-Abschlussprofil Aluminium pulverbeschichtet weiss 8 mm 300 cm;;;09302081;Dural GmbH;10000;8,72;;DISCOUNT_PCT;50;;DISCOUNT_PCT;40;;;;;;;;;;020.020.1720;;;;;;;;;;;;;;;;;;;;;;;ja;;;;;;;;;;;;;;;;;;ja;;;;;ja
Winkel-Abschlussprofil Aluminium pulverbeschichtet weiss 10 mm 300 cm;;;09302101;Dural GmbH;10000;9,18;;DISCOUNT_PCT;50;;DISCOUNT_PCT;40;;;;;;;;;;020.020.1730;;;;;;;;;;;;;;;;;;;;;;;ja;;;;;;;;;;;;;;;;;;ja;;;;;ja
Winkel-Abschlussprofil Aluminium pulverbeschichtet weiss 12,5 mm 300 cm;;;09302121;Dural GmbH;10000;10,08;;DISCOUNT_PCT;50;;DISCOUNT_PCT;40;;;;;;;;;;020.020.1740;;;;;;;;;;;;;;;;;;;;;;;ja;;;;;;;;;;;;;;;;;;ja;;;;;ja
Winkel-Abschlussprofil Aluminium pulverbeschichtet weiss 250 cm;;;09308061;Dural GmbH;10000;8,4;;DISCOUNT_PCT;50;;DISCOUNT_PCT;40;;;;;;;;;;020.020.1750;;;;;;;;;;;;;;;;;;;;;;;ja;;;;;;;;;;;;;;;;;;ja;;;;;ja
Winkel-Abschlussprofil Aluminium pulverbeschichtet weiss 8 mm 250 cm;;;09308081;Dural GmbH;10000;8,72;;DISCOUNT_PCT;50;;DISCOUNT_PCT;40;;;;;;;;;;020.020.1760;;;;;;;;;;;;;;;;;;;;;;;ja;;;;;;;;;;;;;;;;;;ja;;;;;ja
Winkel-Abschlussprofil Aluminium pulverbeschichtet weiss 9 mm 250 cm;;;09308091;Dural GmbH;10000;8,94;;DISCOUNT_PCT;50;;DISCOUNT_PCT;40;;;;;;;;;;020.020.1770;;;;;;;;;;;;;;;;;;;;;;;ja;;;;;;;;;;;;;;;;;;ja;;;;;ja
Winkel-Abschlussprofil Aluminium pulverbeschichtet weiss 10 mm 250 cm;;;09308101;Dural GmbH;10000;9,18;;DISCOUNT_PCT;50;;DISCOUNT_PCT;40;;;;;;;;;;020.020.1780;;;;;;;;;;;;;;;;;;;;;;;ja;;;;;;;;;;;;;;;;;;ja;;;;;ja
Winkel-Abschlussprofil Aluminium pulverbeschichtet weiss 11 mm 250 cm;;;09308111;Dural GmbH;10000;9,54;;DISCOUNT_PCT;50;;DISCOUNT_PCT;40;;;;;;;;;;020.020.1790;;;;;;;;;;;;;;;;;;;;;;;ja;;;;;;;;;;;;;;;;;;ja;;;;;ja
Winkel-Abschlussprofil Aluminium pulverbeschichtet weiss 12,5 mm 250 cm;;;09308121;Dural GmbH;10000;10,08;;DISCOUNT_PCT;50;;DISCOUNT_PCT;40;;;;;;;;;;020.020.1800;;;;;;;;;;;;;;;;;;;;;;;ja;;;;;;;;;;;;;;;;;;ja;;;;;ja
Winkel-Abschlussprofil Aluminium pulverbeschichtet schwarz 8 mm 300 cm;;;09332081;Dural GmbH;10000;8,72;;DISCOUNT_PCT;50;;DISCOUNT_PCT;40;;;;;;;;;;020.020.1810;;;;;;;;;;;;;;;;;;;;;;;ja;;;;;;;;;;;;;;;;;;ja;;;;;ja
Winkel-Abschlussprofil Aluminium pulverbeschichtet schwarz 10 mm 300 cm;;;09332101;Dural GmbH;10000;9,18;;DISCOUNT_PCT;50;;DISCOUNT_PCT;40;;;;;;;;;;020.020.1820;;;;;;;;;;;;;;;;;;;;;;;ja;;;;;;;;;;;;;;;;;;ja;;;;;ja
Winkel-Abschlussprofil Aluminium pulverbeschichtet schwarz 12,5 mm 300 cm;;;09332121;Dural GmbH;10000;10,08;;DISCOUNT_PCT;50;;DISCOUNT_PCT;40;;;;;;;;;;020.020.1830;;;;;;;;;;;;;;;;;;;;;;;ja;;;;;;;;;;;;;;;;;;ja;;;;;ja
Winkel-Abschlussprofil Aluminium pulverbeschichtet schwarz 250 cm;;;09338061;Dural GmbH;10000;8,4;;DISCOUNT_PCT;50;;DISCOUNT_PCT;40;;;;;;;;;;020.020.1840;;;;;;;;;;;;;;;;;;;;;;;ja;;;;;;;;;;;;;;;;;;ja;;;;;ja
Winkel-Abschlussprofil Aluminium pulverbeschichtet schwarz 8 mm 250 cm;;;09338081;Dural GmbH;10000;8,72;;DISCOUNT_PCT;50;;DISCOUNT_PCT;40;;;;;;;;;;020.020.1850;;;;;;;;;;;;;;;;;;;;;;;ja;;;;;;;;;;;;;;;;;;ja;;;;;ja
Winkel-Abschlussprofil Aluminium pulverbeschichtet schwarz 9 mm 250 cm;;;09338091;Dural GmbH;10000;8,94;;DISCOUNT_PCT;50;;DISCOUNT_PCT;40;;;;;;;;;;020.020.1860;;;;;;;;;;;;;;;;;;;;;;;ja;;;;;;;;;;;;;;;;;;ja;;;;;ja
Winkel-Abschlussprofil Aluminium pulverbeschichtet schwarz 10 mm 250 cm;;;09338101;Dural GmbH;10000;9,18;;DISCOUNT_PCT;50;;DISCOUNT_PCT;40;;;;;;;;;;020.020.1870;;;;;;;;;;;;;;;;;;;;;;;ja;;;;;;;;;;;;;;;;;;ja;;;;;ja
Winkel-Abschlussprofil Aluminium pulverbeschichtet schwarz 12,5 mm 250 cm;;;09338121;Dural GmbH;10000;10,08;;DISCOUNT_PCT;50;;DISCOUNT_PCT;40;;;;;;;;;;020.020.1880;;;;;;;;;;;;;;;;;;;;;;;ja;;;;;;;;;;;;;;;;;;ja;;;;;ja
Aussenecke Edelstahl V2A unbehandelt silber Blister 1 Stück 10 mm;;;10021003;Dural GmbH;10000;27,9;;DISCOUNT_PCT;50;;DISCOUNT_PCT;40;;;;;;;;;;020.010.0010;;;;;;;;;;;;;;;;;;;;;;;ja;;;;;;;;;;;;;;;;;;ja;;;;;ja
Innenecke Edelstahl V2A unbehandelt silber Blister 1 Stück 10 mm;;;10021007;Dural GmbH;10000;27,9;;DISCOUNT_PCT;50;;DISCOUNT_PCT;40;;;;;;;;;;020.010.0020;;;;;;;;;;;;;;;;;;;;;;;ja;;;;;;;;;;;;;;;;;;ja;;;;;ja
Aussenecke Edelstahl V2A hochglanzpoliert silber Blister 1 Stück 10 mm;;;10021013;Dural GmbH;10000;36,16;;DISCOUNT_PCT;50;;DISCOUNT_PCT;40;;;;;;;;;;020.010.0030;;;;;;;;;;;;;;;;;;;;;;;ja;;;;;;;;;;;;;;;;;;ja;;;;;ja
Aussenecke Edelstahl V2A gebürstet silber Blister 1 Stück 10 mm;;;10021015;Dural GmbH;10000;36,16;;DISCOUNT_PCT;50;;DISCOUNT_PCT;40;;;;;;;;;;020.010.0040;;;;;;;;;;;;;;;;;;;;;;;ja;;;;;;;;;;;;;;;;;;ja;;;;;ja
Innenecke Edelstahl V2A gebürstet silber Blister 1 Stück 10 mm;;;10021016;Dural GmbH;10000;36,16;;DISCOUNT_PCT;50;;DISCOUNT_PCT;40;;;;;;;;;;020.010.0050;;;;;;;;;;;;;;;;;;;;;;;ja;;;;;;;;;;;;;;;;;;ja;;;;;ja
Innenecke Edelstahl V2A hochglanzpoliert silber Blister 1 Stück 10 mm;;;10021019;Dural GmbH;10000;36,16;;DISCOUNT_PCT;50;;DISCOUNT_PCT;40;;;;;;;;;;020.010.0060;;;;;;;;;;;;;;;;;;;;;;;ja;;;;;;;;;;;;;;;;;;ja;;;;;ja
Aussenecke Edelstahl V2A unbehandelt silber Blister 1 Stück 12,5 mm;;;10021203;Dural GmbH;10000;27,9;;DISCOUNT_PCT;50;;DISCOUNT_PCT;40;;;;;;;;;;020.010.0070;;;;;;;;;;;;;;;;;;;;;;;ja;;;;;;;;;;;;;;;;;;ja;;;;;ja
Aussenecke Edelstahl V2A hochglanzpoliert silber Blister 1 Stück 12,5 mm;;;10021205;Dural GmbH;10000;36,16;;DISCOUNT_PCT;50;;DISCOUNT_PCT;40;;;;;;;;;;020.010.0080;;;;;;;;;;;;;;;;;;;;;;;ja;;;;;;;;;;;;;;;;;;ja;;;;;ja
Innenecke Edelstahl V2A unbehandelt natur Blister 1 Stück 12,5 mm;;;10021207;Dural GmbH;10000;27,9;;DISCOUNT_PCT;50;;DISCOUNT_PCT;40;;;;;;;;;;020.010.0090;;;;;;;;;;;;;;;;;;;;;;;ja;;;;;;;;;;;;;;;;;;ja;;;;;ja
Innenecke Edelstahl V2A hochglanzpoliert silber Blister 1 Stück 12,5 mm;;;10021209;Dural GmbH;10000;36,16;;DISCOUNT_PCT;50;;DISCOUNT_PCT;40;;;;;;;;;;020.010.0100;;;;;;;;;;;;;;;;;;;;;;;ja;;;;;;;;;;;;;;;;;;ja;;;;;ja
Aussenecke Edelstahl V2A gebürstet silber Blister 1 Stück 12,5 mm;;;10021210;Dural GmbH;10000;36,16;;DISCOUNT_PCT;50;;DISCOUNT_PCT;40;;;;;;;;;;020.010.0110;;;;;;;;;;;;;;;;;;;;;;;ja;;;;;;;;;;;;;;;;;;ja;;;;;ja
Innenecke Edelstahl V2A gebürstet silber Blister 1 Stück 12,5 mm;;;10021216;Dural GmbH;10000;36,16;;DISCOUNT_PCT;50;;DISCOUNT_PCT;40;;;;;;;;;;020.010.0120;;;;;;;;;;;;;;;;;;;;;;;ja;;;;;;;;;;;;;;;;;;ja;;;;;ja
Viertelkreis-Abschlussprofil Edelstahl V2A gebürstet silber 300 cm;;;10022063;Dural GmbH;10000;27,88;;DISCOUNT_PCT;50;;DISCOUNT_PCT;40;;;;;;;;;;020.010.0130;;;;;;;;;;;;;;;;;;;;;;;ja;;;;;;;;;;;;;;;;;;ja;;;;;ja
Viertelkreis-Abschlussprofil Edelstahl V2A unbehandelt natur 8 mm 300 cm;;;10022080;Dural GmbH;10000;21,72;;DISCOUNT_PCT;50;;DISCOUNT_PCT;40;;;;;;;;;;020.010.0140;;;;;;;;;;;;;;;;;;;;;;;ja;;;;;;;;;;;;;;;;;;ja;;;;;ja
Viertelkreis-Abschlussprofil Edelstahl V2A gebürstet silber 8 mm 300 cm;;;10022083;Dural GmbH;10000;30,6;;DISCOUNT_PCT;50;;DISCOUNT_PCT;40;;;;;;;;;;020.010.0150;;;;;;;;;;;;;;;;;;;;;;;ja;;;;;;;;;;;;;;;;;;ja;;;;;ja
Viertelkreis-Abschlussprofil Edelstahl V2A unbehandelt natur 10 mm 300 cm;;;10022100;Dural GmbH;10000;23,14;;DISCOUNT_PCT;50;;DISCOUNT_PCT;40;;;;;;;;;;020.010.0160;;;;;;;;;;;;;;;;;;;;;;;ja;;;;;;;;;;;;;;;;;;ja;;;;;ja
Viertelkreis-Abschlussprofil Edelstahl V2A gebürstet silber 10 mm 300 cm;;;10022103;Dural GmbH;10000;32,48;;DISCOUNT_PCT;50;;DISCOUNT_PCT;40;;;;;;;;;;020.010.0170;;;;;;;;;;;;;;;;;;;;;;;ja;;;;;;;;;;;;;;;;;;ja;;;;;ja
Viertelkreis-Abschlussprofil Edelstahl V2A gebürstet silber 11 mm 300 cm;;;10022111;Dural GmbH;10000;33,96;;DISCOUNT_PCT;50;;DISCOUNT_PCT;40;;;;;;;;;;020.010.0180;;;;;;;;;;;;;;;;;;;;;;;ja;;;;;;;;;;;;;;;;;;ja;;;;;ja
Viertelkreis-Abschlussprofil Edelstahl V2A unbehandelt natur 12,5 mm 300 cm;;;10022120;Dural GmbH;10000;25;;DISCOUNT_PCT;50;;DISCOUNT_PCT;40;;;;;;;;;;020.010.0190;;;;;;;;;;;;;;;;;;;;;;;ja;;;;;;;;;;;;;;;;;;ja;;;;;ja
Viertelkreis-Abschlussprofil Edelstahl V2A gebürstet silber 12,5 mm 300 cm;;;10022123;Dural GmbH;10000;35,06;;DISCOUNT_PCT;50;;DISCOUNT_PCT;40;;;;;;;;;;020.010.0200;;;;;;;;;;;;;;;;;;;;;;;ja;;;;;;;;;;;;;;;;;;ja;;;;;ja
Aussenecke Edelstahl V2A unbehandelt natur Blister 1 Stück;;;10026003;Dural GmbH;10000;27,9;;DISCOUNT_PCT;50;;DISCOUNT_PCT;40;;;;;;;;;;020.010.0210;;;;;;;;;;;;;;;;;;;;;;;ja;;;;;;;;;;;;;;;;;;ja;;;;;ja
Aussenecke Edelstahl V2A hochglanzpoliert silber Blister 1 Stück;;;10026005;Dural GmbH;10000;36,16;;DISCOUNT_PCT;50;;DISCOUNT_PCT;40;;;;;;;;;;020.010.0220;;;;;;;;;;;;;;;;;;;;;;;ja;;;;;;;;;;;;;;;;;;ja;;;;;ja
Innenecke Edelstahl V2A unbehandelt natur Blister 1 Stück;;;10026007;Dural GmbH;10000;27,9;;DISCOUNT_PCT;50;;DISCOUNT_PCT;40;;;;;;;;;;020.010.0230;;;;;;;;;;;;;;;;;;;;;;;ja;;;;;;;;;;;;;;;;;;ja;;;;;ja
Innenecke Edelstahl V2A hochglanzpoliert silber Blister 1 Stück;;;10026009;Dural GmbH;10000;36,16;;DISCOUNT_PCT;50;;DISCOUNT_PCT;40;;;;;;;;;;020.010.0240;;;;;;;;;;;;;;;;;;;;;;;ja;;;;;;;;;;;;;;;;;;ja;;;;;ja
Aussenecke Edelstahl V2A gebürstet silber Blister 1 Stück;;;10026015;Dural GmbH;10000;36,16;;DISCOUNT_PCT;50;;DISCOUNT_PCT;40;;;;;;;;;;020.010.0250;;;;;;;;;;;;;;;;;;;;;;;ja;;;;;;;;;;;;;;;;;;ja;;;;;ja
Innenecke Edelstahl V2A gebürstet silber Blister 1 Stück;;;10026016;Dural GmbH;10000;36,16;;DISCOUNT_PCT;50;;DISCOUNT_PCT;40;;;;;;;;;;020.010.0260;;;;;;;;;;;;;;;;;;;;;;;ja;;;;;;;;;;;;;;;;;;ja;;;;;ja
Aussenecke Edelstahl V2A unbehandelt silber Blister 1 Stück 8 mm;;;10028003;Dural GmbH;10000;27,9;;DISCOUNT_PCT;50;;DISCOUNT_PCT;40;;;;;;;;;;020.010.0270;;;;;;;;;;;;;;;;;;;;;;;ja;;;;;;;;;;;;;;;;;;ja;;;;;ja
Innenecke Edelstahl V2A unbehandelt natur Blister 1 Stück 8 mm;;;10028007;Dural GmbH;10000;27,9;;DISCOUNT_PCT;50;;DISCOUNT_PCT;40;;;;;;;;;;020.010.0280;;;;;;;;;;;;;;;;;;;;;;;ja;;;;;;;;;;;;;;;;;;ja;;;;;ja
Aussenecke Edelstahl V2A hochglanzpoliert silber Blister 1 Stück 8 mm;;;10028013;Dural GmbH;10000;36,16;;DISCOUNT_PCT;50;;DISCOUNT_PCT;40;;;;;;;;;;020.010.0290;;;;;;;;;;;;;;;;;;;;;;;ja;;;;;;;;;;;;;;;;;;ja;;;;;ja
Aussenecke Edelstahl V2A gebürstet silber Blister 1 Stück 8 mm;;;10028015;Dural GmbH;10000;36,16;;DISCOUNT_PCT;50;;DISCOUNT_PCT;40;;;;;;;;;;020.010.0300;;;;;;;;;;;;;;;;;;;;;;;ja;;;;;;;;;;;;;;;;;;ja;;;;;ja
Innenecke Edelstahl V2A gebürstet silber Blister 1 Stück 8 mm;;;10028016;Dural GmbH;10000;36,16;;DISCOUNT_PCT;50;;DISCOUNT_PCT;40;;;;;;;;;;020.010.0310;;;;;;;;;;;;;;;;;;;;;;;ja;;;;;;;;;;;;;;;;;;ja;;;;;ja
Innenecke Edelstahl V2A hochglanzpoliert silber Blister 1 Stück 8 mm;;;10028019;Dural GmbH;10000;36,16;;DISCOUNT_PCT;50;;DISCOUNT_PCT;40;;;;;;;;;;020.010.0320;;;;;;;;;;;;;;;;;;;;;;;ja;;;;;;;;;;;;;;;;;;ja;;;;;ja
Viertelkreis-Abschlussprofil Edelstahl V2A unbehandelt natur 250 cm;;;10028060;Dural GmbH;10000;20,26;;DISCOUNT_PCT;50;;DISCOUNT_PCT;40;;;;;;;;;;020.010.0330;;;;;;;;;;;;;;;;;;;;;;;ja;;;;;;;;;;;;;;;;;;ja;;;;;ja
Viertelkreis-Abschlussprofil Edelstahl V2A hochglanzpoliert silber 250 cm;;;10028061;Dural GmbH;10000;26,24;;DISCOUNT_PCT;50;;DISCOUNT_PCT;40;;;;;;;;;;020.010.0340;;;;;;;;;;;;;;;;;;;;;;;ja;;;;;;;;;;;;;;;;;;ja;;;;;ja
Viertelkreis-Abschlussprofil Edelstahl V2A gebürstet silber 250 cm;;;10028063;Dural GmbH;10000;29,32;;DISCOUNT_PCT;50;;DISCOUNT_PCT;40;;;;;;;;;;020.010.0350;;;;;;;;;;;;;;;;;;;;;;;ja;;;;;;;;;;;;;;;;;;ja;;;;;ja
Viertelkreis-Abschlussprofil Edelstahl V2A unbehandelt natur 8 mm 250 cm;;;10028080;Dural GmbH;10000;21,72;;DISCOUNT_PCT;50;;DISCOUNT_PCT;40;;;;;;;;;;020.010.0360;;;;;;;;;;;;;;;;;;;;;;;ja;;;;;;;;;;;;;;;;;;ja;;;;;ja
Viertelkreis-Abschlussprofil Edelstahl V2A hochglanzpoliert silber 8 mm 250 cm;;;10028081;Dural GmbH;10000;27,74;;DISCOUNT_PCT;50;;DISCOUNT_PCT;40;;;;;;;;;;020.010.0370;;;;;;;;;;;;;;;;;;;;;;;ja;;;;;;;;;;;;;;;;;;ja;;;;;ja
Viertelkreis-Abschlussprofil Edelstahl V2A gebürstet silber 8 mm 250 cm;;;10028083;Dural GmbH;10000;31,18;;DISCOUNT_PCT;50;;DISCOUNT_PCT;40;;;;;;;;;;020.010.0380;;;;;;;;;;;;;;;;;;;;;;;ja;;;;;;;;;;;;;;;;;;ja;;;;;ja
Viertelkreis-Abschlussprofil Edelstahl V2A unbehandelt natur 10 mm 250 cm;;;10028100;Dural GmbH;10000;23,14;;DISCOUNT_PCT;50;;DISCOUNT_PCT;40;;;;;;;;;;020.010.0390;;;;;;;;;;;;;;;;;;;;;;;ja;;;;;;;;;;;;;;;;;;ja;;;;;ja
Viertelkreis-Abschlussprofil Edelstahl V2A hochglanzpoliert silber 10 mm 250 cm;;;10028101;Dural GmbH;10000;29,02;;DISCOUNT_PCT;50;;DISCOUNT_PCT;40;;;;;;;;;;020.010.0400;;;;;;;;;;;;;;;;;;;;;;;ja;;;;;;;;;;;;;;;;;;ja;;;;;ja
Viertelkreis-Abschlussprofil Edelstahl V2A gebürstet silber 10 mm 250 cm;;;10028103;Dural GmbH;10000;33,1;;DISCOUNT_PCT;50;;DISCOUNT_PCT;40;;;;;;;;;;020.010.0410;;;;;;;;;;;;;;;;;;;;;;;ja;;;;;;;;;;;;;;;;;;ja;;;;;ja
Viertelkreis-Abschlussprofil Edelstahl V2A unbehandelt natur 11 mm 250 cm;;;10028110;Dural GmbH;10000;24,06;;DISCOUNT_PCT;50;;DISCOUNT_PCT;40;;;;;;;;;;020.010.0420;;;;;;;;;;;;;;;;;;;;;;;ja;;;;;;;;;;;;;;;;;;ja;;;;;ja
Viertelkreis-Abschlussprofil Edelstahl V2A gebürstet silber 11 mm 250 cm;;;100281103;Dural GmbH;10000;34,18;;DISCOUNT_PCT;50;;DISCOUNT_PCT;40;;;;;;;;;;020.010.0430;;;;;;;;;;;;;;;;;;;;;;;ja;;;;;;;;;;;;;;;;;;ja;;;;;ja
Viertelkreis-Abschlussprofil Edelstahl V2A hochglanzpoliert silber 11 mm 250 cm;;;10028111;Dural GmbH;10000;29,86;;DISCOUNT_PCT;50;;DISCOUNT_PCT;40;;;;;;;;;;020.010.0440;;;;;;;;;;;;;;;;;;;;;;;ja;;;;;;;;;;;;;;;;;;ja;;;;;ja
Aussenecke Edelstahl V2A unbehandelt natur Blister 1 Stück 11 mm;;;10028113;Dural GmbH;10000;27,9;;DISCOUNT_PCT;50;;DISCOUNT_PCT;40;;;;;;;;;;020.010.0450;;;;;;;;;;;;;;;;;;;;;;;ja;;;;;;;;;;;;;;;;;;ja;;;;;ja
Aussenecke Edelstahl V2A gebürstet silber Blister 1 Stück 11 mm;;;10028114;Dural GmbH;10000;36,16;;DISCOUNT_PCT;50;;DISCOUNT_PCT;40;;;;;;;;;;020.010.0460;;;;;;;;;;;;;;;;;;;;;;;ja;;;;;;;;;;;;;;;;;;ja;;;;;ja
Aussenecke Edelstahl V2A hochglanzpoliert silber Blister 1 Stück 11 mm;;;10028115;Dural GmbH;10000;36,16;;DISCOUNT_PCT;50;;DISCOUNT_PCT;40;;;;;;;;;;020.010.0470;;;;;;;;;;;;;;;;;;;;;;;ja;;;;;;;;;;;;;;;;;;ja;;;;;ja
Innenecke Edelstahl V2A unbehandelt natur Blister 1 Stück 11 mm;;;10028117;Dural GmbH;10000;27,9;;DISCOUNT_PCT;50;;DISCOUNT_PCT;40;;;;;;;;;;020.010.0480;;;;;;;;;;;;;;;;;;;;;;;ja;;;;;;;;;;;;;;;;;;ja;;;;;ja
Innenecke Edelstahl V2A hochglanzpoliert silber Blister 1 Stück 11 mm;;;10028118;Dural GmbH;10000;36,16;;DISCOUNT_PCT;50;;DISCOUNT_PCT;40;;;;;;;;;;020.010.0490;;;;;;;;;;;;;;;;;;;;;;;ja;;;;;;;;;;;;;;;;;;ja;;;;;ja
Innenecke Edelstahl V2A gebürstet silber Blister 1 Stück 11 mm;;;10028119;Dural GmbH;10000;36,16;;DISCOUNT_PCT;50;;DISCOUNT_PCT;40;;;;;;;;;;020.010.0500;;;;;;;;;;;;;;;;;;;;;;;ja;;;;;;;;;;;;;;;;;;ja;;;;;ja
Viertelkreis-Abschlussprofil Edelstahl V2A unbehandelt natur 12,5 mm 250 cm;;;10028120;Dural GmbH;10000;25;;DISCOUNT_PCT;50;;DISCOUNT_PCT;40;;;;;;;;;;020.010.0510;;;;;;;;;;;;;;;;;;;;;;;ja;;;;;;;;;;;;;;;;;;ja;;;;;ja
Viertelkreis-Abschlussprofil Edelstahl V2A hochglanzpoliert silber 12,5 mm 250 cm;;;10028121;Dural GmbH;10000;30,72;;DISCOUNT_PCT;50;;DISCOUNT_PCT;40;;;;;;;;;;020.010.0520;;;;;;;;;;;;;;;;;;;;;;;ja;;;;;;;;;;;;;;;;;;ja;;;;;ja
Viertelkreis-Abschlussprofil Edelstahl V2A gebürstet silber 12,5 mm 250 cm;;;10028123;Dural GmbH;10000;35,76;;DISCOUNT_PCT;50;;DISCOUNT_PCT;40;;;;;;;;;;020.010.0530;;;;;;;;;;;;;;;;;;;;;;;ja;;;;;;;;;;;;;;;;;;ja;;;;;ja
Viertelkreis-Abschlussprofil Aluminium strukturbeschichtet perlweiss (RAL 1013) 250 cm;;;1010138061;Dural GmbH;10000;13;;DISCOUNT_PCT;50;;DISCOUNT_PCT;40;;;;;;;;;;020.010.0540;;;;;;;;;;;;;;;;;;;;;;;ja;;;;;;;;;;;;;;;;;;ja;;;;;ja
Aussenecke strukturbeschichtet perlweiss (RAL 1013) Blister 2 Stück;;;1010138062;Dural GmbH;10000;7,76;;DISCOUNT_PCT;50;;DISCOUNT_PCT;40;;;;;;;;;;020.010.0550;;;;;;;;;;;;;;;;;;;;;;;ja;;;;;;;;;;;;;;;;;;ja;;;;;ja
Innenecke strukturbeschichtet perlweiss (RAL 1013) Blister 2 Stück;;;1010138064;Dural GmbH;10000;7,76;;DISCOUNT_PCT;50;;DISCOUNT_PCT;40;;;;;;;;;;020.010.0560;;;;;;;;;;;;;;;;;;;;;;;ja;;;;;;;;;;;;;;;;;;ja;;;;;ja
Viertelkreis-Abschlussprofil Aluminium strukturbeschichtet perlweiss (RAL 1013) 8 mm 250 cm;;;1010138081;Dural GmbH;10000;13,64;;DISCOUNT_PCT;50;;DISCOUNT_PCT;40;;;;;;;;;;020.010.0570;;;;;;;;;;;;;;;;;;;;;;;ja;;;;;;;;;;;;;;;;;;ja;;;;;ja
Aussenecke strukturbeschichtet perlweiss (RAL 1013) Blister 2 Stück 8 mm;;;1010138082;Dural GmbH;10000;7,76;;DISCOUNT_PCT;50;;DISCOUNT_PCT;40;;;;;;;;;;020.010.0580;;;;;;;;;;;;;;;;;;;;;;;ja;;;;;;;;;;;;;;;;;;ja;;;;;ja
Innenecke strukturbeschichtet perlweiss (RAL 1013) Blister 2 Stück 8 mm;;;1010138084;Dural GmbH;10000;7,76;;DISCOUNT_PCT;50;;DISCOUNT_PCT;40;;;;;;;;;;020.010.0590;;;;;;;;;;;;;;;;;;;;;;;ja;;;;;;;;;;;;;;;;;;ja;;;;;ja
Viertelkreis-Abschlussprofil Aluminium strukturbeschichtet perlweiss (RAL 1013) 10 mm 250 cm;;;1010138101;Dural GmbH;10000;15,66;;DISCOUNT_PCT;50;;DISCOUNT_PCT;40;;;;;;;;;;020.010.0600;;;;;;;;;;;;;;;;;;;;;;;ja;;;;;;;;;;;;;;;;;;ja;;;;;ja
Aussenecke strukturbeschichtet perlweiss (RAL 1013) Blister 2 Stück 10 mm;;;1010138102;Dural GmbH;10000;7,76;;DISCOUNT_PCT;50;;DISCOUNT_PCT;40;;;;;;;;;;020.010.0610;;;;;;;;;;;;;;;;;;;;;;;ja;;;;;;;;;;;;;;;;;;ja;;;;;ja
Innenecke strukturbeschichtet perlweiss (RAL 1013) Blister 2 Stück 10 mm;;;1010138104;Dural GmbH;10000;7,76;;DISCOUNT_PCT;50;;DISCOUNT_PCT;40;;;;;;;;;;020.010.0620;;;;;;;;;;;;;;;;;;;;;;;ja;;;;;;;;;;;;;;;;;;ja;;;;;ja
Viertelkreis-Abschlussprofil Aluminium strukturbeschichtet perlweiss (RAL 1013) 11 mm 250 cm;;;1010138111;Dural GmbH;10000;16,06;;DISCOUNT_PCT;50;;DISCOUNT_PCT;40;;;;;;;;;;020.010.0630;;;;;;;;;;;;;;;;;;;;;;;ja;;;;;;;;;;;;;;;;;;ja;;;;;ja
Aussenecke strukturbeschichtet perlweiss (RAL 1013) Blister 2 Stück 11 mm;;;1010138112;Dural GmbH;10000;7,76;;DISCOUNT_PCT;50;;DISCOUNT_PCT;40;;;;;;;;;;020.010.0640;;;;;;;;;;;;;;;;;;;;;;;ja;;;;;;;;;;;;;;;;;;ja;;;;;ja
Innenecke strukturbeschichtet perlweiss (RAL 1013) Blister 2 Stück 11 mm;;;1010138114;Dural GmbH;10000;7,76;;DISCOUNT_PCT;50;;DISCOUNT_PCT;40;;;;;;;;;;020.010.0650;;;;;;;;;;;;;;;;;;;;;;;ja;;;;;;;;;;;;;;;;;;ja;;;;;ja
Viertelkreis-Abschlussprofil Aluminium strukturbeschichtet perlweiss (RAL 1013) 12,5 mm 250 cm;;;1010138121;Dural GmbH;10000;17,16;;DISCOUNT_PCT;50;;DISCOUNT_PCT;40;;;;;;;;;;020.010.0660;;;;;;;;;;;;;;;;;;;;;;;ja;;;;;;;;;;;;;;;;;;ja;;;;;ja
Aussenecke strukturbeschichtet perlweiss (RAL 1013) Blister 2 Stück 12,5 mm;;;1010138122;Dural GmbH;10000;7,76;;DISCOUNT_PCT;50;;DISCOUNT_PCT;40;;;;;;;;;;020.010.0670;;;;;;;;;;;;;;;;;;;;;;;ja;;;;;;;;;;;;;;;;;;ja;;;;;ja
Innenecke strukturbeschichtet perlweiss (RAL 1013) Blister 2 Stück 12,5 mm;;;1010138124;Dural GmbH;10000;7,76;;DISCOUNT_PCT;50;;DISCOUNT_PCT;40;;;;;;;;;;020.010.0680;;;;;;;;;;;;;;;;;;;;;;;ja;;;;;;;;;;;;;;;;;;ja;;;;;ja
Viertelkreis-Abschlussprofil Aluminium strukturbeschichtet elfenbein (RAL 1014) 250 cm;;;1010148061;Dural GmbH;10000;13;;DISCOUNT_PCT;50;;DISCOUNT_PCT;40;;;;;;;;;;020.010.0690;;;;;;;;;;;;;;;;;;;;;;;ja;;;;;;;;;;;;;;;;;;ja;;;;;ja
Aussenecke strukturbeschichtet elfenbein (RAL 1014) Blister 2 Stück;;;1010148062;Dural GmbH;10000;7,76;;DISCOUNT_PCT;50;;DISCOUNT_PCT;40;;;;;;;;;;020.010.0700;;;;;;;;;;;;;;;;;;;;;;;ja;;;;;;;;;;;;;;;;;;ja;;;;;ja
Innenecke strukturbeschichtet elfenbein (RAL 1014) Blister 2 Stück;;;1010148064;Dural GmbH;10000;7,76;;DISCOUNT_PCT;50;;DISCOUNT_PCT;40;;;;;;;;;;020.010.0710;;;;;;;;;;;;;;;;;;;;;;;ja;;;;;;;;;;;;;;;;;;ja;;;;;ja
Viertelkreis-Abschlussprofil Aluminium strukturbeschichtet elfenbein (RAL 1014) 8 mm 250 cm;;;1010148081;Dural GmbH;10000;13,64;;DISCOUNT_PCT;50;;DISCOUNT_PCT;40;;;;;;;;;;020.010.0720;;;;;;;;;;;;;;;;;;;;;;;ja;;;;;;;;;;;;;;;;;;ja;;;;;ja
Aussenecke strukturbeschichtet elfenbein (RAL 1014) Blister 2 Stück 8 mm;;;1010148082;Dural GmbH;10000;7,76;;DISCOUNT_PCT;50;;DISCOUNT_PCT;40;;;;;;;;;;020.010.0730;;;;;;;;;;;;;;;;;;;;;;;ja;;;;;;;;;;;;;;;;;;ja;;;;;ja
Innenecke strukturbeschichtet elfenbein (RAL 1014) Blister 2 Stück 8 mm;;;1010148084;Dural GmbH;10000;7,76;;DISCOUNT_PCT;50;;DISCOUNT_PCT;40;;;;;;;;;;020.010.0740;;;;;;;;;;;;;;;;;;;;;;;ja;;;;;;;;;;;;;;;;;;ja;;;;;ja
Viertelkreis-Abschlussprofil Aluminium strukturbeschichtet elfenbein (RAL 1014) 10 mm 250 cm;;;1010148101;Dural GmbH;10000;15,66;;DISCOUNT_PCT;50;;DISCOUNT_PCT;40;;;;;;;;;;020.010.0750;;;;;;;;;;;;;;;;;;;;;;;ja;;;;;;;;;;;;;;;;;;ja;;;;;ja
Aussenecke strukturbeschichtet elfenbein (RAL 1014) Blister 2 Stück 10 mm;;;1010148102;Dural GmbH;10000;7,76;;DISCOUNT_PCT;50;;DISCOUNT_PCT;40;;;;;;;;;;020.010.0760;;;;;;;;;;;;;;;;;;;;;;;ja;;;;;;;;;;;;;;;;;;ja;;;;;ja
Innenecke strukturbeschichtet elfenbein (RAL 1014) Blister 2 Stück 10 mm;;;1010148104;Dural GmbH;10000;7,76;;DISCOUNT_PCT;50;;DISCOUNT_PCT;40;;;;;;;;;;020.010.0770;;;;;;;;;;;;;;;;;;;;;;;ja;;;;;;;;;;;;;;;;;;ja;;;;;ja
Viertelkreis-Abschlussprofil Aluminium strukturbeschichtet elfenbein (RAL 1014) 11 mm 250 cm;;;1010148111;Dural GmbH;10000;16,06;;DISCOUNT_PCT;50;;DISCOUNT_PCT;40;;;;;;;;;;020.010.0780;;;;;;;;;;;;;;;;;;;;;;;ja;;;;;;;;;;;;;;;;;;ja;;;;;ja
Aussenecke strukturbeschichtet elfenbein (RAL 1014) Blister 2 Stück 11 mm;;;1010148112;Dural GmbH;10000;7,76;;DISCOUNT_PCT;50;;DISCOUNT_PCT;40;;;;;;;;;;020.010.0790;;;;;;;;;;;;;;;;;;;;;;;ja;;;;;;;;;;;;;;;;;;ja;;;;;ja
Innenecke strukturbeschichtet elfenbein (RAL 1014) Blister 2 Stück 11 mm;;;1010148114;Dural GmbH;10000;7,76;;DISCOUNT_PCT;50;;DISCOUNT_PCT;40;;;;;;;;;;020.010.0800;;;;;;;;;;;;;;;;;;;;;;;ja;;;;;;;;;;;;;;;;;;ja;;;;;ja
Viertelkreis-Abschlussprofil Aluminium strukturbeschichtet elfenbein (RAL 1014) 12,5 mm 250 cm;;;1010148121;Dural GmbH;10000;17,16;;DISCOUNT_PCT;50;;DISCOUNT_PCT;40;;;;;;;;;;020.010.0810;;;;;;;;;;;;;;;;;;;;;;;ja;;;;;;;;;;;;;;;;;;ja;;;;;ja
Aussenecke strukturbeschichtet elfenbein (RAL 1014) Blister 2 Stück 12,5 mm;;;1010148122;Dural GmbH;10000;7,76;;DISCOUNT_PCT;50;;DISCOUNT_PCT;40;;;;;;;;;;020.010.0820;;;;;;;;;;;;;;;;;;;;;;;ja;;;;;;;;;;;;;;;;;;ja;;;;;ja
Innenecke strukturbeschichtet elfenbein (RAL 1014) Blister 2 Stück 12,5 mm;;;1010148124;Dural GmbH;10000;7,76;;DISCOUNT_PCT;50;;DISCOUNT_PCT;40;;;;;;;;;;020.010.0830;;;;;;;;;;;;;;;;;;;;;;;ja;;;;;;;;;;;;;;;;;;ja;;;;;ja
Viertelkreis-Abschlussprofil Aluminium strukturbeschichtet hellelfenbein (RAL 1015) 250 cm;;;1010158061;Dural GmbH;10000;13;;DISCOUNT_PCT;50;;DISCOUNT_PCT;40;;;;;;;;;;020.010.0840;;;;;;;;;;;;;;;;;;;;;;;ja;;;;;;;;;;;;;;;;;;ja;;;;;ja
Aussenecke Aluminium strukturbeschichtet hellelfenbein (RAL 1015) 6 mm Blister 2 Stück;;;1010158062;Dural GmbH;10000;7,76;;DISCOUNT_PCT;50;;DISCOUNT_PCT;40;;;;;;;;;;020.010.0850;;;;;;;;;;;;;;;;;;;;;;;ja;;;;;;;;;;;;;;;;;;ja;;;;;ja
Innenecke Aluminium strukturbeschichtet hellelfenbein (RAL 1015) 6 mm Blister 2 Stück;;;1010158064;Dural GmbH;10000;7,76;;DISCOUNT_PCT;50;;DISCOUNT_PCT;40;;;;;;;;;;020.010.0860;;;;;;;;;;;;;;;;;;;;;;;ja;;;;;;;;;;;;;;;;;;ja;;;;;ja
Viertelkreis-Abschlussprofil Aluminium strukturbeschichtet hellelfenbein (RAL 1015) 8 mm 250 cm;;;1010158081;Dural GmbH;10000;13,64;;DISCOUNT_PCT;50;;DISCOUNT_PCT;40;;;;;;;;;;020.010.0870;;;;;;;;;;;;;;;;;;;;;;;ja;;;;;;;;;;;;;;;;;;ja;;;;;ja
Aussenecke Aluminium strukturbeschichtet hellelfenbein (RAL 1015) 8 mm Blister 2 Stück;;;1010158082;Dural GmbH;10000;7,76;;DISCOUNT_PCT;50;;DISCOUNT_PCT;40;;;;;;;;;;020.010.0880;;;;;;;;;;;;;;;;;;;;;;;ja;;;;;;;;;;;;;;;;;;ja;;;;;ja
Innenecke Aluminium strukturbeschichtet hellelfenbein (RAL 1015) 8 mm Blister 2 Stück;;;1010158084;Dural GmbH;10000;7,76;;DISCOUNT_PCT;50;;DISCOUNT_PCT;40;;;;;;;;;;020.010.0890;;;;;;;;;;;;;;;;;;;;;;;ja;;;;;;;;;;;;;;;;;;ja;;;;;ja
Viertelkreis-Abschlussprofil Aluminium strukturbeschichtet hellelfenbein (RAL 1015) 10 mm 250 cm;;;1010158101;Dural GmbH;10000;15,66;;DISCOUNT_PCT;50;;DISCOUNT_PCT;40;;;;;;;;;;020.010.0900;;;;;;;;;;;;;;;;;;;;;;;ja;;;;;;;;;;;;;;;;;;ja;;;;;ja
Aussenecke Aluminium strukturbeschichtet hellelfenbein (RAL 1015) 10 mm Blister 2 Stück;;;1010158102;Dural GmbH;10000;7,76;;DISCOUNT_PCT;50;;DISCOUNT_PCT;40;;;;;;;;;;020.010.0910;;;;;;;;;;;;;;;;;;;;;;;ja;;;;;;;;;;;;;;;;;;ja;;;;;ja
Innenecke Aluminium strukturbeschichtet hellelfenbein (RAL 1015) 10 mm Blister 2 Stück;;;1010158104;Dural GmbH;10000;7,76;;DISCOUNT_PCT;50;;DISCOUNT_PCT;40;;;;;;;;;;020.010.0920;;;;;;;;;;;;;;;;;;;;;;;ja;;;;;;;;;;;;;;;;;;ja;;;;;ja
Viertelkreis-Abschlussprofil Aluminium strukturbeschichtet hellelfenbein (RAL 1015) 11 mm 250 cm;;;1010158111;Dural GmbH;10000;16,06;;DISCOUNT_PCT;50;;DISCOUNT_PCT;40;;;;;;;;;;020.010.0930;;;;;;;;;;;;;;;;;;;;;;;ja;;;;;;;;;;;;;;;;;;ja;;;;;ja
Aussenecke Aluminium strukturbeschichtet hellelfenbein (RAL 1015) 11 mm Blister 2 Stück;;;1010158112;Dural GmbH;10000;7,76;;DISCOUNT_PCT;50;;DISCOUNT_PCT;40;;;;;;;;;;020.010.0940;;;;;;;;;;;;;;;;;;;;;;;ja;;;;;;;;;;;;;;;;;;ja;;;;;ja
Innenecke Aluminium strukturbeschichtet hellelfenbein (RAL 1015) 11 mm Blister 2 Stück;;;1010158114;Dural GmbH;10000;7,76;;DISCOUNT_PCT;50;;DISCOUNT_PCT;40;;;;;;;;;;020.010.0950;;;;;;;;;;;;;;;;;;;;;;;ja;;;;;;;;;;;;;;;;;;ja;;;;;ja
Viertelkreis-Abschlussprofil Aluminium strukturbeschichtet hellelfenbein (RAL 1015) 12,5 mm 250 cm;;;1010158121;Dural GmbH;10000;17,16;;DISCOUNT_PCT;50;;DISCOUNT_PCT;40;;;;;;;;;;020.010.0960;;;;;;;;;;;;;;;;;;;;;;;ja;;;;;;;;;;;;;;;;;;ja;;;;;ja
Aussenecke Aluminium strukturbeschichtet hellelfenbein (RAL 1015) 12,5 mm Blister 2 Stück;;;1010158122;Dural GmbH;10000;7,76;;DISCOUNT_PCT;50;;DISCOUNT_PCT;40;;;;;;;;;;020.010.0970;;;;;;;;;;;;;;;;;;;;;;;ja;;;;;;;;;;;;;;;;;;ja;;;;;ja
Innenecke Aluminium strukturbeschichtet hellelfenbein (RAL 1015) 12,5 mm Blister 2 Stück;;;1010158124;Dural GmbH;10000;7,76;;DISCOUNT_PCT;50;;DISCOUNT_PCT;40;;;;;;;;;;020.010.0980;;;;;;;;;;;;;;;;;;;;;;;ja;;;;;;;;;;;;;;;;;;ja;;;;;ja
Viertelkreis-Abschlussprofil Aluminium strukturbeschichtet graubeige (RAL 1019) 6 mm 250 cm;;;1010198061;Dural GmbH;10000;13;;DISCOUNT_PCT;50;;DISCOUNT_PCT;40;;;;;;;;;;020.010.0990;;;;;;;;;;;;;;;;;;;;;;;ja;;;;;;;;;;;;;;;;;;ja;;;;;ja
Aussenecke Aluminium strukturbeschichtet graubeige (RAL 1019) 6 mm Blister 2 Stück;;;1010198062;Dural GmbH;10000;7,76;;DISCOUNT_PCT;50;;DISCOUNT_PCT;40;;;;;;;;;;020.010.1000;;;;;;;;;;;;;;;;;;;;;;;ja;;;;;;;;;;;;;;;;;;ja;;;;;ja
Innenecke Aluminium strukturbeschichtet graubeige (RAL 1019) 6 mm Blister 2 Stück;;;1010198064;Dural GmbH;10000;7,76;;DISCOUNT_PCT;50;;DISCOUNT_PCT;40;;;;;;;;;;020.010.1010;;;;;;;;;;;;;;;;;;;;;;;ja;;;;;;;;;;;;;;;;;;ja;;;;;ja
Viertelkreis-Abschlussprofil Aluminium strukturbeschichtet graubeige (RAL 1019) 8 mm 250 cm;;;1010198081;Dural GmbH;10000;13,64;;DISCOUNT_PCT;50;;DISCOUNT_PCT;40;;;;;;;;;;020.010.1020;;;;;;;;;;;;;;;;;;;;;;;ja;;;;;;;;;;;;;;;;;;ja;;;;;ja
Aussenecke Aluminium strukturbeschichtet graubeige (RAL 1019) 8 mm Blister 2 Stück;;;1010198082;Dural GmbH;10000;7,76;;DISCOUNT_PCT;50;;DISCOUNT_PCT;40;;;;;;;;;;020.010.1030;;;;;;;;;;;;;;;;;;;;;;;ja;;;;;;;;;;;;;;;;;;ja;;;;;ja
Innenecke Aluminium strukturbeschichtet graubeige (RAL 1019) 8 mm Blister 2 Stück;;;1010198084;Dural GmbH;10000;7,76;;DISCOUNT_PCT;50;;DISCOUNT_PCT;40;;;;;;;;;;020.010.1040;;;;;;;;;;;;;;;;;;;;;;;ja;;;;;;;;;;;;;;;;;;ja;;;;;ja
Viertelkreis-Abschlussprofil Aluminium strukturbeschichtet graubeige (RAL 1019) 10 mm 250 cm;;;1010198101;Dural GmbH;10000;15,66;;DISCOUNT_PCT;50;;DISCOUNT_PCT;40;;;;;;;;;;020.010.1050;;;;;;;;;;;;;;;;;;;;;;;ja;;;;;;;;;;;;;;;;;;ja;;;;;ja
Aussenecke Aluminium strukturbeschichtet graubeige (RAL 1019) 10 mm Blister 2 Stück;;;1010198102;Dural GmbH;10000;7,76;;DISCOUNT_PCT;50;;DISCOUNT_PCT;40;;;;;;;;;;020.010.1060;;;;;;;;;;;;;;;;;;;;;;;ja;;;;;;;;;;;;;;;;;;ja;;;;;ja
Innenecke Aluminium strukturbeschichtet graubeige (RAL 1019) 10 mm Blister 2 Stück;;;1010198104;Dural GmbH;10000;7,76;;DISCOUNT_PCT;50;;DISCOUNT_PCT;40;;;;;;;;;;020.010.1070;;;;;;;;;;;;;;;;;;;;;;;ja;;;;;;;;;;;;;;;;;;ja;;;;;ja
Viertelkreis-Abschlussprofil Aluminium strukturbeschichtet graubeige (RAL 1019) 11 mm 250 cm;;;1010198111;Dural GmbH;10000;16,06;;DISCOUNT_PCT;50;;DISCOUNT_PCT;40;;;;;;;;;;020.010.1080;;;;;;;;;;;;;;;;;;;;;;;ja;;;;;;;;;;;;;;;;;;ja;;;;;ja
Aussenecke Aluminium strukturbeschichtet graubeige (RAL 1019) 11 mm Blister 2 Stück;;;1010198112;Dural GmbH;10000;7,76;;DISCOUNT_PCT;50;;DISCOUNT_PCT;40;;;;;;;;;;020.010.1090;;;;;;;;;;;;;;;;;;;;;;;ja;;;;;;;;;;;;;;;;;;ja;;;;;ja
Innenecke Aluminium strukturbeschichtet graubeige (RAL 1019) 11 mm Blister 2 Stück;;;1010198114;Dural GmbH;10000;7,76;;DISCOUNT_PCT;50;;DISCOUNT_PCT;40;;;;;;;;;;020.010.1100;;;;;;;;;;;;;;;;;;;;;;;ja;;;;;;;;;;;;;;;;;;ja;;;;;ja
Viertelkreis-Abschlussprofil Aluminium strukturbeschichtet graubeige (RAL 1019) 12,5 mm 250 cm;;;1010198121;Dural GmbH;10000;17,16;;DISCOUNT_PCT;50;;DISCOUNT_PCT;40;;;;;;;;;;020.010.1110;;;;;;;;;;;;;;;;;;;;;;;ja;;;;;;;;;;;;;;;;;;ja;;;;;ja
Aussenecke Aluminium strukturbeschichtet graubeige (RAL 1019) 12,5 mm Blister 2 Stück;;;1010198122;Dural GmbH;10000;7,76;;DISCOUNT_PCT;50;;DISCOUNT_PCT;40;;;;;;;;;;020.010.1120;;;;;;;;;;;;;;;;;;;;;;;ja;;;;;;;;;;;;;;;;;;ja;;;;;ja
Innenecke Aluminium strukturbeschichtet graubeige (RAL 1019) 12,5 mm Blister 2 Stück;;;1010198124;Dural GmbH;10000;7,76;;DISCOUNT_PCT;50;;DISCOUNT_PCT;40;;;;;;;;;;020.010.1130;;;;;;;;;;;;;;;;;;;;;;;ja;;;;;;;;;;;;;;;;;;ja;;;;;ja
Aussenecke Aluminium eloxiert silber 10 mm Blister 2 Stück;;;101110022;Dural GmbH;10000;5,44;;DISCOUNT_PCT;50;;DISCOUNT_PCT;40;;;;;;;;;;020.010.1140;;;;;;;;;;;;;;;;;;;;;;;ja;;;;;;;;;;;;;;;;;;ja;;;;;ja
Aussenecke Aluminium pulverbeschichtet betongrau (RAL 0006500) Blister 2 Stück;;;101110022B;Dural GmbH;10000;7,2;;DISCOUNT_PCT;50;;DISCOUNT_PCT;40;;;;;;;;;;020.010.1150;;;;;;;;;;;;;;;;;;;;;;;ja;;;;;;;;;;;;;;;;;;ja;;;;;ja
Aussenecke Aluminium pulverbeschichtet sand (RAL 0808005) Blister 2 Stück;;;101110022S;Dural GmbH;10000;7,2;;DISCOUNT_PCT;50;;DISCOUNT_PCT;40;;;;;;;;;;020.010.1160;;;;;;;;;;;;;;;;;;;;;;;ja;;;;;;;;;;;;;;;;;;ja;;;;;ja
Innenecke Aluminium eloxiert silber 10 mm Blister 2 Stück;;;101110024;Dural GmbH;10000;5,44;;DISCOUNT_PCT;50;;DISCOUNT_PCT;40;;;;;;;;;;020.010.1170;;;;;;;;;;;;;;;;;;;;;;;ja;;;;;;;;;;;;;;;;;;ja;;;;;ja
Innenecke Aluminium pulverbeschichtet betongrau (RAL 0006500) Blister 2 Stück;;;101110024B;Dural GmbH;10000;7,2;;DISCOUNT_PCT;50;;DISCOUNT_PCT;40;;;;;;;;;;020.010.1180;;;;;;;;;;;;;;;;;;;;;;;ja;;;;;;;;;;;;;;;;;;ja;;;;;ja
Innenecke Aluminium pulverbeschichtet sand (RAL 0808005) Blister 2 Stück;;;101110024S;Dural GmbH;10000;7,2;;DISCOUNT_PCT;50;;DISCOUNT_PCT;40;;;;;;;;;;020.010.1190;;;;;;;;;;;;;;;;;;;;;;;ja;;;;;;;;;;;;;;;;;;ja;;;;;ja
Aussenecke Aluminium eloxiert silber 11 mm Blister 2 Stück;;;101111022;Dural GmbH;10000;5,44;;DISCOUNT_PCT;50;;DISCOUNT_PCT;40;;;;;;;;;;020.010.1200;;;;;;;;;;;;;;;;;;;;;;;ja;;;;;;;;;;;;;;;;;;ja;;;;;ja
Innenecke Aluminium eloxiert silber 11 mm Blister 2 Stück;;;101111024;Dural GmbH;10000;5,44;;DISCOUNT_PCT;50;;DISCOUNT_PCT;40;;;;;;;;;;020.010.1210;;;;;;;;;;;;;;;;;;;;;;;ja;;;;;;;;;;;;;;;;;;ja;;;;;ja
Aussenecke Aluminium eloxiert silber 12,5 mm Blister 2 Stück;;;101112022;Dural GmbH;10000;5,44;;DISCOUNT_PCT;50;;DISCOUNT_PCT;40;;;;;;;;;;020.010.1220;;;;;;;;;;;;;;;;;;;;;;;ja;;;;;;;;;;;;;;;;;;ja;;;;;ja
Aussenecke Aluminium pulverbeschichtet betongrau (RAL 0006500) Blister 2 Stück;;;101112022B;Dural GmbH;10000;7,32;;DISCOUNT_PCT;50;;DISCOUNT_PCT;40;;;;;;;;;;020.010.1230;;;;;;;;;;;;;;;;;;;;;;;ja;;;;;;;;;;;;;;;;;;ja;;;;;ja
Aussenecke Aluminium pulverbeschichtet sand (RAL 0808005) Blister 2 Stück;;;101112022S;Dural GmbH;10000;7,32;;DISCOUNT_PCT;50;;DISCOUNT_PCT;40;;;;;;;;;;020.010.1240;;;;;;;;;;;;;;;;;;;;;;;ja;;;;;;;;;;;;;;;;;;ja;;;;;ja
Innenecke Aluminium eloxiert silber 12,5 mm Blister 2 Stück;;;101112024;Dural GmbH;10000;5,44;;DISCOUNT_PCT;50;;DISCOUNT_PCT;40;;;;;;;;;;020.010.1250;;;;;;;;;;;;;;;;;;;;;;;ja;;;;;;;;;;;;;;;;;;ja;;;;;ja
Innenecke Aluminium pulverbeschichtet betongrau (RAL 0006500) Blister 2 Stück;;;101112024B;Dural GmbH;10000;7,32;;DISCOUNT_PCT;50;;DISCOUNT_PCT;40;;;;;;;;;;020.010.1260;;;;;;;;;;;;;;;;;;;;;;;ja;;;;;;;;;;;;;;;;;;ja;;;;;ja
Innenecke Aluminium pulverbeschichtet sand (RAL 0808005) Blister 2 Stück;;;101112024S;Dural GmbH;10000;7,32;;DISCOUNT_PCT;50;;DISCOUNT_PCT;40;;;;;;;;;;020.010.1270;;;;;;;;;;;;;;;;;;;;;;;ja;;;;;;;;;;;;;;;;;;ja;;;;;ja
Viertelkreis-Abschlussprofil Aluminium eloxiert silber 6 mm 300 cm;;;10112061;Dural GmbH;10000;8,68;;DISCOUNT_PCT;50;;DISCOUNT_PCT;40;;;;;;;;;;020.010.1280;;;;;;;;;;;;;;;;;;;;;;;ja;;;;;;;;;;;;;;;;;;ja;;;;;ja
Viertelkreis-Abschlussprofil Aluminium eloxiert silber 8 mm 300 cm;;;10112081;Dural GmbH;10000;9,38;;DISCOUNT_PCT;50;;DISCOUNT_PCT;40;;;;;;;;;;020.010.1290;;;;;;;;;;;;;;;;;;;;;;;ja;;;;;;;;;;;;;;;;;;ja;;;;;ja
Viertelkreis-Abschlussprofil Aluminium eloxiert silber 10 mm 300 cm;;;10112101;Dural GmbH;10000;10,16;;DISCOUNT_PCT;50;;DISCOUNT_PCT;40;;;;;;;;;;020.010.1300;;;;;;;;;;;;;;;;;;;;;;;ja;;;;;;;;;;;;;;;;;;ja;;;;;ja
Viertelkreis-Abschlussprofil Aluminium eloxiert silber 12,5 mm 300 cm;;;10112121;Dural GmbH;10000;11,14;;DISCOUNT_PCT;50;;DISCOUNT_PCT;40;;;;;;;;;;020.010.1310;;;;;;;;;;;;;;;;;;;;;;;ja;;;;;;;;;;;;;;;;;;ja;;;;;ja
Aussenecke Aluminium eloxiert silber 6 mm Blister 2 Stück;;;101160022;Dural GmbH;10000;5,44;;DISCOUNT_PCT;50;;DISCOUNT_PCT;40;;;;;;;;;;020.010.1320;;;;;;;;;;;;;;;;;;;;;;;ja;;;;;;;;;;;;;;;;;;ja;;;;;ja
Innenecke Aluminium eloxiert silber 6 mm Blister 2 Stück;;;101160024;Dural GmbH;10000;5,44;;DISCOUNT_PCT;50;;DISCOUNT_PCT;40;;;;;;;;;;020.010.1330;;;;;;;;;;;;;;;;;;;;;;;ja;;;;;;;;;;;;;;;;;;ja;;;;;ja
Aussenecke Aluminium eloxiert silber 8 mm Blister 2 Stück;;;101180022;Dural GmbH;10000;5,44;;DISCOUNT_PCT;50;;DISCOUNT_PCT;40;;;;;;;;;;020.010.1340;;;;;;;;;;;;;;;;;;;;;;;ja;;;;;;;;;;;;;;;;;;ja;;;;;ja
Aussenecke Aluminium pulverbeschichtet betongrau (RAL 0006500) 8 mm Blister 2 Stück;;;101180022B;Dural GmbH;10000;7,1;;DISCOUNT_PCT;50;;DISCOUNT_PCT;40;;;;;;;;;;020.010.1350;;;;;;;;;;;;;;;;;;;;;;;ja;;;;;;;;;;;;;;;;;;ja;;;;;ja
Aussenecke Aluminium pulverbeschichtet sand (RAL 0808005) 8 mm Blister 2 Stück;;;101180022S;Dural GmbH;10000;7,1;;DISCOUNT_PCT;50;;DISCOUNT_PCT;40;;;;;;;;;;020.010.1360;;;;;;;;;;;;;;;;;;;;;;;ja;;;;;;;;;;;;;;;;;;ja;;;;;ja
Innenecke Aluminium eloxiert silber 8 mm Blister 2 Stück;;;101180024;Dural GmbH;10000;5,44;;DISCOUNT_PCT;50;;DISCOUNT_PCT;40;;;;;;;;;;020.010.1370;;;;;;;;;;;;;;;;;;;;;;;ja;;;;;;;;;;;;;;;;;;ja;;;;;ja
Innenecke Aluminium pulverbeschichtet betongrau (RAL 0006500) 8 mm Blister 2 Stück;;;101180024B;Dural GmbH;10000;7,1;;DISCOUNT_PCT;50;;DISCOUNT_PCT;40;;;;;;;;;;020.010.1380;;;;;;;;;;;;;;;;;;;;;;;ja;;;;;;;;;;;;;;;;;;ja;;;;;ja
Innenecke Aluminium pulverbeschichtet sand (RAL 0808005) 8 mm Blister 2 Stück;;;101180024S;Dural GmbH;10000;7,1;;DISCOUNT_PCT;50;;DISCOUNT_PCT;40;;;;;;;;;;020.010.1390;;;;;;;;;;;;;;;;;;;;;;;ja;;;;;;;;;;;;;;;;;;ja;;;;;ja
Viertelkreis-Abschlussprofil Aluminium eloxiert silber 6 mm 250 cm;;;10118061;Dural GmbH;10000;8,68;;DISCOUNT_PCT;50;;DISCOUNT_PCT;40;;;;;;;;;;020.010.1400;;;;;;;;;;;;;;;;;;;;;;;ja;;;;;;;;;;;;;;;;;;ja;;;;;ja
Viertelkreis-Abschlussprofil Aluminium eloxiert silber 8 mm 250 cm;;;10118081;Dural GmbH;10000;9,38;;DISCOUNT_PCT;50;;DISCOUNT_PCT;40;;;;;;;;;;020.010.1410;;;;;;;;;;;;;;;;;;;;;;;ja;;;;;;;;;;;;;;;;;;ja;;;;;ja
Viertelkreis-Abschlussprofil Aluminium eloxiert silber 10 mm 250 cm;;;10118101;Dural GmbH;10000;10,16;;DISCOUNT_PCT;50;;DISCOUNT_PCT;40;;;;;;;;;;020.010.1420;;;;;;;;;;;;;;;;;;;;;;;ja;;;;;;;;;;;;;;;;;;ja;;;;;ja
Viertelkreis-Abschlussprofil Aluminium eloxiert silber 11 mm 250 cm;;;10118111;Dural GmbH;10000;10,56;;DISCOUNT_PCT;50;;DISCOUNT_PCT;40;;;;;;;;;;020.010.1430;;;;;;;;;;;;;;;;;;;;;;;ja;;;;;;;;;;;;;;;;;;ja;;;;;ja
Viertelkreis-Abschlussprofil Aluminium eloxiert silber 12,5 mm 250 cm;;;10118121;Dural GmbH;10000;11,14;;DISCOUNT_PCT;50;;DISCOUNT_PCT;40;;;;;;;;;;020.010.1440;;;;;;;;;;;;;;;;;;;;;;;ja;;;;;;;;;;;;;;;;;;ja;;;;;ja
Aussenecke Aluminium eloxiert gold 10 mm Blister 2 Stück;;;101210022;Dural GmbH;10000;5,68;;DISCOUNT_PCT;50;;DISCOUNT_PCT;40;;;;;;;;;;020.010.1450;;;;;;;;;;;;;;;;;;;;;;;ja;;;;;;;;;;;;;;;;;;ja;;;;;ja
Innenecke Aluminium eloxiert gold 10 mm Blister 2 Stück;;;101210024;Dural GmbH;10000;5,68;;DISCOUNT_PCT;50;;DISCOUNT_PCT;40;;;;;;;;;;020.010.1460;;;;;;;;;;;;;;;;;;;;;;;ja;;;;;;;;;;;;;;;;;;ja;;;;;ja
Viertelkreis-Abschlussprofil Aluminium pulverbeschichtet matt weiss matt (RAL 9003) 6 mm 250 cm;;;101280601;Dural GmbH;10000;11,52;;DISCOUNT_PCT;50;;DISCOUNT_PCT;40;;;;;;;;;;020.010.1470;;;;;;;;;;;;;;;;;;;;;;;ja;;;;;;;;;;;;;;;;;;ja;;;;;ja
Aussenecke Aluminium pulverbeschichtet matt weiss matt (RAL 9003) 6 mm Blister 2 Stück;;;101280602;Dural GmbH;10000;7;;DISCOUNT_PCT;50;;DISCOUNT_PCT;40;;;;;;;;;;020.010.1480;;;;;;;;;;;;;;;;;;;;;;;ja;;;;;;;;;;;;;;;;;;ja;;;;;ja
Innenecke Aluminium pulverbeschichtet matt weiss matt (RAL 9003) 6 mm Blister 2 Stück;;;101280604;Dural GmbH;10000;7;;DISCOUNT_PCT;50;;DISCOUNT_PCT;40;;;;;;;;;;020.010.1490;;;;;;;;;;;;;;;;;;;;;;;ja;;;;;;;;;;;;;;;;;;ja;;;;;ja
Viertelkreis-Abschlussprofil Aluminium pulverbeschichtet matt weiss matt (RAL 9003) 8 mm 250 cm;;;101280801;Dural GmbH;10000;12,28;;DISCOUNT_PCT;50;;DISCOUNT_PCT;40;;;;;;;;;;020.010.1500;;;;;;;;;;;;;;;;;;;;;;;ja;;;;;;;;;;;;;;;;;;ja;;;;;ja
Aussenecke Aluminium pulverbeschichtet matt weiss matt (RAL 9003) 8 mm Blister 2 Stück;;;101280802;Dural GmbH;10000;7,1;;DISCOUNT_PCT;50;;DISCOUNT_PCT;40;;;;;;;;;;020.010.1510;;;;;;;;;;;;;;;;;;;;;;;ja;;;;;;;;;;;;;;;;;;ja;;;;;ja
Innenecke Aluminium pulverbeschichtet matt weiss matt (RAL 9003) 8 mm Blister 2 Stück;;;101280804;Dural GmbH;10000;7,1;;DISCOUNT_PCT;50;;DISCOUNT_PCT;40;;;;;;;;;;020.010.1520;;;;;;;;;;;;;;;;;;;;;;;ja;;;;;;;;;;;;;;;;;;ja;;;;;ja
Viertelkreis-Abschlussprofil Aluminium pulverbeschichtet matt weiss matt (RAL 9003) 250 cm;;;101281001;Dural GmbH;10000;13,06;;DISCOUNT_PCT;50;;DISCOUNT_PCT;40;;;;;;;;;;020.010.1530;;;;;;;;;;;;;;;;;;;;;;;ja;;;;;;;;;;;;;;;;;;ja;;;;;ja
Aussenecke Aluminium pulverbeschichtet matt weiss matt (RAL 9003) Blister 2 Stück;;;101281002;Dural GmbH;10000;7,2;;DISCOUNT_PCT;50;;DISCOUNT_PCT;40;;;;;;;;;;020.010.1540;;;;;;;;;;;;;;;;;;;;;;;ja;;;;;;;;;;;;;;;;;;ja;;;;;ja
Innenecke Aluminium pulverbeschichtet matt weiss matt (RAL 9003) Blister 2 Stück;;;101281004;Dural GmbH;10000;7,2;;DISCOUNT_PCT;50;;DISCOUNT_PCT;40;;;;;;;;;;020.010.1550;;;;;;;;;;;;;;;;;;;;;;;ja;;;;;;;;;;;;;;;;;;ja;;;;;ja
Viertelkreis-Abschlussprofil Aluminium eloxiert gold 10 mm 250 cm;;;10128101;Dural GmbH;10000;10,7;;DISCOUNT_PCT;50;;DISCOUNT_PCT;40;;;;;;;;;;020.010.1560;;;;;;;;;;;;;;;;;;;;;;;ja;;;;;;;;;;;;;;;;;;ja;;;;;ja
Viertelkreis-Abschlussprofil Aluminium pulverbeschichtet matt weiss matt (RAL 9003) 250 cm;;;101281101;Dural GmbH;10000;13,38;;DISCOUNT_PCT;50;;DISCOUNT_PCT;40;;;;;;;;;;020.010.1570;;;;;;;;;;;;;;;;;;;;;;;ja;;;;;;;;;;;;;;;;;;ja;;;;;ja
Aussenecke Aluminium pulverbeschichtet matt weiss matt (RAL 9003) Blister 2 Stück;;;101281102;Dural GmbH;10000;7,26;;DISCOUNT_PCT;50;;DISCOUNT_PCT;40;;;;;;;;;;020.010.1580;;;;;;;;;;;;;;;;;;;;;;;ja;;;;;;;;;;;;;;;;;;ja;;;;;ja
Innenecke Aluminium pulverbeschichtet matt weiss matt (RAL 9003) Blister 2 Stück;;;101281104;Dural GmbH;10000;7,26;;DISCOUNT_PCT;50;;DISCOUNT_PCT;40;;;;;;;;;;020.010.1590;;;;;;;;;;;;;;;;;;;;;;;ja;;;;;;;;;;;;;;;;;;ja;;;;;ja
Viertelkreis-Abschlussprofil Aluminium pulverbeschichtet matt weiss matt (RAL 9003) 250 cm;;;101281201;Dural GmbH;10000;14,3;;DISCOUNT_PCT;50;;DISCOUNT_PCT;40;;;;;;;;;;020.010.1600;;;;;;;;;;;;;;;;;;;;;;;ja;;;;;;;;;;;;;;;;;;ja;;;;;ja
Aussenecke Aluminium pulverbeschichtet matt weiss matt (RAL 9003) Blister 2 Stück;;;101281202;Dural GmbH;10000;7,32;;DISCOUNT_PCT;50;;DISCOUNT_PCT;40;;;;;;;;;;020.010.1610;;;;;;;;;;;;;;;;;;;;;;;ja;;;;;;;;;;;;;;;;;;ja;;;;;ja
Innenecke Aluminium pulverbeschichtet matt weiss matt (RAL 9003) Blister 2 Stück;;;101281204;Dural GmbH;10000;7,32;;DISCOUNT_PCT;50;;DISCOUNT_PCT;40;;;;;;;;;;020.010.1620;;;;;;;;;;;;;;;;;;;;;;;ja;;;;;;;;;;;;;;;;;;ja;;;;;ja
Aussenecke Aluminium eloxiert titan 10 mm Blister 2 Stück;;;101610022;Dural GmbH;10000;5,68;;DISCOUNT_PCT;50;;DISCOUNT_PCT;40;;;;;;;;;;020.010.1630;;;;;;;;;;;;;;;;;;;;;;;ja;;;;;;;;;;;;;;;;;;ja;;;;;ja
Innenecke Aluminium eloxiert titan 10 mm Blister 2 Stück;;;101610024;Dural GmbH;10000;5,68;;DISCOUNT_PCT;50;;DISCOUNT_PCT;40;;;;;;;;;;020.010.1640;;;;;;;;;;;;;;;;;;;;;;;ja;;;;;;;;;;;;;;;;;;ja;;;;;ja
Aussenecke Aluminium eloxiert titan 12,5 mm Blister 2 Stück;;;101612022;Dural GmbH;10000;5,68;;DISCOUNT_PCT;50;;DISCOUNT_PCT;40;;;;;;;;;;020.010.1650;;;;;;;;;;;;;;;;;;;;;;;ja;;;;;;;;;;;;;;;;;;ja;;;;;ja
Innenecke Aluminium eloxiert titan 12,5 mm Blister 2 Stück;;;101612024;Dural GmbH;10000;5,68;;DISCOUNT_PCT;50;;DISCOUNT_PCT;40;;;;;;;;;;020.010.1660;;;;;;;;;;;;;;;;;;;;;;;ja;;;;;;;;;;;;;;;;;;ja;;;;;ja
Aussenecke Aluminium eloxiert titan 8 mm Blister 2 Stück;;;101680022;Dural GmbH;10000;5,68;;DISCOUNT_PCT;50;;DISCOUNT_PCT;40;;;;;;;;;;020.010.1670;;;;;;;;;;;;;;;;;;;;;;;ja;;;;;;;;;;;;;;;;;;ja;;;;;ja
Innenecke Aluminium eloxiert titan 8 mm Blister 2 Stück;;;101680024;Dural GmbH;10000;5,68;;DISCOUNT_PCT;50;;DISCOUNT_PCT;40;;;;;;;;;;020.010.1680;;;;;;;;;;;;;;;;;;;;;;;ja;;;;;;;;;;;;;;;;;;ja;;;;;ja
Viertelkreis-Abschlussprofil Aluminium eloxiert titan 8 mm 250 cm;;;10168081;Dural GmbH;10000;9,88;;DISCOUNT_PCT;50;;DISCOUNT_PCT;40;;;;;;;;;;020.010.1690;;;;;;;;;;;;;;;;;;;;;;;ja;;;;;;;;;;;;;;;;;;ja;;;;;ja
Viertelkreis-Abschlussprofil Aluminium eloxiert titan 10 mm 250 cm;;;10168101;Dural GmbH;10000;10,7;;DISCOUNT_PCT;50;;DISCOUNT_PCT;40;;;;;;;;;;020.010.1700;;;;;;;;;;;;;;;;;;;;;;;ja;;;;;;;;;;;;;;;;;;ja;;;;;ja
Viertelkreis-Abschlussprofil Aluminium eloxiert titan 12,5 mm 250 cm;;;10168121;Dural GmbH;10000;11,72;;DISCOUNT_PCT;50;;DISCOUNT_PCT;40;;;;;;;;;;020.010.1710;;;;;;;;;;;;;;;;;;;;;;;ja;;;;;;;;;;;;;;;;;;ja;;;;;ja
Aussenecke Aluminium pulverbeschichtet matt schwarz matt (RAL 9005) Blister 2 Stück;;;1017100221;Dural GmbH;10000;7,2;;DISCOUNT_PCT;50;;DISCOUNT_PCT;40;;;;;;;;;;020.010.1720;;;;;;;;;;;;;;;;;;;;;;;ja;;;;;;;;;;;;;;;;;;ja;;;;;ja
Innenecke Aluminium pulverbeschichtet matt schwarz matt (RAL 9005) Blister 2 Stück;;;1017100241;Dural GmbH;10000;7,2;;DISCOUNT_PCT;50;;DISCOUNT_PCT;40;;;;;;;;;;020.010.1730;;;;;;;;;;;;;;;;;;;;;;;ja;;;;;;;;;;;;;;;;;;ja;;;;;ja
Innenecke Aluminium pulverbeschichtet matt schwarz matt (RAL 9005) 8 mm Blister 2 Stück;;;1017200121;Dural GmbH;10000;7,1;;DISCOUNT_PCT;50;;DISCOUNT_PCT;40;;;;;;;;;;020.010.1740;;;;;;;;;;;;;;;;;;;;;;;ja;;;;;;;;;;;;;;;;;;ja;;;;;ja
Aussenecke Aluminium pulverbeschichtet matt schwarz 8 mm Blister 2 Stück;;;1017200221;Dural GmbH;10000;7,1;;DISCOUNT_PCT;50;;DISCOUNT_PCT;40;;;;;;;;;;020.010.1750;;;;;;;;;;;;;;;;;;;;;;;ja;;;;;;;;;;;;;;;;;;ja;;;;;ja
Innenecke Aluminium pulverbeschichtet matt schwarz matt (RAL 9005) Blister 2 Stück;;;1017300121;Dural GmbH;10000;7,32;;DISCOUNT_PCT;50;;DISCOUNT_PCT;40;;;;;;;;;;020.010.1760;;;;;;;;;;;;;;;;;;;;;;;ja;;;;;;;;;;;;;;;;;;ja;;;;;ja
Aussenecke Aluminium pulverbeschichtet matt schwarz matt (RAL 9005) Blister 2 Stück;;;1017300221;Dural GmbH;10000;7,32;;DISCOUNT_PCT;50;;DISCOUNT_PCT;40;;;;;;;;;;020.010.1770;;;;;;;;;;;;;;;;;;;;;;;ja;;;;;;;;;;;;;;;;;;ja;;;;;ja
Viertelkreis-Abschlussprofil Aluminium pulverbeschichtet matt schwarz matt (RAL 9005) 300 cm;;;102081033;Dural GmbH;10000;13,06;;DISCOUNT_PCT;50;;DISCOUNT_PCT;40;;;;;;;;;;020.010.1780;;;;;;;;;;;;;;;;;;;;;;;ja;;;;;;;;;;;;;;;;;;ja;;;;;ja
Viertelkreis-Abschlussprofil Aluminium pulverbeschichtet matt schwarz matt (RAL 9005) 300 cm;;;102081233;Dural GmbH;10000;14,3;;DISCOUNT_PCT;50;;DISCOUNT_PCT;40;;;;;;;;;;020.010.1790;;;;;;;;;;;;;;;;;;;;;;;ja;;;;;;;;;;;;;;;;;;ja;;;;;ja
Viertelkreis-Abschlussprofil Aluminium pulverbeschichtet matt schwarz matt (RAL 9005) 8 mm 300 cm;;;102081833;Dural GmbH;10000;12,28;;DISCOUNT_PCT;50;;DISCOUNT_PCT;40;;;;;;;;;;020.010.1800;;;;;;;;;;;;;;;;;;;;;;;ja;;;;;;;;;;;;;;;;;;ja;;;;;ja
Viertelkreis-Abschlussprofil Aluminium pulverbeschichtet sand (RAL 0808005) 300 cm;;;10222105;Dural GmbH;10000;14,3;;DISCOUNT_PCT;50;;DISCOUNT_PCT;40;;;;;;;;;;020.010.1810;;;;;;;;;;;;;;;;;;;;;;;ja;;;;;;;;;;;;;;;;;;ja;;;;;ja
Viertelkreis-Abschlussprofil Aluminium pulverbeschichtet betongrau (RAL 0006500) 300 cm;;;10222165;Dural GmbH;10000;14,3;;DISCOUNT_PCT;50;;DISCOUNT_PCT;40;;;;;;;;;;020.010.1820;;;;;;;;;;;;;;;;;;;;;;;ja;;;;;;;;;;;;;;;;;;ja;;;;;ja
Viertelkreis-Abschlussprofil Aluminium pulverbeschichtet sand (RAL 0808005) 250 cm;;;10228105;Dural GmbH;10000;14,3;;DISCOUNT_PCT;50;;DISCOUNT_PCT;40;;;;;;;;;;020.010.1830;;;;;;;;;;;;;;;;;;;;;;;ja;;;;;;;;;;;;;;;;;;ja;;;;;ja
Viertelkreis-Abschlussprofil Aluminium pulverbeschichtet betongrau (RAL 0006500) 250 cm;;;10228165;Dural GmbH;10000;14,3;;DISCOUNT_PCT;50;;DISCOUNT_PCT;40;;;;;;;;;;020.010.1840;;;;;;;;;;;;;;;;;;;;;;;ja;;;;;;;;;;;;;;;;;;ja;;;;;ja
Aussenecke Aluminium pulverbeschichtet weiss Blister 2 Stück;;;103010102;Dural GmbH;10000;6,46;;DISCOUNT_PCT;50;;DISCOUNT_PCT;40;;;;;;;;;;020.010.1850;;;;;;;;;;;;;;;;;;;;;;;ja;;;;;;;;;;;;;;;;;;ja;;;;;ja
Innenecke Aluminium pulverbeschichtet weiss Blister 2 Stück;;;103010104;Dural GmbH;10000;6,46;;DISCOUNT_PCT;50;;DISCOUNT_PCT;40;;;;;;;;;;020.010.1860;;;;;;;;;;;;;;;;;;;;;;;ja;;;;;;;;;;;;;;;;;;ja;;;;;ja
Aussenecke Aluminium pulverbeschichtet weiss Blister 2 Stück;;;103012012;Dural GmbH;10000;6,46;;DISCOUNT_PCT;50;;DISCOUNT_PCT;40;;;;;;;;;;020.010.1870;;;;;;;;;;;;;;;;;;;;;;;ja;;;;;;;;;;;;;;;;;;ja;;;;;ja
Innenecke Aluminium pulverbeschichtet weiss Blister 2 Stück;;;103012014;Dural GmbH;10000;6,46;;DISCOUNT_PCT;50;;DISCOUNT_PCT;40;;;;;;;;;;020.010.1880;;;;;;;;;;;;;;;;;;;;;;;ja;;;;;;;;;;;;;;;;;;ja;;;;;ja
Viertelkreis-Abschlussprofil Aluminium pulverbeschichtet weiss 8 mm 300 cm;;;10302081;Dural GmbH;10000;11,36;;DISCOUNT_PCT;50;;DISCOUNT_PCT;40;;;;;;;;;;020.010.1890;;;;;;;;;;;;;;;;;;;;;;;ja;;;;;;;;;;;;;;;;;;ja;;;;;ja
Viertelkreis-Abschlussprofil Aluminium pulverbeschichtet weiss 300 cm;;;10302101;Dural GmbH;10000;12,08;;DISCOUNT_PCT;50;;DISCOUNT_PCT;40;;;;;;;;;;020.010.1900;;;;;;;;;;;;;;;;;;;;;;;ja;;;;;;;;;;;;;;;;;;ja;;;;;ja
Viertelkreis-Abschlussprofil Aluminium pulverbeschichtet weiss 300 cm;;;10302121;Dural GmbH;10000;13,24;;DISCOUNT_PCT;50;;DISCOUNT_PCT;40;;;;;;;;;;020.010.1910;;;;;;;;;;;;;;;;;;;;;;;ja;;;;;;;;;;;;;;;;;;ja;;;;;ja
Aussenecke Aluminium pulverbeschichtet weiss 6 mm Blister 2 Stück;;;103060102;Dural GmbH;10000;6,46;;DISCOUNT_PCT;50;;DISCOUNT_PCT;40;;;;;;;;;;020.010.1920;;;;;;;;;;;;;;;;;;;;;;;ja;;;;;;;;;;;;;;;;;;ja;;;;;ja
Innenecke Aluminium pulverbeschichtet weiss 6 mm Blister 2 Stück;;;103060104;Dural GmbH;10000;6,46;;DISCOUNT_PCT;50;;DISCOUNT_PCT;40;;;;;;;;;;020.010.1930;;;;;;;;;;;;;;;;;;;;;;;ja;;;;;;;;;;;;;;;;;;ja;;;;;ja
Aussenecke Aluminium pulverbeschichtet weiss 8 mm Blister 2 Stück;;;103080102;Dural GmbH;10000;6,46;;DISCOUNT_PCT;50;;DISCOUNT_PCT;40;;;;;;;;;;020.010.1940;;;;;;;;;;;;;;;;;;;;;;;ja;;;;;;;;;;;;;;;;;;ja;;;;;ja
Innenecke Aluminium pulverbeschichtet weiss 8 mm Blister 2 Stück;;;103080104;Dural GmbH;10000;6,46;;DISCOUNT_PCT;50;;DISCOUNT_PCT;40;;;;;;;;;;020.010.1950;;;;;;;;;;;;;;;;;;;;;;;ja;;;;;;;;;;;;;;;;;;ja;;;;;ja
Viertelkreis-Abschlussprofil Aluminium pulverbeschichtet weiss 6 mm 250 cm;;;10308061;Dural GmbH;10000;10,84;;DISCOUNT_PCT;50;;DISCOUNT_PCT;40;;;;;;;;;;020.010.1960;;;;;;;;;;;;;;;;;;;;;;;ja;;;;;;;;;;;;;;;;;;ja;;;;;ja
Viertelkreis-Abschlussprofil Aluminium pulverbeschichtet weiss 8 mm 250 cm;;;10308081;Dural GmbH;10000;11,36;;DISCOUNT_PCT;50;;DISCOUNT_PCT;40;;;;;;;;;;020.010.1970;;;;;;;;;;;;;;;;;;;;;;;ja;;;;;;;;;;;;;;;;;;ja;;;;;ja
Viertelkreis-Abschlussprofil Aluminium pulverbeschichtet weiss 250 cm;;;10308101;Dural GmbH;10000;12,08;;DISCOUNT_PCT;50;;DISCOUNT_PCT;40;;;;;;;;;;020.010.1980;;;;;;;;;;;;;;;;;;;;;;;ja;;;;;;;;;;;;;;;;;;ja;;;;;ja
Viertelkreis-Abschlussprofil Aluminium pulverbeschichtet matt schwarz matt (RAL 9005) 250 cm;;;103081033;Dural GmbH;10000;13,06;;DISCOUNT_PCT;50;;DISCOUNT_PCT;40;;;;;;;;;;020.010.1990;;;;;;;;;;;;;;;;;;;;;;;ja;;;;;;;;;;;;;;;;;;ja;;;;;ja
Viertelkreis-Abschlussprofil Aluminium pulverbeschichtet weiss 250 cm;;;10308111;Dural GmbH;10000;12,66;;DISCOUNT_PCT;50;;DISCOUNT_PCT;40;;;;;;;;;;020.010.2000;;;;;;;;;;;;;;;;;;;;;;;ja;;;;;;;;;;;;;;;;;;ja;;;;;ja
Aussenecke Aluminium pulverbeschichtet weiss Blister 2 Stück;;;10308112;Dural GmbH;10000;6,46;;DISCOUNT_PCT;50;;DISCOUNT_PCT;40;;;;;;;;;;020.010.2010;;;;;;;;;;;;;;;;;;;;;;;ja;;;;;;;;;;;;;;;;;;ja;;;;;ja
Viertelkreis-Abschlussprofil Aluminium pulverbeschichtet matt schwarz matt (RAL 9005) 250 cm;;;103081133;Dural GmbH;10000;13,38;;DISCOUNT_PCT;50;;DISCOUNT_PCT;40;;;;;;;;;;020.010.2020;;;;;;;;;;;;;;;;;;;;;;;ja;;;;;;;;;;;;;;;;;;ja;;;;;ja
Innenecke Aluminium pulverbeschichtet weiss Blister 2 Stück;;;10308114;Dural GmbH;10000;6,46;;DISCOUNT_PCT;50;;DISCOUNT_PCT;40;;;;;;;;;;020.010.2030;;;;;;;;;;;;;;;;;;;;;;;ja;;;;;;;;;;;;;;;;;;ja;;;;;ja
Viertelkreis-Abschlussprofil Aluminium pulverbeschichtet weiss 250 cm;;;10308121;Dural GmbH;10000;13,24;;DISCOUNT_PCT;50;;DISCOUNT_PCT;40;;;;;;;;;;020.010.2040;;;;;;;;;;;;;;;;;;;;;;;ja;;;;;;;;;;;;;;;;;;ja;;;;;ja
Viertelkreis-Abschlussprofil Aluminium pulverbeschichtet matt schwarz matt (RAL 9005) 250 cm;;;103081233;Dural GmbH;10000;14,3;;DISCOUNT_PCT;50;;DISCOUNT_PCT;40;;;;;;;;;;020.010.2050;;;;;;;;;;;;;;;;;;;;;;;ja;;;;;;;;;;;;;;;;;;ja;;;;;ja
Viertelkreis-Abschlussprofil Aluminium pulverbeschichtet matt schwarz matt (RAL 9005) 6 mm 250 cm;;;103081633;Dural GmbH;10000;11,52;;DISCOUNT_PCT;50;;DISCOUNT_PCT;40;;;;;;;;;;020.010.2060;;;;;;;;;;;;;;;;;;;;;;;ja;;;;;;;;;;;;;;;;;;ja;;;;;ja
Viertelkreis-Abschlussprofil Aluminium pulverbeschichtet matt schwarz matt (RAL 9005) 8 mm 250 cm;;;103081833;Dural GmbH;10000;12,28;;DISCOUNT_PCT;50;;DISCOUNT_PCT;40;;;;;;;;;;020.010.2070;;;;;;;;;;;;;;;;;;;;;;;ja;;;;;;;;;;;;;;;;;;ja;;;;;ja
Viertelkreis-Abschlussprofil Aluminium pulverbeschichtet sand (RAL 0808005) 8 mm 300 cm;;;10322005;Dural GmbH;10000;12,28;;DISCOUNT_PCT;50;;DISCOUNT_PCT;40;;;;;;;;;;020.010.2080;;;;;;;;;;;;;;;;;;;;;;;ja;;;;;;;;;;;;;;;;;;ja;;;;;ja
Viertelkreis-Abschlussprofil Aluminium pulverbeschichtet betongrau (RAL 0006500) 8 mm 300 cm;;;10322065;Dural GmbH;10000;12,28;;DISCOUNT_PCT;50;;DISCOUNT_PCT;40;;;;;;;;;;020.010.2090;;;;;;;;;;;;;;;;;;;;;;;ja;;;;;;;;;;;;;;;;;;ja;;;;;ja
Viertelkreis-Abschlussprofil Aluminium pulverbeschichtet sand (RAL 0808005) 300 cm;;;10322105;Dural GmbH;10000;13,06;;DISCOUNT_PCT;50;;DISCOUNT_PCT;40;;;;;;;;;;020.010.2100;;;;;;;;;;;;;;;;;;;;;;;ja;;;;;;;;;;;;;;;;;;ja;;;;;ja
Viertelkreis-Abschlussprofil Aluminium pulverbeschichtet betongrau (RAL 0006500) 300 cm;;;10322165;Dural GmbH;10000;13,06;;DISCOUNT_PCT;50;;DISCOUNT_PCT;40;;;;;;;;;;020.010.2110;;;;;;;;;;;;;;;;;;;;;;;ja;;;;;;;;;;;;;;;;;;ja;;;;;ja
Viertelkreis-Abschlussprofil Aluminium pulverbeschichtet sand (RAL 0808005) 8 mm 250 cm;;;10328005;Dural GmbH;10000;12,28;;DISCOUNT_PCT;50;;DISCOUNT_PCT;40;;;;;;;;;;020.010.2120;;;;;;;;;;;;;;;;;;;;;;;ja;;;;;;;;;;;;;;;;;;ja;;;;;ja
Viertelkreis-Abschlussprofil Aluminium pulverbeschichtet betongrau (RAL 0006500) 8 mm 250 cm;;;10328065;Dural GmbH;10000;12,28;;DISCOUNT_PCT;50;;DISCOUNT_PCT;40;;;;;;;;;;020.010.2130;;;;;;;;;;;;;;;;;;;;;;;ja;;;;;;;;;;;;;;;;;;ja;;;;;ja
Viertelkreis-Abschlussprofil Aluminium pulverbeschichtet sand (RAL 0808005) 250 cm;;;10328105;Dural GmbH;10000;13,06;;DISCOUNT_PCT;50;;DISCOUNT_PCT;40;;;;;;;;;;020.010.2140;;;;;;;;;;;;;;;;;;;;;;;ja;;;;;;;;;;;;;;;;;;ja;;;;;ja
Viertelkreis-Abschlussprofil Aluminium strukturbeschichtet beige 6 mm 250 cm;;;103281060;Dural GmbH;10000;16,22;;DISCOUNT_PCT;50;;DISCOUNT_PCT;40;;;;;;;;;;020.010.2150;;;;;;;;;;;;;;;;;;;;;;;ja;;;;;;;;;;;;;;;;;;ja;;;;;ja
Aussenecke Aluminium strukturbeschichtet beige 6 mm Blister 2 Stück;;;1032810602;Dural GmbH;10000;9,56;;DISCOUNT_PCT;50;;DISCOUNT_PCT;40;;;;;;;;;;020.010.2160;;;;;;;;;;;;;;;;;;;;;;;ja;;;;;;;;;;;;;;;;;;ja;;;;;ja
Innenecke Aluminium strukturbeschichtet beige 6 mm Blister 2 Stück;;;1032810604;Dural GmbH;10000;9,56;;DISCOUNT_PCT;50;;DISCOUNT_PCT;40;;;;;;;;;;020.010.2170;;;;;;;;;;;;;;;;;;;;;;;ja;;;;;;;;;;;;;;;;;;ja;;;;;ja
Viertelkreis-Abschlussprofil Aluminium strukturbeschichtet beige 8 mm 250 cm;;;103281080;Dural GmbH;10000;16,98;;DISCOUNT_PCT;50;;DISCOUNT_PCT;40;;;;;;;;;;020.010.2180;;;;;;;;;;;;;;;;;;;;;;;ja;;;;;;;;;;;;;;;;;;ja;;;;;ja
Aussenecke Aluminium strukturbeschichtet beige 8 mm Blister 2 Stück;;;1032810802;Dural GmbH;10000;9,56;;DISCOUNT_PCT;50;;DISCOUNT_PCT;40;;;;;;;;;;020.010.2190;;;;;;;;;;;;;;;;;;;;;;;ja;;;;;;;;;;;;;;;;;;ja;;;;;ja
Innenecke Aluminium strukturbeschichtet beige 8 mm Blister 2 Stück;;;1032810804;Dural GmbH;10000;9,56;;DISCOUNT_PCT;50;;DISCOUNT_PCT;40;;;;;;;;;;020.010.2200;;;;;;;;;;;;;;;;;;;;;;;ja;;;;;;;;;;;;;;;;;;ja;;;;;ja
Viertelkreis-Abschlussprofil Aluminium strukturbeschichtet beige 250 cm;;;103281100;Dural GmbH;10000;17,78;;DISCOUNT_PCT;50;;DISCOUNT_PCT;40;;;;;;;;;;020.010.2210;;;;;;;;;;;;;;;;;;;;;;;ja;;;;;;;;;;;;;;;;;;ja;;;;;ja
Aussenecke Aluminium strukturbeschichtet beige Blister 2 Stück;;;1032811002;Dural GmbH;10000;9,56;;DISCOUNT_PCT;50;;DISCOUNT_PCT;40;;;;;;;;;;020.010.2220;;;;;;;;;;;;;;;;;;;;;;;ja;;;;;;;;;;;;;;;;;;ja;;;;;ja
Innenecke Aluminium strukturbeschichtet beige Blister 2 Stück;;;1032811004;Dural GmbH;10000;9,56;;DISCOUNT_PCT;50;;DISCOUNT_PCT;40;;;;;;;;;;020.010.2230;;;;;;;;;;;;;;;;;;;;;;;ja;;;;;;;;;;;;;;;;;;ja;;;;;ja
Viertelkreis-Abschlussprofil Aluminium strukturbeschichtet beige 250 cm;;;103281110;Dural GmbH;10000;18,62;;DISCOUNT_PCT;50;;DISCOUNT_PCT;40;;;;;;;;;;020.010.2240;;;;;;;;;;;;;;;;;;;;;;;ja;;;;;;;;;;;;;;;;;;ja;;;;;ja
Aussenecke Aluminium strukturbeschichtet beige Blister 2 Stück;;;1032811102;Dural GmbH;10000;9,56;;DISCOUNT_PCT;50;;DISCOUNT_PCT;40;;;;;;;;;;020.010.2250;;;;;;;;;;;;;;;;;;;;;;;ja;;;;;;;;;;;;;;;;;;ja;;;;;ja
Innenecke Aluminium strukturbeschichtet beige Blister 2 Stück;;;1032811104;Dural GmbH;10000;9,56;;DISCOUNT_PCT;50;;DISCOUNT_PCT;40;;;;;;;;;;020.010.2260;;;;;;;;;;;;;;;;;;;;;;;ja;;;;;;;;;;;;;;;;;;ja;;;;;ja
Viertelkreis-Abschlussprofil Aluminium strukturbeschichtet beige 250 cm;;;103281125;Dural GmbH;10000;19,48;;DISCOUNT_PCT;50;;DISCOUNT_PCT;40;;;;;;;;;;020.010.2270;;;;;;;;;;;;;;;;;;;;;;;ja;;;;;;;;;;;;;;;;;;ja;;;;;ja
Aussenecke Aluminium strukturbeschichtet beige Blister 2 Stück;;;1032811252;Dural GmbH;10000;9,56;;DISCOUNT_PCT;50;;DISCOUNT_PCT;40;;;;;;;;;;020.010.2280;;;;;;;;;;;;;;;;;;;;;;;ja;;;;;;;;;;;;;;;;;;ja;;;;;ja
Innenecke Aluminium strukturbeschichtet beige Blister 2 Stück;;;1032811254;Dural GmbH;10000;9,56;;DISCOUNT_PCT;50;;DISCOUNT_PCT;40;;;;;;;;;;020.010.2290;;;;;;;;;;;;;;;;;;;;;;;ja;;;;;;;;;;;;;;;;;;ja;;;;;ja
Viertelkreis-Abschlussprofil Aluminium pulverbeschichtet betongrau (RAL 0006500) 250 cm;;;10328165;Dural GmbH;10000;13,06;;DISCOUNT_PCT;50;;DISCOUNT_PCT;40;;;;;;;;;;020.010.2300;;;;;;;;;;;;;;;;;;;;;;;ja;;;;;;;;;;;;;;;;;;ja;;;;;ja
Aussenecke Aluminium pulverbeschichtet schwarz Blister 2 Stück;;;103310102;Dural GmbH;10000;6,46;;DISCOUNT_PCT;50;;DISCOUNT_PCT;40;;;;;;;;;;020.010.2310;;;;;;;;;;;;;;;;;;;;;;;ja;;;;;;;;;;;;;;;;;;ja;;;;;ja
Innenecke Aluminium pulverbeschichtet schwarz Blister 2 Stück;;;103310104;Dural GmbH;10000;6,46;;DISCOUNT_PCT;50;;DISCOUNT_PCT;40;;;;;;;;;;020.010.2320;;;;;;;;;;;;;;;;;;;;;;;ja;;;;;;;;;;;;;;;;;;ja;;;;;ja
Aussenecke Aluminium pulverbeschichtet schwarz Blister 2 Stück;;;103311102;Dural GmbH;10000;6,46;;DISCOUNT_PCT;50;;DISCOUNT_PCT;40;;;;;;;;;;020.010.2330;;;;;;;;;;;;;;;;;;;;;;;ja;;;;;;;;;;;;;;;;;;ja;;;;;ja
Innenecke Aluminium pulverbeschichtet schwarz Blister 2 Stück;;;103311104;Dural GmbH;10000;6,46;;DISCOUNT_PCT;50;;DISCOUNT_PCT;40;;;;;;;;;;020.010.2340;;;;;;;;;;;;;;;;;;;;;;;ja;;;;;;;;;;;;;;;;;;ja;;;;;ja
Aussenecke Aluminium pulverbeschichtet schwarz Blister 2 Stück;;;103312102;Dural GmbH;10000;6,46;;DISCOUNT_PCT;50;;DISCOUNT_PCT;40;;;;;;;;;;020.010.2350;;;;;;;;;;;;;;;;;;;;;;;ja;;;;;;;;;;;;;;;;;;ja;;;;;ja
Innenecke Aluminium pulverbeschichtet schwarz Blister 2 Stück;;;103312104;Dural GmbH;10000;6,46;;DISCOUNT_PCT;50;;DISCOUNT_PCT;40;;;;;;;;;;020.010.2360;;;;;;;;;;;;;;;;;;;;;;;ja;;;;;;;;;;;;;;;;;;ja;;;;;ja
Aussenecke Aluminium pulverbeschichtet schwarz 6 mm Blister 2 Stück;;;103360102;Dural GmbH;10000;6,46;;DISCOUNT_PCT;50;;DISCOUNT_PCT;40;;;;;;;;;;020.010.2370;;;;;;;;;;;;;;;;;;;;;;;ja;;;;;;;;;;;;;;;;;;ja;;;;;ja
Innenecke Aluminium pulverbeschichtet schwarz 6 mm Blister 2 Stück;;;103360104;Dural GmbH;10000;6,46;;DISCOUNT_PCT;50;;DISCOUNT_PCT;40;;;;;;;;;;020.010.2380;;;;;;;;;;;;;;;;;;;;;;;ja;;;;;;;;;;;;;;;;;;ja;;;;;ja
Aussenecke Aluminium pulverbeschichtet schwarz 8 mm Blister 2 Stück;;;103380102;Dural GmbH;10000;6,46;;DISCOUNT_PCT;50;;DISCOUNT_PCT;40;;;;;;;;;;020.010.2390;;;;;;;;;;;;;;;;;;;;;;;ja;;;;;;;;;;;;;;;;;;ja;;;;;ja
Innenecke Aluminium pulverbeschichtet schwarz 8 mm Blister 2 Stück;;;103380104;Dural GmbH;10000;6,46;;DISCOUNT_PCT;50;;DISCOUNT_PCT;40;;;;;;;;;;020.010.2400;;;;;;;;;;;;;;;;;;;;;;;ja;;;;;;;;;;;;;;;;;;ja;;;;;ja
Viertelkreis-Abschlussprofil Aluminium pulverbeschichtet schwarz 6 mm 250 cm;;;10338061;Dural GmbH;10000;10,84;;DISCOUNT_PCT;50;;DISCOUNT_PCT;40;;;;;;;;;;020.010.2410;;;;;;;;;;;;;;;;;;;;;;;ja;;;;;;;;;;;;;;;;;;ja;;;;;ja
Viertelkreis-Abschlussprofil Aluminium pulverbeschichtet schwarz 8 mm 250 cm;;;10338081;Dural GmbH;10000;11,36;;DISCOUNT_PCT;50;;DISCOUNT_PCT;40;;;;;;;;;;020.010.2420;;;;;;;;;;;;;;;;;;;;;;;ja;;;;;;;;;;;;;;;;;;ja;;;;;ja
Viertelkreis-Abschlussprofil Aluminium pulverbeschichtet schwarz 250 cm;;;10338101;Dural GmbH;10000;12,08;;DISCOUNT_PCT;50;;DISCOUNT_PCT;40;;;;;;;;;;020.010.2430;;;;;;;;;;;;;;;;;;;;;;;ja;;;;;;;;;;;;;;;;;;ja;;;;;ja
Viertelkreis-Abschlussprofil Aluminium strukturbeschichtet anthrazit 6 mm 250 cm;;;103381060;Dural GmbH;10000;16,22;;DISCOUNT_PCT;50;;DISCOUNT_PCT;40;;;;;;;;;;020.010.2440;;;;;;;;;;;;;;;;;;;;;;;ja;;;;;;;;;;;;;;;;;;ja;;;;;ja
Aussenecke Aluminium strukturbeschichtet anthrazit 6 mm Blister 2 Stück;;;1033810602;Dural GmbH;10000;9,56;;DISCOUNT_PCT;50;;DISCOUNT_PCT;40;;;;;;;;;;020.010.2450;;;;;;;;;;;;;;;;;;;;;;;ja;;;;;;;;;;;;;;;;;;ja;;;;;ja
Innenecke Aluminium strukturbeschichtet anthrazit 6 mm Blister 2 Stück;;;1033810604;Dural GmbH;10000;9,56;;DISCOUNT_PCT;50;;DISCOUNT_PCT;40;;;;;;;;;;020.010.2460;;;;;;;;;;;;;;;;;;;;;;;ja;;;;;;;;;;;;;;;;;;ja;;;;;ja
Viertelkreis-Abschlussprofil Aluminium strukturbeschichtet anthrazit 8 mm 250 cm;;;103381080;Dural GmbH;10000;16,98;;DISCOUNT_PCT;50;;DISCOUNT_PCT;40;;;;;;;;;;020.010.2470;;;;;;;;;;;;;;;;;;;;;;;ja;;;;;;;;;;;;;;;;;;ja;;;;;ja
Aussenecke Aluminium strukturbeschichtet anthrazit 8 mm Blister 2 Stück;;;1033810802;Dural GmbH;10000;9,56;;DISCOUNT_PCT;50;;DISCOUNT_PCT;40;;;;;;;;;;020.010.2480;;;;;;;;;;;;;;;;;;;;;;;ja;;;;;;;;;;;;;;;;;;ja;;;;;ja
Innenecke Aluminium strukturbeschichtet anthrazit 8 mm Blister 2 Stück;;;1033810804;Dural GmbH;10000;9,56;;DISCOUNT_PCT;50;;DISCOUNT_PCT;40;;;;;;;;;;020.010.2490;;;;;;;;;;;;;;;;;;;;;;;ja;;;;;;;;;;;;;;;;;;ja;;;;;ja
Viertelkreis-Abschlussprofil Aluminium strukturbeschichtet anthrazit 250 cm;;;103381100;Dural GmbH;10000;17,78;;DISCOUNT_PCT;50;;DISCOUNT_PCT;40;;;;;;;;;;020.010.2500;;;;;;;;;;;;;;;;;;;;;;;ja;;;;;;;;;;;;;;;;;;ja;;;;;ja
Aussenecke Aluminium strukturbeschichtet anthrazit Blister 2 Stück;;;1033811002;Dural GmbH;10000;9,56;;DISCOUNT_PCT;50;;DISCOUNT_PCT;40;;;;;;;;;;020.010.2510;;;;;;;;;;;;;;;;;;;;;;;ja;;;;;;;;;;;;;;;;;;ja;;;;;ja
Innenecke Aluminium strukturbeschichtet anthrazit Blister 2 Stück;;;1033811004;Dural GmbH;10000;9,56;;DISCOUNT_PCT;50;;DISCOUNT_PCT;40;;;;;;;;;;020.010.2520;;;;;;;;;;;;;;;;;;;;;;;ja;;;;;;;;;;;;;;;;;;ja;;;;;ja
Viertelkreis-Abschlussprofil Aluminium pulverbeschichtet schwarz 11 mm 250 cm;;;10338111;Dural GmbH;10000;12,66;;DISCOUNT_PCT;50;;DISCOUNT_PCT;40;;;;;;;;;;020.010.2530;;;;;;;;;;;;;;;;;;;;;;;ja;;;;;;;;;;;;;;;;;;ja;;;;;ja
Viertelkreis-Abschlussprofil Aluminium strukturbeschichtet anthrazit 11 mm 250 cm;;;103381110;Dural GmbH;10000;18,62;;DISCOUNT_PCT;50;;DISCOUNT_PCT;40;;;;;;;;;;020.010.2540;;;;;;;;;;;;;;;;;;;;;;;ja;;;;;;;;;;;;;;;;;;ja;;;;;ja
Aussenecke Aluminium strukturbeschichtet anthrazit 11 mm Blister 2 Stück;;;1033811102;Dural GmbH;10000;9,56;;DISCOUNT_PCT;50;;DISCOUNT_PCT;40;;;;;;;;;;020.010.2550;;;;;;;;;;;;;;;;;;;;;;;ja;;;;;;;;;;;;;;;;;;ja;;;;;ja
Innenecke Aluminium strukturbeschichtet anthrazit 11 mm Blister 2 Stück;;;1033811104;Dural GmbH;10000;9,56;;DISCOUNT_PCT;50;;DISCOUNT_PCT;40;;;;;;;;;;020.010.2560;;;;;;;;;;;;;;;;;;;;;;;ja;;;;;;;;;;;;;;;;;;ja;;;;;ja
Viertelkreis-Abschlussprofil Aluminium strukturbeschichtet anthrazit 12,5 mm 250 cm;;;103381125;Dural GmbH;10000;19,48;;DISCOUNT_PCT;50;;DISCOUNT_PCT;40;;;;;;;;;;020.010.2570;;;;;;;;;;;;;;;;;;;;;;;ja;;;;;;;;;;;;;;;;;;ja;;;;;ja
Aussenecke Aluminium strukturbeschichtet anthrazit 12,5 mm Blister 2 Stück;;;1033811252;Dural GmbH;10000;9,56;;DISCOUNT_PCT;50;;DISCOUNT_PCT;40;;;;;;;;;;020.010.2580;;;;;;;;;;;;;;;;;;;;;;;ja;;;;;;;;;;;;;;;;;;ja;;;;;ja
Innenecke Aluminium strukturbeschichtet anthrazit 12,5 mm Blister 2 Stück;;;1033811254;Dural GmbH;10000;9,56;;DISCOUNT_PCT;50;;DISCOUNT_PCT;40;;;;;;;;;;020.010.2590;;;;;;;;;;;;;;;;;;;;;;;ja;;;;;;;;;;;;;;;;;;ja;;;;;ja
Viertelkreis-Abschlussprofil Aluminium pulverbeschichtet schwarz 12,5 mm 250 cm;;;10338121;Dural GmbH;10000;13,24;;DISCOUNT_PCT;50;;DISCOUNT_PCT;40;;;;;;;;;;020.010.2600;;;;;;;;;;;;;;;;;;;;;;;ja;;;;;;;;;;;;;;;;;;ja;;;;;ja
Viertelkreis-Abschlussprofil Aluminium strukturbeschichtet braun 6 mm 250 cm;;;103581060;Dural GmbH;10000;16,22;;DISCOUNT_PCT;50;;DISCOUNT_PCT;40;;;;;;;;;;020.010.2610;;;;;;;;;;;;;;;;;;;;;;;ja;;;;;;;;;;;;;;;;;;ja;;;;;ja
Aussenecke Aluminium strukturbeschichtet braun 6 mm Blister 2 Stück;;;1035810602;Dural GmbH;10000;9,56;;DISCOUNT_PCT;50;;DISCOUNT_PCT;40;;;;;;;;;;020.010.2620;;;;;;;;;;;;;;;;;;;;;;;ja;;;;;;;;;;;;;;;;;;ja;;;;;ja
Innenecke Aluminium strukturbeschichtet braun 6 mm Blister 2 Stück;;;1035810604;Dural GmbH;10000;9,56;;DISCOUNT_PCT;50;;DISCOUNT_PCT;40;;;;;;;;;;020.010.2630;;;;;;;;;;;;;;;;;;;;;;;ja;;;;;;;;;;;;;;;;;;ja;;;;;ja
Viertelkreis-Abschlussprofil Aluminium strukturbeschichtet braun 8 mm 250 cm;;;103581080;Dural GmbH;10000;16,98;;DISCOUNT_PCT;50;;DISCOUNT_PCT;40;;;;;;;;;;020.010.2640;;;;;;;;;;;;;;;;;;;;;;;ja;;;;;;;;;;;;;;;;;;ja;;;;;ja
Aussenecke Aluminium strukturbeschichtet braun 8 mm Blister 2 Stück;;;1035810802;Dural GmbH;10000;9,56;;DISCOUNT_PCT;50;;DISCOUNT_PCT;40;;;;;;;;;;020.010.2650;;;;;;;;;;;;;;;;;;;;;;;ja;;;;;;;;;;;;;;;;;;ja;;;;;ja
Innenecke Aluminium strukturbeschichtet braun 8 mm Blister 2 Stück;;;1035810804;Dural GmbH;10000;9,56;;DISCOUNT_PCT;50;;DISCOUNT_PCT;40;;;;;;;;;;020.010.2660;;;;;;;;;;;;;;;;;;;;;;;ja;;;;;;;;;;;;;;;;;;ja;;;;;ja
Viertelkreis-Abschlussprofil Aluminium strukturbeschichtet braun 10 mm 250 cm;;;103581100;Dural GmbH;10000;17,78;;DISCOUNT_PCT;50;;DISCOUNT_PCT;40;;;;;;;;;;020.010.2670;;;;;;;;;;;;;;;;;;;;;;;ja;;;;;;;;;;;;;;;;;;ja;;;;;ja
Aussenecke Aluminium strukturbeschichtet braun 10 mm Blister 2 Stück;;;1035811002;Dural GmbH;10000;9,56;;DISCOUNT_PCT;50;;DISCOUNT_PCT;40;;;;;;;;;;020.010.2680;;;;;;;;;;;;;;;;;;;;;;;ja;;;;;;;;;;;;;;;;;;ja;;;;;ja
Innenecke Aluminium strukturbeschichtet braun 10 mm Blister 2 Stück;;;1035811004;Dural GmbH;10000;9,56;;DISCOUNT_PCT;50;;DISCOUNT_PCT;40;;;;;;;;;;020.010.2690;;;;;;;;;;;;;;;;;;;;;;;ja;;;;;;;;;;;;;;;;;;ja;;;;;ja
Viertelkreis-Abschlussprofil Aluminium strukturbeschichtet braun 11 mm 250 cm;;;103581110;Dural GmbH;10000;18,62;;DISCOUNT_PCT;50;;DISCOUNT_PCT;40;;;;;;;;;;020.010.2700;;;;;;;;;;;;;;;;;;;;;;;ja;;;;;;;;;;;;;;;;;;ja;;;;;ja
Aussenecke Aluminium strukturbeschichtet braun 11 mm Blister 2 Stück;;;1035811102;Dural GmbH;10000;9,56;;DISCOUNT_PCT;50;;DISCOUNT_PCT;40;;;;;;;;;;020.010.2710;;;;;;;;;;;;;;;;;;;;;;;ja;;;;;;;;;;;;;;;;;;ja;;;;;ja
Innenecke Aluminium strukturbeschichtet braun 11 mm Blister 2 Stück;;;1035811104;Dural GmbH;10000;9,56;;DISCOUNT_PCT;50;;DISCOUNT_PCT;40;;;;;;;;;;020.010.2720;;;;;;;;;;;;;;;;;;;;;;;ja;;;;;;;;;;;;;;;;;;ja;;;;;ja
Viertelkreis-Abschlussprofil Aluminium strukturbeschichtet braun 12,5 mm 250 cm;;;103581125;Dural GmbH;10000;19,48;;DISCOUNT_PCT;50;;DISCOUNT_PCT;40;;;;;;;;;;020.010.2730;;;;;;;;;;;;;;;;;;;;;;;ja;;;;;;;;;;;;;;;;;;ja;;;;;ja
Aussenecke Aluminium strukturbeschichtet braun 12,5 mm Blister 2 Stück;;;1035811252;Dural GmbH;10000;9,56;;DISCOUNT_PCT;50;;DISCOUNT_PCT;40;;;;;;;;;;020.010.2740;;;;;;;;;;;;;;;;;;;;;;;ja;;;;;;;;;;;;;;;;;;ja;;;;;ja
Innenecke Aluminium strukturbeschichtet braun 12,5 mm Blister 2 Stück;;;1035811254;Dural GmbH;10000;9,56;;DISCOUNT_PCT;50;;DISCOUNT_PCT;40;;;;;;;;;;020.010.2750;;;;;;;;;;;;;;;;;;;;;;;ja;;;;;;;;;;;;;;;;;;ja;;;;;ja
Aussenecke Aluminium pulverbeschichtet matt schwarz matt (RAL 9005) 11 mm Blister 2 Stück;;;103811332;Dural GmbH;10000;7,26;;DISCOUNT_PCT;50;;DISCOUNT_PCT;40;;;;;;;;;;020.010.2760;;;;;;;;;;;;;;;;;;;;;;;ja;;;;;;;;;;;;;;;;;;ja;;;;;ja
Innenecke Aluminium pulverbeschichtet matt schwarz matt (RAL 9005) 11 mm Blister 2 Stück;;;103811334;Dural GmbH;10000;7,26;;DISCOUNT_PCT;50;;DISCOUNT_PCT;40;;;;;;;;;;020.010.2770;;;;;;;;;;;;;;;;;;;;;;;ja;;;;;;;;;;;;;;;;;;ja;;;;;ja
Aussenecke Aluminium pulverbeschichtet matt schwarz matt (RAL 9005) 6 mm Blister 2 Stück;;;103816332;Dural GmbH;10000;7;;DISCOUNT_PCT;50;;DISCOUNT_PCT;40;;;;;;;;;;020.010.2780;;;;;;;;;;;;;;;;;;;;;;;ja;;;;;;;;;;;;;;;;;;ja;;;;;ja
Innenecke Aluminium pulverbeschichtet matt schwarz matt (RAL 9005) 6 mm Blister 2 Stück;;;103816334;Dural GmbH;10000;7;;DISCOUNT_PCT;50;;DISCOUNT_PCT;40;;;;;;;;;;020.010.2790;;;;;;;;;;;;;;;;;;;;;;;ja;;;;;;;;;;;;;;;;;;ja;;;;;ja
Viertelkreis-Abschlussprofil Aluminium pulverbeschichtet gold 6 mm 250 cm;;;10528061;Dural GmbH;10000;11,52;;DISCOUNT_PCT;50;;DISCOUNT_PCT;40;;;;;;;;;;020.010.2800;;;;;;;;;;;;;;;;;;;;;;;ja;;;;;;;;;;;;;;;;;;ja;;;;;ja
Aussenecke Aluminium pulverbeschichtet gold 6 mm Blister 2 Stück;;;10528062;Dural GmbH;10000;7;;DISCOUNT_PCT;50;;DISCOUNT_PCT;40;;;;;;;;;;020.010.2810;;;;;;;;;;;;;;;;;;;;;;;ja;;;;;;;;;;;;;;;;;;ja;;;;;ja
Innenecke Aluminium pulverbeschichtet gold 6 mm Blister 2 Stück;;;10528064;Dural GmbH;10000;7;;DISCOUNT_PCT;50;;DISCOUNT_PCT;40;;;;;;;;;;020.010.2820;;;;;;;;;;;;;;;;;;;;;;;ja;;;;;;;;;;;;;;;;;;ja;;;;;ja
Viertelkreis-Abschlussprofil Aluminium pulverbeschichtet gold 8 mm 250 cm;;;10528081;Dural GmbH;10000;12,28;;DISCOUNT_PCT;50;;DISCOUNT_PCT;40;;;;;;;;;;020.010.2830;;;;;;;;;;;;;;;;;;;;;;;ja;;;;;;;;;;;;;;;;;;ja;;;;;ja
Aussenecke Aluminium pulverbeschichtet gold 8 mm Blister 2 Stück;;;10528082;Dural GmbH;10000;7,1;;DISCOUNT_PCT;50;;DISCOUNT_PCT;40;;;;;;;;;;020.010.2840;;;;;;;;;;;;;;;;;;;;;;;ja;;;;;;;;;;;;;;;;;;ja;;;;;ja
Innenecke Aluminium pulverbeschichtet gold 8 mm Blister 2 Stück;;;10528084;Dural GmbH;10000;7,1;;DISCOUNT_PCT;50;;DISCOUNT_PCT;40;;;;;;;;;;020.010.2850;;;;;;;;;;;;;;;;;;;;;;;ja;;;;;;;;;;;;;;;;;;ja;;;;;ja
Viertelkreis-Abschlussprofil Aluminium pulverbeschichtet gold 10 mm 250 cm;;;10528101;Dural GmbH;10000;13,06;;DISCOUNT_PCT;50;;DISCOUNT_PCT;40;;;;;;;;;;020.010.2860;;;;;;;;;;;;;;;;;;;;;;;ja;;;;;;;;;;;;;;;;;;ja;;;;;ja
Aussenecke Aluminium pulverbeschichtet gold 10 mm Blister 2 Stück;;;10528102;Dural GmbH;10000;7,2;;DISCOUNT_PCT;50;;DISCOUNT_PCT;40;;;;;;;;;;020.010.2870;;;;;;;;;;;;;;;;;;;;;;;ja;;;;;;;;;;;;;;;;;;ja;;;;;ja
Innenecke Aluminium pulverbeschichtet gold 10 mm Blister 2 Stück;;;10528104;Dural GmbH;10000;7,2;;DISCOUNT_PCT;50;;DISCOUNT_PCT;40;;;;;;;;;;020.010.2880;;;;;;;;;;;;;;;;;;;;;;;ja;;;;;;;;;;;;;;;;;;ja;;;;;ja
Viertelkreis-Abschlussprofil Aluminium pulverbeschichtet gold 11 mm 250 cm;;;10528111;Dural GmbH;10000;13,38;;DISCOUNT_PCT;50;;DISCOUNT_PCT;40;;;;;;;;;;020.010.2890;;;;;;;;;;;;;;;;;;;;;;;ja;;;;;;;;;;;;;;;;;;ja;;;;;ja
Aussenecke Aluminium pulverbeschichtet gold 11 mm Blister 2 Stück;;;10528112;Dural GmbH;10000;7,26;;DISCOUNT_PCT;50;;DISCOUNT_PCT;40;;;;;;;;;;020.010.2900;;;;;;;;;;;;;;;;;;;;;;;ja;;;;;;;;;;;;;;;;;;ja;;;;;ja
Innenecke Aluminium pulverbeschichtet gold 11 mm Blister 2 Stück;;;10528114;Dural GmbH;10000;7,26;;DISCOUNT_PCT;50;;DISCOUNT_PCT;40;;;;;;;;;;020.010.2910;;;;;;;;;;;;;;;;;;;;;;;ja;;;;;;;;;;;;;;;;;;ja;;;;;ja
Viertelkreis-Abschlussprofil Aluminium pulverbeschichtet gold 12,5 mm 250 cm;;;10528121;Dural GmbH;10000;14,3;;DISCOUNT_PCT;50;;DISCOUNT_PCT;40;;;;;;;;;;020.010.2920;;;;;;;;;;;;;;;;;;;;;;;ja;;;;;;;;;;;;;;;;;;ja;;;;;ja
Aussenecke Aluminium pulverbeschichtet gold 12,5 mm Blister 2 Stück;;;10528122;Dural GmbH;10000;7,32;;DISCOUNT_PCT;50;;DISCOUNT_PCT;40;;;;;;;;;;020.010.2930;;;;;;;;;;;;;;;;;;;;;;;ja;;;;;;;;;;;;;;;;;;ja;;;;;ja
Innenecke Aluminium pulverbeschichtet gold 12,5 mm Blister 2 Stück;;;10528124;Dural GmbH;10000;7,32;;DISCOUNT_PCT;50;;DISCOUNT_PCT;40;;;;;;;;;;020.010.2940;;;;;;;;;;;;;;;;;;;;;;;ja;;;;;;;;;;;;;;;;;;ja;;;;;ja
Viertelkreis-Abschlussprofil Aluminium pulverbeschichtet titan 6 mm 250 cm;;;10538061;Dural GmbH;10000;11,52;;DISCOUNT_PCT;50;;DISCOUNT_PCT;40;;;;;;;;;;020.010.2950;;;;;;;;;;;;;;;;;;;;;;;ja;;;;;;;;;;;;;;;;;;ja;;;;;ja
Aussenecke Aluminium pulverbeschichtet titan 6 mm Blister 2 Stück;;;10538062;Dural GmbH;10000;7;;DISCOUNT_PCT;50;;DISCOUNT_PCT;40;;;;;;;;;;020.010.2960;;;;;;;;;;;;;;;;;;;;;;;ja;;;;;;;;;;;;;;;;;;ja;;;;;ja
Innenecke Aluminium pulverbeschichtet titan 6 mm Blister 2 Stück;;;10538064;Dural GmbH;10000;7;;DISCOUNT_PCT;50;;DISCOUNT_PCT;40;;;;;;;;;;020.010.2970;;;;;;;;;;;;;;;;;;;;;;;ja;;;;;;;;;;;;;;;;;;ja;;;;;ja
Viertelkreis-Abschlussprofil Aluminium pulverbeschichtet titan 8 mm 250 cm;;;10538081;Dural GmbH;10000;12,28;;DISCOUNT_PCT;50;;DISCOUNT_PCT;40;;;;;;;;;;020.010.2980;;;;;;;;;;;;;;;;;;;;;;;ja;;;;;;;;;;;;;;;;;;ja;;;;;ja
Aussenecke Aluminium pulverbeschichtet titan 8 mm Blister 2 Stück;;;10538082;Dural GmbH;10000;7,1;;DISCOUNT_PCT;50;;DISCOUNT_PCT;40;;;;;;;;;;020.010.2990;;;;;;;;;;;;;;;;;;;;;;;ja;;;;;;;;;;;;;;;;;;ja;;;;;ja
Innenecke Aluminium pulverbeschichtet titan 8 mm Blister 2 Stück;;;10538084;Dural GmbH;10000;7,1;;DISCOUNT_PCT;50;;DISCOUNT_PCT;40;;;;;;;;;;020.010.3000;;;;;;;;;;;;;;;;;;;;;;;ja;;;;;;;;;;;;;;;;;;ja;;;;;ja
Viertelkreis-Abschlussprofil Aluminium pulverbeschichtet titan 10 mm 250 cm;;;10538101;Dural GmbH;10000;13,06;;DISCOUNT_PCT;50;;DISCOUNT_PCT;40;;;;;;;;;;020.010.3010;;;;;;;;;;;;;;;;;;;;;;;ja;;;;;;;;;;;;;;;;;;ja;;;;;ja
Aussenecke Aluminium pulverbeschichtet titan 10 mm Blister 2 Stück;;;10538102;Dural GmbH;10000;7,2;;DISCOUNT_PCT;50;;DISCOUNT_PCT;40;;;;;;;;;;020.010.3020;;;;;;;;;;;;;;;;;;;;;;;ja;;;;;;;;;;;;;;;;;;ja;;;;;ja
Innenecke Aluminium pulverbeschichtet titan 10 mm Blister 2 Stück;;;10538104;Dural GmbH;10000;7,2;;DISCOUNT_PCT;50;;DISCOUNT_PCT;40;;;;;;;;;;020.010.3030;;;;;;;;;;;;;;;;;;;;;;;ja;;;;;;;;;;;;;;;;;;ja;;;;;ja
Viertelkreis-Abschlussprofil Aluminium pulverbeschichtet titan 11 mm 250 cm;;;10538111;Dural GmbH;10000;13,38;;DISCOUNT_PCT;50;;DISCOUNT_PCT;40;;;;;;;;;;020.010.3040;;;;;;;;;;;;;;;;;;;;;;;ja;;;;;;;;;;;;;;;;;;ja;;;;;ja
Aussenecke Aluminium pulverbeschichtet titan 11 mm Blister 2 Stück;;;10538112;Dural GmbH;10000;7,26;;DISCOUNT_PCT;50;;DISCOUNT_PCT;40;;;;;;;;;;020.010.3050;;;;;;;;;;;;;;;;;;;;;;;ja;;;;;;;;;;;;;;;;;;ja;;;;;ja
Innenecke Aluminium pulverbeschichtet titan 11 mm Blister 2 Stück;;;10538114;Dural GmbH;10000;7,26;;DISCOUNT_PCT;50;;DISCOUNT_PCT;40;;;;;;;;;;020.010.3060;;;;;;;;;;;;;;;;;;;;;;;ja;;;;;;;;;;;;;;;;;;ja;;;;;ja
Viertelkreis-Abschlussprofil Aluminium pulverbeschichtet titan 12,5 mm 250 cm;;;10538121;Dural GmbH;10000;14,3;;DISCOUNT_PCT;50;;DISCOUNT_PCT;40;;;;;;;;;;020.010.3070;;;;;;;;;;;;;;;;;;;;;;;ja;;;;;;;;;;;;;;;;;;ja;;;;;ja
Aussenecke Aluminium pulverbeschichtet titan 12,5 mm Blister 2 Stück;;;10538122;Dural GmbH;10000;7,32;;DISCOUNT_PCT;50;;DISCOUNT_PCT;40;;;;;;;;;;020.010.3080;;;;;;;;;;;;;;;;;;;;;;;ja;;;;;;;;;;;;;;;;;;ja;;;;;ja
Innenecke Aluminium pulverbeschichtet titan 12,5 mm Blister 2 Stück;;;10538124;Dural GmbH;10000;7,32;;DISCOUNT_PCT;50;;DISCOUNT_PCT;40;;;;;;;;;;020.010.3090;;;;;;;;;;;;;;;;;;;;;;;ja;;;;;;;;;;;;;;;;;;ja;;;;;ja
Viertelkreis-Abschlussprofil Aluminium pulverbeschichtet kupfer 6 mm 250 cm;;;10548061;Dural GmbH;10000;11,52;;DISCOUNT_PCT;50;;DISCOUNT_PCT;40;;;;;;;;;;020.010.3100;;;;;;;;;;;;;;;;;;;;;;;ja;;;;;;;;;;;;;;;;;;ja;;;;;ja
Aussenecke Aluminium pulverbeschichtet kupfer 6 mm Blister 2 Stück;;;10548062;Dural GmbH;10000;7;;DISCOUNT_PCT;50;;DISCOUNT_PCT;40;;;;;;;;;;020.010.3110;;;;;;;;;;;;;;;;;;;;;;;ja;;;;;;;;;;;;;;;;;;ja;;;;;ja
Innenecke Aluminium pulverbeschichtet kupfer 6 mm Blister 2 Stück;;;10548064;Dural GmbH;10000;7;;DISCOUNT_PCT;50;;DISCOUNT_PCT;40;;;;;;;;;;020.010.3120;;;;;;;;;;;;;;;;;;;;;;;ja;;;;;;;;;;;;;;;;;;ja;;;;;ja
Viertelkreis-Abschlussprofil Aluminium pulverbeschichtet kupfer 8 mm 250 cm;;;10548081;Dural GmbH;10000;12,28;;DISCOUNT_PCT;50;;DISCOUNT_PCT;40;;;;;;;;;;020.010.3130;;;;;;;;;;;;;;;;;;;;;;;ja;;;;;;;;;;;;;;;;;;ja;;;;;ja
Aussenecke Aluminium pulverbeschichtet kupfer 8 mm Blister 2 Stück;;;10548082;Dural GmbH;10000;7,1;;DISCOUNT_PCT;50;;DISCOUNT_PCT;40;;;;;;;;;;020.010.3140;;;;;;;;;;;;;;;;;;;;;;;ja;;;;;;;;;;;;;;;;;;ja;;;;;ja
Innenecke Aluminium pulverbeschichtet kupfer 8 mm Blister 2 Stück;;;10548084;Dural GmbH;10000;7,1;;DISCOUNT_PCT;50;;DISCOUNT_PCT;40;;;;;;;;;;020.010.3150;;;;;;;;;;;;;;;;;;;;;;;ja;;;;;;;;;;;;;;;;;;ja;;;;;ja
Viertelkreis-Abschlussprofil Aluminium pulverbeschichtet kupfer 10 mm 250 cm;;;10548101;Dural GmbH;10000;13,06;;DISCOUNT_PCT;50;;DISCOUNT_PCT;40;;;;;;;;;;020.010.3160;;;;;;;;;;;;;;;;;;;;;;;ja;;;;;;;;;;;;;;;;;;ja;;;;;ja
Aussenecke Aluminium pulverbeschichtet kupfer 10 mm Blister 2 Stück;;;10548102;Dural GmbH;10000;7,2;;DISCOUNT_PCT;50;;DISCOUNT_PCT;40;;;;;;;;;;020.010.3170;;;;;;;;;;;;;;;;;;;;;;;ja;;;;;;;;;;;;;;;;;;ja;;;;;ja
Innenecke Aluminium pulverbeschichtet kupfer 10 mm Blister 2 Stück;;;10548104;Dural GmbH;10000;7,2;;DISCOUNT_PCT;50;;DISCOUNT_PCT;40;;;;;;;;;;020.010.3180;;;;;;;;;;;;;;;;;;;;;;;ja;;;;;;;;;;;;;;;;;;ja;;;;;ja
Viertelkreis-Abschlussprofil Aluminium pulverbeschichtet kupfer 11 mm 250 cm;;;10548111;Dural GmbH;10000;13,38;;DISCOUNT_PCT;50;;DISCOUNT_PCT;40;;;;;;;;;;020.010.3190;;;;;;;;;;;;;;;;;;;;;;;ja;;;;;;;;;;;;;;;;;;ja;;;;;ja
Aussenecke Aluminium pulverbeschichtet kupfer 11 mm Blister 2 Stück;;;10548112;Dural GmbH;10000;7,26;;DISCOUNT_PCT;50;;DISCOUNT_PCT;40;;;;;;;;;;020.010.3200;;;;;;;;;;;;;;;;;;;;;;;ja;;;;;;;;;;;;;;;;;;ja;;;;;ja
Innenecke Aluminium pulverbeschichtet kupfer 11 mm Blister 2 Stück;;;10548114;Dural GmbH;10000;7,26;;DISCOUNT_PCT;50;;DISCOUNT_PCT;40;;;;;;;;;;020.010.3210;;;;;;;;;;;;;;;;;;;;;;;ja;;;;;;;;;;;;;;;;;;ja;;;;;ja
Viertelkreis-Abschlussprofil Aluminium pulverbeschichtet kupfer 12,5 mm 250 cm;;;10548121;Dural GmbH;10000;14,3;;DISCOUNT_PCT;50;;DISCOUNT_PCT;40;;;;;;;;;;020.010.3220;;;;;;;;;;;;;;;;;;;;;;;ja;;;;;;;;;;;;;;;;;;ja;;;;;ja
Aussenecke Aluminium pulverbeschichtet kupfer 12,5 mm Blister 2 Stück;;;10548122;Dural GmbH;10000;7,32;;DISCOUNT_PCT;50;;DISCOUNT_PCT;40;;;;;;;;;;020.010.3230;;;;;;;;;;;;;;;;;;;;;;;ja;;;;;;;;;;;;;;;;;;ja;;;;;ja
Innenecke Aluminium pulverbeschichtet kupfer 12,5 mm Blister 2 Stück;;;10548124;Dural GmbH;10000;7,32;;DISCOUNT_PCT;50;;DISCOUNT_PCT;40;;;;;;;;;;020.010.3240;;;;;;;;;;;;;;;;;;;;;;;ja;;;;;;;;;;;;;;;;;;ja;;;;;ja
Viertelkreis-Abschlussprofil Aluminium pulverbeschichtet bronze 6 mm 250 cm;;;10558061;Dural GmbH;10000;11,52;;DISCOUNT_PCT;50;;DISCOUNT_PCT;40;;;;;;;;;;020.010.3250;;;;;;;;;;;;;;;;;;;;;;;ja;;;;;;;;;;;;;;;;;;ja;;;;;ja
Aussenecke Aluminium pulverbeschichtet bronze 6 mm Blister 2 Stück;;;10558062;Dural GmbH;10000;7;;DISCOUNT_PCT;50;;DISCOUNT_PCT;40;;;;;;;;;;020.010.3260;;;;;;;;;;;;;;;;;;;;;;;ja;;;;;;;;;;;;;;;;;;ja;;;;;ja
Innenecke Aluminium pulverbeschichtet bronze 6 mm Blister 2 Stück;;;10558064;Dural GmbH;10000;7;;DISCOUNT_PCT;50;;DISCOUNT_PCT;40;;;;;;;;;;020.010.3270;;;;;;;;;;;;;;;;;;;;;;;ja;;;;;;;;;;;;;;;;;;ja;;;;;ja
Viertelkreis-Abschlussprofil Aluminium pulverbeschichtet bronze 8 mm 250 cm;;;10558081;Dural GmbH;10000;12,28;;DISCOUNT_PCT;50;;DISCOUNT_PCT;40;;;;;;;;;;020.010.3280;;;;;;;;;;;;;;;;;;;;;;;ja;;;;;;;;;;;;;;;;;;ja;;;;;ja
Aussenecke Aluminium pulverbeschichtet bronze 8 mm Blister 2 Stück;;;10558082;Dural GmbH;10000;7,1;;DISCOUNT_PCT;50;;DISCOUNT_PCT;40;;;;;;;;;;020.010.3290;;;;;;;;;;;;;;;;;;;;;;;ja;;;;;;;;;;;;;;;;;;ja;;;;;ja
Innenecke Aluminium pulverbeschichtet bronze 8 mm Blister 2 Stück;;;10558084;Dural GmbH;10000;7,1;;DISCOUNT_PCT;50;;DISCOUNT_PCT;40;;;;;;;;;;020.010.3300;;;;;;;;;;;;;;;;;;;;;;;ja;;;;;;;;;;;;;;;;;;ja;;;;;ja
Viertelkreis-Abschlussprofil Aluminium pulverbeschichtet bronze 10 mm 250 cm;;;10558101;Dural GmbH;10000;13,06;;DISCOUNT_PCT;50;;DISCOUNT_PCT;40;;;;;;;;;;020.010.3310;;;;;;;;;;;;;;;;;;;;;;;ja;;;;;;;;;;;;;;;;;;ja;;;;;ja
Aussenecke Aluminium pulverbeschichtet bronze 10 mm Blister 2 Stück;;;10558102;Dural GmbH;10000;7,2;;DISCOUNT_PCT;50;;DISCOUNT_PCT;40;;;;;;;;;;020.010.3320;;;;;;;;;;;;;;;;;;;;;;;ja;;;;;;;;;;;;;;;;;;ja;;;;;ja
Innenecke Aluminium pulverbeschichtet bronze 10 mm Blister 2 Stück;;;10558104;Dural GmbH;10000;7,2;;DISCOUNT_PCT;50;;DISCOUNT_PCT;40;;;;;;;;;;020.010.3330;;;;;;;;;;;;;;;;;;;;;;;ja;;;;;;;;;;;;;;;;;;ja;;;;;ja
Viertelkreis-Abschlussprofil Aluminium pulverbeschichtet bronze 11 mm 250 cm;;;10558111;Dural GmbH;10000;13,38;;DISCOUNT_PCT;50;;DISCOUNT_PCT;40;;;;;;;;;;020.010.3340;;;;;;;;;;;;;;;;;;;;;;;ja;;;;;;;;;;;;;;;;;;ja;;;;;ja
Aussenecke Aluminium pulverbeschichtet bronze 11 mm Blister 2 Stück;;;10558112;Dural GmbH;10000;7,26;;DISCOUNT_PCT;50;;DISCOUNT_PCT;40;;;;;;;;;;020.010.3350;;;;;;;;;;;;;;;;;;;;;;;ja;;;;;;;;;;;;;;;;;;ja;;;;;ja
Innenecke Aluminium pulverbeschichtet bronze 11 mm Blister 2 Stück;;;10558114;Dural GmbH;10000;7,26;;DISCOUNT_PCT;50;;DISCOUNT_PCT;40;;;;;;;;;;020.010.3360;;;;;;;;;;;;;;;;;;;;;;;ja;;;;;;;;;;;;;;;;;;ja;;;;;ja
Viertelkreis-Abschlussprofil Aluminium pulverbeschichtet bronze 12,5 mm 250 cm;;;10558121;Dural GmbH;10000;14,3;;DISCOUNT_PCT;50;;DISCOUNT_PCT;40;;;;;;;;;;020.010.3370;;;;;;;;;;;;;;;;;;;;;;;ja;;;;;;;;;;;;;;;;;;ja;;;;;ja
Aussenecke Aluminium pulverbeschichtet bronze 12,5 mm Blister 2 Stück;;;10558122;Dural GmbH;10000;7,32;;DISCOUNT_PCT;50;;DISCOUNT_PCT;40;;;;;;;;;;020.010.3380;;;;;;;;;;;;;;;;;;;;;;;ja;;;;;;;;;;;;;;;;;;ja;;;;;ja
Innenecke Aluminium pulverbeschichtet bronze 12,5 mm Blister 2 Stück;;;10558124;Dural GmbH;10000;7,32;;DISCOUNT_PCT;50;;DISCOUNT_PCT;40;;;;;;;;;;020.010.3390;;;;;;;;;;;;;;;;;;;;;;;ja;;;;;;;;;;;;;;;;;;ja;;;;;ja
Viertelkreis-Abschlussprofil Aluminium pulverbeschichtet graphit 6 mm 250 cm;;;10568061;Dural GmbH;10000;11,52;;DISCOUNT_PCT;50;;DISCOUNT_PCT;40;;;;;;;;;;020.010.3400;;;;;;;;;;;;;;;;;;;;;;;ja;;;;;;;;;;;;;;;;;;ja;;;;;ja
Aussenecke Aluminium pulverbeschichtet graphit 6 mm Blister 2 Stück;;;10568062;Dural GmbH;10000;7;;DISCOUNT_PCT;50;;DISCOUNT_PCT;40;;;;;;;;;;020.010.3410;;;;;;;;;;;;;;;;;;;;;;;ja;;;;;;;;;;;;;;;;;;ja;;;;;ja
Innenecke Aluminium pulverbeschichtet graphit 6 mm Blister 2 Stück;;;10568064;Dural GmbH;10000;7;;DISCOUNT_PCT;50;;DISCOUNT_PCT;40;;;;;;;;;;020.010.3420;;;;;;;;;;;;;;;;;;;;;;;ja;;;;;;;;;;;;;;;;;;ja;;;;;ja
Viertelkreis-Abschlussprofil Aluminium pulverbeschichtet graphit 8 mm 250 cm;;;10568081;Dural GmbH;10000;12,28;;DISCOUNT_PCT;50;;DISCOUNT_PCT;40;;;;;;;;;;020.010.3430;;;;;;;;;;;;;;;;;;;;;;;ja;;;;;;;;;;;;;;;;;;ja;;;;;ja
Aussenecke Aluminium pulverbeschichtet graphit 8 mm Blister 2 Stück;;;10568082;Dural GmbH;10000;7,1;;DISCOUNT_PCT;50;;DISCOUNT_PCT;40;;;;;;;;;;020.010.3440;;;;;;;;;;;;;;;;;;;;;;;ja;;;;;;;;;;;;;;;;;;ja;;;;;ja
Innenecke Aluminium pulverbeschichtet graphit 8 mm Blister 2 Stück;;;10568084;Dural GmbH;10000;7,1;;DISCOUNT_PCT;50;;DISCOUNT_PCT;40;;;;;;;;;;020.010.3450;;;;;;;;;;;;;;;;;;;;;;;ja;;;;;;;;;;;;;;;;;;ja;;;;;ja
Viertelkreis-Abschlussprofil Aluminium pulverbeschichtet graphit 10 mm 250 cm;;;10568101;Dural GmbH;10000;13,06;;DISCOUNT_PCT;50;;DISCOUNT_PCT;40;;;;;;;;;;020.010.3460;;;;;;;;;;;;;;;;;;;;;;;ja;;;;;;;;;;;;;;;;;;ja;;;;;ja
Aussenecke Aluminium pulverbeschichtet graphit 10 mm Blister 2 Stück;;;10568102;Dural GmbH;10000;7,2;;DISCOUNT_PCT;50;;DISCOUNT_PCT;40;;;;;;;;;;020.010.3470;;;;;;;;;;;;;;;;;;;;;;;ja;;;;;;;;;;;;;;;;;;ja;;;;;ja
Innenecke Aluminium pulverbeschichtet graphit 10 mm Blister 2 Stück;;;10568104;Dural GmbH;10000;7,2;;DISCOUNT_PCT;50;;DISCOUNT_PCT;40;;;;;;;;;;020.010.3480;;;;;;;;;;;;;;;;;;;;;;;ja;;;;;;;;;;;;;;;;;;ja;;;;;ja
Viertelkreis-Abschlussprofil Aluminium pulverbeschichtet graphit 11 mm 250 cm;;;10568111;Dural GmbH;10000;13,38;;DISCOUNT_PCT;50;;DISCOUNT_PCT;40;;;;;;;;;;020.010.3490;;;;;;;;;;;;;;;;;;;;;;;ja;;;;;;;;;;;;;;;;;;ja;;;;;ja
Aussenecke Aluminium pulverbeschichtet graphit 11 mm Blister 2 Stück;;;10568112;Dural GmbH;10000;7,26;;DISCOUNT_PCT;50;;DISCOUNT_PCT;40;;;;;;;;;;020.010.3500;;;;;;;;;;;;;;;;;;;;;;;ja;;;;;;;;;;;;;;;;;;ja;;;;;ja
Innenecke Aluminium pulverbeschichtet graphit 11 mm Blister 2 Stück;;;10568114;Dural GmbH;10000;7,26;;DISCOUNT_PCT;50;;DISCOUNT_PCT;40;;;;;;;;;;020.010.3510;;;;;;;;;;;;;;;;;;;;;;;ja;;;;;;;;;;;;;;;;;;ja;;;;;ja
Viertelkreis-Abschlussprofil Aluminium pulverbeschichtet graphit 12,5 mm 250 cm;;;10568121;Dural GmbH;10000;14,3;;DISCOUNT_PCT;50;;DISCOUNT_PCT;40;;;;;;;;;;020.010.3520;;;;;;;;;;;;;;;;;;;;;;;ja;;;;;;;;;;;;;;;;;;ja;;;;;ja
Aussenecke Aluminium pulverbeschichtet graphit 12,5 mm Blister 2 Stück;;;10568122;Dural GmbH;10000;7,32;;DISCOUNT_PCT;50;;DISCOUNT_PCT;40;;;;;;;;;;020.010.3530;;;;;;;;;;;;;;;;;;;;;;;ja;;;;;;;;;;;;;;;;;;ja;;;;;ja
Innenecke Aluminium pulverbeschichtet graphit 12,5 mm Blister 2 Stück;;;10568124;Dural GmbH;10000;7,32;;DISCOUNT_PCT;50;;DISCOUNT_PCT;40;;;;;;;;;;020.010.3540;;;;;;;;;;;;;;;;;;;;;;;ja;;;;;;;;;;;;;;;;;;ja;;;;;ja
Viertelkreis-Abschlussprofil Aluminium feinstruktur gelboliv (RAL 6014) 6 mm 250 cm;;;1060148061;Dural GmbH;10000;13;;DISCOUNT_PCT;50;;DISCOUNT_PCT;40;;;;;;;;;;020.010.3550;;;;;;;;;;;;;;;;;;;;;;;ja;;;;;;;;;;;;;;;;;;ja;;;;;ja
Aussenecke Aluminium feinstruktur gelboliv (RAL 6014) 6 mm Blister 2 Stück;;;1060148062;Dural GmbH;10000;7,76;;DISCOUNT_PCT;50;;DISCOUNT_PCT;40;;;;;;;;;;020.010.3560;;;;;;;;;;;;;;;;;;;;;;;ja;;;;;;;;;;;;;;;;;;ja;;;;;ja
Innenecke Aluminium feinstruktur gelboliv (RAL 6014) 6 mm Blister 2 Stück;;;1060148064;Dural GmbH;10000;7,76;;DISCOUNT_PCT;50;;DISCOUNT_PCT;40;;;;;;;;;;020.010.3570;;;;;;;;;;;;;;;;;;;;;;;ja;;;;;;;;;;;;;;;;;;ja;;;;;ja
Viertelkreis-Abschlussprofil Aluminium feinstruktur gelboliv (RAL 6014) 8 mm 250 cm;;;1060148081;Dural GmbH;10000;13,64;;DISCOUNT_PCT;50;;DISCOUNT_PCT;40;;;;;;;;;;020.010.3580;;;;;;;;;;;;;;;;;;;;;;;ja;;;;;;;;;;;;;;;;;;ja;;;;;ja
Aussenecke Aluminium feinstruktur gelboliv (RAL 6014) 8 mm Blister 2 Stück;;;1060148082;Dural GmbH;10000;7,76;;DISCOUNT_PCT;50;;DISCOUNT_PCT;40;;;;;;;;;;020.010.3590;;;;;;;;;;;;;;;;;;;;;;;ja;;;;;;;;;;;;;;;;;;ja;;;;;ja
Innenecke Aluminium feinstruktur gelboliv (RAL 6014) 8 mm Blister 2 Stück;;;1060148084;Dural GmbH;10000;7,76;;DISCOUNT_PCT;50;;DISCOUNT_PCT;40;;;;;;;;;;020.010.3600;;;;;;;;;;;;;;;;;;;;;;;ja;;;;;;;;;;;;;;;;;;ja;;;;;ja
Viertelkreis-Abschlussprofil Aluminium feinstruktur gelboliv (RAL 6014) 10 mm 250 cm;;;1060148101;Dural GmbH;10000;15,66;;DISCOUNT_PCT;50;;DISCOUNT_PCT;40;;;;;;;;;;020.010.3610;;;;;;;;;;;;;;;;;;;;;;;ja;;;;;;;;;;;;;;;;;;ja;;;;;ja
Aussenecke Aluminium feinstruktur gelboliv (RAL 6014) 10 mm Blister 2 Stück;;;1060148102;Dural GmbH;10000;7,76;;DISCOUNT_PCT;50;;DISCOUNT_PCT;40;;;;;;;;;;020.010.3620;;;;;;;;;;;;;;;;;;;;;;;ja;;;;;;;;;;;;;;;;;;ja;;;;;ja
Innenecke Aluminium feinstruktur gelboliv (RAL 6014) 10 mm Blister 2 Stück;;;1060148104;Dural GmbH;10000;7,76;;DISCOUNT_PCT;50;;DISCOUNT_PCT;40;;;;;;;;;;020.010.3630;;;;;;;;;;;;;;;;;;;;;;;ja;;;;;;;;;;;;;;;;;;ja;;;;;ja
Viertelkreis-Abschlussprofil Aluminium feinstruktur gelboliv (RAL 6014) 11 mm 250 cm;;;1060148111;Dural GmbH;10000;16,06;;DISCOUNT_PCT;50;;DISCOUNT_PCT;40;;;;;;;;;;020.010.3640;;;;;;;;;;;;;;;;;;;;;;;ja;;;;;;;;;;;;;;;;;;ja;;;;;ja
Aussenecke Aluminium feinstruktur gelboliv (RAL 6014) 11 mm Blister 2 Stück;;;1060148112;Dural GmbH;10000;7,76;;DISCOUNT_PCT;50;;DISCOUNT_PCT;40;;;;;;;;;;020.010.3650;;;;;;;;;;;;;;;;;;;;;;;ja;;;;;;;;;;;;;;;;;;ja;;;;;ja
Innenecke Aluminium feinstruktur gelboliv (RAL 6014) 11 mm Blister 2 Stück;;;1060148114;Dural GmbH;10000;7,76;;DISCOUNT_PCT;50;;DISCOUNT_PCT;40;;;;;;;;;;020.010.3660;;;;;;;;;;;;;;;;;;;;;;;ja;;;;;;;;;;;;;;;;;;ja;;;;;ja
Viertelkreis-Abschlussprofil Aluminium feinstruktur gelboliv (RAL 6014) 12,5 mm 250 cm;;;1060148121;Dural GmbH;10000;17,16;;DISCOUNT_PCT;50;;DISCOUNT_PCT;40;;;;;;;;;;020.010.3670;;;;;;;;;;;;;;;;;;;;;;;ja;;;;;;;;;;;;;;;;;;ja;;;;;ja
Aussenecke Aluminium feinstruktur gelboliv (RAL 6014) 12,5 mm Blister 2 Stück;;;1060148122;Dural GmbH;10000;7,76;;DISCOUNT_PCT;50;;DISCOUNT_PCT;40;;;;;;;;;;020.010.3680;;;;;;;;;;;;;;;;;;;;;;;ja;;;;;;;;;;;;;;;;;;ja;;;;;ja
Innenecke Aluminium feinstruktur gelboliv (RAL 6014) 12,5 mm Blister 2 Stück;;;1060148124;Dural GmbH;10000;7,76;;DISCOUNT_PCT;50;;DISCOUNT_PCT;40;;;;;;;;;;020.010.3690;;;;;;;;;;;;;;;;;;;;;;;ja;;;;;;;;;;;;;;;;;;ja;;;;;ja
Viertelkreis-Abschlussprofil Aluminium pulverbeschichtet betongrau (RAL 0006500) 6 mm 250 cm;;;10658061;Dural GmbH;10000;11,52;;DISCOUNT_PCT;50;;DISCOUNT_PCT;40;;;;;;;;;;020.010.3700;;;;;;;;;;;;;;;;;;;;;;;ja;;;;;;;;;;;;;;;;;;ja;;;;;ja
Aussenecke Aluminium pulverbeschichtet betongrau (RAL 0006500) 6 mm Blister 2 Stück;;;10658062;Dural GmbH;10000;7;;DISCOUNT_PCT;50;;DISCOUNT_PCT;40;;;;;;;;;;020.010.3710;;;;;;;;;;;;;;;;;;;;;;;ja;;;;;;;;;;;;;;;;;;ja;;;;;ja
Innenecke Aluminium pulverbeschichtet betongrau (RAL 0006500) 6 mm Blister 2 Stück;;;10658064;Dural GmbH;10000;7;;DISCOUNT_PCT;50;;DISCOUNT_PCT;40;;;;;;;;;;020.010.3720;;;;;;;;;;;;;;;;;;;;;;;ja;;;;;;;;;;;;;;;;;;ja;;;;;ja
Viertelkreis-Abschlussprofil Aluminium pulverbeschichtet betongrau (RAL 0006500) 11 mm 250 cm;;;10658111;Dural GmbH;10000;13,38;;DISCOUNT_PCT;50;;DISCOUNT_PCT;40;;;;;;;;;;020.010.3730;;;;;;;;;;;;;;;;;;;;;;;ja;;;;;;;;;;;;;;;;;;ja;;;;;ja
Aussenecke Aluminium pulverbeschichtet betongrau (RAL 0006500) 11 mm Blister 2 Stück;;;10658112;Dural GmbH;10000;7,26;;DISCOUNT_PCT;50;;DISCOUNT_PCT;40;;;;;;;;;;020.010.3740;;;;;;;;;;;;;;;;;;;;;;;ja;;;;;;;;;;;;;;;;;;ja;;;;;ja
Innenecke Aluminium pulverbeschichtet betongrau (RAL 0006500) 11 mm Blister 2 Stück;;;10658114;Dural GmbH;10000;7,26;;DISCOUNT_PCT;50;;DISCOUNT_PCT;40;;;;;;;;;;020.010.3750;;;;;;;;;;;;;;;;;;;;;;;ja;;;;;;;;;;;;;;;;;;ja;;;;;ja
Viertelkreis-Abschlussprofil Aluminium feinstruktur moosgrau (RAL 7003) 6 mm 250 cm;;;1070038061;Dural GmbH;10000;13;;DISCOUNT_PCT;50;;DISCOUNT_PCT;40;;;;;;;;;;020.010.3760;;;;;;;;;;;;;;;;;;;;;;;ja;;;;;;;;;;;;;;;;;;ja;;;;;ja
Aussenecke Aluminium feinstruktur moosgrau (RAL 7003) 6 mm Blister 2 Stück;;;1070038062;Dural GmbH;10000;7,76;;DISCOUNT_PCT;50;;DISCOUNT_PCT;40;;;;;;;;;;020.010.3770;;;;;;;;;;;;;;;;;;;;;;;ja;;;;;;;;;;;;;;;;;;ja;;;;;ja
Innenecke Aluminium feinstruktur moosgrau (RAL 7003) 6 mm Blister 2 Stück;;;1070038064;Dural GmbH;10000;7,76;;DISCOUNT_PCT;50;;DISCOUNT_PCT;40;;;;;;;;;;020.010.3780;;;;;;;;;;;;;;;;;;;;;;;ja;;;;;;;;;;;;;;;;;;ja;;;;;ja
Viertelkreis-Abschlussprofil Aluminium feinstruktur moosgrau (RAL 7003) 8 mm 250 cm;;;1070038081;Dural GmbH;10000;13,64;;DISCOUNT_PCT;50;;DISCOUNT_PCT;40;;;;;;;;;;020.010.3790;;;;;;;;;;;;;;;;;;;;;;;ja;;;;;;;;;;;;;;;;;;ja;;;;;ja
Aussenecke Aluminium feinstruktur moosgrau (RAL 7003) 8 mm Blister 2 Stück;;;1070038082;Dural GmbH;10000;7,76;;DISCOUNT_PCT;50;;DISCOUNT_PCT;40;;;;;;;;;;020.010.3800;;;;;;;;;;;;;;;;;;;;;;;ja;;;;;;;;;;;;;;;;;;ja;;;;;ja
Innenecke Aluminium feinstruktur moosgrau (RAL 7003) 8 mm Blister 2 Stück;;;1070038084;Dural GmbH;10000;7,76;;DISCOUNT_PCT;50;;DISCOUNT_PCT;40;;;;;;;;;;020.010.3810;;;;;;;;;;;;;;;;;;;;;;;ja;;;;;;;;;;;;;;;;;;ja;;;;;ja
Viertelkreis-Abschlussprofil Aluminium feinstruktur moosgrau (RAL 7003) 10 mm 250 cm;;;1070038101;Dural GmbH;10000;15,66;;DISCOUNT_PCT;50;;DISCOUNT_PCT;40;;;;;;;;;;020.010.3820;;;;;;;;;;;;;;;;;;;;;;;ja;;;;;;;;;;;;;;;;;;ja;;;;;ja
Aussenecke Aluminium feinstruktur moosgrau (RAL 7003) 10 mm Blister 2 Stück;;;1070038102;Dural GmbH;10000;7,76;;DISCOUNT_PCT;50;;DISCOUNT_PCT;40;;;;;;;;;;020.010.3830;;;;;;;;;;;;;;;;;;;;;;;ja;;;;;;;;;;;;;;;;;;ja;;;;;ja
Innenecke Aluminium feinstruktur moosgrau (RAL 7003) 10 mm Blister 2 Stück;;;1070038104;Dural GmbH;10000;7,76;;DISCOUNT_PCT;50;;DISCOUNT_PCT;40;;;;;;;;;;020.010.3840;;;;;;;;;;;;;;;;;;;;;;;ja;;;;;;;;;;;;;;;;;;ja;;;;;ja
Viertelkreis-Abschlussprofil Aluminium feinstruktur moosgrau (RAL 7003) 11 mm 250 cm;;;1070038111;Dural GmbH;10000;16,06;;DISCOUNT_PCT;50;;DISCOUNT_PCT;40;;;;;;;;;;020.010.3850;;;;;;;;;;;;;;;;;;;;;;;ja;;;;;;;;;;;;;;;;;;ja;;;;;ja
Aussenecke Aluminium feinstruktur moosgrau (RAL 7003) 11 mm Blister 2 Stück;;;1070038112;Dural GmbH;10000;7,76;;DISCOUNT_PCT;50;;DISCOUNT_PCT;40;;;;;;;;;;020.010.3860;;;;;;;;;;;;;;;;;;;;;;;ja;;;;;;;;;;;;;;;;;;ja;;;;;ja
Innenecke Aluminium feinstruktur moosgrau (RAL 7003) 11 mm Blister 2 Stück;;;1070038114;Dural GmbH;10000;7,76;;DISCOUNT_PCT;50;;DISCOUNT_PCT;40;;;;;;;;;;020.010.3870;;;;;;;;;;;;;;;;;;;;;;;ja;;;;;;;;;;;;;;;;;;ja;;;;;ja
Viertelkreis-Abschlussprofil Aluminium feinstruktur moosgrau (RAL 7003) 12,5 mm 250 cm;;;1070038121;Dural GmbH;10000;17,16;;DISCOUNT_PCT;50;;DISCOUNT_PCT;40;;;;;;;;;;020.010.3880;;;;;;;;;;;;;;;;;;;;;;;ja;;;;;;;;;;;;;;;;;;ja;;;;;ja
Aussenecke Aluminium feinstruktur moosgrau (RAL 7003) 12,5 mm Blister 2 Stück;;;1070038122;Dural GmbH;10000;7,76;;DISCOUNT_PCT;50;;DISCOUNT_PCT;40;;;;;;;;;;020.010.3890;;;;;;;;;;;;;;;;;;;;;;;ja;;;;;;;;;;;;;;;;;;ja;;;;;ja
Innenecke Aluminium feinstruktur moosgrau (RAL 7003) 12,5 mm Blister 2 Stück;;;1070038124;Dural GmbH;10000;7,76;;DISCOUNT_PCT;50;;DISCOUNT_PCT;40;;;;;;;;;;020.010.3900;;;;;;;;;;;;;;;;;;;;;;;ja;;;;;;;;;;;;;;;;;;ja;;;;;ja
Viertelkreis-Abschlussprofil Aluminium feinstruktur beigegrau (RAL 7006) 6 mm 250 cm;;;1070068061;Dural GmbH;10000;13;;DISCOUNT_PCT;50;;DISCOUNT_PCT;40;;;;;;;;;;020.010.3910;;;;;;;;;;;;;;;;;;;;;;;ja;;;;;;;;;;;;;;;;;;ja;;;;;ja
Aussenecke Aluminium feinstruktur beigegrau (RAL 7006) 6 mm Blister 2 Stück;;;1070068062;Dural GmbH;10000;7,76;;DISCOUNT_PCT;50;;DISCOUNT_PCT;40;;;;;;;;;;020.010.3920;;;;;;;;;;;;;;;;;;;;;;;ja;;;;;;;;;;;;;;;;;;ja;;;;;ja
Innenecke Aluminium feinstruktur beigegrau (RAL 7006) 6 mm Blister 2 Stück;;;1070068064;Dural GmbH;10000;7,76;;DISCOUNT_PCT;50;;DISCOUNT_PCT;40;;;;;;;;;;020.010.3930;;;;;;;;;;;;;;;;;;;;;;;ja;;;;;;;;;;;;;;;;;;ja;;;;;ja
Viertelkreis-Abschlussprofil Aluminium feinstruktur beigegrau (RAL 7006) 8 mm 250 cm;;;1070068081;Dural GmbH;10000;13,64;;DISCOUNT_PCT;50;;DISCOUNT_PCT;40;;;;;;;;;;020.010.3940;;;;;;;;;;;;;;;;;;;;;;;ja;;;;;;;;;;;;;;;;;;ja;;;;;ja
Aussenecke Aluminium feinstruktur beigegrau (RAL 7006) 8 mm Blister 2 Stück;;;1070068082;Dural GmbH;10000;7,76;;DISCOUNT_PCT;50;;DISCOUNT_PCT;40;;;;;;;;;;020.010.3950;;;;;;;;;;;;;;;;;;;;;;;ja;;;;;;;;;;;;;;;;;;ja;;;;;ja
Innenecke Aluminium feinstruktur beigegrau (RAL 7006) 8 mm Blister 2 Stück;;;1070068084;Dural GmbH;10000;7,76;;DISCOUNT_PCT;50;;DISCOUNT_PCT;40;;;;;;;;;;020.010.3960;;;;;;;;;;;;;;;;;;;;;;;ja;;;;;;;;;;;;;;;;;;ja;;;;;ja
Viertelkreis-Abschlussprofil Aluminium feinstruktur beigegrau (RAL 7006) 10 mm 250 cm;;;1070068101;Dural GmbH;10000;15,66;;DISCOUNT_PCT;50;;DISCOUNT_PCT;40;;;;;;;;;;020.010.3970;;;;;;;;;;;;;;;;;;;;;;;ja;;;;;;;;;;;;;;;;;;ja;;;;;ja
Aussenecke für Viertelkreis-Abschlussprofil Aluminium strukturbeschichtet beigegrau (RAL 7006) 10 mm Blister 2 Stück;;;1070068102;Dural GmbH;10000;7,76;;DISCOUNT_PCT;50;;DISCOUNT_PCT;40;;;;;;;;;;020.010.3980;;;;;;;;;;;;;;;;;;;;;;;ja;;;;;;;;;;;;;;;;;;ja;;;;;ja
Innenecke für Viertelkreis-Abschlussprofil Aluminium strukturbeschichtet beigegrau (RAL 7006) 10 mm Blister 2 Stück;;;1070068104;Dural GmbH;10000;7,76;;DISCOUNT_PCT;50;;DISCOUNT_PCT;40;;;;;;;;;;020.010.3990;;;;;;;;;;;;;;;;;;;;;;;ja;;;;;;;;;;;;;;;;;;ja;;;;;ja
Viertelkreis-Abschlussprofil Aluminium strukturbeschichtet beigegrau (RAL 7006) 11 mm 250 cm;;;1070068111;Dural GmbH;10000;16,06;;DISCOUNT_PCT;50;;DISCOUNT_PCT;40;;;;;;;;;;020.010.4000;;;;;;;;;;;;;;;;;;;;;;;ja;;;;;;;;;;;;;;;;;;ja;;;;;ja
Aussenecke für Viertelkreis-Abschlussprofil Aluminium strukturbeschichtet beigegrau (RAL 7006) 11 mm Blister 2 Stück;;;1070068112;Dural GmbH;10000;7,76;;DISCOUNT_PCT;50;;DISCOUNT_PCT;40;;;;;;;;;;020.010.4010;;;;;;;;;;;;;;;;;;;;;;;ja;;;;;;;;;;;;;;;;;;ja;;;;;ja
Innenecke für Viertelkreis-Abschlussprofil Aluminium strukturbeschichtet beigegrau (RAL 7006) 11 mm Blister 2 Stück;;;1070068114;Dural GmbH;10000;7,76;;DISCOUNT_PCT;50;;DISCOUNT_PCT;40;;;;;;;;;;020.010.4020;;;;;;;;;;;;;;;;;;;;;;;ja;;;;;;;;;;;;;;;;;;ja;;;;;ja
Viertelkreis-Abschlussprofil Aluminium strukturbeschichtet beigegrau (RAL 7006) 12,5 mm 250 cm;;;1070068121;Dural GmbH;10000;17,16;;DISCOUNT_PCT;50;;DISCOUNT_PCT;40;;;;;;;;;;020.010.4030;;;;;;;;;;;;;;;;;;;;;;;ja;;;;;;;;;;;;;;;;;;ja;;;;;ja
Aussenecke für Viertelkreis-Abschlussprofil Aluminium strukturbeschichtet beigegrau (RAL 7006) 12,5 mm Blister 2 Stück;;;1070068122;Dural GmbH;10000;7,76;;DISCOUNT_PCT;50;;DISCOUNT_PCT;40;;;;;;;;;;020.010.4040;;;;;;;;;;;;;;;;;;;;;;;ja;;;;;;;;;;;;;;;;;;ja;;;;;ja
Innenecke für Viertelkreis-Abschlussprofil Aluminium strukturbeschichtet beigegrau (RAL 7006) 12,5 mm Blister 2 Stück;;;1070068124;Dural GmbH;10000;7,76;;DISCOUNT_PCT;50;;DISCOUNT_PCT;40;;;;;;;;;;020.010.4050;;;;;;;;;;;;;;;;;;;;;;;ja;;;;;;;;;;;;;;;;;;ja;;;;;ja
Viertelkreis-Abschlussprofil Aluminium pulverbeschichtet eisengrau matt (RAL 7011) mm 250 cm;;;1070118061;Dural GmbH;10000;11,52;;DISCOUNT_PCT;50;;DISCOUNT_PCT;40;;;;;;;;;;020.010.4060;;;;;;;;;;;;;;;;;;;;;;;ja;;;;;;;;;;;;;;;;;;ja;;;;;ja
Aussenecke für Viertelkreis-Abschlussprofil Aluminium pulverbeschichtet eisengrau matt (RAL 7011) mm Blister 2 Stück;;;1070118062;Dural GmbH;10000;7;;DISCOUNT_PCT;50;;DISCOUNT_PCT;40;;;;;;;;;;020.010.4070;;;;;;;;;;;;;;;;;;;;;;;ja;;;;;;;;;;;;;;;;;;ja;;;;;ja
Innenecke für Viertelkreis-Abschlussprofil Aluminium pulverbeschichtet eisengrau matt (RAL 7011) mm Blister 2 Stück;;;1070118064;Dural GmbH;10000;7;;DISCOUNT_PCT;50;;DISCOUNT_PCT;40;;;;;;;;;;020.010.4080;;;;;;;;;;;;;;;;;;;;;;;ja;;;;;;;;;;;;;;;;;;ja;;;;;ja
Viertelkreis-Abschlussprofil Aluminium pulverbeschichtet eisengrau matt (RAL 7011) 8 mm 250 cm;;;1070118081;Dural GmbH;10000;12,28;;DISCOUNT_PCT;50;;DISCOUNT_PCT;40;;;;;;;;;;020.010.4090;;;;;;;;;;;;;;;;;;;;;;;ja;;;;;;;;;;;;;;;;;;ja;;;;;ja
Aussenecke für Viertelkreis-Abschlussprofil Aluminium pulverbeschichtet eisengrau matt (RAL 7011) 8 mm Blister 2 Stück;;;1070118082;Dural GmbH;10000;7,1;;DISCOUNT_PCT;50;;DISCOUNT_PCT;40;;;;;;;;;;020.010.4100;;;;;;;;;;;;;;;;;;;;;;;ja;;;;;;;;;;;;;;;;;;ja;;;;;ja
Innenecke für Viertelkreis-Abschlussprofil Aluminium pulverbeschichtet eisengrau matt (RAL 7011) 8 mm Blister 2 Stück;;;1070118084;Dural GmbH;10000;7,1;;DISCOUNT_PCT;50;;DISCOUNT_PCT;40;;;;;;;;;;020.010.4110;;;;;;;;;;;;;;;;;;;;;;;ja;;;;;;;;;;;;;;;;;;ja;;;;;ja
Viertelkreis-Abschlussprofil Aluminium pulverbeschichtet eisengrau matt (RAL 7011) 10 mm 250 cm;;;1070118101;Dural GmbH;10000;13,06;;DISCOUNT_PCT;50;;DISCOUNT_PCT;40;;;;;;;;;;020.010.4120;;;;;;;;;;;;;;;;;;;;;;;ja;;;;;;;;;;;;;;;;;;ja;;;;;ja
Aussenecke für Viertelkreis-Abschlussprofil Aluminium pulverbeschichtet eisengrau matt (RAL 7011) 10 mm Blister 2 Stück;;;1070118102;Dural GmbH;10000;7,2;;DISCOUNT_PCT;50;;DISCOUNT_PCT;40;;;;;;;;;;020.010.4130;;;;;;;;;;;;;;;;;;;;;;;ja;;;;;;;;;;;;;;;;;;ja;;;;;ja
Innenecke für Viertelkreis-Abschlussprofil Aluminium pulverbeschichtet eisengrau matt (RAL 7011) 10 mm Blister 2 Stück;;;1070118104;Dural GmbH;10000;7,2;;DISCOUNT_PCT;50;;DISCOUNT_PCT;40;;;;;;;;;;020.010.4140;;;;;;;;;;;;;;;;;;;;;;;ja;;;;;;;;;;;;;;;;;;ja;;;;;ja
Viertelkreis-Abschlussprofil Aluminium pulverbeschichtet eisengrau matt (RAL 7011) 11 mm 250 cm;;;1070118111;Dural GmbH;10000;13,38;;DISCOUNT_PCT;50;;DISCOUNT_PCT;40;;;;;;;;;;020.010.4150;;;;;;;;;;;;;;;;;;;;;;;ja;;;;;;;;;;;;;;;;;;ja;;;;;ja
Aussenecke für Viertelkreis-Abschlussprofil Aluminium pulverbeschichtet eisengrau matt (RAL 7011) 11 mm Blister 2 Stück;;;1070118112;Dural GmbH;10000;7,26;;DISCOUNT_PCT;50;;DISCOUNT_PCT;40;;;;;;;;;;020.010.4160;;;;;;;;;;;;;;;;;;;;;;;ja;;;;;;;;;;;;;;;;;;ja;;;;;ja
Innenecke für Viertelkreis-Abschlussprofil Aluminium pulverbeschichtet eisengrau matt (RAL 7011) 11 mm Blister 2 Stück;;;1070118114;Dural GmbH;10000;7,26;;DISCOUNT_PCT;50;;DISCOUNT_PCT;40;;;;;;;;;;020.010.4170;;;;;;;;;;;;;;;;;;;;;;;ja;;;;;;;;;;;;;;;;;;ja;;;;;ja
Viertelkreis-Abschlussprofil Aluminium pulverbeschichtet eisengrau matt (RAL 7011) 12,5 mm 250 cm;;;1070118121;Dural GmbH;10000;14,3;;DISCOUNT_PCT;50;;DISCOUNT_PCT;40;;;;;;;;;;020.010.4180;;;;;;;;;;;;;;;;;;;;;;;ja;;;;;;;;;;;;;;;;;;ja;;;;;ja
Aussenecke für Viertelkreis-Abschlussprofil Aluminium pulverbeschichtet eisengrau matt (RAL 7011) 12,5 mm Blister 2 Stück;;;1070118122;Dural GmbH;10000;7,32;;DISCOUNT_PCT;50;;DISCOUNT_PCT;40;;;;;;;;;;020.010.4190;;;;;;;;;;;;;;;;;;;;;;;ja;;;;;;;;;;;;;;;;;;ja;;;;;ja
Innenecke für Viertelkreis-Abschlussprofil Aluminium pulverbeschichtet eisengrau matt (RAL 7011) 12,5 mm Blister 2 Stück;;;1070118124;Dural GmbH;10000;7,32;;DISCOUNT_PCT;50;;DISCOUNT_PCT;40;;;;;;;;;;020.010.4200;;;;;;;;;;;;;;;;;;;;;;;ja;;;;;;;;;;;;;;;;;;ja;;;;;ja
Viertelkreis-Abschlussprofil Aluminium pulverbeschichtet basaltgrau matt (RAL 7012) mm 250 cm;;;1070128061;Dural GmbH;10000;11,52;;DISCOUNT_PCT;50;;DISCOUNT_PCT;40;;;;;;;;;;020.010.4210;;;;;;;;;;;;;;;;;;;;;;;ja;;;;;;;;;;;;;;;;;;ja;;;;;ja
Aussenecke für Viertelkreis-Abschlussprofil Aluminium pulverbeschichtet basaltgrau matt (RAL 7012) mm Blister 2 Stück;;;1070128062;Dural GmbH;10000;7;;DISCOUNT_PCT;50;;DISCOUNT_PCT;40;;;;;;;;;;020.010.4220;;;;;;;;;;;;;;;;;;;;;;;ja;;;;;;;;;;;;;;;;;;ja;;;;;ja
Innenecke für Viertelkreis-Abschlussprofil Aluminium pulverbeschichtet basaltgrau matt (RAL 7012) mm Blister 2 Stück;;;1070128064;Dural GmbH;10000;7;;DISCOUNT_PCT;50;;DISCOUNT_PCT;40;;;;;;;;;;020.010.4230;;;;;;;;;;;;;;;;;;;;;;;ja;;;;;;;;;;;;;;;;;;ja;;;;;ja
Viertelkreis-Abschlussprofil Aluminium pulverbeschichtet basaltgrau matt (RAL 7012) 8 mm 250 cm;;;1070128081;Dural GmbH;10000;12,28;;DISCOUNT_PCT;50;;DISCOUNT_PCT;40;;;;;;;;;;020.010.4240;;;;;;;;;;;;;;;;;;;;;;;ja;;;;;;;;;;;;;;;;;;ja;;;;;ja
Aussenecke für Viertelkreis-Abschlussprofil Aluminium pulverbeschichtet basaltgrau matt (RAL 7012) 8 mm Blister 2 Stück;;;1070128082;Dural GmbH;10000;7,1;;DISCOUNT_PCT;50;;DISCOUNT_PCT;40;;;;;;;;;;020.010.4250;;;;;;;;;;;;;;;;;;;;;;;ja;;;;;;;;;;;;;;;;;;ja;;;;;ja
Innenecke für Viertelkreis-Abschlussprofil Aluminium pulverbeschichtet basaltgrau matt (RAL 7012) 8 mm Blister 2 Stück;;;1070128084;Dural GmbH;10000;7,1;;DISCOUNT_PCT;50;;DISCOUNT_PCT;40;;;;;;;;;;020.010.4260;;;;;;;;;;;;;;;;;;;;;;;ja;;;;;;;;;;;;;;;;;;ja;;;;;ja
Viertelkreis-Abschlussprofil Aluminium pulverbeschichtet basaltgrau matt (RAL 7012) 10 mm 250 cm;;;1070128101;Dural GmbH;10000;13,06;;DISCOUNT_PCT;50;;DISCOUNT_PCT;40;;;;;;;;;;020.010.4270;;;;;;;;;;;;;;;;;;;;;;;ja;;;;;;;;;;;;;;;;;;ja;;;;;ja
Aussenecke für Viertelkreis-Abschlussprofil Aluminium pulverbeschichtet basaltgrau matt (RAL 7012) 10 mm Blister 2 Stück;;;1070128102;Dural GmbH;10000;7,2;;DISCOUNT_PCT;50;;DISCOUNT_PCT;40;;;;;;;;;;020.010.4280;;;;;;;;;;;;;;;;;;;;;;;ja;;;;;;;;;;;;;;;;;;ja;;;;;ja
Innenecke für Viertelkreis-Abschlussprofil Aluminium pulverbeschichtet basaltgrau matt (RAL 7012) 10 mm Blister 2 Stück;;;1070128104;Dural GmbH;10000;7,2;;DISCOUNT_PCT;50;;DISCOUNT_PCT;40;;;;;;;;;;020.010.4290;;;;;;;;;;;;;;;;;;;;;;;ja;;;;;;;;;;;;;;;;;;ja;;;;;ja
Viertelkreis-Abschlussprofil Aluminium pulverbeschichtet basaltgrau matt (RAL 7012) 11 mm 250 cm;;;1070128111;Dural GmbH;10000;13,38;;DISCOUNT_PCT;50;;DISCOUNT_PCT;40;;;;;;;;;;020.010.4300;;;;;;;;;;;;;;;;;;;;;;;ja;;;;;;;;;;;;;;;;;;ja;;;;;ja
Aussenecke für Viertelkreis-Abschlussprofil Aluminium pulverbeschichtet basaltgrau matt (RAL 7012) 11 mm Blister 2 Stück;;;1070128112;Dural GmbH;10000;7,26;;DISCOUNT_PCT;50;;DISCOUNT_PCT;40;;;;;;;;;;020.010.4310;;;;;;;;;;;;;;;;;;;;;;;ja;;;;;;;;;;;;;;;;;;ja;;;;;ja
Innenecke für Viertelkreis-Abschlussprofil Aluminium pulverbeschichtet basaltgrau matt (RAL 7012) 11 mm Blister 2 Stück;;;1070128114;Dural GmbH;10000;7,26;;DISCOUNT_PCT;50;;DISCOUNT_PCT;40;;;;;;;;;;020.010.4320;;;;;;;;;;;;;;;;;;;;;;;ja;;;;;;;;;;;;;;;;;;ja;;;;;ja
Viertelkreis-Abschlussprofil Aluminium pulverbeschichtet basaltgrau matt (RAL 7012) 12,5 mm 250 cm;;;1070128121;Dural GmbH;10000;14,3;;DISCOUNT_PCT;50;;DISCOUNT_PCT;40;;;;;;;;;;020.010.4330;;;;;;;;;;;;;;;;;;;;;;;ja;;;;;;;;;;;;;;;;;;ja;;;;;ja
Aussenecke für Viertelkreis-Abschlussprofil Aluminium pulverbeschichtet basaltgrau matt (RAL 7012) 12,5 mm Blister 2 Stück;;;1070128122;Dural GmbH;10000;7,32;;DISCOUNT_PCT;50;;DISCOUNT_PCT;40;;;;;;;;;;020.010.4340;;;;;;;;;;;;;;;;;;;;;;;ja;;;;;;;;;;;;;;;;;;ja;;;;;ja
Innenecke für Viertelkreis-Abschlussprofil Aluminium pulverbeschichtet basaltgrau matt (RAL 7012) 12,5 mm Blister 2 Stück;;;1070128124;Dural GmbH;10000;7,32;;DISCOUNT_PCT;50;;DISCOUNT_PCT;40;;;;;;;;;;020.010.4350;;;;;;;;;;;;;;;;;;;;;;;ja;;;;;;;;;;;;;;;;;;ja;;;;;ja
Viertelkreis-Abschlussprofil Aluminium strukturbeschichtet braungrau (RAL 7013) mm 250 cm;;;1070138061;Dural GmbH;10000;13;;DISCOUNT_PCT;50;;DISCOUNT_PCT;40;;;;;;;;;;020.010.4360;;;;;;;;;;;;;;;;;;;;;;;ja;;;;;;;;;;;;;;;;;;ja;;;;;ja
Aussenecke für Viertelkreis-Abschlussprofil Aluminium strukturbeschichtet braungrau (RAL 7013) mm Blister 2 Stück;;;1070138062;Dural GmbH;10000;7,76;;DISCOUNT_PCT;50;;DISCOUNT_PCT;40;;;;;;;;;;020.010.4370;;;;;;;;;;;;;;;;;;;;;;;ja;;;;;;;;;;;;;;;;;;ja;;;;;ja
Innenecke für Viertelkreis-Abschlussprofil Aluminium strukturbeschichtet braungrau (RAL 7013) mm Blister 2 Stück;;;1070138064;Dural GmbH;10000;7,76;;DISCOUNT_PCT;50;;DISCOUNT_PCT;40;;;;;;;;;;020.010.4380;;;;;;;;;;;;;;;;;;;;;;;ja;;;;;;;;;;;;;;;;;;ja;;;;;ja
Viertelkreis-Abschlussprofil Aluminium strukturbeschichtet braungrau (RAL 7013) 8 mm 250 cm;;;1070138081;Dural GmbH;10000;13,64;;DISCOUNT_PCT;50;;DISCOUNT_PCT;40;;;;;;;;;;020.010.4390;;;;;;;;;;;;;;;;;;;;;;;ja;;;;;;;;;;;;;;;;;;ja;;;;;ja
Aussenecke für Viertelkreis-Abschlussprofil Aluminium strukturbeschichtet braungrau (RAL 7013) 8 mm Blister 2 Stück;;;1070138082;Dural GmbH;10000;7,76;;DISCOUNT_PCT;50;;DISCOUNT_PCT;40;;;;;;;;;;020.010.4400;;;;;;;;;;;;;;;;;;;;;;;ja;;;;;;;;;;;;;;;;;;ja;;;;;ja
Innenecke für Viertelkreis-Abschlussprofil Aluminium strukturbeschichtet braungrau (RAL 7013) 8 mm Blister 2 Stück;;;1070138084;Dural GmbH;10000;7,76;;DISCOUNT_PCT;50;;DISCOUNT_PCT;40;;;;;;;;;;020.010.4410;;;;;;;;;;;;;;;;;;;;;;;ja;;;;;;;;;;;;;;;;;;ja;;;;;ja
Viertelkreis-Abschlussprofil Aluminium strukturbeschichtet braungrau (RAL 7013) 10 mm 250 cm;;;1070138101;Dural GmbH;10000;15,66;;DISCOUNT_PCT;50;;DISCOUNT_PCT;40;;;;;;;;;;020.010.4420;;;;;;;;;;;;;;;;;;;;;;;ja;;;;;;;;;;;;;;;;;;ja;;;;;ja
Aussenecke für Viertelkreis-Abschlussprofil Aluminium strukturbeschichtet braungrau (RAL 7013) 10 mm Blister 2 Stück;;;1070138102;Dural GmbH;10000;7,76;;DISCOUNT_PCT;50;;DISCOUNT_PCT;40;;;;;;;;;;020.010.4430;;;;;;;;;;;;;;;;;;;;;;;ja;;;;;;;;;;;;;;;;;;ja;;;;;ja
Innenecke für Viertelkreis-Abschlussprofil Aluminium strukturbeschichtet braungrau (RAL 7013) 10 mm Blister 2 Stück;;;1070138104;Dural GmbH;10000;7,76;;DISCOUNT_PCT;50;;DISCOUNT_PCT;40;;;;;;;;;;020.010.4440;;;;;;;;;;;;;;;;;;;;;;;ja;;;;;;;;;;;;;;;;;;ja;;;;;ja
Viertelkreis-Abschlussprofil Aluminium strukturbeschichtet braungrau (RAL 7013) 11 mm 250 cm;;;1070138111;Dural GmbH;10000;16,06;;DISCOUNT_PCT;50;;DISCOUNT_PCT;40;;;;;;;;;;020.010.4450;;;;;;;;;;;;;;;;;;;;;;;ja;;;;;;;;;;;;;;;;;;ja;;;;;ja
Aussenecke für Viertelkreis-Abschlussprofil Aluminium strukturbeschichtet braungrau (RAL 7013) 11 mm Blister 2 Stück;;;1070138112;Dural GmbH;10000;7,76;;DISCOUNT_PCT;50;;DISCOUNT_PCT;40;;;;;;;;;;020.010.4460;;;;;;;;;;;;;;;;;;;;;;;ja;;;;;;;;;;;;;;;;;;ja;;;;;ja
Innenecke für Viertelkreis-Abschlussprofil Aluminium strukturbeschichtet braungrau (RAL 7013) 11 mm Blister 2 Stück;;;1070138114;Dural GmbH;10000;7,76;;DISCOUNT_PCT;50;;DISCOUNT_PCT;40;;;;;;;;;;020.010.4470;;;;;;;;;;;;;;;;;;;;;;;ja;;;;;;;;;;;;;;;;;;ja;;;;;ja
Viertelkreis-Abschlussprofil Aluminium strukturbeschichtet braungrau (RAL 7013) 12,5 mm 250 cm;;;1070138121;Dural GmbH;10000;17,16;;DISCOUNT_PCT;50;;DISCOUNT_PCT;40;;;;;;;;;;020.010.4480;;;;;;;;;;;;;;;;;;;;;;;ja;;;;;;;;;;;;;;;;;;ja;;;;;ja
Aussenecke für Viertelkreis-Abschlussprofil Aluminium strukturbeschichtet braungrau (RAL 7013) 12,5 mm Blister 2 Stück;;;1070138122;Dural GmbH;10000;7,76;;DISCOUNT_PCT;50;;DISCOUNT_PCT;40;;;;;;;;;;020.010.4490;;;;;;;;;;;;;;;;;;;;;;;ja;;;;;;;;;;;;;;;;;;ja;;;;;ja
Innenecke für Viertelkreis-Abschlussprofil Aluminium strukturbeschichtet braungrau (RAL 7013) 12,5 mm Blister 2 Stück;;;1070138124;Dural GmbH;10000;7,76;;DISCOUNT_PCT;50;;DISCOUNT_PCT;40;;;;;;;;;;020.010.4500;;;;;;;;;;;;;;;;;;;;;;;ja;;;;;;;;;;;;;;;;;;ja;;;;;ja
Viertelkreis-Abschlussprofil Aluminium pulverbeschichtet anthrazitgrau matt (RAL 7016) mm 250 cm;;;1070168061;Dural GmbH;10000;11,52;;DISCOUNT_PCT;50;;DISCOUNT_PCT;40;;;;;;;;;;020.010.4510;;;;;;;;;;;;;;;;;;;;;;;ja;;;;;;;;;;;;;;;;;;ja;;;;;ja
Aussenecke für Viertelkreis-Abschlussprofil Aluminium pulverbeschichtet anthrazitgrau matt (RAL 7016) mm Blister 2 Stück;;;1070168062;Dural GmbH;10000;7;;DISCOUNT_PCT;50;;DISCOUNT_PCT;40;;;;;;;;;;020.010.4520;;;;;;;;;;;;;;;;;;;;;;;ja;;;;;;;;;;;;;;;;;;ja;;;;;ja
Innenecke für Viertelkreis-Abschlussprofil Aluminium pulverbeschichtet anthrazitgrau matt (RAL 7016) mm Blister 2 Stück;;;1070168064;Dural GmbH;10000;7;;DISCOUNT_PCT;50;;DISCOUNT_PCT;40;;;;;;;;;;020.010.4530;;;;;;;;;;;;;;;;;;;;;;;ja;;;;;;;;;;;;;;;;;;ja;;;;;ja
Viertelkreis-Abschlussprofil Aluminium pulverbeschichtet anthrazitgrau matt (RAL 7016) 8 mm 250 cm;;;1070168081;Dural GmbH;10000;12,28;;DISCOUNT_PCT;50;;DISCOUNT_PCT;40;;;;;;;;;;020.010.4540;;;;;;;;;;;;;;;;;;;;;;;ja;;;;;;;;;;;;;;;;;;ja;;;;;ja
Aussenecke für Viertelkreis-Abschlussprofil Aluminium pulverbeschichtet anthrazitgrau matt (RAL 7016) 8 mm Blister 2 Stück;;;1070168082;Dural GmbH;10000;7,1;;DISCOUNT_PCT;50;;DISCOUNT_PCT;40;;;;;;;;;;020.010.4550;;;;;;;;;;;;;;;;;;;;;;;ja;;;;;;;;;;;;;;;;;;ja;;;;;ja
Innenecke für Viertelkreis-Abschlussprofil Aluminium pulverbeschichtet anthrazitgrau matt (RAL 7016) 8 mm Blister 2 Stück;;;1070168084;Dural GmbH;10000;7,1;;DISCOUNT_PCT;50;;DISCOUNT_PCT;40;;;;;;;;;;020.010.4560;;;;;;;;;;;;;;;;;;;;;;;ja;;;;;;;;;;;;;;;;;;ja;;;;;ja
Viertelkreis-Abschlussprofil Aluminium pulverbeschichtet anthrazitgrau matt (RAL 7016) 10 mm 250 cm;;;1070168101;Dural GmbH;10000;13,06;;DISCOUNT_PCT;50;;DISCOUNT_PCT;40;;;;;;;;;;020.010.4570;;;;;;;;;;;;;;;;;;;;;;;ja;;;;;;;;;;;;;;;;;;ja;;;;;ja
Aussenecke für Viertelkreis-Abschlussprofil Aluminium pulverbeschichtet anthrazitgrau matt (RAL 7016) 10 mm Blister 2 Stück;;;1070168102;Dural GmbH;10000;7,2;;DISCOUNT_PCT;50;;DISCOUNT_PCT;40;;;;;;;;;;020.010.4580;;;;;;;;;;;;;;;;;;;;;;;ja;;;;;;;;;;;;;;;;;;ja;;;;;ja
Innenecke für Viertelkreis-Abschlussprofil Aluminium pulverbeschichtet anthrazitgrau matt (RAL 7016) 10 mm Blister 2 Stück;;;1070168104;Dural GmbH;10000;7,2;;DISCOUNT_PCT;50;;DISCOUNT_PCT;40;;;;;;;;;;020.010.4590;;;;;;;;;;;;;;;;;;;;;;;ja;;;;;;;;;;;;;;;;;;ja;;;;;ja
Viertelkreis-Abschlussprofil Aluminium pulverbeschichtet anthrazitgrau matt (RAL 7016) 11 mm 250 cm;;;1070168111;Dural GmbH;10000;13,38;;DISCOUNT_PCT;50;;DISCOUNT_PCT;40;;;;;;;;;;020.010.4600;;;;;;;;;;;;;;;;;;;;;;;ja;;;;;;;;;;;;;;;;;;ja;;;;;ja
Aussenecke für Viertelkreis-Abschlussprofil Aluminium pulverbeschichtet anthrazitgrau matt (RAL 7016) 11 mm Blister 2 Stück;;;1070168112;Dural GmbH;10000;7,26;;DISCOUNT_PCT;50;;DISCOUNT_PCT;40;;;;;;;;;;020.010.4610;;;;;;;;;;;;;;;;;;;;;;;ja;;;;;;;;;;;;;;;;;;ja;;;;;ja
Innenecke für Viertelkreis-Abschlussprofil Aluminium pulverbeschichtet anthrazitgrau matt (RAL 7016) 11 mm Blister 2 Stück;;;1070168114;Dural GmbH;10000;7,26;;DISCOUNT_PCT;50;;DISCOUNT_PCT;40;;;;;;;;;;020.010.4620;;;;;;;;;;;;;;;;;;;;;;;ja;;;;;;;;;;;;;;;;;;ja;;;;;ja
Viertelkreis-Abschlussprofil Aluminium pulverbeschichtet anthrazitgrau matt (RAL 7016) 12,5 mm 250 cm;;;1070168121;Dural GmbH;10000;14,3;;DISCOUNT_PCT;50;;DISCOUNT_PCT;40;;;;;;;;;;020.010.4630;;;;;;;;;;;;;;;;;;;;;;;ja;;;;;;;;;;;;;;;;;;ja;;;;;ja
Aussenecke für Viertelkreis-Abschlussprofil Aluminium pulverbeschichtet anthrazitgrau matt (RAL 7016) 12,5 mm Blister 2 Stück;;;1070168122;Dural GmbH;10000;7,32;;DISCOUNT_PCT;50;;DISCOUNT_PCT;40;;;;;;;;;;020.010.4640;;;;;;;;;;;;;;;;;;;;;;;ja;;;;;;;;;;;;;;;;;;ja;;;;;ja
Innenecke für Viertelkreis-Abschlussprofil Aluminium pulverbeschichtet anthrazitgrau matt (RAL 7016) 12,5 mm Blister 2 Stück;;;1070168124;Dural GmbH;10000;7,32;;DISCOUNT_PCT;50;;DISCOUNT_PCT;40;;;;;;;;;;020.010.4650;;;;;;;;;;;;;;;;;;;;;;;ja;;;;;;;;;;;;;;;;;;ja;;;;;ja
Viertelkreis-Abschlussprofil Aluminium pulverbeschichtet schwarzgrau matt (RAL 7021) mm 250 cm;;;1070218061;Dural GmbH;10000;11,52;;DISCOUNT_PCT;50;;DISCOUNT_PCT;40;;;;;;;;;;020.010.4660;;;;;;;;;;;;;;;;;;;;;;;ja;;;;;;;;;;;;;;;;;;ja;;;;;ja
Aussenecke für Viertelkreis-Abschlussprofil Aluminium pulverbeschichtet schwarzgrau matt (RAL 7021) mm Blister 2 Stück;;;1070218062;Dural GmbH;10000;7;;DISCOUNT_PCT;50;;DISCOUNT_PCT;40;;;;;;;;;;020.010.4670;;;;;;;;;;;;;;;;;;;;;;;ja;;;;;;;;;;;;;;;;;;ja;;;;;ja
Innenecke für Viertelkreis-Abschlussprofil Aluminium pulverbeschichtet schwarzgrau matt (RAL 7021) mm Blister 2 Stück;;;1070218064;Dural GmbH;10000;7;;DISCOUNT_PCT;50;;DISCOUNT_PCT;40;;;;;;;;;;020.010.4680;;;;;;;;;;;;;;;;;;;;;;;ja;;;;;;;;;;;;;;;;;;ja;;;;;ja
Viertelkreis-Abschlussprofil Aluminium pulverbeschichtet schwarzgrau matt (RAL 7021) 8 mm 250 cm;;;1070218081;Dural GmbH;10000;12,28;;DISCOUNT_PCT;50;;DISCOUNT_PCT;40;;;;;;;;;;020.010.4690;;;;;;;;;;;;;;;;;;;;;;;ja;;;;;;;;;;;;;;;;;;ja;;;;;ja
Aussenecke für Viertelkreis-Abschlussprofil Aluminium pulverbeschichtet schwarzgrau matt (RAL 7021) 8 mm Blister 2 Stück;;;1070218082;Dural GmbH;10000;7,1;;DISCOUNT_PCT;50;;DISCOUNT_PCT;40;;;;;;;;;;020.010.4700;;;;;;;;;;;;;;;;;;;;;;;ja;;;;;;;;;;;;;;;;;;ja;;;;;ja
Innenecke für Viertelkreis-Abschlussprofil Aluminium pulverbeschichtet schwarzgrau matt (RAL 7021) 8 mm Blister 2 Stück;;;1070218084;Dural GmbH;10000;7,1;;DISCOUNT_PCT;50;;DISCOUNT_PCT;40;;;;;;;;;;020.010.4710;;;;;;;;;;;;;;;;;;;;;;;ja;;;;;;;;;;;;;;;;;;ja;;;;;ja
Viertelkreis-Abschlussprofil Aluminium pulverbeschichtet schwarzgrau matt (RAL 7021) 10 mm 250 cm;;;1070218101;Dural GmbH;10000;13,06;;DISCOUNT_PCT;50;;DISCOUNT_PCT;40;;;;;;;;;;020.010.4720;;;;;;;;;;;;;;;;;;;;;;;ja;;;;;;;;;;;;;;;;;;ja;;;;;ja
Aussenecke für Viertelkreis-Abschlussprofil Aluminium pulverbeschichtet schwarzgrau matt (RAL 7021) 10 mm Blister 2 Stück;;;1070218102;Dural GmbH;10000;7,2;;DISCOUNT_PCT;50;;DISCOUNT_PCT;40;;;;;;;;;;020.010.4730;;;;;;;;;;;;;;;;;;;;;;;ja;;;;;;;;;;;;;;;;;;ja;;;;;ja
Innenecke für Viertelkreis-Abschlussprofil Aluminium pulverbeschichtet schwarzgrau matt (RAL 7021) 10 mm Blister 2 Stück;;;1070218104;Dural GmbH;10000;7,2;;DISCOUNT_PCT;50;;DISCOUNT_PCT;40;;;;;;;;;;020.010.4740;;;;;;;;;;;;;;;;;;;;;;;ja;;;;;;;;;;;;;;;;;;ja;;;;;ja
Viertelkreis-Abschlussprofil Aluminium pulverbeschichtet schwarzgrau matt (RAL 7021) 11 mm 250 cm;;;1070218111;Dural GmbH;10000;13,38;;DISCOUNT_PCT;50;;DISCOUNT_PCT;40;;;;;;;;;;020.010.4750;;;;;;;;;;;;;;;;;;;;;;;ja;;;;;;;;;;;;;;;;;;ja;;;;;ja
Aussenecke für Viertelkreis-Abschlussprofil Aluminium pulverbeschichtet schwarzgrau matt (RAL 7021) 11 mm Blister 2 Stück;;;1070218112;Dural GmbH;10000;7,26;;DISCOUNT_PCT;50;;DISCOUNT_PCT;40;;;;;;;;;;020.010.4760;;;;;;;;;;;;;;;;;;;;;;;ja;;;;;;;;;;;;;;;;;;ja;;;;;ja
Innenecke für Viertelkreis-Abschlussprofil Aluminium pulverbeschichtet schwarzgrau matt (RAL 7021) 11 mm Blister 2 Stück;;;1070218114;Dural GmbH;10000;7,26;;DISCOUNT_PCT;50;;DISCOUNT_PCT;40;;;;;;;;;;020.010.4770;;;;;;;;;;;;;;;;;;;;;;;ja;;;;;;;;;;;;;;;;;;ja;;;;;ja
Viertelkreis-Abschlussprofil Aluminium pulverbeschichtet schwarzgrau matt (RAL 7021) 12,5 mm 250 cm;;;1070218121;Dural GmbH;10000;14,3;;DISCOUNT_PCT;50;;DISCOUNT_PCT;40;;;;;;;;;;020.010.4780;;;;;;;;;;;;;;;;;;;;;;;ja;;;;;;;;;;;;;;;;;;ja;;;;;ja
Aussenecke für Viertelkreis-Abschlussprofil Aluminium pulverbeschichtet schwarzgrau matt (RAL 7021) 12,5 mm Blister 2 Stück;;;1070218122;Dural GmbH;10000;7,32;;DISCOUNT_PCT;50;;DISCOUNT_PCT;40;;;;;;;;;;020.010.4790;;;;;;;;;;;;;;;;;;;;;;;ja;;;;;;;;;;;;;;;;;;ja;;;;;ja
Innenecke für Viertelkreis-Abschlussprofil Aluminium pulverbeschichtet schwarzgrau matt (RAL 7021) 12,5 mm Blister 2 Stück;;;1070218124;Dural GmbH;10000;7,32;;DISCOUNT_PCT;50;;DISCOUNT_PCT;40;;;;;;;;;;020.010.4800;;;;;;;;;;;;;;;;;;;;;;;ja;;;;;;;;;;;;;;;;;;ja;;;;;ja
Viertelkreis-Abschlussprofil Aluminium pulverbeschichtet staubgrau matt (RAL 7037) mm 250 cm;;;1070378061;Dural GmbH;10000;11,52;;DISCOUNT_PCT;50;;DISCOUNT_PCT;40;;;;;;;;;;020.010.4810;;;;;;;;;;;;;;;;;;;;;;;ja;;;;;;;;;;;;;;;;;;ja;;;;;ja
Aussenecke für Viertelkreis-Abschlussprofil Aluminium pulverbeschichtet staubgrau matt (RAL 7037) mm Blister 2 Stück;;;1070378062;Dural GmbH;10000;7;;DISCOUNT_PCT;50;;DISCOUNT_PCT;40;;;;;;;;;;020.010.4820;;;;;;;;;;;;;;;;;;;;;;;ja;;;;;;;;;;;;;;;;;;ja;;;;;ja
Innenecke für Viertelkreis-Abschlussprofil Aluminium pulverbeschichtet staubgrau matt (RAL 7037) mm Blister 2 Stück;;;1070378064;Dural GmbH;10000;7;;DISCOUNT_PCT;50;;DISCOUNT_PCT;40;;;;;;;;;;020.010.4830;;;;;;;;;;;;;;;;;;;;;;;ja;;;;;;;;;;;;;;;;;;ja;;;;;ja
Viertelkreis-Abschlussprofil Aluminium pulverbeschichtet staubgrau matt (RAL 7037) 8 mm 250 cm;;;1070378081;Dural GmbH;10000;12,28;;DISCOUNT_PCT;50;;DISCOUNT_PCT;40;;;;;;;;;;020.010.4840;;;;;;;;;;;;;;;;;;;;;;;ja;;;;;;;;;;;;;;;;;;ja;;;;;ja
Aussenecke für Viertelkreis-Abschlussprofil Aluminium pulverbeschichtet staubgrau matt (RAL 7037) 8 mm Blister 2 Stück;;;1070378082;Dural GmbH;10000;7,1;;DISCOUNT_PCT;50;;DISCOUNT_PCT;40;;;;;;;;;;020.010.4850;;;;;;;;;;;;;;;;;;;;;;;ja;;;;;;;;;;;;;;;;;;ja;;;;;ja
Innenecke für Viertelkreis-Abschlussprofil Aluminium pulverbeschichtet staubgrau matt (RAL 7037) 8 mm Blister 2 Stück;;;1070378084;Dural GmbH;10000;7,1;;DISCOUNT_PCT;50;;DISCOUNT_PCT;40;;;;;;;;;;020.010.4860;;;;;;;;;;;;;;;;;;;;;;;ja;;;;;;;;;;;;;;;;;;ja;;;;;ja
Viertelkreis-Abschlussprofil Aluminium pulverbeschichtet staubgrau matt (RAL 7037) 10 mm 250 cm;;;1070378101;Dural GmbH;10000;13,06;;DISCOUNT_PCT;50;;DISCOUNT_PCT;40;;;;;;;;;;020.010.4870;;;;;;;;;;;;;;;;;;;;;;;ja;;;;;;;;;;;;;;;;;;ja;;;;;ja
Aussenecke für Viertelkreis-Abschlussprofil Aluminium pulverbeschichtet staubgrau matt (RAL 7037) 10 mm Blister 2 Stück;;;1070378102;Dural GmbH;10000;7,2;;DISCOUNT_PCT;50;;DISCOUNT_PCT;40;;;;;;;;;;020.010.4880;;;;;;;;;;;;;;;;;;;;;;;ja;;;;;;;;;;;;;;;;;;ja;;;;;ja
Innenecke für Viertelkreis-Abschlussprofil Aluminium pulverbeschichtet staubgrau matt (RAL 7037) 10 mm Blister 2 Stück;;;1070378104;Dural GmbH;10000;7,2;;DISCOUNT_PCT;50;;DISCOUNT_PCT;40;;;;;;;;;;020.010.4890;;;;;;;;;;;;;;;;;;;;;;;ja;;;;;;;;;;;;;;;;;;ja;;;;;ja
Viertelkreis-Abschlussprofil Aluminium pulverbeschichtet staubgrau matt (RAL 7037) 11 mm 250 cm;;;1070378111;Dural GmbH;10000;13,38;;DISCOUNT_PCT;50;;DISCOUNT_PCT;40;;;;;;;;;;020.010.4900;;;;;;;;;;;;;;;;;;;;;;;ja;;;;;;;;;;;;;;;;;;ja;;;;;ja
Aussenecke für Viertelkreis-Abschlussprofil Aluminium pulverbeschichtet staubgrau matt (RAL 7037) 11 mm Blister 2 Stück;;;1070378112;Dural GmbH;10000;7,26;;DISCOUNT_PCT;50;;DISCOUNT_PCT;40;;;;;;;;;;020.010.4910;;;;;;;;;;;;;;;;;;;;;;;ja;;;;;;;;;;;;;;;;;;ja;;;;;ja
Innenecke für Viertelkreis-Abschlussprofil Aluminium pulverbeschichtet staubgrau matt (RAL 7037) 11 mm Blister 2 Stück;;;1070378114;Dural GmbH;10000;7,26;;DISCOUNT_PCT;50;;DISCOUNT_PCT;40;;;;;;;;;;020.010.4920;;;;;;;;;;;;;;;;;;;;;;;ja;;;;;;;;;;;;;;;;;;ja;;;;;ja
Viertelkreis-Abschlussprofil Aluminium pulverbeschichtet staubgrau matt (RAL 7037) 12,5 mm 250 cm;;;1070378121;Dural GmbH;10000;14,3;;DISCOUNT_PCT;50;;DISCOUNT_PCT;40;;;;;;;;;;020.010.4930;;;;;;;;;;;;;;;;;;;;;;;ja;;;;;;;;;;;;;;;;;;ja;;;;;ja
Aussenecke für Viertelkreis-Abschlussprofil Aluminium pulverbeschichtet staubgrau matt (RAL 7037) 12,5 mm Blister 2 Stück;;;1070378122;Dural GmbH;10000;7,32;;DISCOUNT_PCT;50;;DISCOUNT_PCT;40;;;;;;;;;;020.010.4940;;;;;;;;;;;;;;;;;;;;;;;ja;;;;;;;;;;;;;;;;;;ja;;;;;ja
Innenecke für Viertelkreis-Abschlussprofil Aluminium pulverbeschichtet staubgrau matt (RAL 7037) 12,5 mm Blister 2 Stück;;;1070378124;Dural GmbH;10000;7,32;;DISCOUNT_PCT;50;;DISCOUNT_PCT;40;;;;;;;;;;020.010.4950;;;;;;;;;;;;;;;;;;;;;;;ja;;;;;;;;;;;;;;;;;;ja;;;;;ja
Viertelkreis-Abschlussprofil Aluminium pulverbeschichtet achatgrau matt (RAL 7038) mm 250 cm;;;1070388061;Dural GmbH;10000;11,52;;DISCOUNT_PCT;50;;DISCOUNT_PCT;40;;;;;;;;;;020.010.4960;;;;;;;;;;;;;;;;;;;;;;;ja;;;;;;;;;;;;;;;;;;ja;;;;;ja
Aussenecke für Viertelkreis-Abschlussprofil Aluminium pulverbeschichtet achatgrau matt (RAL 7038) mm Blister 2 Stück;;;1070388062;Dural GmbH;10000;7;;DISCOUNT_PCT;50;;DISCOUNT_PCT;40;;;;;;;;;;020.010.4970;;;;;;;;;;;;;;;;;;;;;;;ja;;;;;;;;;;;;;;;;;;ja;;;;;ja
Innenecke für Viertelkreis-Abschlussprofil Aluminium pulverbeschichtet achatgrau matt (RAL 7038) mm Blister 2 Stück;;;1070388064;Dural GmbH;10000;7;;DISCOUNT_PCT;50;;DISCOUNT_PCT;40;;;;;;;;;;020.010.4980;;;;;;;;;;;;;;;;;;;;;;;ja;;;;;;;;;;;;;;;;;;ja;;;;;ja
Viertelkreis-Abschlussprofil Aluminium pulverbeschichtet achatgrau matt (RAL 7038) 8 mm 250 cm;;;1070388081;Dural GmbH;10000;12,28;;DISCOUNT_PCT;50;;DISCOUNT_PCT;40;;;;;;;;;;020.010.4990;;;;;;;;;;;;;;;;;;;;;;;ja;;;;;;;;;;;;;;;;;;ja;;;;;ja
Aussenecke für Viertelkreis-Abschlussprofil Aluminium pulverbeschichtet achatgrau matt (RAL 7038) 8 mm Blister 2 Stück;;;1070388082;Dural GmbH;10000;7,1;;DISCOUNT_PCT;50;;DISCOUNT_PCT;40;;;;;;;;;;020.010.5000;;;;;;;;;;;;;;;;;;;;;;;ja;;;;;;;;;;;;;;;;;;ja;;;;;ja
Innenecke für Viertelkreis-Abschlussprofil Aluminium pulverbeschichtet achatgrau matt (RAL 7038) 8 mm Blister 2 Stück;;;1070388084;Dural GmbH;10000;7,1;;DISCOUNT_PCT;50;;DISCOUNT_PCT;40;;;;;;;;;;020.010.5010;;;;;;;;;;;;;;;;;;;;;;;ja;;;;;;;;;;;;;;;;;;ja;;;;;ja
Viertelkreis-Abschlussprofil Aluminium pulverbeschichtet achatgrau matt (RAL 7038) 10 mm 250 cm;;;1070388101;Dural GmbH;10000;13,06;;DISCOUNT_PCT;50;;DISCOUNT_PCT;40;;;;;;;;;;020.010.5020;;;;;;;;;;;;;;;;;;;;;;;ja;;;;;;;;;;;;;;;;;;ja;;;;;ja
Aussenecke für Viertelkreis-Abschlussprofil Aluminium pulverbeschichtet achatgrau matt (RAL 7038) 10 mm Blister 2 Stück;;;1070388102;Dural GmbH;10000;7,2;;DISCOUNT_PCT;50;;DISCOUNT_PCT;40;;;;;;;;;;020.010.5030;;;;;;;;;;;;;;;;;;;;;;;ja;;;;;;;;;;;;;;;;;;ja;;;;;ja
Innenecke für Viertelkreis-Abschlussprofil Aluminium pulverbeschichtet achatgrau matt (RAL 7038) 10 mm Blister 2 Stück;;;1070388104;Dural GmbH;10000;7,2;;DISCOUNT_PCT;50;;DISCOUNT_PCT;40;;;;;;;;;;020.010.5040;;;;;;;;;;;;;;;;;;;;;;;ja;;;;;;;;;;;;;;;;;;ja;;;;;ja
Viertelkreis-Abschlussprofil Aluminium pulverbeschichtet achatgrau matt (RAL 7038) 11 mm 250 cm;;;1070388111;Dural GmbH;10000;13,38;;DISCOUNT_PCT;50;;DISCOUNT_PCT;40;;;;;;;;;;020.010.5050;;;;;;;;;;;;;;;;;;;;;;;ja;;;;;;;;;;;;;;;;;;ja;;;;;ja
Aussenecke für Viertelkreis-Abschlussprofil Aluminium pulverbeschichtet achatgrau matt (RAL 7038) 11 mm Blister 2 Stück;;;1070388112;Dural GmbH;10000;7,26;;DISCOUNT_PCT;50;;DISCOUNT_PCT;40;;;;;;;;;;020.010.5060;;;;;;;;;;;;;;;;;;;;;;;ja;;;;;;;;;;;;;;;;;;ja;;;;;ja
Innenecke für Viertelkreis-Abschlussprofil Aluminium pulverbeschichtet achatgrau matt (RAL 7038) 11 mm Blister 2 Stück;;;1070388114;Dural GmbH;10000;7,26;;DISCOUNT_PCT;50;;DISCOUNT_PCT;40;;;;;;;;;;020.010.5070;;;;;;;;;;;;;;;;;;;;;;;ja;;;;;;;;;;;;;;;;;;ja;;;;;ja
Viertelkreis-Abschlussprofil Aluminium pulverbeschichtet achatgrau matt (RAL 7038) 12,5 mm 250 cm;;;1070388121;Dural GmbH;10000;14,3;;DISCOUNT_PCT;50;;DISCOUNT_PCT;40;;;;;;;;;;020.010.5080;;;;;;;;;;;;;;;;;;;;;;;ja;;;;;;;;;;;;;;;;;;ja;;;;;ja
Aussenecke für Viertelkreis-Abschlussprofil Aluminium pulverbeschichtet achatgrau matt (RAL 7038) 12,5 mm Blister 2 Stück;;;1070388122;Dural GmbH;10000;7,32;;DISCOUNT_PCT;50;;DISCOUNT_PCT;40;;;;;;;;;;020.010.5090;;;;;;;;;;;;;;;;;;;;;;;ja;;;;;;;;;;;;;;;;;;ja;;;;;ja
Innenecke für Viertelkreis-Abschlussprofil Aluminium pulverbeschichtet achatgrau matt (RAL 7038) 12,5 mm Blister 2 Stück;;;1070388124;Dural GmbH;10000;7,32;;DISCOUNT_PCT;50;;DISCOUNT_PCT;40;;;;;;;;;;020.010.5100;;;;;;;;;;;;;;;;;;;;;;;ja;;;;;;;;;;;;;;;;;;ja;;;;;ja
Viertelkreis-Abschlussprofil Aluminium pulverbeschichtet verkehrsgrau A matt (RAL 7042) mm 250 cm;;;1070428061;Dural GmbH;10000;11,52;;DISCOUNT_PCT;50;;DISCOUNT_PCT;40;;;;;;;;;;020.010.5110;;;;;;;;;;;;;;;;;;;;;;;ja;;;;;;;;;;;;;;;;;;ja;;;;;ja
Aussenecke für Viertelkreis-Abschlussprofil Aluminium pulverbeschichtet verkehrsgrau A matt (RAL 7042) mm Blister 2 Stück;;;1070428062;Dural GmbH;10000;7;;DISCOUNT_PCT;50;;DISCOUNT_PCT;40;;;;;;;;;;020.010.5120;;;;;;;;;;;;;;;;;;;;;;;ja;;;;;;;;;;;;;;;;;;ja;;;;;ja
Innenecke für Viertelkreis-Abschlussprofil Aluminium pulverbeschichtet verkehrsgrau A matt (RAL 7042) mm Blister 2 Stück;;;1070428064;Dural GmbH;10000;7;;DISCOUNT_PCT;50;;DISCOUNT_PCT;40;;;;;;;;;;020.010.5130;;;;;;;;;;;;;;;;;;;;;;;ja;;;;;;;;;;;;;;;;;;ja;;;;;ja
Viertelkreis-Abschlussprofil Aluminium pulverbeschichtet verkehrsgrau A matt (RAL 7042) 8 mm 250 cm;;;1070428081;Dural GmbH;10000;12,28;;DISCOUNT_PCT;50;;DISCOUNT_PCT;40;;;;;;;;;;020.010.5140;;;;;;;;;;;;;;;;;;;;;;;ja;;;;;;;;;;;;;;;;;;ja;;;;;ja
Aussenecke für Viertelkreis-Abschlussprofil Aluminium pulverbeschichtet verkehrsgrau A matt (RAL 7042) 8 mm Blister 2 Stück;;;1070428082;Dural GmbH;10000;7,1;;DISCOUNT_PCT;50;;DISCOUNT_PCT;40;;;;;;;;;;020.010.5150;;;;;;;;;;;;;;;;;;;;;;;ja;;;;;;;;;;;;;;;;;;ja;;;;;ja
Innenecke für Viertelkreis-Abschlussprofil Aluminium pulverbeschichtet verkehrsgrau A matt (RAL 7042) 8 mm Blister 2 Stück;;;1070428084;Dural GmbH;10000;7,1;;DISCOUNT_PCT;50;;DISCOUNT_PCT;40;;;;;;;;;;020.010.5160;;;;;;;;;;;;;;;;;;;;;;;ja;;;;;;;;;;;;;;;;;;ja;;;;;ja
Viertelkreis-Abschlussprofil Aluminium pulverbeschichtet verkehrsgrau A matt (RAL 7042) 10 mm 250 cm;;;1070428101;Dural GmbH;10000;13,06;;DISCOUNT_PCT;50;;DISCOUNT_PCT;40;;;;;;;;;;020.010.5170;;;;;;;;;;;;;;;;;;;;;;;ja;;;;;;;;;;;;;;;;;;ja;;;;;ja
Aussenecke für Viertelkreis-Abschlussprofil Aluminium pulverbeschichtet verkehrsgrau A matt (RAL 7042) 10 mm Blister 2 Stück;;;1070428102;Dural GmbH;10000;7,2;;DISCOUNT_PCT;50;;DISCOUNT_PCT;40;;;;;;;;;;020.010.5180;;;;;;;;;;;;;;;;;;;;;;;ja;;;;;;;;;;;;;;;;;;ja;;;;;ja
Innenecke für Viertelkreis-Abschlussprofil Aluminium pulverbeschichtet verkehrsgrau A matt (RAL 7042) 10 mm Blister 2 Stück;;;1070428104;Dural GmbH;10000;7,2;;DISCOUNT_PCT;50;;DISCOUNT_PCT;40;;;;;;;;;;020.010.5190;;;;;;;;;;;;;;;;;;;;;;;ja;;;;;;;;;;;;;;;;;;ja;;;;;ja
Viertelkreis-Abschlussprofil Aluminium pulverbeschichtet verkehrsgrau A matt (RAL 7042) 11 mm 250 cm;;;1070428111;Dural GmbH;10000;13,38;;DISCOUNT_PCT;50;;DISCOUNT_PCT;40;;;;;;;;;;020.010.5200;;;;;;;;;;;;;;;;;;;;;;;ja;;;;;;;;;;;;;;;;;;ja;;;;;ja
Aussenecke für Viertelkreis-Abschlussprofil Aluminium pulverbeschichtet verkehrsgrau A matt (RAL 7042) 11 mm Blister 2 Stück;;;1070428112;Dural GmbH;10000;7,26;;DISCOUNT_PCT;50;;DISCOUNT_PCT;40;;;;;;;;;;020.010.5210;;;;;;;;;;;;;;;;;;;;;;;ja;;;;;;;;;;;;;;;;;;ja;;;;;ja
Innenecke für Viertelkreis-Abschlussprofil Aluminium pulverbeschichtet verkehrsgrau A matt (RAL 7042) 11 mm Blister 2 Stück;;;1070428114;Dural GmbH;10000;7,26;;DISCOUNT_PCT;50;;DISCOUNT_PCT;40;;;;;;;;;;020.010.5220;;;;;;;;;;;;;;;;;;;;;;;ja;;;;;;;;;;;;;;;;;;ja;;;;;ja
Viertelkreis-Abschlussprofil Aluminium pulverbeschichtet verkehrsgrau A matt (RAL 7042) 12,5 mm 250 cm;;;1070428121;Dural GmbH;10000;14,3;;DISCOUNT_PCT;50;;DISCOUNT_PCT;40;;;;;;;;;;020.010.5230;;;;;;;;;;;;;;;;;;;;;;;ja;;;;;;;;;;;;;;;;;;ja;;;;;ja
Aussenecke für Viertelkreis-Abschlussprofil Aluminium pulverbeschichtet verkehrsgrau A matt (RAL 7042) 12,5 mm Blister 2 Stück;;;1070428122;Dural GmbH;10000;7,32;;DISCOUNT_PCT;50;;DISCOUNT_PCT;40;;;;;;;;;;020.010.5240;;;;;;;;;;;;;;;;;;;;;;;ja;;;;;;;;;;;;;;;;;;ja;;;;;ja
Innenecke für Viertelkreis-Abschlussprofil Aluminium pulverbeschichtet verkehrsgrau A matt (RAL 7042) 12,5 mm Blister 2 Stück;;;1070428124;Dural GmbH;10000;7,32;;DISCOUNT_PCT;50;;DISCOUNT_PCT;40;;;;;;;;;;020.010.5250;;;;;;;;;;;;;;;;;;;;;;;ja;;;;;;;;;;;;;;;;;;ja;;;;;ja
Viertelkreis-Abschlussprofil Aluminium pulverbeschichtet telegrau 2 matt (RAL 7046) mm 250 cm;;;1070468061;Dural GmbH;10000;11,52;;DISCOUNT_PCT;50;;DISCOUNT_PCT;40;;;;;;;;;;020.010.5260;;;;;;;;;;;;;;;;;;;;;;;ja;;;;;;;;;;;;;;;;;;ja;;;;;ja
Aussenecke für Viertelkreis-Abschlussprofil Aluminium pulverbeschichtet telegrau 2 matt (RAL 7046) mm Blister 2 Stück;;;1070468062;Dural GmbH;10000;7;;DISCOUNT_PCT;50;;DISCOUNT_PCT;40;;;;;;;;;;020.010.5270;;;;;;;;;;;;;;;;;;;;;;;ja;;;;;;;;;;;;;;;;;;ja;;;;;ja
Innenecke für Viertelkreis-Abschlussprofil Aluminium pulverbeschichtet telegrau 2 matt (RAL 7046) mm Blister 2 Stück;;;1070468064;Dural GmbH;10000;7;;DISCOUNT_PCT;50;;DISCOUNT_PCT;40;;;;;;;;;;020.010.5280;;;;;;;;;;;;;;;;;;;;;;;ja;;;;;;;;;;;;;;;;;;ja;;;;;ja
Viertelkreis-Abschlussprofil Aluminium pulverbeschichtet telegrau 2 matt (RAL 7046) 8 mm 250 cm;;;1070468081;Dural GmbH;10000;12,28;;DISCOUNT_PCT;50;;DISCOUNT_PCT;40;;;;;;;;;;020.010.5290;;;;;;;;;;;;;;;;;;;;;;;ja;;;;;;;;;;;;;;;;;;ja;;;;;ja
Aussenecke für Viertelkreis-Abschlussprofil Aluminium pulverbeschichtet telegrau 2 matt (RAL 7046) 8 mm Blister 2 Stück;;;1070468082;Dural GmbH;10000;7,1;;DISCOUNT_PCT;50;;DISCOUNT_PCT;40;;;;;;;;;;020.010.5300;;;;;;;;;;;;;;;;;;;;;;;ja;;;;;;;;;;;;;;;;;;ja;;;;;ja
Innenecke für Viertelkreis-Abschlussprofil Aluminium pulverbeschichtet telegrau 2 matt (RAL 7046) 8 mm Blister 2 Stück;;;1070468084;Dural GmbH;10000;7,1;;DISCOUNT_PCT;50;;DISCOUNT_PCT;40;;;;;;;;;;020.010.5310;;;;;;;;;;;;;;;;;;;;;;;ja;;;;;;;;;;;;;;;;;;ja;;;;;ja
Viertelkreis-Abschlussprofil Aluminium pulverbeschichtet telegrau 2 matt (RAL 7046) 10 mm 250 cm;;;1070468101;Dural GmbH;10000;13,06;;DISCOUNT_PCT;50;;DISCOUNT_PCT;40;;;;;;;;;;020.010.5320;;;;;;;;;;;;;;;;;;;;;;;ja;;;;;;;;;;;;;;;;;;ja;;;;;ja
Aussenecke für Viertelkreis-Abschlussprofil Aluminium pulverbeschichtet telegrau 2 matt (RAL 7046) 10 mm Blister 2 Stück;;;1070468102;Dural GmbH;10000;7,2;;DISCOUNT_PCT;50;;DISCOUNT_PCT;40;;;;;;;;;;020.010.5330;;;;;;;;;;;;;;;;;;;;;;;ja;;;;;;;;;;;;;;;;;;ja;;;;;ja
Innenecke für Viertelkreis-Abschlussprofil Aluminium pulverbeschichtet telegrau 2 matt (RAL 7046) 10 mm Blister 2 Stück;;;1070468104;Dural GmbH;10000;7,2;;DISCOUNT_PCT;50;;DISCOUNT_PCT;40;;;;;;;;;;020.010.5340;;;;;;;;;;;;;;;;;;;;;;;ja;;;;;;;;;;;;;;;;;;ja;;;;;ja
Viertelkreis-Abschlussprofil Aluminium pulverbeschichtet telegrau 2 matt (RAL 7046) 11 mm 250 cm;;;1070468111;Dural GmbH;10000;13,38;;DISCOUNT_PCT;50;;DISCOUNT_PCT;40;;;;;;;;;;020.010.5350;;;;;;;;;;;;;;;;;;;;;;;ja;;;;;;;;;;;;;;;;;;ja;;;;;ja
Aussenecke für Viertelkreis-Abschlussprofil Aluminium pulverbeschichtet telegrau 2 matt (RAL 7046) 11 mm Blister 2 Stück;;;1070468112;Dural GmbH;10000;7,26;;DISCOUNT_PCT;50;;DISCOUNT_PCT;40;;;;;;;;;;020.010.5360;;;;;;;;;;;;;;;;;;;;;;;ja;;;;;;;;;;;;;;;;;;ja;;;;;ja
Innenecke für Viertelkreis-Abschlussprofil Aluminium pulverbeschichtet telegrau 2 matt (RAL 7046) 11 mm Blister 2 Stück;;;1070468114;Dural GmbH;10000;7,26;;DISCOUNT_PCT;50;;DISCOUNT_PCT;40;;;;;;;;;;020.010.5370;;;;;;;;;;;;;;;;;;;;;;;ja;;;;;;;;;;;;;;;;;;ja;;;;;ja
Viertelkreis-Abschlussprofil Aluminium pulverbeschichtet telegrau 2 matt (RAL 7046) 12,5 mm 250 cm;;;1070468121;Dural GmbH;10000;14,3;;DISCOUNT_PCT;50;;DISCOUNT_PCT;40;;;;;;;;;;020.010.5380;;;;;;;;;;;;;;;;;;;;;;;ja;;;;;;;;;;;;;;;;;;ja;;;;;ja
Aussenecke für Viertelkreis-Abschlussprofil Aluminium pulverbeschichtet telegrau 2 matt (RAL 7046) 12,5 mm Blister 2 Stück;;;1070468122;Dural GmbH;10000;7,32;;DISCOUNT_PCT;50;;DISCOUNT_PCT;40;;;;;;;;;;020.010.5390;;;;;;;;;;;;;;;;;;;;;;;ja;;;;;;;;;;;;;;;;;;ja;;;;;ja
Innenecke für Viertelkreis-Abschlussprofil Aluminium pulverbeschichtet telegrau 2 matt (RAL 7046) 12,5 mm Blister 2 Stück;;;1070468124;Dural GmbH;10000;7,32;;DISCOUNT_PCT;50;;DISCOUNT_PCT;40;;;;;;;;;;020.010.5400;;;;;;;;;;;;;;;;;;;;;;;ja;;;;;;;;;;;;;;;;;;ja;;;;;ja
Viertelkreis-Abschlussprofil Aluminium strukturbeschichtet graubraun (RAL 8019) mm 250 cm;;;1080198061;Dural GmbH;10000;13;;DISCOUNT_PCT;50;;DISCOUNT_PCT;40;;;;;;;;;;020.010.5410;;;;;;;;;;;;;;;;;;;;;;;ja;;;;;;;;;;;;;;;;;;ja;;;;;ja
Aussenecke für Viertelkreis-Abschlussprofil Aluminium strukturbeschichtet graubraun (RAL 8019) mm Blister 2 Stück;;;1080198062;Dural GmbH;10000;7,76;;DISCOUNT_PCT;50;;DISCOUNT_PCT;40;;;;;;;;;;020.010.5420;;;;;;;;;;;;;;;;;;;;;;;ja;;;;;;;;;;;;;;;;;;ja;;;;;ja
Innenecke für Viertelkreis-Abschlussprofil Aluminium strukturbeschichtet graubraun (RAL 8019) mm Blister 2 Stück;;;1080198064;Dural GmbH;10000;7,76;;DISCOUNT_PCT;50;;DISCOUNT_PCT;40;;;;;;;;;;020.010.5430;;;;;;;;;;;;;;;;;;;;;;;ja;;;;;;;;;;;;;;;;;;ja;;;;;ja
Viertelkreis-Abschlussprofil Aluminium strukturbeschichtet graubraun (RAL 8019) 8 mm 250 cm;;;1080198081;Dural GmbH;10000;13,64;;DISCOUNT_PCT;50;;DISCOUNT_PCT;40;;;;;;;;;;020.010.5440;;;;;;;;;;;;;;;;;;;;;;;ja;;;;;;;;;;;;;;;;;;ja;;;;;ja
Aussenecke für Viertelkreis-Abschlussprofil Aluminium strukturbeschichtet graubraun (RAL 8019) 8 mm Blister 2 Stück;;;1080198082;Dural GmbH;10000;7,76;;DISCOUNT_PCT;50;;DISCOUNT_PCT;40;;;;;;;;;;020.010.5450;;;;;;;;;;;;;;;;;;;;;;;ja;;;;;;;;;;;;;;;;;;ja;;;;;ja
Innenecke für Viertelkreis-Abschlussprofil Aluminium strukturbeschichtet graubraun (RAL 8019) 8 mm Blister 2 Stück;;;1080198084;Dural GmbH;10000;7,76;;DISCOUNT_PCT;50;;DISCOUNT_PCT;40;;;;;;;;;;020.010.5460;;;;;;;;;;;;;;;;;;;;;;;ja;;;;;;;;;;;;;;;;;;ja;;;;;ja
Viertelkreis-Abschlussprofil Aluminium strukturbeschichtet graubraun (RAL 8019) 10 mm 250 cm;;;1080198101;Dural GmbH;10000;15,66;;DISCOUNT_PCT;50;;DISCOUNT_PCT;40;;;;;;;;;;020.010.5470;;;;;;;;;;;;;;;;;;;;;;;ja;;;;;;;;;;;;;;;;;;ja;;;;;ja
Aussenecke für Viertelkreis-Abschlussprofil Aluminium strukturbeschichtet graubraun (RAL 8019) 10 mm Blister 2 Stück;;;1080198102;Dural GmbH;10000;7,76;;DISCOUNT_PCT;50;;DISCOUNT_PCT;40;;;;;;;;;;020.010.5480;;;;;;;;;;;;;;;;;;;;;;;ja;;;;;;;;;;;;;;;;;;ja;;;;;ja
Innenecke für Viertelkreis-Abschlussprofil Aluminium strukturbeschichtet graubraun (RAL 8019) 10 mm Blister 2 Stück;;;1080198104;Dural GmbH;10000;7,76;;DISCOUNT_PCT;50;;DISCOUNT_PCT;40;;;;;;;;;;020.010.5490;;;;;;;;;;;;;;;;;;;;;;;ja;;;;;;;;;;;;;;;;;;ja;;;;;ja
Viertelkreis-Abschlussprofil Aluminium strukturbeschichtet graubraun (RAL 8019) 11 mm 250 cm;;;1080198111;Dural GmbH;10000;16,06;;DISCOUNT_PCT;50;;DISCOUNT_PCT;40;;;;;;;;;;020.010.5500;;;;;;;;;;;;;;;;;;;;;;;ja;;;;;;;;;;;;;;;;;;ja;;;;;ja
Aussenecke für Viertelkreis-Abschlussprofil Aluminium strukturbeschichtet graubraun (RAL 8019) 11 mm Blister 2 Stück;;;1080198112;Dural GmbH;10000;7,76;;DISCOUNT_PCT;50;;DISCOUNT_PCT;40;;;;;;;;;;020.010.5510;;;;;;;;;;;;;;;;;;;;;;;ja;;;;;;;;;;;;;;;;;;ja;;;;;ja
Innenecke für Viertelkreis-Abschlussprofil Aluminium strukturbeschichtet graubraun (RAL 8019) 11 mm Blister 2 Stück;;;1080198114;Dural GmbH;10000;7,76;;DISCOUNT_PCT;50;;DISCOUNT_PCT;40;;;;;;;;;;020.010.5520;;;;;;;;;;;;;;;;;;;;;;;ja;;;;;;;;;;;;;;;;;;ja;;;;;ja
Viertelkreis-Abschlussprofil Aluminium strukturbeschichtet graubraun (RAL 8019) 12,5 mm 250 cm;;;1080198121;Dural GmbH;10000;17,16;;DISCOUNT_PCT;50;;DISCOUNT_PCT;40;;;;;;;;;;020.010.5530;;;;;;;;;;;;;;;;;;;;;;;ja;;;;;;;;;;;;;;;;;;ja;;;;;ja
Aussenecke für Viertelkreis-Abschlussprofil Aluminium strukturbeschichtet graubraun (RAL 8019) 12,5 mm Blister 2 Stück;;;1080198122;Dural GmbH;10000;7,76;;DISCOUNT_PCT;50;;DISCOUNT_PCT;40;;;;;;;;;;020.010.5540;;;;;;;;;;;;;;;;;;;;;;;ja;;;;;;;;;;;;;;;;;;ja;;;;;ja
Innenecke für Viertelkreis-Abschlussprofil Aluminium strukturbeschichtet graubraun (RAL 8019) 12,5 mm Blister 2 Stück;;;1080198124;Dural GmbH;10000;7,76;;DISCOUNT_PCT;50;;DISCOUNT_PCT;40;;;;;;;;;;020.010.5550;;;;;;;;;;;;;;;;;;;;;;;ja;;;;;;;;;;;;;;;;;;ja;;;;;ja
Viertelkreis-Abschlussprofil Aluminium strukturbeschichtet terrabraun (RAL 8028) mm 250 cm;;;1080288061;Dural GmbH;10000;13;;DISCOUNT_PCT;50;;DISCOUNT_PCT;40;;;;;;;;;;020.010.5560;;;;;;;;;;;;;;;;;;;;;;;ja;;;;;;;;;;;;;;;;;;ja;;;;;ja
Aussenecke für Viertelkreis-Abschlussprofil Aluminium strukturbeschichtet terrabraun (RAL 8028) mm Blister 2 Stück;;;1080288062;Dural GmbH;10000;7,76;;DISCOUNT_PCT;50;;DISCOUNT_PCT;40;;;;;;;;;;020.010.5570;;;;;;;;;;;;;;;;;;;;;;;ja;;;;;;;;;;;;;;;;;;ja;;;;;ja
Innenecke für Viertelkreis-Abschlussprofil Aluminium strukturbeschichtet terrabraun (RAL 8028) mm Blister 2 Stück;;;1080288064;Dural GmbH;10000;7,76;;DISCOUNT_PCT;50;;DISCOUNT_PCT;40;;;;;;;;;;020.010.5580;;;;;;;;;;;;;;;;;;;;;;;ja;;;;;;;;;;;;;;;;;;ja;;;;;ja
Viertelkreis-Abschlussprofil Aluminium strukturbeschichtet terrabraun (RAL 8028) 8 mm 250 cm;;;1080288081;Dural GmbH;10000;13,64;;DISCOUNT_PCT;50;;DISCOUNT_PCT;40;;;;;;;;;;020.010.5590;;;;;;;;;;;;;;;;;;;;;;;ja;;;;;;;;;;;;;;;;;;ja;;;;;ja
Aussenecke für Viertelkreis-Abschlussprofil Aluminium strukturbeschichtet terrabraun (RAL 8028) 8 mm Blister 2 Stück;;;1080288082;Dural GmbH;10000;7,76;;DISCOUNT_PCT;50;;DISCOUNT_PCT;40;;;;;;;;;;020.010.5600;;;;;;;;;;;;;;;;;;;;;;;ja;;;;;;;;;;;;;;;;;;ja;;;;;ja
Innenecke für Viertelkreis-Abschlussprofil Aluminium strukturbeschichtet terrabraun (RAL 8028) 8 mm Blister 2 Stück;;;1080288084;Dural GmbH;10000;7,76;;DISCOUNT_PCT;50;;DISCOUNT_PCT;40;;;;;;;;;;020.010.5610;;;;;;;;;;;;;;;;;;;;;;;ja;;;;;;;;;;;;;;;;;;ja;;;;;ja
Viertelkreis-Abschlussprofil Aluminium strukturbeschichtet terrabraun (RAL 8028) 10 mm 250 cm;;;1080288101;Dural GmbH;10000;15,66;;DISCOUNT_PCT;50;;DISCOUNT_PCT;40;;;;;;;;;;020.010.5620;;;;;;;;;;;;;;;;;;;;;;;ja;;;;;;;;;;;;;;;;;;ja;;;;;ja
Aussenecke für Viertelkreis-Abschlussprofil Aluminium strukturbeschichtet terrabraun (RAL 8028) 10 mm Blister 2 Stück;;;1080288102;Dural GmbH;10000;7,76;;DISCOUNT_PCT;50;;DISCOUNT_PCT;40;;;;;;;;;;020.010.5630;;;;;;;;;;;;;;;;;;;;;;;ja;;;;;;;;;;;;;;;;;;ja;;;;;ja
Innenecke für Viertelkreis-Abschlussprofil Aluminium strukturbeschichtet terrabraun (RAL 8028) 10 mm Blister 2 Stück;;;1080288104;Dural GmbH;10000;7,76;;DISCOUNT_PCT;50;;DISCOUNT_PCT;40;;;;;;;;;;020.010.5640;;;;;;;;;;;;;;;;;;;;;;;ja;;;;;;;;;;;;;;;;;;ja;;;;;ja
Viertelkreis-Abschlussprofil Aluminium strukturbeschichtet terrabraun (RAL 8028) 11 mm 250 cm;;;1080288111;Dural GmbH;10000;16,06;;DISCOUNT_PCT;50;;DISCOUNT_PCT;40;;;;;;;;;;020.010.5650;;;;;;;;;;;;;;;;;;;;;;;ja;;;;;;;;;;;;;;;;;;ja;;;;;ja
Aussenecke für Viertelkreis-Abschlussprofil Aluminium strukturbeschichtet terrabraun (RAL 8028) 11 mm Blister 2 Stück;;;1080288112;Dural GmbH;10000;7,76;;DISCOUNT_PCT;50;;DISCOUNT_PCT;40;;;;;;;;;;020.010.5660;;;;;;;;;;;;;;;;;;;;;;;ja;;;;;;;;;;;;;;;;;;ja;;;;;ja
Innenecke für Viertelkreis-Abschlussprofil Aluminium strukturbeschichtet terrabraun (RAL 8028) 11 mm Blister 2 Stück;;;1080288114;Dural GmbH;10000;7,76;;DISCOUNT_PCT;50;;DISCOUNT_PCT;40;;;;;;;;;;020.010.5670;;;;;;;;;;;;;;;;;;;;;;;ja;;;;;;;;;;;;;;;;;;ja;;;;;ja
Viertelkreis-Abschlussprofil Aluminium strukturbeschichtet terrabraun (RAL 8028) 12,5 mm 250 cm;;;1080288121;Dural GmbH;10000;17,16;;DISCOUNT_PCT;50;;DISCOUNT_PCT;40;;;;;;;;;;020.010.5680;;;;;;;;;;;;;;;;;;;;;;;ja;;;;;;;;;;;;;;;;;;ja;;;;;ja
Aussenecke für Viertelkreis-Abschlussprofil Aluminium strukturbeschichtet terrabraun (RAL 8028) 12,5 mm Blister 2 Stück;;;1080288122;Dural GmbH;10000;7,76;;DISCOUNT_PCT;50;;DISCOUNT_PCT;40;;;;;;;;;;020.010.5690;;;;;;;;;;;;;;;;;;;;;;;ja;;;;;;;;;;;;;;;;;;ja;;;;;ja
Innenecke für Viertelkreis-Abschlussprofil Aluminium strukturbeschichtet terrabraun (RAL 8028) 12,5 mm Blister 2 Stück;;;1080288124;Dural GmbH;10000;7,76;;DISCOUNT_PCT;50;;DISCOUNT_PCT;40;;;;;;;;;;020.010.5700;;;;;;;;;;;;;;;;;;;;;;;ja;;;;;;;;;;;;;;;;;;ja;;;;;ja
Viertelkreis-Abschlussprofil Aluminium pulverbeschichtet sand (RAL 0808005) mm 250 cm;;;10808061;Dural GmbH;10000;11,52;;DISCOUNT_PCT;50;;DISCOUNT_PCT;40;;;;;;;;;;020.010.5710;;;;;;;;;;;;;;;;;;;;;;;ja;;;;;;;;;;;;;;;;;;ja;;;;;ja
Aussenecke für Viertelkreis-Abschlussprofil Aluminium pulverbeschichtet sand (RAL 0808005) mm Blister 2 Stück;;;10808062;Dural GmbH;10000;7;;DISCOUNT_PCT;50;;DISCOUNT_PCT;40;;;;;;;;;;020.010.5720;;;;;;;;;;;;;;;;;;;;;;;ja;;;;;;;;;;;;;;;;;;ja;;;;;ja
Innenecke für Viertelkreis-Abschlussprofil Aluminium pulverbeschichtet sand (RAL 0808005) mm Blister 2 Stück;;;10808064;Dural GmbH;10000;7;;DISCOUNT_PCT;50;;DISCOUNT_PCT;40;;;;;;;;;;020.010.5730;;;;;;;;;;;;;;;;;;;;;;;ja;;;;;;;;;;;;;;;;;;ja;;;;;ja
Viertelkreis-Abschlussprofil Aluminium pulverbeschichtet sand (RAL 0808005) 11 mm 250 cm;;;10808111;Dural GmbH;10000;13,38;;DISCOUNT_PCT;50;;DISCOUNT_PCT;40;;;;;;;;;;020.010.5740;;;;;;;;;;;;;;;;;;;;;;;ja;;;;;;;;;;;;;;;;;;ja;;;;;ja
Aussenecke für Viertelkreis-Abschlussprofil Aluminium pulverbeschichtet sand (RAL 0808005) 11 mm Blister 2 Stück;;;10808112;Dural GmbH;10000;7,26;;DISCOUNT_PCT;50;;DISCOUNT_PCT;40;;;;;;;;;;020.010.5750;;;;;;;;;;;;;;;;;;;;;;;ja;;;;;;;;;;;;;;;;;;ja;;;;;ja
Innenecke für Viertelkreis-Abschlussprofil Aluminium pulverbeschichtet sand (RAL 0808005) 11 mm Blister 2 Stück;;;10808114;Dural GmbH;10000;7,26;;DISCOUNT_PCT;50;;DISCOUNT_PCT;40;;;;;;;;;;020.010.5760;;;;;;;;;;;;;;;;;;;;;;;ja;;;;;;;;;;;;;;;;;;ja;;;;;ja
Viertelkreis-Abschlussprofil Aluminium strukturbeschichtet cremeweiss (RAL 9001) mm 250 cm;;;1090018061;Dural GmbH;10000;13;;DISCOUNT_PCT;50;;DISCOUNT_PCT;40;;;;;;;;;;020.010.5770;;;;;;;;;;;;;;;;;;;;;;;ja;;;;;;;;;;;;;;;;;;ja;;;;;ja
Aussenecke für Viertelkreis-Abschlussprofil Aluminium strukturbeschichtet cremeweiss (RAL 9001) mm Blister 2 Stück;;;1090018062;Dural GmbH;10000;7,76;;DISCOUNT_PCT;50;;DISCOUNT_PCT;40;;;;;;;;;;020.010.5780;;;;;;;;;;;;;;;;;;;;;;;ja;;;;;;;;;;;;;;;;;;ja;;;;;ja
Innenecke für Viertelkreis-Abschlussprofil Aluminium strukturbeschichtet cremeweiss (RAL 9001) mm Blister 2 Stück;;;1090018064;Dural GmbH;10000;7,76;;DISCOUNT_PCT;50;;DISCOUNT_PCT;40;;;;;;;;;;020.010.5790;;;;;;;;;;;;;;;;;;;;;;;ja;;;;;;;;;;;;;;;;;;ja;;;;;ja
Viertelkreis-Abschlussprofil Aluminium strukturbeschichtet cremeweiss (RAL 9001) 8 mm 250 cm;;;1090018081;Dural GmbH;10000;13,64;;DISCOUNT_PCT;50;;DISCOUNT_PCT;40;;;;;;;;;;020.010.5800;;;;;;;;;;;;;;;;;;;;;;;ja;;;;;;;;;;;;;;;;;;ja;;;;;ja
Aussenecke für Viertelkreis-Abschlussprofil Aluminium strukturbeschichtet cremeweiss (RAL 9001) 8 mm Blister 2 Stück;;;1090018082;Dural GmbH;10000;7,76;;DISCOUNT_PCT;50;;DISCOUNT_PCT;40;;;;;;;;;;020.010.5810;;;;;;;;;;;;;;;;;;;;;;;ja;;;;;;;;;;;;;;;;;;ja;;;;;ja
Innenecke für Viertelkreis-Abschlussprofil Aluminium strukturbeschichtet cremeweiss (RAL 9001) 8 mm Blister 2 Stück;;;1090018084;Dural GmbH;10000;7,76;;DISCOUNT_PCT;50;;DISCOUNT_PCT;40;;;;;;;;;;020.010.5820;;;;;;;;;;;;;;;;;;;;;;;ja;;;;;;;;;;;;;;;;;;ja;;;;;ja
Viertelkreis-Abschlussprofil Aluminium strukturbeschichtet cremeweiss (RAL 9001) 10 mm 250 cm;;;1090018101;Dural GmbH;10000;15,66;;DISCOUNT_PCT;50;;DISCOUNT_PCT;40;;;;;;;;;;020.010.5830;;;;;;;;;;;;;;;;;;;;;;;ja;;;;;;;;;;;;;;;;;;ja;;;;;ja
Aussenecke für Viertelkreis-Abschlussprofil Aluminium strukturbeschichtet cremeweiss (RAL 9001) 10 mm Blister 2 Stück;;;1090018102;Dural GmbH;10000;7,76;;DISCOUNT_PCT;50;;DISCOUNT_PCT;40;;;;;;;;;;020.010.5840;;;;;;;;;;;;;;;;;;;;;;;ja;;;;;;;;;;;;;;;;;;ja;;;;;ja
Innenecke für Viertelkreis-Abschlussprofil Aluminium strukturbeschichtet cremeweiss (RAL 9001) 10 mm Blister 2 Stück;;;1090018104;Dural GmbH;10000;7,76;;DISCOUNT_PCT;50;;DISCOUNT_PCT;40;;;;;;;;;;020.010.5850;;;;;;;;;;;;;;;;;;;;;;;ja;;;;;;;;;;;;;;;;;;ja;;;;;ja
Viertelkreis-Abschlussprofil Aluminium strukturbeschichtet cremeweiss (RAL 9001) 11 mm 250 cm;;;1090018111;Dural GmbH;10000;16,06;;DISCOUNT_PCT;50;;DISCOUNT_PCT;40;;;;;;;;;;020.010.5860;;;;;;;;;;;;;;;;;;;;;;;ja;;;;;;;;;;;;;;;;;;ja;;;;;ja
Aussenecke für Viertelkreis-Abschlussprofil Aluminium strukturbeschichtet cremeweiss (RAL 9001) 11 mm Blister 2 Stück;;;1090018112;Dural GmbH;10000;7,76;;DISCOUNT_PCT;50;;DISCOUNT_PCT;40;;;;;;;;;;020.010.5870;;;;;;;;;;;;;;;;;;;;;;;ja;;;;;;;;;;;;;;;;;;ja;;;;;ja
Innenecke für Viertelkreis-Abschlussprofil Aluminium strukturbeschichtet cremeweiss (RAL 9001) 11 mm Blister 2 Stück;;;1090018114;Dural GmbH;10000;7,76;;DISCOUNT_PCT;50;;DISCOUNT_PCT;40;;;;;;;;;;020.010.5880;;;;;;;;;;;;;;;;;;;;;;;ja;;;;;;;;;;;;;;;;;;ja;;;;;ja
Viertelkreis-Abschlussprofil Aluminium strukturbeschichtet cremeweiss (RAL 9001) 12,5 mm 250 cm;;;1090018121;Dural GmbH;10000;17,16;;DISCOUNT_PCT;50;;DISCOUNT_PCT;40;;;;;;;;;;020.010.5890;;;;;;;;;;;;;;;;;;;;;;;ja;;;;;;;;;;;;;;;;;;ja;;;;;ja
Aussenecke für Viertelkreis-Abschlussprofil Aluminium strukturbeschichtet cremeweiss (RAL 9001) 12,5 mm Blister 2 Stück;;;1090018122;Dural GmbH;10000;7,76;;DISCOUNT_PCT;50;;DISCOUNT_PCT;40;;;;;;;;;;020.010.5900;;;;;;;;;;;;;;;;;;;;;;;ja;;;;;;;;;;;;;;;;;;ja;;;;;ja
Innenecke für Viertelkreis-Abschlussprofil Aluminium strukturbeschichtet cremeweiss (RAL 9001) 12,5 mm Blister 2 Stück;;;1090018124;Dural GmbH;10000;7,76;;DISCOUNT_PCT;50;;DISCOUNT_PCT;40;;;;;;;;;;020.010.5910;;;;;;;;;;;;;;;;;;;;;;;ja;;;;;;;;;;;;;;;;;;ja;;;;;ja
Innen- und Aussenecke Messing unbehandelt natur für Rechteck-Abschlussprofil 9 mm, Blister 1 Stück;;;12010903;Dural GmbH;10000;35,68;;DISCOUNT_PCT;50;;DISCOUNT_PCT;40;;;;;;;;;;020.050.0010;;;;;;;;;;;;;;;;;;;;;;;ja;;;;;;;;;;;;;;;;;;ja;;;;;ja
Innen- und Aussenecke Messing hochglanzpoliert natur für Rechteck-Abschlussprofil 9 mm, Blister 1 Stück;;;12010910;Dural GmbH;10000;52,04;;DISCOUNT_PCT;50;;DISCOUNT_PCT;40;;;;;;;;;;020.050.0020;;;;;;;;;;;;;;;;;;;;;;;ja;;;;;;;;;;;;;;;;;;ja;;;;;ja
Innen- und Aussenecke Messing unbehandelt natur für Rechteck-Abschlussprofil 11 mm, Blister 1 Stück;;;12011103;Dural GmbH;10000;35,68;;DISCOUNT_PCT;50;;DISCOUNT_PCT;40;;;;;;;;;;020.050.0030;;;;;;;;;;;;;;;;;;;;;;;ja;;;;;;;;;;;;;;;;;;ja;;;;;ja
Innen- und Aussenecke Messing hochglanzpoliert natur für Rechteck-Abschlussprofil 11 mm, Blister 1 Stück;;;12011105;Dural GmbH;10000;52,04;;DISCOUNT_PCT;50;;DISCOUNT_PCT;40;;;;;;;;;;020.050.0040;;;;;;;;;;;;;;;;;;;;;;;ja;;;;;;;;;;;;;;;;;;ja;;;;;ja
Innen- und Aussenecke Messing unbehandelt natur für Rechteck-Abschlussprofil 12,5 mm, Blister 1 Stück;;;12011203;Dural GmbH;10000;35,68;;DISCOUNT_PCT;50;;DISCOUNT_PCT;40;;;;;;;;;;020.050.0050;;;;;;;;;;;;;;;;;;;;;;;ja;;;;;;;;;;;;;;;;;;ja;;;;;ja
Innen- und Aussenecke Messing hochglanzpoliert natur für Rechteck-Abschlussprofil 12,5 mm, Blister 1 Stück;;;12011210;Dural GmbH;10000;52,04;;DISCOUNT_PCT;50;;DISCOUNT_PCT;40;;;;;;;;;;020.050.0060;;;;;;;;;;;;;;;;;;;;;;;ja;;;;;;;;;;;;;;;;;;ja;;;;;ja
Rechteck-Abschlussprofil Messing unbehandelt natur 9 mm, Sichtbreite 8 mm, Länge 250 cm;;;12018090;Dural GmbH;10000;31,34;;DISCOUNT_PCT;50;;DISCOUNT_PCT;40;;;;;;;;;;020.050.0070;;;;;;;;;;;;;;;;;;;;;;;ja;;;;;;;;;;;;;;;;;;ja;;;;;ja
Winkel-Abschlussprofil Messing unbehandelt natur 9 mm, breite Sichtkante, Länge 250 cm;;;12018090ECO;Dural GmbH;10000;23,68;;DISCOUNT_PCT;50;;DISCOUNT_PCT;40;;;;;;;;;;020.060.0010;;;;;;;;;;;;;;;;;;;;;;;ja;;;;;;;;;;;;;;;;;;ja;;;;;ja
Biegbares Winkel-Abschlussprofil Messing unbehandelt natur 9 mm, breite Sichtkante, Länge 250 cm;;;12018090ECO99;Dural GmbH;10000;29,34;;DISCOUNT_PCT;50;;DISCOUNT_PCT;40;;;;;;;;;;020.060.0020;;;;;;;;;;;;;;;;;;;;;;;ja;;;;;;;;;;;;;;;;;;ja;;;;;ja
Rechteck-Abschlussprofil Messing hochglanzpoliert natur 9 mm, Sichtbreite 8 mm, Länge 250 cm;;;12018091;Dural GmbH;10000;44,84;;DISCOUNT_PCT;50;;DISCOUNT_PCT;40;;;;;;;;;;020.050.0080;;;;;;;;;;;;;;;;;;;;;;;ja;;;;;;;;;;;;;;;;;;ja;;;;;ja
Winkel-Abschlussprofil Messing verchromt chrom 9 mm, breite Sichtkante, Länge 250 cm;;;12018092ECO;Dural GmbH;10000;46,42;;DISCOUNT_PCT;50;;DISCOUNT_PCT;40;;;;;;;;;;020.060.0030;;;;;;;;;;;;;;;;;;;;;;;ja;;;;;;;;;;;;;;;;;;ja;;;;;ja
Rechteck-Abschlussprofil Messing unbehandelt natur 11 mm, Sichtbreite 8 mm, Länge 250 cm;;;12018110;Dural GmbH;10000;33,64;;DISCOUNT_PCT;50;;DISCOUNT_PCT;40;;;;;;;;;;020.050.0090;;;;;;;;;;;;;;;;;;;;;;;ja;;;;;;;;;;;;;;;;;;ja;;;;;ja
Winkel-Abschlussprofil Messing unbehandelt natur 11 mm, breite Sichtkante, Länge 250 cm;;;12018110ECO;Dural GmbH;10000;25,42;;DISCOUNT_PCT;50;;DISCOUNT_PCT;40;;;;;;;;;;020.060.0040;;;;;;;;;;;;;;;;;;;;;;;ja;;;;;;;;;;;;;;;;;;ja;;;;;ja
Biegbares Winkel-Abschlussprofil Messing unbehandelt natur 11 mm, breite Sichtkante, Länge 250 cm;;;12018110ECO99;Dural GmbH;10000;30,98;;DISCOUNT_PCT;50;;DISCOUNT_PCT;40;;;;;;;;;;020.060.0050;;;;;;;;;;;;;;;;;;;;;;;ja;;;;;;;;;;;;;;;;;;ja;;;;;ja
Rechteck-Abschlussprofil Messing hochglanzpoliert natur 11 mm, Sichtbreite 8 mm, Länge 250 cm;;;12018111;Dural GmbH;10000;47,3;;DISCOUNT_PCT;50;;DISCOUNT_PCT;40;;;;;;;;;;020.050.0100;;;;;;;;;;;;;;;;;;;;;;;ja;;;;;;;;;;;;;;;;;;ja;;;;;ja
Winkel-Abschlussprofil Messing verchromt chrom 11 mm, breite Sichtkante, Länge 250 cm;;;12018112ECO;Dural GmbH;10000;48,16;;DISCOUNT_PCT;50;;DISCOUNT_PCT;40;;;;;;;;;;020.060.0060;;;;;;;;;;;;;;;;;;;;;;;ja;;;;;;;;;;;;;;;;;;ja;;;;;ja
Rechteck-Abschlussprofil Messing unbehandelt natur 12,5 mm, Sichtbreite 8 mm, Länge 250 cm;;;12018120;Dural GmbH;10000;35,56;;DISCOUNT_PCT;50;;DISCOUNT_PCT;40;;;;;;;;;;020.050.0110;;;;;;;;;;;;;;;;;;;;;;;ja;;;;;;;;;;;;;;;;;;ja;;;;;ja
Winkel-Abschlussprofil Messing unbehandelt natur 12,5 mm, breite Sichtkante, Länge 250 cm;;;12018120ECO;Dural GmbH;10000;27,34;;DISCOUNT_PCT;50;;DISCOUNT_PCT;40;;;;;;;;;;020.060.0070;;;;;;;;;;;;;;;;;;;;;;;ja;;;;;;;;;;;;;;;;;;ja;;;;;ja
Biegbares Winkel-Abschlussprofil Messing unbehandelt natur 12,5 mm, breite Sichtkante, Länge 250 cm;;;12018120ECO99;Dural GmbH;10000;33,2;;DISCOUNT_PCT;50;;DISCOUNT_PCT;40;;;;;;;;;;020.060.0080;;;;;;;;;;;;;;;;;;;;;;;ja;;;;;;;;;;;;;;;;;;ja;;;;;ja
Rechteck-Abschlussprofil Messing hochglanzpoliert natur 12,5 mm, Sichtbreite 8 mm, Länge 250 cm;;;12018121;Dural GmbH;10000;48,78;;DISCOUNT_PCT;50;;DISCOUNT_PCT;40;;;;;;;;;;020.050.0120;;;;;;;;;;;;;;;;;;;;;;;ja;;;;;;;;;;;;;;;;;;ja;;;;;ja
Winkel-Abschlussprofil Messing verchromt chrom 12,5 mm, breite Sichtkante, Länge 250 cm;;;12018122ECO;Dural GmbH;10000;50,08;;DISCOUNT_PCT;50;;DISCOUNT_PCT;40;;;;;;;;;;020.060.0090;;;;;;;;;;;;;;;;;;;;;;;ja;;;;;;;;;;;;;;;;;;ja;;;;;ja
Quadratisches Abschlussprofil Edelstahl V2A unbehandelt 9 mm, Länge 300 cm für Wand- und Bodenbeläge;;;120220900;Dural GmbH;10000;25,78;;DISCOUNT_PCT;50;;DISCOUNT_PCT;40;;;;;;;;;;020.030.0010;;;;;;;;;;;;;;;;;;;;;;;ja;;;;;;;;;;;;;;;;;;ja;;;;;ja
Quadratisches Abschlussprofil Edelstahl V2A hochglanzpoliert 9 mm, Länge 300 cm für Wand- und Bodenbeläge;;;120220903;Dural GmbH;10000;26,74;;DISCOUNT_PCT;50;;DISCOUNT_PCT;40;;;;;;;;;;020.030.0020;;;;;;;;;;;;;;;;;;;;;;;ja;;;;;;;;;;;;;;;;;;ja;;;;;ja
Quadratisches Abschlussprofil Edelstahl V2A unbehandelt 10 mm, Länge 300 cm für Wand- und Bodenbeläge;;;120221000;Dural GmbH;10000;26,62;;DISCOUNT_PCT;50;;DISCOUNT_PCT;40;;;;;;;;;;020.030.0030;;;;;;;;;;;;;;;;;;;;;;;ja;;;;;;;;;;;;;;;;;;ja;;;;;ja
Quadratisches Abschlussprofil Edelstahl V2A hochglanzpoliert 10 mm, Länge 300 cm für Wand- und Bodenbeläge;;;120221003;Dural GmbH;10000;27,08;;DISCOUNT_PCT;50;;DISCOUNT_PCT;40;;;;;;;;;;020.030.0040;;;;;;;;;;;;;;;;;;;;;;;ja;;;;;;;;;;;;;;;;;;ja;;;;;ja
Quadratisches Abschlussprofil Edelstahl V2A unbehandelt 11 mm, Länge 300 cm für Wand- und Bodenbeläge;;;120221100;Dural GmbH;10000;27,52;;DISCOUNT_PCT;50;;DISCOUNT_PCT;40;;;;;;;;;;020.030.0050;;;;;;;;;;;;;;;;;;;;;;;ja;;;;;;;;;;;;;;;;;;ja;;;;;ja
Quadratisches Abschlussprofil Edelstahl V2A hochglanzpoliert 11 mm, Länge 300 cm für Wand- und Bodenbeläge;;;120221103;Dural GmbH;10000;28,2;;DISCOUNT_PCT;50;;DISCOUNT_PCT;40;;;;;;;;;;020.030.0060;;;;;;;;;;;;;;;;;;;;;;;ja;;;;;;;;;;;;;;;;;;ja;;;;;ja
Quadratisches Abschlussprofil Edelstahl V2A unbehandelt 12,5 mm, Länge 300 cm für Wand- und Bodenbeläge;;;120221200;Dural GmbH;10000;29,48;;DISCOUNT_PCT;50;;DISCOUNT_PCT;40;;;;;;;;;;020.030.0070;;;;;;;;;;;;;;;;;;;;;;;ja;;;;;;;;;;;;;;;;;;ja;;;;;ja
Quadratisches Abschlussprofil Edelstahl V2A hochglanzpoliert 12,5 mm, Länge 300 cm für Wand- und Bodenbeläge;;;120221203;Dural GmbH;10000;29,78;;DISCOUNT_PCT;50;;DISCOUNT_PCT;40;;;;;;;;;;020.030.0080;;;;;;;;;;;;;;;;;;;;;;;ja;;;;;;;;;;;;;;;;;;ja;;;;;ja
Quadratisches Abschlussprofil Edelstahl V2A gebürstet 9 mm, Länge 300 cm für Wand- und Bodenbeläge;;;12023000902;Dural GmbH;10000;30,46;;DISCOUNT_PCT;50;;DISCOUNT_PCT;40;;;;;;;;;;020.030.0090;;;;;;;;;;;;;;;;;;;;;;;ja;;;;;;;;;;;;;;;;;;ja;;;;;ja
Quadratisches Abschlussprofil Edelstahl V2A gebürstet 10 mm, Länge 300 cm für Wand- und Bodenbeläge;;;12023001002;Dural GmbH;10000;31,5;;DISCOUNT_PCT;50;;DISCOUNT_PCT;40;;;;;;;;;;020.030.0100;;;;;;;;;;;;;;;;;;;;;;;ja;;;;;;;;;;;;;;;;;;ja;;;;;ja
Quadratisches Abschlussprofil Edelstahl V2A gebürstet 11 mm, Länge 300 cm für Wand- und Bodenbeläge;;;12023001102;Dural GmbH;10000;32,44;;DISCOUNT_PCT;50;;DISCOUNT_PCT;40;;;;;;;;;;020.030.0110;;;;;;;;;;;;;;;;;;;;;;;ja;;;;;;;;;;;;;;;;;;ja;;;;;ja
Quadratisches Abschlussprofil Edelstahl V2A gebürstet 12,5 mm, Länge 300 cm für Wand- und Bodenbeläge;;;12023001202;Dural GmbH;10000;35,16;;DISCOUNT_PCT;50;;DISCOUNT_PCT;40;;;;;;;;;;020.030.0120;;;;;;;;;;;;;;;;;;;;;;;ja;;;;;;;;;;;;;;;;;;ja;;;;;ja
Quadratisches Abschlussprofil Edelstahl V2A unbehandelt 7 mm, Länge 250 cm für Wand- und Bodenbeläge;;;120280700;Dural GmbH;10000;24,34;;DISCOUNT_PCT;50;;DISCOUNT_PCT;40;;;;;;;;;;020.030.0130;;;;;;;;;;;;;;;;;;;;;;;ja;;;;;;;;;;;;;;;;;;ja;;;;;ja
Quadratisches Abschlussprofil Edelstahl V2A gebürstet 7 mm, Länge 250 cm für Wand- und Bodenbeläge;;;120280702;Dural GmbH;10000;29,46;;DISCOUNT_PCT;50;;DISCOUNT_PCT;40;;;;;;;;;;020.030.0140;;;;;;;;;;;;;;;;;;;;;;;ja;;;;;;;;;;;;;;;;;;ja;;;;;ja
Quadratisches Abschlussprofil Edelstahl V2A hochglanzpoliert 7 mm, Länge 250 cm für Wand- und Bodenbeläge;;;120280703;Dural GmbH;10000;26,34;;DISCOUNT_PCT;50;;DISCOUNT_PCT;40;;;;;;;;;;020.030.0150;;;;;;;;;;;;;;;;;;;;;;;ja;;;;;;;;;;;;;;;;;;ja;;;;;ja
Aussenecke Edelstahl V2A unbehandelt natur für quadratisches Abschlussprofil 7 mm, Blister 1 Stück;;;120280706;Dural GmbH;10000;22,98;;DISCOUNT_PCT;50;;DISCOUNT_PCT;40;;;;;;;;;;020.030.0160;;;;;;;;;;;;;;;;;;;;;;;ja;;;;;;;;;;;;;;;;;;ja;;;;;ja
Aussenecke Edelstahl V2A gebürstet natur für quadratisches Abschlussprofil 7 mm, Blister 1 Stück;;;120280707;Dural GmbH;10000;29,88;;DISCOUNT_PCT;50;;DISCOUNT_PCT;40;;;;;;;;;;020.030.0170;;;;;;;;;;;;;;;;;;;;;;;ja;;;;;;;;;;;;;;;;;;ja;;;;;ja
Aussenecke Edelstahl V2A hochglanzpoliert für quadratisches Abschlussprofil 7 mm, Blister 1 Stück;;;120280713;Dural GmbH;10000;27,92;;DISCOUNT_PCT;50;;DISCOUNT_PCT;40;;;;;;;;;;020.030.0180;;;;;;;;;;;;;;;;;;;;;;;ja;;;;;;;;;;;;;;;;;;ja;;;;;ja
Quadratisches Abschlussprofil Edelstahl V2A unbehandelt 9 mm, Länge 250 cm für Wand- und Bodenbeläge;;;120280900;Dural GmbH;10000;25,78;;DISCOUNT_PCT;50;;DISCOUNT_PCT;40;;;;;;;;;;020.030.0190;;;;;;;;;;;;;;;;;;;;;;;ja;;;;;;;;;;;;;;;;;;ja;;;;;ja
Quadratisches Abschlussprofil Edelstahl V2A gebürstet 9 mm, Länge 250 cm für Wand- und Bodenbeläge;;;120280902;Dural GmbH;10000;30,46;;DISCOUNT_PCT;50;;DISCOUNT_PCT;40;;;;;;;;;;020.030.0200;;;;;;;;;;;;;;;;;;;;;;;ja;;;;;;;;;;;;;;;;;;ja;;;;;ja
Quadratisches Abschlussprofil Edelstahl V2A hochglanzpoliert 9 mm, Länge 250 cm für Wand- und Bodenbeläge;;;120280903;Dural GmbH;10000;26,74;;DISCOUNT_PCT;50;;DISCOUNT_PCT;40;;;;;;;;;;020.030.0210;;;;;;;;;;;;;;;;;;;;;;;ja;;;;;;;;;;;;;;;;;;ja;;;;;ja
Aussenecke Edelstahl V2A unbehandelt natur für quadratisches Abschlussprofil 9 mm, Blister 1 Stück;;;120280906;Dural GmbH;10000;22,98;;DISCOUNT_PCT;50;;DISCOUNT_PCT;40;;;;;;;;;;020.030.0220;;;;;;;;;;;;;;;;;;;;;;;ja;;;;;;;;;;;;;;;;;;ja;;;;;ja
Aussenecke Edelstahl V2A gebürstet silber für quadratisches Abschlussprofil 9 mm, Blister 1 Stück;;;120280907;Dural GmbH;10000;29,88;;DISCOUNT_PCT;50;;DISCOUNT_PCT;40;;;;;;;;;;020.030.0230;;;;;;;;;;;;;;;;;;;;;;;ja;;;;;;;;;;;;;;;;;;ja;;;;;ja
Aussenecke Edelstahl V2A hochglanzpoliert für quadratisches Abschlussprofil 9 mm, Blister 1 Stück;;;120280913;Dural GmbH;10000;27,92;;DISCOUNT_PCT;50;;DISCOUNT_PCT;40;;;;;;;;;;020.030.0240;;;;;;;;;;;;;;;;;;;;;;;ja;;;;;;;;;;;;;;;;;;ja;;;;;ja
Quadratisches Abschlussprofil Edelstahl V2A unbehandelt 10 mm, Länge 250 cm für Wand- und Bodenbeläge;;;120281000;Dural GmbH;10000;26,62;;DISCOUNT_PCT;50;;DISCOUNT_PCT;40;;;;;;;;;;020.030.0250;;;;;;;;;;;;;;;;;;;;;;;ja;;;;;;;;;;;;;;;;;;ja;;;;;ja
Quadratisches Abschlussprofil Edelstahl V2A gebürstet 10 mm, Länge 250 cm für Wand- und Bodenbeläge;;;120281002;Dural GmbH;10000;31,5;;DISCOUNT_PCT;50;;DISCOUNT_PCT;40;;;;;;;;;;020.030.0260;;;;;;;;;;;;;;;;;;;;;;;ja;;;;;;;;;;;;;;;;;;ja;;;;;ja
Quadratisches Abschlussprofil Edelstahl V2A hochglanzpoliert 10 mm, Länge 250 cm für Wand- und Bodenbeläge;;;120281003;Dural GmbH;10000;27,08;;DISCOUNT_PCT;50;;DISCOUNT_PCT;40;;;;;;;;;;020.030.0270;;;;;;;;;;;;;;;;;;;;;;;ja;;;;;;;;;;;;;;;;;;ja;;;;;ja
Aussenecke Edelstahl V2A unbehandelt natur für quadratisches Abschlussprofil 10 mm, Blister 1 Stück;;;120281006;Dural GmbH;10000;22,98;;DISCOUNT_PCT;50;;DISCOUNT_PCT;40;;;;;;;;;;020.030.0280;;;;;;;;;;;;;;;;;;;;;;;ja;;;;;;;;;;;;;;;;;;ja;;;;;ja
Aussenecke Edelstahl V2A gebürstet für quadratisches Abschlussprofil 10 mm, Blister 1 Stück;;;120281007;Dural GmbH;10000;29,88;;DISCOUNT_PCT;50;;DISCOUNT_PCT;40;;;;;;;;;;020.030.0290;;;;;;;;;;;;;;;;;;;;;;;ja;;;;;;;;;;;;;;;;;;ja;;;;;ja
Aussenecke Edelstahl V2A hochglanzpoliert für quadratisches Abschlussprofil 10 mm, Blister 1 Stück;;;120281013;Dural GmbH;10000;27,92;;DISCOUNT_PCT;50;;DISCOUNT_PCT;40;;;;;;;;;;020.030.0300;;;;;;;;;;;;;;;;;;;;;;;ja;;;;;;;;;;;;;;;;;;ja;;;;;ja
Quadratisches Abschlussprofil Edelstahl V2A unbehandelt 11 mm, Länge 250 cm für Wand- und Bodenbeläge;;;120281100;Dural GmbH;10000;27,52;;DISCOUNT_PCT;50;;DISCOUNT_PCT;40;;;;;;;;;;020.030.0310;;;;;;;;;;;;;;;;;;;;;;;ja;;;;;;;;;;;;;;;;;;ja;;;;;ja
Quadratisches Abschlussprofil Edelstahl V2A gebürstet 11 mm, Länge 250 cm für Wand- und Bodenbeläge;;;120281102;Dural GmbH;10000;32,44;;DISCOUNT_PCT;50;;DISCOUNT_PCT;40;;;;;;;;;;020.030.0320;;;;;;;;;;;;;;;;;;;;;;;ja;;;;;;;;;;;;;;;;;;ja;;;;;ja
Quadratisches Abschlussprofil Edelstahl V2A hochglanzpoliert 11 mm, Länge 250 cm für Wand- und Bodenbeläge;;;120281103;Dural GmbH;10000;28,2;;DISCOUNT_PCT;50;;DISCOUNT_PCT;40;;;;;;;;;;020.030.0330;;;;;;;;;;;;;;;;;;;;;;;ja;;;;;;;;;;;;;;;;;;ja;;;;;ja
Aussenecke Edelstahl V2A unbehandelt natur für quadratisches Abschlussprofil 11 mm, Blister 1 Stück;;;120281106;Dural GmbH;10000;22,98;;DISCOUNT_PCT;50;;DISCOUNT_PCT;40;;;;;;;;;;020.030.0340;;;;;;;;;;;;;;;;;;;;;;;ja;;;;;;;;;;;;;;;;;;ja;;;;;ja
Aussenecke Edelstahl V2A gebürstet silber für quadratisches Abschlussprofil 11 mm, Blister 1 Stück;;;120281107;Dural GmbH;10000;29,88;;DISCOUNT_PCT;50;;DISCOUNT_PCT;40;;;;;;;;;;020.030.0350;;;;;;;;;;;;;;;;;;;;;;;ja;;;;;;;;;;;;;;;;;;ja;;;;;ja
Aussenecke Edelstahl V2A hochglanzpoliert für quadratisches Abschlussprofil 11 mm, Blister 1 Stück;;;120281113;Dural GmbH;10000;27,92;;DISCOUNT_PCT;50;;DISCOUNT_PCT;40;;;;;;;;;;020.030.0360;;;;;;;;;;;;;;;;;;;;;;;ja;;;;;;;;;;;;;;;;;;ja;;;;;ja
Quadratisches Abschlussprofil Edelstahl V2A unbehandelt 12,5 mm, Länge 250 cm für Wand- und Bodenbeläge;;;120281200;Dural GmbH;10000;29,48;;DISCOUNT_PCT;50;;DISCOUNT_PCT;40;;;;;;;;;;020.030.0370;;;;;;;;;;;;;;;;;;;;;;;ja;;;;;;;;;;;;;;;;;;ja;;;;;ja
Quadratisches Abschlussprofil Edelstahl V2A gebürstet 12,5 mm, Länge 250 cm für Wand- und Bodenbeläge;;;120281202;Dural GmbH;10000;35,16;;DISCOUNT_PCT;50;;DISCOUNT_PCT;40;;;;;;;;;;020.030.0380;;;;;;;;;;;;;;;;;;;;;;;ja;;;;;;;;;;;;;;;;;;ja;;;;;ja
Quadratisches Abschlussprofil Edelstahl V2A hochglanzpoliert 12,5 mm, Länge 250 cm für Wand- und Bodenbeläge;;;120281203;Dural GmbH;10000;29,78;;DISCOUNT_PCT;50;;DISCOUNT_PCT;40;;;;;;;;;;020.030.0390;;;;;;;;;;;;;;;;;;;;;;;ja;;;;;;;;;;;;;;;;;;ja;;;;;ja
Aussenecke Edelstahl V2A unbehandelt natur für quadratisches Abschlussprofil 12,5 mm, Blister 1 Stück;;;120281206;Dural GmbH;10000;22,98;;DISCOUNT_PCT;50;;DISCOUNT_PCT;40;;;;;;;;;;020.030.0400;;;;;;;;;;;;;;;;;;;;;;;ja;;;;;;;;;;;;;;;;;;ja;;;;;ja
Aussenecke Edelstahl V2A gebürstet silber für quadratisches Abschlussprofil 12,5 mm, Blister 1 Stück;;;120281207;Dural GmbH;10000;29,88;;DISCOUNT_PCT;50;;DISCOUNT_PCT;40;;;;;;;;;;020.030.0410;;;;;;;;;;;;;;;;;;;;;;;ja;;;;;;;;;;;;;;;;;;ja;;;;;ja
Aussenecke Edelstahl V2A hochglanzpoliert für quadratisches Abschlussprofil 12,5 mm, Blister 1 Stück;;;120281213;Dural GmbH;10000;27,92;;DISCOUNT_PCT;50;;DISCOUNT_PCT;40;;;;;;;;;;020.030.0420;;;;;;;;;;;;;;;;;;;;;;;ja;;;;;;;;;;;;;;;;;;ja;;;;;ja
Aussenecke Aluminium pulverbeschichtet sand (RAL 0808005) für 45°-Abschlussprofil 9 mm, Blister 2 Stück;;;12100904;Dural GmbH;10000;7,2;;DISCOUNT_PCT;50;;DISCOUNT_PCT;40;;;;;;;;;;020.040.0010;;;;;;;;;;;;;;;;;;;;;;;ja;;;;;;;;;;;;;;;;;;ja;;;;;ja
Aussenecke Aluminium pulverbeschichtet betongrau (RAL 0006500) für 45°-Abschlussprofil 9 mm, Blister 2 Stück;;;12100906;Dural GmbH;10000;7,2;;DISCOUNT_PCT;50;;DISCOUNT_PCT;40;;;;;;;;;;020.040.0020;;;;;;;;;;;;;;;;;;;;;;;ja;;;;;;;;;;;;;;;;;;ja;;;;;ja
Innenecke Aluminium pulverbeschichtet betongrau (RAL 0006500) für 45°-Abschlussprofil 9 mm, Blister 2 Stück;;;12100907;Dural GmbH;10000;7,2;;DISCOUNT_PCT;50;;DISCOUNT_PCT;40;;;;;;;;;;020.040.0030;;;;;;;;;;;;;;;;;;;;;;;ja;;;;;;;;;;;;;;;;;;ja;;;;;ja
Aussenecke Aluminium pulverbeschichtet sand (RAL 0808005) für 45°-Abschlussprofil 10 mm, Blister 2 Stück;;;12101204;Dural GmbH;10000;7,2;;DISCOUNT_PCT;50;;DISCOUNT_PCT;40;;;;;;;;;;020.040.0040;;;;;;;;;;;;;;;;;;;;;;;ja;;;;;;;;;;;;;;;;;;ja;;;;;ja
Innenecke Aluminium pulverbeschichtet sand (RAL 0808005) für 45°-Abschlussprofil 10 mm, Blister 2 Stück;;;12101205;Dural GmbH;10000;7,2;;DISCOUNT_PCT;50;;DISCOUNT_PCT;40;;;;;;;;;;020.040.0050;;;;;;;;;;;;;;;;;;;;;;;ja;;;;;;;;;;;;;;;;;;ja;;;;;ja
Aussenecke Aluminium pulverbeschichtet betongrau (RAL 0006500) für 45°-Abschlussprofil 10 mm, Blister 2 Stück;;;12101206;Dural GmbH;10000;7,2;;DISCOUNT_PCT;50;;DISCOUNT_PCT;40;;;;;;;;;;020.040.0060;;;;;;;;;;;;;;;;;;;;;;;ja;;;;;;;;;;;;;;;;;;ja;;;;;ja
Innenecke Aluminium pulverbeschichtet betongrau (RAL 0006500) für 45°-Abschlussprofil 10 mm, Blister 2 Stück;;;12101207;Dural GmbH;10000;7,2;;DISCOUNT_PCT;50;;DISCOUNT_PCT;40;;;;;;;;;;020.040.0070;;;;;;;;;;;;;;;;;;;;;;;ja;;;;;;;;;;;;;;;;;;ja;;;;;ja
Aussenecke Aluminium eloxiert silber für 45°-Abschlussprofil 10 mm, Blister 2 Stück;;;12101308;Dural GmbH;10000;4,8;;DISCOUNT_PCT;50;;DISCOUNT_PCT;40;;;;;;;;;;020.040.0080;;;;;;;;;;;;;;;;;;;;;;;ja;;;;;;;;;;;;;;;;;;ja;;;;;ja
Innenecke Aluminium eloxiert silber für 45°-Abschlussprofil 10 mm, Blister 2 Stück;;;12101309;Dural GmbH;10000;4,8;;DISCOUNT_PCT;50;;DISCOUNT_PCT;40;;;;;;;;;;020.040.0090;;;;;;;;;;;;;;;;;;;;;;;ja;;;;;;;;;;;;;;;;;;ja;;;;;ja
Aussenecke Aluminium pulverbeschichtet schwarz matt (RAL 9005) für 45°-Abschlussprofil 10 mm, Blister 2 Stück;;;121013101;Dural GmbH;10000;7,2;;DISCOUNT_PCT;50;;DISCOUNT_PCT;40;;;;;;;;;;020.040.0100;;;;;;;;;;;;;;;;;;;;;;;ja;;;;;;;;;;;;;;;;;;ja;;;;;ja
Innenecke Aluminium pulverbeschichtet schwarz matt (RAL 9005) für 45°-Abschlussprofil 10 mm, Blister 2 Stück;;;121013111;Dural GmbH;10000;7,2;;DISCOUNT_PCT;50;;DISCOUNT_PCT;40;;;;;;;;;;020.040.0110;;;;;;;;;;;;;;;;;;;;;;;ja;;;;;;;;;;;;;;;;;;ja;;;;;ja
Innenecke Aluminium pulverbeschichtet sand (RAL 0808005) für 45°-Abschlussprofil 9 mm, Blister 2 Stück;;;12101905;Dural GmbH;10000;7,2;;DISCOUNT_PCT;50;;DISCOUNT_PCT;40;;;;;;;;;;020.040.0120;;;;;;;;;;;;;;;;;;;;;;;ja;;;;;;;;;;;;;;;;;;ja;;;;;ja
Aussenecke Aluminium eloxiert silber für 45°-Abschlussprofil 9 mm, Blister 2 Stück;;;12101908;Dural GmbH;10000;4,8;;DISCOUNT_PCT;50;;DISCOUNT_PCT;40;;;;;;;;;;020.040.0130;;;;;;;;;;;;;;;;;;;;;;;ja;;;;;;;;;;;;;;;;;;ja;;;;;ja
Innenecke Aluminium eloxiert silber für 45°-Abschlussprofil 9 mm, Blister 2 Stück;;;12101909;Dural GmbH;10000;4,8;;DISCOUNT_PCT;50;;DISCOUNT_PCT;40;;;;;;;;;;020.040.0140;;;;;;;;;;;;;;;;;;;;;;;ja;;;;;;;;;;;;;;;;;;ja;;;;;ja
Aussenecke Aluminium pulverbeschichtet schwarz matt (RAL 9005) für 45°-Abschlussprofil 9 mm, Blister 2 Stück;;;121019101;Dural GmbH;10000;7,2;;DISCOUNT_PCT;50;;DISCOUNT_PCT;40;;;;;;;;;;020.040.0150;;;;;;;;;;;;;;;;;;;;;;;ja;;;;;;;;;;;;;;;;;;ja;;;;;ja
Innenecke Aluminium pulverbeschichtet schwarz matt (RAL 9005) für 45°-Abschlussprofil 9 mm, Blister 2 Stück;;;121019111;Dural GmbH;10000;7,2;;DISCOUNT_PCT;50;;DISCOUNT_PCT;40;;;;;;;;;;020.040.0160;;;;;;;;;;;;;;;;;;;;;;;ja;;;;;;;;;;;;;;;;;;ja;;;;;ja
Quadratisches Abschlussprofil Aluminium unbehandelt natur 7 mm, Länge 250 cm für Wand- und Bodenbeläge;;;121080700;Dural GmbH;10000;8,74;;DISCOUNT_PCT;50;;DISCOUNT_PCT;40;;;;;;;;;;020.030.0430;;;;;;;;;;;;;;;;;;;;;;;ja;;;;;;;;;;;;;;;;;;ja;;;;;ja
Quadratisches Abschlussprofil Aluminium strukturbeschichtet beige 7 mm, Länge 250 cm für Wand- und Bodenbeläge;;;121080732;Dural GmbH;10000;17,86;;DISCOUNT_PCT;50;;DISCOUNT_PCT;40;;;;;;;;;;020.030.0440;;;;;;;;;;;;;;;;;;;;;;;ja;;;;;;;;;;;;;;;;;;ja;;;;;ja
Aussenecke Aluminium strukturbeschichtet beige für quadratisches Abschlussprofil 7 mm, Blister 2 Stück;;;1210807324;Dural GmbH;10000;8,14;;DISCOUNT_PCT;50;;DISCOUNT_PCT;40;;;;;;;;;;020.030.0450;;;;;;;;;;;;;;;;;;;;;;;ja;;;;;;;;;;;;;;;;;;ja;;;;;ja
Quadratisches Abschlussprofil Aluminium strukturbeschichtet anthrazit 7 mm, Länge 250 cm für Wand- und Bodenbeläge;;;121080733;Dural GmbH;10000;17,86;;DISCOUNT_PCT;50;;DISCOUNT_PCT;40;;;;;;;;;;020.030.0460;;;;;;;;;;;;;;;;;;;;;;;ja;;;;;;;;;;;;;;;;;;ja;;;;;ja
Aussenecke Aluminium strukturbeschichtet anthrazit für quadratisches Abschlussprofil 7 mm, Blister 2 Stück;;;1210807334;Dural GmbH;10000;8,14;;DISCOUNT_PCT;50;;DISCOUNT_PCT;40;;;;;;;;;;020.030.0470;;;;;;;;;;;;;;;;;;;;;;;ja;;;;;;;;;;;;;;;;;;ja;;;;;ja
Quadratisches Abschlussprofil Aluminium strukturbeschichtet braun 7 mm, Länge 250 cm für Wand- und Bodenbeläge;;;121080735;Dural GmbH;10000;17,86;;DISCOUNT_PCT;50;;DISCOUNT_PCT;40;;;;;;;;;;020.030.0480;;;;;;;;;;;;;;;;;;;;;;;ja;;;;;;;;;;;;;;;;;;ja;;;;;ja
Aussenecke Aluminium strukturbeschichtet braun für quadratisches Abschlussprofil 7 mm, Blister 2 Stück;;;1210807354;Dural GmbH;10000;8,14;;DISCOUNT_PCT;50;;DISCOUNT_PCT;40;;;;;;;;;;020.030.0490;;;;;;;;;;;;;;;;;;;;;;;ja;;;;;;;;;;;;;;;;;;ja;;;;;ja
Quadratisches Abschlussprofil Aluminium unbehandelt natur 9 mm, Länge 250 cm für Wand- und Bodenbeläge;;;121080900;Dural GmbH;10000;9,06;;DISCOUNT_PCT;50;;DISCOUNT_PCT;40;;;;;;;;;;020.030.0500;;;;;;;;;;;;;;;;;;;;;;;ja;;;;;;;;;;;;;;;;;;ja;;;;;ja
Quadratisches Abschlussprofil Aluminium strukturbeschichtet beige 9 mm, Länge 250 cm für Wand- und Bodenbeläge;;;121080932;Dural GmbH;10000;18,62;;DISCOUNT_PCT;50;;DISCOUNT_PCT;40;;;;;;;;;;020.030.0510;;;;;;;;;;;;;;;;;;;;;;;ja;;;;;;;;;;;;;;;;;;ja;;;;;ja
Aussenecke Aluminium strukturbeschichtet beige für quadratisches Abschlussprofil 9 mm, Blister 2 Stück;;;1210809324;Dural GmbH;10000;8,14;;DISCOUNT_PCT;50;;DISCOUNT_PCT;40;;;;;;;;;;020.030.0520;;;;;;;;;;;;;;;;;;;;;;;ja;;;;;;;;;;;;;;;;;;ja;;;;;ja
Quadratisches Abschlussprofil Aluminium strukturbeschichtet anthrazit 9 mm, Länge 250 cm für Wand- und Bodenbeläge;;;121080933;Dural GmbH;10000;18,62;;DISCOUNT_PCT;50;;DISCOUNT_PCT;40;;;;;;;;;;020.030.0530;;;;;;;;;;;;;;;;;;;;;;;ja;;;;;;;;;;;;;;;;;;ja;;;;;ja
Aussenecke Aluminium strukturbeschichtet anthrazit für quadratisches Abschlussprofil 9 mm, Blister 2 Stück;;;1210809334;Dural GmbH;10000;8,14;;DISCOUNT_PCT;50;;DISCOUNT_PCT;40;;;;;;;;;;020.030.0540;;;;;;;;;;;;;;;;;;;;;;;ja;;;;;;;;;;;;;;;;;;ja;;;;;ja
Quadratisches Abschlussprofil Aluminium strukturbeschichtet braun 9 mm, Länge 250 cm für Wand- und Bodenbeläge;;;121080935;Dural GmbH;10000;18,62;;DISCOUNT_PCT;50;;DISCOUNT_PCT;40;;;;;;;;;;020.030.0550;;;;;;;;;;;;;;;;;;;;;;;ja;;;;;;;;;;;;;;;;;;ja;;;;;ja
Aussenecke Aluminium strukturbeschichtet braun für quadratisches Abschlussprofil 9 mm, Blister 2 Stück;;;1210809354;Dural GmbH;10000;8,14;;DISCOUNT_PCT;50;;DISCOUNT_PCT;40;;;;;;;;;;020.030.0560;;;;;;;;;;;;;;;;;;;;;;;ja;;;;;;;;;;;;;;;;;;ja;;;;;ja
Quadratisches Abschlussprofil Aluminium unbehandelt natur 10 mm, Länge 250 cm für Wand- und Bodenbeläge;;;121081000;Dural GmbH;10000;9,3;;DISCOUNT_PCT;50;;DISCOUNT_PCT;40;;;;;;;;;;020.030.0570;;;;;;;;;;;;;;;;;;;;;;;ja;;;;;;;;;;;;;;;;;;ja;;;;;ja
Quadratisches Abschlussprofil Aluminium strukturbeschichtet beige 10 mm, Länge 250 cm für Wand- und Bodenbeläge;;;121081032;Dural GmbH;10000;20,34;;DISCOUNT_PCT;50;;DISCOUNT_PCT;40;;;;;;;;;;020.030.0580;;;;;;;;;;;;;;;;;;;;;;;ja;;;;;;;;;;;;;;;;;;ja;;;;;ja
Aussenecke Aluminium strukturbeschichtet beige für quadratisches Abschlussprofil 10 mm, Blister 2 Stück;;;1210810324;Dural GmbH;10000;8,14;;DISCOUNT_PCT;50;;DISCOUNT_PCT;40;;;;;;;;;;020.030.0590;;;;;;;;;;;;;;;;;;;;;;;ja;;;;;;;;;;;;;;;;;;ja;;;;;ja
Quadratisches Abschlussprofil Aluminium strukturbeschichtet anthrazit 10 mm, Länge 250 cm für Wand- und Bodenbeläge;;;121081033;Dural GmbH;10000;20,34;;DISCOUNT_PCT;50;;DISCOUNT_PCT;40;;;;;;;;;;020.030.0600;;;;;;;;;;;;;;;;;;;;;;;ja;;;;;;;;;;;;;;;;;;ja;;;;;ja
Aussenecke Aluminium strukturbeschichtet anthrazit für quadratisches Abschlussprofil 10 mm, Blister 2 Stück;;;1210810334;Dural GmbH;10000;8,14;;DISCOUNT_PCT;50;;DISCOUNT_PCT;40;;;;;;;;;;020.030.0610;;;;;;;;;;;;;;;;;;;;;;;ja;;;;;;;;;;;;;;;;;;ja;;;;;ja
Quadratisches Abschlussprofil Aluminium strukturbeschichtet braun 10 mm, Länge 250 cm für Wand- und Bodenbeläge;;;121081035;Dural GmbH;10000;20,34;;DISCOUNT_PCT;50;;DISCOUNT_PCT;40;;;;;;;;;;020.030.0620;;;;;;;;;;;;;;;;;;;;;;;ja;;;;;;;;;;;;;;;;;;ja;;;;;ja
Aussenecke Aluminium strukturbeschichtet braun für quadratisches Abschlussprofil 10 mm, Blister 2 Stück;;;1210810354;Dural GmbH;10000;8,14;;DISCOUNT_PCT;50;;DISCOUNT_PCT;40;;;;;;;;;;020.030.0630;;;;;;;;;;;;;;;;;;;;;;;ja;;;;;;;;;;;;;;;;;;ja;;;;;ja
Quadratisches Abschlussprofil Aluminium unbehandelt natur 11 mm, Länge 250 cm für Wand- und Bodenbeläge;;;121081100;Dural GmbH;10000;9,48;;DISCOUNT_PCT;50;;DISCOUNT_PCT;40;;;;;;;;;;020.030.0640;;;;;;;;;;;;;;;;;;;;;;;ja;;;;;;;;;;;;;;;;;;ja;;;;;ja
Quadratisches Abschlussprofil Aluminium strukturbeschichtet beige 11 mm, Länge 250 cm für Wand- und Bodenbeläge;;;121081132;Dural GmbH;10000;21,06;;DISCOUNT_PCT;50;;DISCOUNT_PCT;40;;;;;;;;;;020.030.0650;;;;;;;;;;;;;;;;;;;;;;;ja;;;;;;;;;;;;;;;;;;ja;;;;;ja
Aussenecke Aluminium strukturbeschichtet beige für quadratisches Abschlussprofil 11 mm, Blister 2 Stück;;;1210811324;Dural GmbH;10000;8,14;;DISCOUNT_PCT;50;;DISCOUNT_PCT;40;;;;;;;;;;020.030.0660;;;;;;;;;;;;;;;;;;;;;;;ja;;;;;;;;;;;;;;;;;;ja;;;;;ja
Quadratisches Abschlussprofil Aluminium strukturbeschichtet anthrazit 11 mm, Länge 250 cm für Wand- und Bodenbeläge;;;121081133;Dural GmbH;10000;21,06;;DISCOUNT_PCT;50;;DISCOUNT_PCT;40;;;;;;;;;;020.030.0670;;;;;;;;;;;;;;;;;;;;;;;ja;;;;;;;;;;;;;;;;;;ja;;;;;ja
Aussenecke Aluminium strukturbeschichtet anthrazit für quadratisches Abschlussprofil 11 mm, Blister 2 Stück;;;1210811334;Dural GmbH;10000;8,14;;DISCOUNT_PCT;50;;DISCOUNT_PCT;40;;;;;;;;;;020.030.0680;;;;;;;;;;;;;;;;;;;;;;;ja;;;;;;;;;;;;;;;;;;ja;;;;;ja
Quadratisches Abschlussprofil Aluminium strukturbeschichtet braun 11 mm, Länge 250 cm für Wand- und Bodenbeläge;;;121081135;Dural GmbH;10000;21,06;;DISCOUNT_PCT;50;;DISCOUNT_PCT;40;;;;;;;;;;020.030.0690;;;;;;;;;;;;;;;;;;;;;;;ja;;;;;;;;;;;;;;;;;;ja;;;;;ja
Aussenecke Aluminium strukturbeschichtet braun für quadratisches Abschlussprofil 11 mm, Blister 2 Stück;;;1210811354;Dural GmbH;10000;8,14;;DISCOUNT_PCT;50;;DISCOUNT_PCT;40;;;;;;;;;;020.030.0700;;;;;;;;;;;;;;;;;;;;;;;ja;;;;;;;;;;;;;;;;;;ja;;;;;ja
Quadratisches Abschlussprofil Aluminium unbehandelt natur 12,5 mm, Länge 250 cm für Wand- und Bodenbeläge;;;121081200;Dural GmbH;10000;10,28;;DISCOUNT_PCT;50;;DISCOUNT_PCT;40;;;;;;;;;;020.030.0710;;;;;;;;;;;;;;;;;;;;;;;ja;;;;;;;;;;;;;;;;;;ja;;;;;ja
Quadratisches Abschlussprofil Aluminium strukturbeschichtet beige 12,5 mm, Länge 250 cm für Wand- und Bodenbeläge;;;121081232;Dural GmbH;10000;22,74;;DISCOUNT_PCT;50;;DISCOUNT_PCT;40;;;;;;;;;;020.030.0720;;;;;;;;;;;;;;;;;;;;;;;ja;;;;;;;;;;;;;;;;;;ja;;;;;ja
Aussenecke Aluminium strukturbeschichtet beige für quadratisches Abschlussprofil 12,5 mm, Blister 2 Stück;;;1210812324;Dural GmbH;10000;8,14;;DISCOUNT_PCT;50;;DISCOUNT_PCT;40;;;;;;;;;;020.030.0730;;;;;;;;;;;;;;;;;;;;;;;ja;;;;;;;;;;;;;;;;;;ja;;;;;ja
Quadratisches Abschlussprofil Aluminium strukturbeschichtet anthrazit 12,5 mm, Länge 250 cm für Wand- und Bodenbeläge;;;121081233;Dural GmbH;10000;22,74;;DISCOUNT_PCT;50;;DISCOUNT_PCT;40;;;;;;;;;;020.030.0740;;;;;;;;;;;;;;;;;;;;;;;ja;;;;;;;;;;;;;;;;;;ja;;;;;ja
Aussenecke Aluminium strukturbeschichtet anthrazit für quadratisches Abschlussprofil 12,5 mm, Blister 2 Stück;;;1210812334;Dural GmbH;10000;8,14;;DISCOUNT_PCT;50;;DISCOUNT_PCT;40;;;;;;;;;;020.030.0750;;;;;;;;;;;;;;;;;;;;;;;ja;;;;;;;;;;;;;;;;;;ja;;;;;ja
Quadratisches Abschlussprofil Aluminium strukturbeschichtet braun 12,5 mm, Länge 250 cm für Wand- und Bodenbeläge;;;121081235;Dural GmbH;10000;22,74;;DISCOUNT_PCT;50;;DISCOUNT_PCT;40;;;;;;;;;;020.030.0760;;;;;;;;;;;;;;;;;;;;;;;ja;;;;;;;;;;;;;;;;;;ja;;;;;ja
Aussenecke Aluminium strukturbeschichtet braun für quadratisches Abschlussprofil 12,5 mm, Blister 2 Stück;;;1210812354;Dural GmbH;10000;8,14;;DISCOUNT_PCT;50;;DISCOUNT_PCT;40;;;;;;;;;;020.030.0770;;;;;;;;;;;;;;;;;;;;;;;ja;;;;;;;;;;;;;;;;;;ja;;;;;ja
Quadratisches Abschlussprofil Aluminium strukturbeschichtet perlweiss (RAL 1013) 8 mm, Länge 250 cm für Wand- und Bodenbeläge;;;12110138081;Dural GmbH;10000;15,1;;DISCOUNT_PCT;50;;DISCOUNT_PCT;40;;;;;;;;;;020.030.0780;;;;;;;;;;;;;;;;;;;;;;;ja;;;;;;;;;;;;;;;;;;ja;;;;;ja
Aussenecke Aluminium strukturbeschichtet perlweiss (RAL 1013) für quadratisches Abschlussprofil 8 mm, Blister 2 Stück;;;12110138084;Dural GmbH;10000;8,64;;DISCOUNT_PCT;50;;DISCOUNT_PCT;40;;;;;;;;;;020.030.0790;;;;;;;;;;;;;;;;;;;;;;;ja;;;;;;;;;;;;;;;;;;ja;;;;;ja
Quadratisches Abschlussprofil Aluminium strukturbeschichtet perlweiss (RAL 1013) 10 mm, Länge 250 cm für Wand- und Bodenbeläge;;;12110138101;Dural GmbH;10000;18,12;;DISCOUNT_PCT;50;;DISCOUNT_PCT;40;;;;;;;;;;020.030.0800;;;;;;;;;;;;;;;;;;;;;;;ja;;;;;;;;;;;;;;;;;;ja;;;;;ja
Aussenecke Aluminium strukturbeschichtet perlweiss (RAL 1013) für quadratisches Abschlussprofil 10 mm, Blister 2 Stück;;;12110138104;Dural GmbH;10000;8,64;;DISCOUNT_PCT;50;;DISCOUNT_PCT;40;;;;;;;;;;020.030.0810;;;;;;;;;;;;;;;;;;;;;;;ja;;;;;;;;;;;;;;;;;;ja;;;;;ja
Quadratisches Abschlussprofil Aluminium strukturbeschichtet perlweiss (RAL 1013) 11 mm, Länge 250 cm für Wand- und Bodenbeläge;;;12110138111;Dural GmbH;10000;19,74;;DISCOUNT_PCT;50;;DISCOUNT_PCT;40;;;;;;;;;;020.030.0820;;;;;;;;;;;;;;;;;;;;;;;ja;;;;;;;;;;;;;;;;;;ja;;;;;ja
Aussenecke Aluminium strukturbeschichtet perlweiss (RAL 1013) für quadratisches Abschlussprofil 11 mm, Blister 2 Stück;;;12110138114;Dural GmbH;10000;8,64;;DISCOUNT_PCT;50;;DISCOUNT_PCT;40;;;;;;;;;;020.030.0830;;;;;;;;;;;;;;;;;;;;;;;ja;;;;;;;;;;;;;;;;;;ja;;;;;ja
Quadratisches Abschlussprofil Aluminium strukturbeschichtet perlweiss (RAL 1013) 12,5 mm, Länge 250 cm für Wand- und Bodenbeläge;;;12110138121;Dural GmbH;10000;21,74;;DISCOUNT_PCT;50;;DISCOUNT_PCT;40;;;;;;;;;;020.030.0840;;;;;;;;;;;;;;;;;;;;;;;ja;;;;;;;;;;;;;;;;;;ja;;;;;ja
Aussenecke Aluminium strukturbeschichtet perlweiss (RAL 1013) für quadratisches Abschlussprofil 12,5 mm, Blister 2 Stück;;;12110138124;Dural GmbH;10000;8,64;;DISCOUNT_PCT;50;;DISCOUNT_PCT;40;;;;;;;;;;020.030.0850;;;;;;;;;;;;;;;;;;;;;;;ja;;;;;;;;;;;;;;;;;;ja;;;;;ja
Quadratisches Abschlussprofil Aluminium strukturbeschichtet elfenbein (RAL 1014) 8 mm, Länge 250 cm für Wand- und Bodenbeläge;;;12110148081;Dural GmbH;10000;15,1;;DISCOUNT_PCT;50;;DISCOUNT_PCT;40;;;;;;;;;;020.030.0860;;;;;;;;;;;;;;;;;;;;;;;ja;;;;;;;;;;;;;;;;;;ja;;;;;ja
Innen- und Aussenecke Aluminium strukturbeschichtet elfenbein (RAL 1014) für quadratisches Abschlussprofil 8 mm, Blister 2 Stück;;;12110148084;Dural GmbH;10000;8,64;;DISCOUNT_PCT;50;;DISCOUNT_PCT;40;;;;;;;;;;020.030.0870;;;;;;;;;;;;;;;;;;;;;;;ja;;;;;;;;;;;;;;;;;;ja;;;;;ja
Quadratisches Abschlussprofil Aluminium strukturbeschichtet elfenbein (RAL 1014) 10 mm, Länge 250 cm für Wand- und Bodenbeläge;;;12110148101;Dural GmbH;10000;18,12;;DISCOUNT_PCT;50;;DISCOUNT_PCT;40;;;;;;;;;;020.030.0880;;;;;;;;;;;;;;;;;;;;;;;ja;;;;;;;;;;;;;;;;;;ja;;;;;ja
Innen- und Aussenecke Aluminium strukturbeschichtet elfenbein (RAL 1014) für quadratisches Abschlussprofil 10 mm, Blister 2 Stück;;;12110148104;Dural GmbH;10000;8,64;;DISCOUNT_PCT;50;;DISCOUNT_PCT;40;;;;;;;;;;020.030.0890;;;;;;;;;;;;;;;;;;;;;;;ja;;;;;;;;;;;;;;;;;;ja;;;;;ja
Quadratisches Abschlussprofil Aluminium strukturbeschichtet elfenbein (RAL 1014) 11 mm, Länge 250 cm für Wand- und Bodenbeläge;;;12110148111;Dural GmbH;10000;19,74;;DISCOUNT_PCT;50;;DISCOUNT_PCT;40;;;;;;;;;;020.030.0900;;;;;;;;;;;;;;;;;;;;;;;ja;;;;;;;;;;;;;;;;;;ja;;;;;ja
Innen- und Aussenecke Aluminium strukturbeschichtet elfenbein (RAL 1014) für quadratisches Abschlussprofil 11 mm, Blister 2 Stück;;;12110148114;Dural GmbH;10000;8,64;;DISCOUNT_PCT;50;;DISCOUNT_PCT;40;;;;;;;;;;020.030.0910;;;;;;;;;;;;;;;;;;;;;;;ja;;;;;;;;;;;;;;;;;;ja;;;;;ja
Quadratisches Abschlussprofil Aluminium strukturbeschichtet elfenbein (RAL 1014) 12,5 mm, Länge 250 cm für Wand- und Bodenbeläge;;;12110148121;Dural GmbH;10000;21,74;;DISCOUNT_PCT;50;;DISCOUNT_PCT;40;;;;;;;;;;020.030.0920;;;;;;;;;;;;;;;;;;;;;;;ja;;;;;;;;;;;;;;;;;;ja;;;;;ja
Innen- und Aussenecke Aluminium strukturbeschichtet elfenbein (RAL 1014) für quadratisches Abschlussprofil 12,5 mm, Blister 2 Stück;;;12110148124;Dural GmbH;10000;8,64;;DISCOUNT_PCT;50;;DISCOUNT_PCT;40;;;;;;;;;;020.030.0930;;;;;;;;;;;;;;;;;;;;;;;ja;;;;;;;;;;;;;;;;;;ja;;;;;ja
Quadratisches Abschlussprofil Aluminium strukturbeschichtet hellelfenbein (RAL 1015) 8 mm, Länge 250 cm für Wand- und Bodenbeläge;;;12110158081;Dural GmbH;10000;15,1;;DISCOUNT_PCT;50;;DISCOUNT_PCT;40;;;;;;;;;;020.030.0940;;;;;;;;;;;;;;;;;;;;;;;ja;;;;;;;;;;;;;;;;;;ja;;;;;ja
Innen- und Aussenecke Aluminium strukturbeschichtet hellelfenbein (RAL 1015) für quadratisches Abschlussprofil 8 mm, Blister 2 Stück;;;12110158084;Dural GmbH;10000;8,64;;DISCOUNT_PCT;50;;DISCOUNT_PCT;40;;;;;;;;;;020.030.0950;;;;;;;;;;;;;;;;;;;;;;;ja;;;;;;;;;;;;;;;;;;ja;;;;;ja
Quadratisches Abschlussprofil Aluminium strukturbeschichtet hellelfenbein (RAL 1015) 10 mm, Länge 250 cm für Wand- und Bodenbeläge;;;12110158101;Dural GmbH;10000;18,12;;DISCOUNT_PCT;50;;DISCOUNT_PCT;40;;;;;;;;;;020.030.0960;;;;;;;;;;;;;;;;;;;;;;;ja;;;;;;;;;;;;;;;;;;ja;;;;;ja
Innen- und Aussenecke Aluminium strukturbeschichtet hellelfenbein (RAL 1015) für quadratisches Abschlussprofil 10 mm, Blister 2 Stück;;;12110158104;Dural GmbH;10000;8,64;;DISCOUNT_PCT;50;;DISCOUNT_PCT;40;;;;;;;;;;020.030.0970;;;;;;;;;;;;;;;;;;;;;;;ja;;;;;;;;;;;;;;;;;;ja;;;;;ja
Quadratisches Abschlussprofil Aluminium strukturbeschichtet hellelfenbein (RAL 1015) 11 mm, Länge 250 cm für Wand- und Bodenbeläge;;;12110158111;Dural GmbH;10000;19,74;;DISCOUNT_PCT;50;;DISCOUNT_PCT;40;;;;;;;;;;020.030.0980;;;;;;;;;;;;;;;;;;;;;;;ja;;;;;;;;;;;;;;;;;;ja;;;;;ja
Innen- und Aussenecke Aluminium strukturbeschichtet hellelfenbein (RAL 1015) für quadratisches Abschlussprofil 11 mm, Blister 2 Stück;;;12110158114;Dural GmbH;10000;8,64;;DISCOUNT_PCT;50;;DISCOUNT_PCT;40;;;;;;;;;;020.030.0990;;;;;;;;;;;;;;;;;;;;;;;ja;;;;;;;;;;;;;;;;;;ja;;;;;ja
Quadratisches Abschlussprofil Aluminium strukturbeschichtet hellelfenbein (RAL 1015) 12,5 mm, Länge 250 cm für Wand- und Bodenbeläge;;;12110158121;Dural GmbH;10000;21,74;;DISCOUNT_PCT;50;;DISCOUNT_PCT;40;;;;;;;;;;020.030.1000;;;;;;;;;;;;;;;;;;;;;;;ja;;;;;;;;;;;;;;;;;;ja;;;;;ja
Innen- und Aussenecke Aluminium strukturbeschichtet hellelfenbein (RAL 1015) für quadratisches Abschlussprofil 12,5 mm, Blister 2 Stück;;;12110158124;Dural GmbH;10000;8,64;;DISCOUNT_PCT;50;;DISCOUNT_PCT;40;;;;;;;;;;020.030.1010;;;;;;;;;;;;;;;;;;;;;;;ja;;;;;;;;;;;;;;;;;;ja;;;;;ja
Quadratisches Abschlussprofil Aluminium strukturbeschichtet graubeige (RAL 1019) 8 mm, Länge 250 cm für Wand- und Bodenbeläge;;;12110198081;Dural GmbH;10000;15,1;;DISCOUNT_PCT;50;;DISCOUNT_PCT;40;;;;;;;;;;020.030.1020;;;;;;;;;;;;;;;;;;;;;;;ja;;;;;;;;;;;;;;;;;;ja;;;;;ja
Innen- und Aussenecke Aluminium strukturbeschichtet graubeige (RAL 1019) für quadratisches Abschlussprofil 8 mm, Blister 2 Stück;;;12110198084;Dural GmbH;10000;8,64;;DISCOUNT_PCT;50;;DISCOUNT_PCT;40;;;;;;;;;;020.030.1030;;;;;;;;;;;;;;;;;;;;;;;ja;;;;;;;;;;;;;;;;;;ja;;;;;ja
Quadratisches Abschlussprofil Aluminium strukturbeschichtet graubeige (RAL 1019) 10 mm, Länge 250 cm für Wand- und Bodenbeläge;;;12110198101;Dural GmbH;10000;18,12;;DISCOUNT_PCT;50;;DISCOUNT_PCT;40;;;;;;;;;;020.030.1040;;;;;;;;;;;;;;;;;;;;;;;ja;;;;;;;;;;;;;;;;;;ja;;;;;ja
Innen- und Aussenecke Aluminium strukturbeschichtet graubeige (RAL 1019) für quadratisches Abschlussprofil 10 mm, Blister 2 Stück;;;12110198104;Dural GmbH;10000;8,64;;DISCOUNT_PCT;50;;DISCOUNT_PCT;40;;;;;;;;;;020.030.1050;;;;;;;;;;;;;;;;;;;;;;;ja;;;;;;;;;;;;;;;;;;ja;;;;;ja
Quadratisches Abschlussprofil Aluminium strukturbeschichtet graubeige (RAL 1019) 11 mm, Länge 250 cm für Wand- und Bodenbeläge;;;12110198111;Dural GmbH;10000;19,74;;DISCOUNT_PCT;50;;DISCOUNT_PCT;40;;;;;;;;;;020.030.1060;;;;;;;;;;;;;;;;;;;;;;;ja;;;;;;;;;;;;;;;;;;ja;;;;;ja
Innen- und Aussenecke Aluminium strukturbeschichtet graubeige (RAL 1019) für quadratisches Abschlussprofil 11 mm, Blister 2 Stück;;;12110198114;Dural GmbH;10000;8,64;;DISCOUNT_PCT;50;;DISCOUNT_PCT;40;;;;;;;;;;020.030.1070;;;;;;;;;;;;;;;;;;;;;;;ja;;;;;;;;;;;;;;;;;;ja;;;;;ja
Quadratisches Abschlussprofil Aluminium strukturbeschichtet graubeige (RAL 1019) 12,5 mm, Länge 250 cm für Wand- und Bodenbeläge;;;12110198121;Dural GmbH;10000;21,74;;DISCOUNT_PCT;50;;DISCOUNT_PCT;40;;;;;;;;;;020.030.1080;;;;;;;;;;;;;;;;;;;;;;;ja;;;;;;;;;;;;;;;;;;ja;;;;;ja
Innen- und Aussenecke Aluminium strukturbeschichtet graubeige (RAL 1019) für quadratisches Abschlussprofil 12,5 mm, Blister 2 Stück;;;12110198124;Dural GmbH;10000;8,64;;DISCOUNT_PCT;50;;DISCOUNT_PCT;40;;;;;;;;;;020.030.1090;;;;;;;;;;;;;;;;;;;;;;;ja;;;;;;;;;;;;;;;;;;ja;;;;;ja
Innen- und Aussenecke Aluminium pulverbeschichtet sand (RAL 0808005) für quadratisches Abschlussprofil 11 mm, Blister 2 Stück;;;12111104;Dural GmbH;10000;7,2;;DISCOUNT_PCT;50;;DISCOUNT_PCT;40;;;;;;;;;;020.040.0170;;;;;;;;;;;;;;;;;;;;;;;ja;;;;;;;;;;;;;;;;;;ja;;;;;ja
Innen- und Aussenecke Aluminium pulverbeschichtet sand (RAL 0808005) für quadratisches Abschlussprofil 11 mm, Blister 2 Stück;;;12111105;Dural GmbH;10000;7,2;;DISCOUNT_PCT;50;;DISCOUNT_PCT;40;;;;;;;;;;020.040.0180;;;;;;;;;;;;;;;;;;;;;;;ja;;;;;;;;;;;;;;;;;;ja;;;;;ja
Innen- und Aussenecke Aluminium pulverbeschichtet betongrau (RAL 0006500) für quadratisches Abschlussprofil 11 mm, Blister 2 Stück;;;12111106;Dural GmbH;10000;7,2;;DISCOUNT_PCT;50;;DISCOUNT_PCT;40;;;;;;;;;;020.040.0190;;;;;;;;;;;;;;;;;;;;;;;ja;;;;;;;;;;;;;;;;;;ja;;;;;ja
Innen- und Aussenecke Aluminium pulverbeschichtet betongrau (RAL 0006500) für quadratisches Abschlussprofil 11 mm, Blister 2 Stück;;;12111107;Dural GmbH;10000;7,2;;DISCOUNT_PCT;50;;DISCOUNT_PCT;40;;;;;;;;;;020.040.0200;;;;;;;;;;;;;;;;;;;;;;;ja;;;;;;;;;;;;;;;;;;ja;;;;;ja
Innen- und Aussenecke Aluminium silber für quadratisches Abschlussprofil 11 mm, Blister 2 Stück;;;12111308;Dural GmbH;10000;4,8;;DISCOUNT_PCT;50;;DISCOUNT_PCT;40;;;;;;;;;;020.040.0210;;;;;;;;;;;;;;;;;;;;;;;ja;;;;;;;;;;;;;;;;;;ja;;;;;ja
Innen- und Aussenecke Aluminium silber für quadratisches Abschlussprofil 11 mm, Blister 2 Stück;;;12111309;Dural GmbH;10000;4,8;;DISCOUNT_PCT;50;;DISCOUNT_PCT;40;;;;;;;;;;020.040.0220;;;;;;;;;;;;;;;;;;;;;;;ja;;;;;;;;;;;;;;;;;;ja;;;;;ja
Innen- und Aussenecke Aluminium pulverbeschichtet schwarz matt (RAL 9005) für quadratisches Abschlussprofil 11 mm, Blister 2 Stück;;;121113101;Dural GmbH;10000;7,2;;DISCOUNT_PCT;50;;DISCOUNT_PCT;40;;;;;;;;;;020.040.0230;;;;;;;;;;;;;;;;;;;;;;;ja;;;;;;;;;;;;;;;;;;ja;;;;;ja
Innen- und Aussenecke Aluminium pulverbeschichtet schwarz matt (RAL 9005) für quadratisches Abschlussprofil 11 mm, Blister 2 Stück;;;121113111;Dural GmbH;10000;7,2;;DISCOUNT_PCT;50;;DISCOUNT_PCT;40;;;;;;;;;;020.040.0240;;;;;;;;;;;;;;;;;;;;;;;ja;;;;;;;;;;;;;;;;;;ja;;;;;ja
Quadratisches Abschlussprofil Aluminium pulverbeschichtet schwarz matt (RAL 9005) 8 mm, Länge 250 cm für Wand- und Bodenbeläge;;;121118081;Dural GmbH;10000;12,58;;DISCOUNT_PCT;50;;DISCOUNT_PCT;40;;;;;;;;;;020.030.1100;;;;;;;;;;;;;;;;;;;;;;;ja;;;;;;;;;;;;;;;;;;ja;;;;;ja
Innen- und Aussenecke Aluminium pulverbeschichtet schwarz matt (RAL 9005) für quadratisches Abschlussprofil 8 mm, Blister 2 Stück;;;121118084;Dural GmbH;10000;7,2;;DISCOUNT_PCT;50;;DISCOUNT_PCT;40;;;;;;;;;;020.030.1110;;;;;;;;;;;;;;;;;;;;;;;ja;;;;;;;;;;;;;;;;;;ja;;;;;ja
Quadratisches Abschlussprofil Aluminium pulverbeschichtet schwarz matt (RAL 9005) 10 mm, Länge 250 cm für Wand- und Bodenbeläge;;;121118101;Dural GmbH;10000;15,1;;DISCOUNT_PCT;50;;DISCOUNT_PCT;40;;;;;;;;;;020.030.1120;;;;;;;;;;;;;;;;;;;;;;;ja;;;;;;;;;;;;;;;;;;ja;;;;;ja
Quadratisches Abschlussprofil Aluminium pulverbeschichtet schwarz matt (RAL 9005) 12,5 mm, Länge 250 cm für Wand- und Bodenbeläge;;;121118121;Dural GmbH;10000;18,12;;DISCOUNT_PCT;50;;DISCOUNT_PCT;40;;;;;;;;;;020.030.1130;;;;;;;;;;;;;;;;;;;;;;;ja;;;;;;;;;;;;;;;;;;ja;;;;;ja
Innen- und Aussenecke Aluminium pulverbeschichtet schwarz matt (RAL 9005) für quadratisches Abschlussprofil 12,5 mm, Blister 2 Stück;;;121118124;Dural GmbH;10000;7,2;;DISCOUNT_PCT;50;;DISCOUNT_PCT;40;;;;;;;;;;020.030.1140;;;;;;;;;;;;;;;;;;;;;;;ja;;;;;;;;;;;;;;;;;;ja;;;;;ja
Quadratisches Abschlussprofil Aluminium eloxiert silber 9 mm, Länge 300 cm für Wand- und Bodenbeläge;;;121120900;Dural GmbH;10000;11,88;;DISCOUNT_PCT;50;;DISCOUNT_PCT;40;;;;;;;;;;020.030.1150;;;;;;;;;;;;;;;;;;;;;;;ja;;;;;;;;;;;;;;;;;;ja;;;;;ja
Quadratisches Abschlussprofil Aluminium eloxiert silber 10 mm, Länge 300 cm für Wand- und Bodenbeläge;;;121121000;Dural GmbH;10000;12,26;;DISCOUNT_PCT;50;;DISCOUNT_PCT;40;;;;;;;;;;020.030.1160;;;;;;;;;;;;;;;;;;;;;;;ja;;;;;;;;;;;;;;;;;;ja;;;;;ja
Quadratisches Abschlussprofil Aluminium eloxiert silber 11 mm, Länge 300 cm für Wand- und Bodenbeläge;;;121121100;Dural GmbH;10000;12,6;;DISCOUNT_PCT;50;;DISCOUNT_PCT;40;;;;;;;;;;020.030.1170;;;;;;;;;;;;;;;;;;;;;;;ja;;;;;;;;;;;;;;;;;;ja;;;;;ja
Quadratisches Abschlussprofil Aluminium eloxiert silber 12,5 mm, Länge 300 cm für Wand- und Bodenbeläge;;;121121200;Dural GmbH;10000;13,76;;DISCOUNT_PCT;50;;DISCOUNT_PCT;40;;;;;;;;;;020.030.1180;;;;;;;;;;;;;;;;;;;;;;;ja;;;;;;;;;;;;;;;;;;ja;;;;;ja
Quadratisches Abschlussprofil Aluminium pulverbeschichtet weiss matt (RAL 9003) 8 mm, Länge 250 cm für Wand- und Bodenbeläge;;;121128081;Dural GmbH;10000;12,58;;DISCOUNT_PCT;50;;DISCOUNT_PCT;40;;;;;;;;;;020.030.1190;;;;;;;;;;;;;;;;;;;;;;;ja;;;;;;;;;;;;;;;;;;ja;;;;;ja
Innen- und Aussenecke Aluminium pulverbeschichtet weiss matt (RAL 9003) für quadratisches Abschlussprofil 8 mm, Blister 2 Stück;;;121128084;Dural GmbH;10000;7,2;;DISCOUNT_PCT;50;;DISCOUNT_PCT;40;;;;;;;;;;020.030.1200;;;;;;;;;;;;;;;;;;;;;;;ja;;;;;;;;;;;;;;;;;;ja;;;;;ja
Quadratisches Abschlussprofil Aluminium pulverbeschichtet weiss matt (RAL 9003) 10 mm, Länge 250 cm für Wand- und Bodenbeläge;;;121128101;Dural GmbH;10000;15,1;;DISCOUNT_PCT;50;;DISCOUNT_PCT;40;;;;;;;;;;020.030.1210;;;;;;;;;;;;;;;;;;;;;;;ja;;;;;;;;;;;;;;;;;;ja;;;;;ja
Innen- und Aussenecke Aluminium pulverbeschichtet weiss matt (RAL 9003) für quadratisches Abschlussprofil 10 mm, Blister 2 Stück;;;121128104;Dural GmbH;10000;7,2;;DISCOUNT_PCT;50;;DISCOUNT_PCT;40;;;;;;;;;;020.030.1220;;;;;;;;;;;;;;;;;;;;;;;ja;;;;;;;;;;;;;;;;;;ja;;;;;ja
Quadratisches Abschlussprofil Aluminium pulverbeschichtet weiss matt (RAL 9003) 11 mm, Länge 250 cm für Wand- und Bodenbeläge;;;121128111;Dural GmbH;10000;16,44;;DISCOUNT_PCT;50;;DISCOUNT_PCT;40;;;;;;;;;;020.030.1230;;;;;;;;;;;;;;;;;;;;;;;ja;;;;;;;;;;;;;;;;;;ja;;;;;ja
Innen- und Aussenecke Aluminium pulverbeschichtet weiss matt (RAL 9003) für quadratisches Abschlussprofil 11 mm, Blister 2 Stück;;;121128114;Dural GmbH;10000;7,2;;DISCOUNT_PCT;50;;DISCOUNT_PCT;40;;;;;;;;;;020.030.1240;;;;;;;;;;;;;;;;;;;;;;;ja;;;;;;;;;;;;;;;;;;ja;;;;;ja
Quadratisches Abschlussprofil Aluminium pulverbeschichtet weiss matt (RAL 9003) 12,5 mm, Länge 250 cm für Wand- und Bodenbeläge;;;121128121;Dural GmbH;10000;18,12;;DISCOUNT_PCT;50;;DISCOUNT_PCT;40;;;;;;;;;;020.030.1250;;;;;;;;;;;;;;;;;;;;;;;ja;;;;;;;;;;;;;;;;;;ja;;;;;ja
Innen- und Aussenecke Aluminium pulverbeschichtet weiss matt (RAL 9003) für quadratisches Abschlussprofil 12,5 mm, Blister 2 Stück;;;121128124;Dural GmbH;10000;7,2;;DISCOUNT_PCT;50;;DISCOUNT_PCT;40;;;;;;;;;;020.030.1260;;;;;;;;;;;;;;;;;;;;;;;ja;;;;;;;;;;;;;;;;;;ja;;;;;ja
Quadratisches Abschlussprofil Aluminium eloxiert silber 7 mm, Länge 250 cm für Wand- und Bodenbeläge;;;121180700;Dural GmbH;10000;11,34;;DISCOUNT_PCT;50;;DISCOUNT_PCT;40;;;;;;;;;;020.030.1270;;;;;;;;;;;;;;;;;;;;;;;ja;;;;;;;;;;;;;;;;;;ja;;;;;ja
Innen- und Aussenecke Aluminium eloxiert silber für quadratisches Abschlussprofil 7 mm, Blister 2 Stück;;;121180704;Dural GmbH;10000;5,32;;DISCOUNT_PCT;50;;DISCOUNT_PCT;40;;;;;;;;;;020.030.1280;;;;;;;;;;;;;;;;;;;;;;;ja;;;;;;;;;;;;;;;;;;ja;;;;;ja
Quadratisches Abschlussprofil Aluminium eloxiert silber 9 mm, Länge 250 cm für Wand- und Bodenbeläge;;;121180900;Dural GmbH;10000;11,88;;DISCOUNT_PCT;50;;DISCOUNT_PCT;40;;;;;;;;;;020.030.1290;;;;;;;;;;;;;;;;;;;;;;;ja;;;;;;;;;;;;;;;;;;ja;;;;;ja
Innen- und Aussenecke Aluminium eloxiert silber für quadratisches Abschlussprofil 9 mm, Blister 2 Stück;;;121180904;Dural GmbH;10000;5,32;;DISCOUNT_PCT;50;;DISCOUNT_PCT;40;;;;;;;;;;020.030.1300;;;;;;;;;;;;;;;;;;;;;;;ja;;;;;;;;;;;;;;;;;;ja;;;;;ja
Innen- und Aussenecke Aluminium pulverbeschichtet betongrau (RAL 0006500) für quadratisches Abschlussprofil 9 mm, Blister 2 Stück;;;121180904B;Dural GmbH;10000;7,2;;DISCOUNT_PCT;50;;DISCOUNT_PCT;40;;;;;;;;;;020.030.1310;;;;;;;;;;;;;;;;;;;;;;;ja;;;;;;;;;;;;;;;;;;ja;;;;;ja
Innen- und Aussenecke Aluminium pulverbeschichtet sand (RAL 0808005) für quadratisches Abschlussprofil 9 mm, Blister 2 Stück;;;121180904S;Dural GmbH;10000;7,2;;DISCOUNT_PCT;50;;DISCOUNT_PCT;40;;;;;;;;;;020.030.1320;;;;;;;;;;;;;;;;;;;;;;;ja;;;;;;;;;;;;;;;;;;ja;;;;;ja
Quadratisches Abschlussprofil Aluminium eloxiert silber 10 mm, Länge 250 cm für Wand- und Bodenbeläge;;;121181000;Dural GmbH;10000;12,26;;DISCOUNT_PCT;50;;DISCOUNT_PCT;40;;;;;;;;;;020.030.1330;;;;;;;;;;;;;;;;;;;;;;;ja;;;;;;;;;;;;;;;;;;ja;;;;;ja
Innen- und Aussenecke Aluminium eloxiert silber für quadratisches Abschlussprofil 10 mm, Blister 2 Stück;;;121181004;Dural GmbH;10000;5,32;;DISCOUNT_PCT;50;;DISCOUNT_PCT;40;;;;;;;;;;020.030.1340;;;;;;;;;;;;;;;;;;;;;;;ja;;;;;;;;;;;;;;;;;;ja;;;;;ja
Quadratisches Abschlussprofil Aluminium eloxiert silber 11 mm, Länge 250 cm für Wand- und Bodenbeläge;;;121181100;Dural GmbH;10000;12,6;;DISCOUNT_PCT;50;;DISCOUNT_PCT;40;;;;;;;;;;020.030.1350;;;;;;;;;;;;;;;;;;;;;;;ja;;;;;;;;;;;;;;;;;;ja;;;;;ja
Innen- und Aussenecke Aluminium eloxiert silber für quadratisches Abschlussprofil 11 mm, Blister 2 Stück;;;121181104;Dural GmbH;10000;5,32;;DISCOUNT_PCT;50;;DISCOUNT_PCT;40;;;;;;;;;;020.030.1360;;;;;;;;;;;;;;;;;;;;;;;ja;;;;;;;;;;;;;;;;;;ja;;;;;ja
Innen- und Aussenecke Aluminium pulverbeschichtet betongrau (RAL 0006500) für quadratisches Abschlussprofil 11 mm, Blister 2 Stück;;;121181104B;Dural GmbH;10000;7,2;;DISCOUNT_PCT;50;;DISCOUNT_PCT;40;;;;;;;;;;020.030.1370;;;;;;;;;;;;;;;;;;;;;;;ja;;;;;;;;;;;;;;;;;;ja;;;;;ja
Innen- und Aussenecke Aluminium pulverbeschichtet sand (RAL 0808005) für quadratisches Abschlussprofil 11 mm, Blister 2 Stück;;;121181104S;Dural GmbH;10000;7,2;;DISCOUNT_PCT;50;;DISCOUNT_PCT;40;;;;;;;;;;020.030.1380;;;;;;;;;;;;;;;;;;;;;;;ja;;;;;;;;;;;;;;;;;;ja;;;;;ja
Quadratisches Abschlussprofil Aluminium eloxiert silber 12,5 mm, Länge 250 cm für Wand- und Bodenbeläge;;;121181200;Dural GmbH;10000;13,76;;DISCOUNT_PCT;50;;DISCOUNT_PCT;40;;;;;;;;;;020.030.1390;;;;;;;;;;;;;;;;;;;;;;;ja;;;;;;;;;;;;;;;;;;ja;;;;;ja
Innen- und Aussenecke Aluminium eloxiert silber für quadratisches Abschlussprofil 12,5 mm, Blister 2 Stück;;;121181204;Dural GmbH;10000;5,32;;DISCOUNT_PCT;50;;DISCOUNT_PCT;40;;;;;;;;;;020.030.1400;;;;;;;;;;;;;;;;;;;;;;;ja;;;;;;;;;;;;;;;;;;ja;;;;;ja
Quadratisches Abschlussprofil Aluminium eloxiert silber 9 mm, Länge 250 cm für Wand- und Bodenbeläge;;;12119001;Dural GmbH;10000;13,54;;DISCOUNT_PCT;50;;DISCOUNT_PCT;40;;;;;;;;;;020.040.0250;;;;;;;;;;;;;;;;;;;;;;;ja;;;;;;;;;;;;;;;;;;ja;;;;;ja
Quadratisches Abschlussprofil Aluminium pulverbeschichtet betongrau (RAL 0006500) 9 mm, Länge 250 cm für Wand- und Bodenbeläge;;;12119003;Dural GmbH;10000;15,04;;DISCOUNT_PCT;50;;DISCOUNT_PCT;40;;;;;;;;;;020.040.0260;;;;;;;;;;;;;;;;;;;;;;;ja;;;;;;;;;;;;;;;;;;ja;;;;;ja
Quadratisches Abschlussprofil Aluminium pulverbeschichtet sand (RAL 0808005) 9 mm, Länge 250 cm für Wand- und Bodenbeläge;;;12119004;Dural GmbH;10000;15,04;;DISCOUNT_PCT;50;;DISCOUNT_PCT;40;;;;;;;;;;020.040.0270;;;;;;;;;;;;;;;;;;;;;;;ja;;;;;;;;;;;;;;;;;;ja;;;;;ja
Quadratisches Abschlussprofil Aluminium eloxiert silber 10 mm, Länge 250 cm für Wand- und Bodenbeläge;;;12119011;Dural GmbH;10000;14,02;;DISCOUNT_PCT;50;;DISCOUNT_PCT;40;;;;;;;;;;020.040.0280;;;;;;;;;;;;;;;;;;;;;;;ja;;;;;;;;;;;;;;;;;;ja;;;;;ja
Quadratisches Abschlussprofil Aluminium pulverbeschichtet betongrau (RAL 0006500) 10 mm, Länge 250 cm für Wand- und Bodenbeläge;;;12119013;Dural GmbH;10000;15,88;;DISCOUNT_PCT;50;;DISCOUNT_PCT;40;;;;;;;;;;020.040.0290;;;;;;;;;;;;;;;;;;;;;;;ja;;;;;;;;;;;;;;;;;;ja;;;;;ja
Quadratisches Abschlussprofil Aluminium pulverbeschichtet sand (RAL 0808005) 10 mm, Länge 250 cm für Wand- und Bodenbeläge;;;12119014;Dural GmbH;10000;15,88;;DISCOUNT_PCT;50;;DISCOUNT_PCT;40;;;;;;;;;;020.040.0300;;;;;;;;;;;;;;;;;;;;;;;ja;;;;;;;;;;;;;;;;;;ja;;;;;ja
Quadratisches Abschlussprofil Aluminium eloxiert silber 11 mm, Länge 250 cm für Wand- und Bodenbeläge;;;12119021;Dural GmbH;10000;14,46;;DISCOUNT_PCT;50;;DISCOUNT_PCT;40;;;;;;;;;;020.040.0310;;;;;;;;;;;;;;;;;;;;;;;ja;;;;;;;;;;;;;;;;;;ja;;;;;ja
Quadratisches Abschlussprofil Aluminium pulverbeschichtet betongrau (RAL 0006500) 11 mm, Länge 250 cm für Wand- und Bodenbeläge;;;12119023;Dural GmbH;10000;16,78;;DISCOUNT_PCT;50;;DISCOUNT_PCT;40;;;;;;;;;;020.040.0320;;;;;;;;;;;;;;;;;;;;;;;ja;;;;;;;;;;;;;;;;;;ja;;;;;ja
Quadratisches Abschlussprofil Aluminium pulverbeschichtet sand (RAL 0808005) 11 mm, Länge 250 cm für Wand- und Bodenbeläge;;;12119024;Dural GmbH;10000;16,78;;DISCOUNT_PCT;50;;DISCOUNT_PCT;40;;;;;;;;;;020.040.0330;;;;;;;;;;;;;;;;;;;;;;;ja;;;;;;;;;;;;;;;;;;ja;;;;;ja
Quadratisches Abschlussprofil Aluminium pulverbeschichtet schwarz matt (RAL 9005) 10 mm, Länge 250 cm für Wand- und Bodenbeläge;;;12119033;Dural GmbH;10000;15,88;;DISCOUNT_PCT;50;;DISCOUNT_PCT;40;;;;;;;;;;020.040.0340;;;;;;;;;;;;;;;;;;;;;;;ja;;;;;;;;;;;;;;;;;;ja;;;;;ja
Quadratisches Abschlussprofil Aluminium eloxiert silber 9 mm, Länge 300 cm für Wand- und Bodenbeläge;;;12119101;Dural GmbH;10000;13,54;;DISCOUNT_PCT;50;;DISCOUNT_PCT;40;;;;;;;;;;020.040.0350;;;;;;;;;;;;;;;;;;;;;;;ja;;;;;;;;;;;;;;;;;;ja;;;;;ja
Quadratisches Abschlussprofil Aluminium pulverbeschichtet betongrau (RAL 0006500) 9 mm, Länge 300 cm für Wand- und Bodenbeläge;;;12119103;Dural GmbH;10000;15,04;;DISCOUNT_PCT;50;;DISCOUNT_PCT;40;;;;;;;;;;020.040.0360;;;;;;;;;;;;;;;;;;;;;;;ja;;;;;;;;;;;;;;;;;;ja;;;;;ja
Quadratisches Abschlussprofil Aluminium pulverbeschichtet sand (RAL 0808005) 9 mm, Länge 300 cm für Wand- und Bodenbeläge;;;12119104;Dural GmbH;10000;15,04;;DISCOUNT_PCT;50;;DISCOUNT_PCT;40;;;;;;;;;;020.040.0370;;;;;;;;;;;;;;;;;;;;;;;ja;;;;;;;;;;;;;;;;;;ja;;;;;ja
Quadratisches Abschlussprofil Aluminium eloxiert silber 10 mm, Länge 300 cm für Wand- und Bodenbeläge;;;12119111;Dural GmbH;10000;14,02;;DISCOUNT_PCT;50;;DISCOUNT_PCT;40;;;;;;;;;;020.040.0380;;;;;;;;;;;;;;;;;;;;;;;ja;;;;;;;;;;;;;;;;;;ja;;;;;ja
Quadratisches Abschlussprofil Aluminium pulverbeschichtet betongrau (RAL 0006500) 10 mm, Länge 300 cm für Wand- und Bodenbeläge;;;12119113;Dural GmbH;10000;15,88;;DISCOUNT_PCT;50;;DISCOUNT_PCT;40;;;;;;;;;;020.040.0390;;;;;;;;;;;;;;;;;;;;;;;ja;;;;;;;;;;;;;;;;;;ja;;;;;ja
Quadratisches Abschlussprofil Aluminium pulverbeschichtet sand (RAL 0808005) 10 mm, Länge 300 cm für Wand- und Bodenbeläge;;;12119114;Dural GmbH;10000;15,88;;DISCOUNT_PCT;50;;DISCOUNT_PCT;40;;;;;;;;;;020.040.0400;;;;;;;;;;;;;;;;;;;;;;;ja;;;;;;;;;;;;;;;;;;ja;;;;;ja
Quadratisches Abschlussprofil Aluminium eloxiert silber 11 mm, Länge 300 cm für Wand- und Bodenbeläge;;;12119121;Dural GmbH;10000;14,46;;DISCOUNT_PCT;50;;DISCOUNT_PCT;40;;;;;;;;;;020.040.0410;;;;;;;;;;;;;;;;;;;;;;;ja;;;;;;;;;;;;;;;;;;ja;;;;;ja
Quadratisches Abschlussprofil Aluminium pulverbeschichtet betongrau (RAL 0006500) 11 mm, Länge 300 cm für Wand- und Bodenbeläge;;;12119123;Dural GmbH;10000;16,78;;DISCOUNT_PCT;50;;DISCOUNT_PCT;40;;;;;;;;;;020.040.0420;;;;;;;;;;;;;;;;;;;;;;;ja;;;;;;;;;;;;;;;;;;ja;;;;;ja
Quadratisches Abschlussprofil Aluminium pulverbeschichtet sand (RAL 0808005) 11 mm, Länge 300 cm für Wand- und Bodenbeläge;;;12119124;Dural GmbH;10000;16,78;;DISCOUNT_PCT;50;;DISCOUNT_PCT;40;;;;;;;;;;020.040.0430;;;;;;;;;;;;;;;;;;;;;;;ja;;;;;;;;;;;;;;;;;;ja;;;;;ja
Quadratisches Abschlussprofil Aluminium pulverbeschichtet schwarz matt (RAL 9005) 10 mm, Länge 300 cm für Wand- und Bodenbeläge;;;12119133;Dural GmbH;10000;15,88;;DISCOUNT_PCT;50;;DISCOUNT_PCT;40;;;;;;;;;;020.040.0440;;;;;;;;;;;;;;;;;;;;;;;ja;;;;;;;;;;;;;;;;;;ja;;;;;ja
Quadratisches Abschlussprofil Aluminium pulverbeschichtet schwarz matt (RAL 9005) 11 mm, Länge 250 cm für Wand- und Bodenbeläge;;;12129033;Dural GmbH;10000;16,78;;DISCOUNT_PCT;50;;DISCOUNT_PCT;40;;;;;;;;;;020.040.0450;;;;;;;;;;;;;;;;;;;;;;;ja;;;;;;;;;;;;;;;;;;ja;;;;;ja
Quadratisches Abschlussprofil Aluminium pulverbeschichtet schwarz matt (RAL 9005) 11 mm, Länge 300 cm für Wand- und Bodenbeläge;;;12129133;Dural GmbH;10000;16,78;;DISCOUNT_PCT;50;;DISCOUNT_PCT;40;;;;;;;;;;020.040.0460;;;;;;;;;;;;;;;;;;;;;;;ja;;;;;;;;;;;;;;;;;;ja;;;;;ja
Quadratisches Abschlussprofil Aluminium pulverbeschichtet weiss 8 mm, Länge 250 cm für Wand- und Bodenbeläge;;;121308081;Dural GmbH;10000;12,58;;DISCOUNT_PCT;50;;DISCOUNT_PCT;40;;;;;;;;;;020.030.1410;;;;;;;;;;;;;;;;;;;;;;;ja;;;;;;;;;;;;;;;;;;ja;;;;;ja
Innen- und Aussenecke Aluminium pulverbeschichtet weiss für quadratisches Abschlussprofil 8 mm, Blister 2 Stück;;;121308084;Dural GmbH;10000;7,2;;DISCOUNT_PCT;50;;DISCOUNT_PCT;40;;;;;;;;;;020.030.1420;;;;;;;;;;;;;;;;;;;;;;;ja;;;;;;;;;;;;;;;;;;ja;;;;;ja
Quadratisches Abschlussprofil Aluminium pulverbeschichtet weiss 10 mm, Länge 250 cm für Wand- und Bodenbeläge;;;121308101;Dural GmbH;10000;15,1;;DISCOUNT_PCT;50;;DISCOUNT_PCT;40;;;;;;;;;;020.030.1430;;;;;;;;;;;;;;;;;;;;;;;ja;;;;;;;;;;;;;;;;;;ja;;;;;ja
Innen- und Aussenecke Aluminium pulverbeschichtet weiss für quadratisches Abschlussprofil 10 mm, Blister 2 Stück;;;121308104;Dural GmbH;10000;7,2;;DISCOUNT_PCT;50;;DISCOUNT_PCT;40;;;;;;;;;;020.030.1440;;;;;;;;;;;;;;;;;;;;;;;ja;;;;;;;;;;;;;;;;;;ja;;;;;ja
Quadratisches Abschlussprofil Aluminium pulverbeschichtet weiss 11 mm, Länge 250 cm für Wand- und Bodenbeläge;;;121308111;Dural GmbH;10000;16,44;;DISCOUNT_PCT;50;;DISCOUNT_PCT;40;;;;;;;;;;020.030.1450;;;;;;;;;;;;;;;;;;;;;;;ja;;;;;;;;;;;;;;;;;;ja;;;;;ja
Innen- und Aussenecke Aluminium pulverbeschichtet weiss für quadratisches Abschlussprofil 11 mm, Blister 2 Stück;;;121308114;Dural GmbH;10000;7,2;;DISCOUNT_PCT;50;;DISCOUNT_PCT;40;;;;;;;;;;020.030.1460;;;;;;;;;;;;;;;;;;;;;;;ja;;;;;;;;;;;;;;;;;;ja;;;;;ja
Quadratisches Abschlussprofil Aluminium pulverbeschichtet weiss 12,5 mm, Länge 250 cm für Wand- und Bodenbeläge;;;121308121;Dural GmbH;10000;18,12;;DISCOUNT_PCT;50;;DISCOUNT_PCT;40;;;;;;;;;;020.030.1470;;;;;;;;;;;;;;;;;;;;;;;ja;;;;;;;;;;;;;;;;;;ja;;;;;ja
Innen- und Aussenecke Aluminium pulverbeschichtet weiss für quadratisches Abschlussprofil 12,5 mm, Blister 2 Stück;;;121308124;Dural GmbH;10000;7,2;;DISCOUNT_PCT;50;;DISCOUNT_PCT;40;;;;;;;;;;020.030.1480;;;;;;;;;;;;;;;;;;;;;;;ja;;;;;;;;;;;;;;;;;;ja;;;;;ja
Quadratisches Abschlussprofil Aluminium pulverbeschichtet schwarz 8 mm, Länge 250 cm für Wand- und Bodenbeläge;;;121338081;Dural GmbH;10000;12,58;;DISCOUNT_PCT;50;;DISCOUNT_PCT;40;;;;;;;;;;020.030.1490;;;;;;;;;;;;;;;;;;;;;;;ja;;;;;;;;;;;;;;;;;;ja;;;;;ja
Innen- und Aussenecke Aluminium pulverbeschichtet schwarz für quadratisches Abschlussprofil 8 mm, Blister 2 Stück;;;121338084;Dural GmbH;10000;7,2;;DISCOUNT_PCT;50;;DISCOUNT_PCT;40;;;;;;;;;;020.030.1500;;;;;;;;;;;;;;;;;;;;;;;ja;;;;;;;;;;;;;;;;;;ja;;;;;ja
Quadratisches Abschlussprofil Aluminium pulverbeschichtet schwarz 10 mm, Länge 250 cm für Wand- und Bodenbeläge;;;121338101;Dural GmbH;10000;15,1;;DISCOUNT_PCT;50;;DISCOUNT_PCT;40;;;;;;;;;;020.030.1510;;;;;;;;;;;;;;;;;;;;;;;ja;;;;;;;;;;;;;;;;;;ja;;;;;ja
Innen- und Aussenecke Aluminium pulverbeschichtet schwarz für quadratisches Abschlussprofil 10 mm, Blister 2 Stück;;;121338104;Dural GmbH;10000;7,2;;DISCOUNT_PCT;50;;DISCOUNT_PCT;40;;;;;;;;;;020.030.1520;;;;;;;;;;;;;;;;;;;;;;;ja;;;;;;;;;;;;;;;;;;ja;;;;;ja
Quadratisches Abschlussprofil Aluminium pulverbeschichtet schwarz 11 mm, Länge 250 cm für Wand- und Bodenbeläge;;;121338111;Dural GmbH;10000;16,44;;DISCOUNT_PCT;50;;DISCOUNT_PCT;40;;;;;;;;;;020.030.1530;;;;;;;;;;;;;;;;;;;;;;;ja;;;;;;;;;;;;;;;;;;ja;;;;;ja
Innen- und Aussenecke Aluminium pulverbeschichtet schwarz für quadratisches Abschlussprofil 11 mm, Blister 2 Stück;;;121338114;Dural GmbH;10000;7,2;;DISCOUNT_PCT;50;;DISCOUNT_PCT;40;;;;;;;;;;020.030.1540;;;;;;;;;;;;;;;;;;;;;;;ja;;;;;;;;;;;;;;;;;;ja;;;;;ja
Quadratisches Abschlussprofil Aluminium pulverbeschichtet schwarz 12,5 mm, Länge 250 cm für Wand- und Bodenbeläge;;;121338121;Dural GmbH;10000;18,12;;DISCOUNT_PCT;50;;DISCOUNT_PCT;40;;;;;;;;;;020.030.1550;;;;;;;;;;;;;;;;;;;;;;;ja;;;;;;;;;;;;;;;;;;ja;;;;;ja
Innen- und Aussenecke Aluminium pulverbeschichtet schwarz für quadratisches Abschlussprofil 12,5 mm, Blister 2 Stück;;;121338124;Dural GmbH;10000;7,2;;DISCOUNT_PCT;50;;DISCOUNT_PCT;40;;;;;;;;;;020.030.1560;;;;;;;;;;;;;;;;;;;;;;;ja;;;;;;;;;;;;;;;;;;ja;;;;;ja
Quadratisches Abschlussprofil Aluminium pulverbeschichtet schwarz matt (RAL 9005) 9 mm, Länge 250 cm für Wand- und Bodenbeläge;;;12139033;Dural GmbH;10000;15,04;;DISCOUNT_PCT;50;;DISCOUNT_PCT;40;;;;;;;;;;020.040.0470;;;;;;;;;;;;;;;;;;;;;;;ja;;;;;;;;;;;;;;;;;;ja;;;;;ja
Quadratisches Abschlussprofil Aluminium pulverbeschichtet schwarz matt (RAL 9005) 9 mm, Länge 300 cm für Wand- und Bodenbeläge;;;12139133;Dural GmbH;10000;15,04;;DISCOUNT_PCT;50;;DISCOUNT_PCT;40;;;;;;;;;;020.040.0480;;;;;;;;;;;;;;;;;;;;;;;ja;;;;;;;;;;;;;;;;;;ja;;;;;ja
Innen- und Aussenecke Messing verchromt chrom für quadratisches Abschlussprofil 9 mm, Blister 1 Stück;;;12150903;Dural GmbH;10000;62,3;;DISCOUNT_PCT;50;;DISCOUNT_PCT;40;;;;;;;;;;020.050.0130;;;;;;;;;;;;;;;;;;;;;;;ja;;;;;;;;;;;;;;;;;;ja;;;;;ja
Innen- und Aussenecke Messing verchromt chrom für quadratisches Abschlussprofil 11 mm, Blister 1 Stück;;;12151103;Dural GmbH;10000;62,3;;DISCOUNT_PCT;50;;DISCOUNT_PCT;40;;;;;;;;;;020.050.0140;;;;;;;;;;;;;;;;;;;;;;;ja;;;;;;;;;;;;;;;;;;ja;;;;;ja
Innen- und Aussenecke Messing verchromt chrom für quadratisches Abschlussprofil 12,5 mm, Blister 1 Stück;;;12151253;Dural GmbH;10000;62,3;;DISCOUNT_PCT;50;;DISCOUNT_PCT;40;;;;;;;;;;020.050.0150;;;;;;;;;;;;;;;;;;;;;;;ja;;;;;;;;;;;;;;;;;;ja;;;;;ja
Quadratisches Abschlussprofil Aluminium pulverbeschichtet gold 8 mm, Länge 250 cm für Wand- und Bodenbeläge;;;121528081;Dural GmbH;10000;12,58;;DISCOUNT_PCT;50;;DISCOUNT_PCT;40;;;;;;;;;;020.030.1570;;;;;;;;;;;;;;;;;;;;;;;ja;;;;;;;;;;;;;;;;;;ja;;;;;ja
Innen- und Aussenecke Aluminium pulverbeschichtet gold für quadratisches Abschlussprofil 8 mm, Blister 2 Stück;;;121528084;Dural GmbH;10000;7,2;;DISCOUNT_PCT;50;;DISCOUNT_PCT;40;;;;;;;;;;020.030.1580;;;;;;;;;;;;;;;;;;;;;;;ja;;;;;;;;;;;;;;;;;;ja;;;;;ja
Quadratisches Abschlussprofil Aluminium pulverbeschichtet gold 10 mm, Länge 250 cm für Wand- und Bodenbeläge;;;121528101;Dural GmbH;10000;15,1;;DISCOUNT_PCT;50;;DISCOUNT_PCT;40;;;;;;;;;;020.030.1590;;;;;;;;;;;;;;;;;;;;;;;ja;;;;;;;;;;;;;;;;;;ja;;;;;ja
Innen- und Aussenecke Aluminium pulverbeschichtet gold für quadratisches Abschlussprofil 10 mm, Blister 2 Stück;;;121528104;Dural GmbH;10000;7,2;;DISCOUNT_PCT;50;;DISCOUNT_PCT;40;;;;;;;;;;020.030.1600;;;;;;;;;;;;;;;;;;;;;;;ja;;;;;;;;;;;;;;;;;;ja;;;;;ja
Quadratisches Abschlussprofil Aluminium pulverbeschichtet gold 11 mm, Länge 250 cm für Wand- und Bodenbeläge;;;121528111;Dural GmbH;10000;16,44;;DISCOUNT_PCT;50;;DISCOUNT_PCT;40;;;;;;;;;;020.030.1610;;;;;;;;;;;;;;;;;;;;;;;ja;;;;;;;;;;;;;;;;;;ja;;;;;ja
Innen- und Aussenecke Aluminium pulverbeschichtet gold für quadratisches Abschlussprofil 11 mm, Blister 2 Stück;;;121528114;Dural GmbH;10000;7,2;;DISCOUNT_PCT;50;;DISCOUNT_PCT;40;;;;;;;;;;020.030.1620;;;;;;;;;;;;;;;;;;;;;;;ja;;;;;;;;;;;;;;;;;;ja;;;;;ja
Quadratisches Abschlussprofil Aluminium pulverbeschichtet gold 12,5 mm, Länge 250 cm für Wand- und Bodenbeläge;;;121528121;Dural GmbH;10000;18,12;;DISCOUNT_PCT;50;;DISCOUNT_PCT;40;;;;;;;;;;020.030.1630;;;;;;;;;;;;;;;;;;;;;;;ja;;;;;;;;;;;;;;;;;;ja;;;;;ja
Innen- und Aussenecke Aluminium pulverbeschichtet gold für quadratisches Abschlussprofil 12,5 mm, Blister 2 Stück;;;121528124;Dural GmbH;10000;7,2;;DISCOUNT_PCT;50;;DISCOUNT_PCT;40;;;;;;;;;;020.030.1640;;;;;;;;;;;;;;;;;;;;;;;ja;;;;;;;;;;;;;;;;;;ja;;;;;ja
Quadratisches Abschlussprofil Aluminium pulverbeschichtet titan 8 mm, Länge 250 cm für Wand- und Bodenbeläge;;;121538081;Dural GmbH;10000;12,58;;DISCOUNT_PCT;50;;DISCOUNT_PCT;40;;;;;;;;;;020.030.1650;;;;;;;;;;;;;;;;;;;;;;;ja;;;;;;;;;;;;;;;;;;ja;;;;;ja
Innen- und Aussenecke Aluminium pulverbeschichtet titan für quadratisches Abschlussprofil 8 mm, Blister 2 Stück;;;121538084;Dural GmbH;10000;7,2;;DISCOUNT_PCT;50;;DISCOUNT_PCT;40;;;;;;;;;;020.030.1660;;;;;;;;;;;;;;;;;;;;;;;ja;;;;;;;;;;;;;;;;;;ja;;;;;ja
Quadratisches Abschlussprofil Aluminium pulverbeschichtet titan 10 mm, Länge 250 cm für Wand- und Bodenbeläge;;;121538101;Dural GmbH;10000;15,1;;DISCOUNT_PCT;50;;DISCOUNT_PCT;40;;;;;;;;;;020.030.1670;;;;;;;;;;;;;;;;;;;;;;;ja;;;;;;;;;;;;;;;;;;ja;;;;;ja
Innen- und Aussenecke Aluminium pulverbeschichtet titan für quadratisches Abschlussprofil 10 mm, Blister 2 Stück;;;121538104;Dural GmbH;10000;7,2;;DISCOUNT_PCT;50;;DISCOUNT_PCT;40;;;;;;;;;;020.030.1680;;;;;;;;;;;;;;;;;;;;;;;ja;;;;;;;;;;;;;;;;;;ja;;;;;ja
Quadratisches Abschlussprofil Aluminium pulverbeschichtet titan 11 mm, Länge 250 cm für Wand- und Bodenbeläge;;;121538111;Dural GmbH;10000;16,44;;DISCOUNT_PCT;50;;DISCOUNT_PCT;40;;;;;;;;;;020.030.1690;;;;;;;;;;;;;;;;;;;;;;;ja;;;;;;;;;;;;;;;;;;ja;;;;;ja
Innen- und Aussenecke Aluminium pulverbeschichtet titan für quadratisches Abschlussprofil 11 mm, Blister 2 Stück;;;121538114;Dural GmbH;10000;7,2;;DISCOUNT_PCT;50;;DISCOUNT_PCT;40;;;;;;;;;;020.030.1700;;;;;;;;;;;;;;;;;;;;;;;ja;;;;;;;;;;;;;;;;;;ja;;;;;ja
Quadratisches Abschlussprofil Aluminium pulverbeschichtet titan 12,5 mm, Länge 250 cm für Wand- und Bodenbeläge;;;121538121;Dural GmbH;10000;18,12;;DISCOUNT_PCT;50;;DISCOUNT_PCT;40;;;;;;;;;;020.030.1710;;;;;;;;;;;;;;;;;;;;;;;ja;;;;;;;;;;;;;;;;;;ja;;;;;ja
Innen- und Aussenecke Aluminium pulverbeschichtet titan für quadratisches Abschlussprofil 12,5 mm, Blister 2 Stück;;;121538124;Dural GmbH;10000;7,2;;DISCOUNT_PCT;50;;DISCOUNT_PCT;40;;;;;;;;;;020.030.1720;;;;;;;;;;;;;;;;;;;;;;;ja;;;;;;;;;;;;;;;;;;ja;;;;;ja
Quadratisches Abschlussprofil Aluminium pulverbeschichtet kupfer 8 mm, Länge 250 cm für Wand- und Bodenbeläge;;;121548081;Dural GmbH;10000;12,58;;DISCOUNT_PCT;50;;DISCOUNT_PCT;40;;;;;;;;;;020.030.1730;;;;;;;;;;;;;;;;;;;;;;;ja;;;;;;;;;;;;;;;;;;ja;;;;;ja
Innen- und Aussenecke Aluminium pulverbeschichtet kupfer für quadratisches Abschlussprofil 8 mm, Blister 2 Stück;;;121548084;Dural GmbH;10000;7,2;;DISCOUNT_PCT;50;;DISCOUNT_PCT;40;;;;;;;;;;020.030.1740;;;;;;;;;;;;;;;;;;;;;;;ja;;;;;;;;;;;;;;;;;;ja;;;;;ja
Quadratisches Abschlussprofil Aluminium pulverbeschichtet kupfer 10 mm, Länge 250 cm für Wand- und Bodenbeläge;;;121548101;Dural GmbH;10000;15,1;;DISCOUNT_PCT;50;;DISCOUNT_PCT;40;;;;;;;;;;020.030.1750;;;;;;;;;;;;;;;;;;;;;;;ja;;;;;;;;;;;;;;;;;;ja;;;;;ja
Innen- und Aussenecke Aluminium pulverbeschichtet kupfer für quadratisches Abschlussprofil 10 mm, Blister 2 Stück;;;121548104;Dural GmbH;10000;7,2;;DISCOUNT_PCT;50;;DISCOUNT_PCT;40;;;;;;;;;;020.030.1760;;;;;;;;;;;;;;;;;;;;;;;ja;;;;;;;;;;;;;;;;;;ja;;;;;ja
Quadratisches Abschlussprofil Aluminium pulverbeschichtet kupfer 11 mm, Länge 250 cm für Wand- und Bodenbeläge;;;121548111;Dural GmbH;10000;16,44;;DISCOUNT_PCT;50;;DISCOUNT_PCT;40;;;;;;;;;;020.030.1770;;;;;;;;;;;;;;;;;;;;;;;ja;;;;;;;;;;;;;;;;;;ja;;;;;ja
Innen- und Aussenecke Aluminium pulverbeschichtet kupfer für quadratisches Abschlussprofil 11 mm, Blister 2 Stück;;;121548114;Dural GmbH;10000;7,2;;DISCOUNT_PCT;50;;DISCOUNT_PCT;40;;;;;;;;;;020.030.1780;;;;;;;;;;;;;;;;;;;;;;;ja;;;;;;;;;;;;;;;;;;ja;;;;;ja
Quadratisches Abschlussprofil Aluminium pulverbeschichtet kupfer 12,5 mm, Länge 250 cm für Wand- und Bodenbeläge;;;121548121;Dural GmbH;10000;18,12;;DISCOUNT_PCT;50;;DISCOUNT_PCT;40;;;;;;;;;;020.030.1790;;;;;;;;;;;;;;;;;;;;;;;ja;;;;;;;;;;;;;;;;;;ja;;;;;ja
Innen- und Aussenecke Aluminium pulverbeschichtet kupfer für quadratisches Abschlussprofil 12,5 mm, Blister 2 Stück;;;121548124;Dural GmbH;10000;7,2;;DISCOUNT_PCT;50;;DISCOUNT_PCT;40;;;;;;;;;;020.030.1800;;;;;;;;;;;;;;;;;;;;;;;ja;;;;;;;;;;;;;;;;;;ja;;;;;ja
Quadratisches Abschlussprofil Aluminium pulverbeschichtet bronze 8 mm, Länge 250 cm für Wand- und Bodenbeläge;;;121558081;Dural GmbH;10000;12,58;;DISCOUNT_PCT;50;;DISCOUNT_PCT;40;;;;;;;;;;020.030.1810;;;;;;;;;;;;;;;;;;;;;;;ja;;;;;;;;;;;;;;;;;;ja;;;;;ja
Innen- und Aussenecke Aluminium pulverbeschichtet bronze für quadratisches Abschlussprofil 8 mm, Blister 2 Stück;;;121558084;Dural GmbH;10000;7,2;;DISCOUNT_PCT;50;;DISCOUNT_PCT;40;;;;;;;;;;020.030.1820;;;;;;;;;;;;;;;;;;;;;;;ja;;;;;;;;;;;;;;;;;;ja;;;;;ja
Quadratisches Abschlussprofil Aluminium pulverbeschichtet bronze 10 mm, Länge 250 cm für Wand- und Bodenbeläge;;;121558101;Dural GmbH;10000;15,1;;DISCOUNT_PCT;50;;DISCOUNT_PCT;40;;;;;;;;;;020.030.1830;;;;;;;;;;;;;;;;;;;;;;;ja;;;;;;;;;;;;;;;;;;ja;;;;;ja
Innen- und Aussenecke Aluminium pulverbeschichtet bronze für quadratisches Abschlussprofil 10 mm, Blister 2 Stück;;;121558104;Dural GmbH;10000;7,2;;DISCOUNT_PCT;50;;DISCOUNT_PCT;40;;;;;;;;;;020.030.1840;;;;;;;;;;;;;;;;;;;;;;;ja;;;;;;;;;;;;;;;;;;ja;;;;;ja
Quadratisches Abschlussprofil Aluminium pulverbeschichtet bronze 11 mm, Länge 250 cm für Wand- und Bodenbeläge;;;121558111;Dural GmbH;10000;16,44;;DISCOUNT_PCT;50;;DISCOUNT_PCT;40;;;;;;;;;;020.030.1850;;;;;;;;;;;;;;;;;;;;;;;ja;;;;;;;;;;;;;;;;;;ja;;;;;ja
Innen- und Aussenecke Aluminium pulverbeschichtet bronze für quadratisches Abschlussprofil 11 mm, Blister 2 Stück;;;121558114;Dural GmbH;10000;7,2;;DISCOUNT_PCT;50;;DISCOUNT_PCT;40;;;;;;;;;;020.030.1860;;;;;;;;;;;;;;;;;;;;;;;ja;;;;;;;;;;;;;;;;;;ja;;;;;ja
Quadratisches Abschlussprofil Aluminium pulverbeschichtet bronze 12,5 mm, Länge 250 cm für Wand- und Bodenbeläge;;;121558121;Dural GmbH;10000;18,12;;DISCOUNT_PCT;50;;DISCOUNT_PCT;40;;;;;;;;;;020.030.1870;;;;;;;;;;;;;;;;;;;;;;;ja;;;;;;;;;;;;;;;;;;ja;;;;;ja
Innen- und Aussenecke Aluminium pulverbeschichtet bronze für quadratisches Abschlussprofil 12,5 mm, Blister 2 Stück;;;121558124;Dural GmbH;10000;7,2;;DISCOUNT_PCT;50;;DISCOUNT_PCT;40;;;;;;;;;;020.030.1880;;;;;;;;;;;;;;;;;;;;;;;ja;;;;;;;;;;;;;;;;;;ja;;;;;ja
Quadratisches Abschlussprofil Aluminium pulverbeschichtet graphit 8 mm, Länge 250 cm für Wand- und Bodenbeläge;;;121568081;Dural GmbH;10000;12,58;;DISCOUNT_PCT;50;;DISCOUNT_PCT;40;;;;;;;;;;020.030.1890;;;;;;;;;;;;;;;;;;;;;;;ja;;;;;;;;;;;;;;;;;;ja;;;;;ja
Innen- und Aussenecke Aluminium pulverbeschichtet graphit für quadratisches Abschlussprofil 8 mm, Blister 2 Stück;;;121568084;Dural GmbH;10000;7,2;;DISCOUNT_PCT;50;;DISCOUNT_PCT;40;;;;;;;;;;020.030.1900;;;;;;;;;;;;;;;;;;;;;;;ja;;;;;;;;;;;;;;;;;;ja;;;;;ja
Quadratisches Abschlussprofil Aluminium pulverbeschichtet graphit 10 mm, Länge 250 cm für Wand- und Bodenbeläge;;;121568101;Dural GmbH;10000;15,1;;DISCOUNT_PCT;50;;DISCOUNT_PCT;40;;;;;;;;;;020.030.1910;;;;;;;;;;;;;;;;;;;;;;;ja;;;;;;;;;;;;;;;;;;ja;;;;;ja
Innen- und Aussenecke Aluminium pulverbeschichtet graphit für quadratisches Abschlussprofil 10 mm, Blister 2 Stück;;;121568104;Dural GmbH;10000;7,2;;DISCOUNT_PCT;50;;DISCOUNT_PCT;40;;;;;;;;;;020.030.1920;;;;;;;;;;;;;;;;;;;;;;;ja;;;;;;;;;;;;;;;;;;ja;;;;;ja
Quadratisches Abschlussprofil Aluminium pulverbeschichtet graphit 11 mm, Länge 250 cm für Wand- und Bodenbeläge;;;121568111;Dural GmbH;10000;16,44;;DISCOUNT_PCT;50;;DISCOUNT_PCT;40;;;;;;;;;;020.030.1930;;;;;;;;;;;;;;;;;;;;;;;ja;;;;;;;;;;;;;;;;;;ja;;;;;ja
Innen- und Aussenecke Aluminium pulverbeschichtet graphit für quadratisches Abschlussprofil 11 mm, Blister 2 Stück;;;121568114;Dural GmbH;10000;7,2;;DISCOUNT_PCT;50;;DISCOUNT_PCT;40;;;;;;;;;;020.030.1940;;;;;;;;;;;;;;;;;;;;;;;ja;;;;;;;;;;;;;;;;;;ja;;;;;ja
Quadratisches Abschlussprofil Aluminium pulverbeschichtet graphit 12,5 mm, Länge 250 cm für Wand- und Bodenbeläge;;;121568121;Dural GmbH;10000;18,12;;DISCOUNT_PCT;50;;DISCOUNT_PCT;40;;;;;;;;;;020.030.1950;;;;;;;;;;;;;;;;;;;;;;;ja;;;;;;;;;;;;;;;;;;ja;;;;;ja
Innen- und Aussenecke Aluminium pulverbeschichtet graphit für quadratisches Abschlussprofil 12,5 mm, Blister 2 Stück;;;121568124;Dural GmbH;10000;7,2;;DISCOUNT_PCT;50;;DISCOUNT_PCT;40;;;;;;;;;;020.030.1960;;;;;;;;;;;;;;;;;;;;;;;ja;;;;;;;;;;;;;;;;;;ja;;;;;ja
Quadratisches Abschlussprofil Messing verchromt chrom 9 mm, Länge 250 cm für Wand- und Bodenbeläge;;;12158090;Dural GmbH;10000;52,82;;DISCOUNT_PCT;50;;DISCOUNT_PCT;40;;;;;;;;;;020.050.0160;;;;;;;;;;;;;;;;;;;;;;;ja;;;;;;;;;;;;;;;;;;ja;;;;;ja
Quadratisches Abschlussprofil Messing verchromt chrom 11 mm, Länge 250 cm für Wand- und Bodenbeläge;;;12158110;Dural GmbH;10000;54,72;;DISCOUNT_PCT;50;;DISCOUNT_PCT;40;;;;;;;;;;020.050.0170;;;;;;;;;;;;;;;;;;;;;;;ja;;;;;;;;;;;;;;;;;;ja;;;;;ja
Quadratisches Abschlussprofil Messing verchromt chrom 12,5 mm, Länge 250 cm für Wand- und Bodenbeläge;;;12158120;Dural GmbH;10000;56,5;;DISCOUNT_PCT;50;;DISCOUNT_PCT;40;;;;;;;;;;020.050.0180;;;;;;;;;;;;;;;;;;;;;;;ja;;;;;;;;;;;;;;;;;;ja;;;;;ja
Quadratisches Abschlussprofil Aluminium strukturbeschichtet gelboliv (RAL 6014) 8 mm, Länge 250 cm für Wand- und Bodenbeläge;;;12160148081;Dural GmbH;10000;15,1;;DISCOUNT_PCT;50;;DISCOUNT_PCT;40;;;;;;;;;;020.030.1970;;;;;;;;;;;;;;;;;;;;;;;ja;;;;;;;;;;;;;;;;;;ja;;;;;ja
Innen- und Aussenecke Aluminium strukturbeschichtet gelboliv (RAL 6014) für quadratisches Abschlussprofil 8 mm, Blister 2 Stück;;;12160148084;Dural GmbH;10000;8,64;;DISCOUNT_PCT;50;;DISCOUNT_PCT;40;;;;;;;;;;020.030.1980;;;;;;;;;;;;;;;;;;;;;;;ja;;;;;;;;;;;;;;;;;;ja;;;;;ja
Quadratisches Abschlussprofil Aluminium strukturbeschichtet gelboliv (RAL 6014) 10 mm, Länge 250 cm für Wand- und Bodenbeläge;;;12160148101;Dural GmbH;10000;18,12;;DISCOUNT_PCT;50;;DISCOUNT_PCT;40;;;;;;;;;;020.030.1990;;;;;;;;;;;;;;;;;;;;;;;ja;;;;;;;;;;;;;;;;;;ja;;;;;ja
Innen- und Aussenecke Aluminium strukturbeschichtet gelboliv (RAL 6014) für quadratisches Abschlussprofil 10 mm, Blister 2 Stück;;;12160148104;Dural GmbH;10000;8,64;;DISCOUNT_PCT;50;;DISCOUNT_PCT;40;;;;;;;;;;020.030.2000;;;;;;;;;;;;;;;;;;;;;;;ja;;;;;;;;;;;;;;;;;;ja;;;;;ja
Quadratisches Abschlussprofil Aluminium strukturbeschichtet gelboliv (RAL 6014) 11 mm, Länge 250 cm für Wand- und Bodenbeläge;;;12160148111;Dural GmbH;10000;19,74;;DISCOUNT_PCT;50;;DISCOUNT_PCT;40;;;;;;;;;;020.030.2010;;;;;;;;;;;;;;;;;;;;;;;ja;;;;;;;;;;;;;;;;;;ja;;;;;ja
Innen- und Aussenecke Aluminium strukturbeschichtet gelboliv (RAL 6014) für quadratisches Abschlussprofil 11 mm, Blister 2 Stück;;;12160148114;Dural GmbH;10000;8,64;;DISCOUNT_PCT;50;;DISCOUNT_PCT;40;;;;;;;;;;020.030.2020;;;;;;;;;;;;;;;;;;;;;;;ja;;;;;;;;;;;;;;;;;;ja;;;;;ja
Quadratisches Abschlussprofil Aluminium strukturbeschichtet gelboliv (RAL 6014) 12,5 mm, Länge 250 cm für Wand- und Bodenbeläge;;;12160148121;Dural GmbH;10000;21,74;;DISCOUNT_PCT;50;;DISCOUNT_PCT;40;;;;;;;;;;020.030.2030;;;;;;;;;;;;;;;;;;;;;;;ja;;;;;;;;;;;;;;;;;;ja;;;;;ja
Innen- und Aussenecke Aluminium strukturbeschichtet gelboliv (RAL 6014) für quadratisches Abschlussprofil 12,5 mm, Blister 2 Stück;;;12160148124;Dural GmbH;10000;8,64;;DISCOUNT_PCT;50;;DISCOUNT_PCT;40;;;;;;;;;;020.030.2040;;;;;;;;;;;;;;;;;;;;;;;ja;;;;;;;;;;;;;;;;;;ja;;;;;ja
Quadratisches Abschlussprofil Aluminium pulverbeschichtet betongrau (RAL 0006500) 8 mm, Länge 250 cm für Wand- und Bodenbeläge;;;121658081;Dural GmbH;10000;12,58;;DISCOUNT_PCT;50;;DISCOUNT_PCT;40;;;;;;;;;;020.030.2050;;;;;;;;;;;;;;;;;;;;;;;ja;;;;;;;;;;;;;;;;;;ja;;;;;ja
Innen- und Aussenecke Aluminium pulverbeschichtet betongrau (RAL 0006500) für quadratisches Abschlussprofil 8 mm, Blister 2 Stück;;;121658084;Dural GmbH;10000;7,2;;DISCOUNT_PCT;50;;DISCOUNT_PCT;40;;;;;;;;;;020.030.2060;;;;;;;;;;;;;;;;;;;;;;;ja;;;;;;;;;;;;;;;;;;ja;;;;;ja
Quadratisches Abschlussprofil Aluminium pulverbeschichtet betongrau (RAL 0006500) 10 mm, Länge 250 cm für Wand- und Bodenbeläge;;;121658101;Dural GmbH;10000;15,1;;DISCOUNT_PCT;50;;DISCOUNT_PCT;40;;;;;;;;;;020.030.2070;;;;;;;;;;;;;;;;;;;;;;;ja;;;;;;;;;;;;;;;;;;ja;;;;;ja
Innen- und Aussenecke Aluminium pulverbeschichtet betongrau (RAL 0006500) für quadratisches Abschlussprofil 10 mm, Blister 2 Stück;;;121658104;Dural GmbH;10000;7,2;;DISCOUNT_PCT;50;;DISCOUNT_PCT;40;;;;;;;;;;020.030.2080;;;;;;;;;;;;;;;;;;;;;;;ja;;;;;;;;;;;;;;;;;;ja;;;;;ja
Quadratisches Abschlussprofil Aluminium pulverbeschichtet betongrau (RAL 0006500) 12,5 mm, Länge 250 cm für Wand- und Bodenbeläge;;;121658121;Dural GmbH;10000;18,12;;DISCOUNT_PCT;50;;DISCOUNT_PCT;40;;;;;;;;;;020.030.2090;;;;;;;;;;;;;;;;;;;;;;;ja;;;;;;;;;;;;;;;;;;ja;;;;;ja
Innen- und Aussenecke Aluminium pulverbeschichtet betongrau (RAL 0006500) für quadratisches Abschlussprofil 12,5 mm, Blister 2 Stück;;;121658124;Dural GmbH;10000;7,2;;DISCOUNT_PCT;50;;DISCOUNT_PCT;40;;;;;;;;;;020.030.2100;;;;;;;;;;;;;;;;;;;;;;;ja;;;;;;;;;;;;;;;;;;ja;;;;;ja
Quadratisches Abschlussprofil Aluminium eloxiert titan 7 mm, Länge 250 cm für Wand- und Bodenbeläge;;;121680700;Dural GmbH;10000;11,88;;DISCOUNT_PCT;50;;DISCOUNT_PCT;40;;;;;;;;;;020.030.2110;;;;;;;;;;;;;;;;;;;;;;;ja;;;;;;;;;;;;;;;;;;ja;;;;;ja
Innen- und Aussenecke Aluminium eloxiert titan für quadratisches Abschlussprofil 7 mm, Blister 2 Stück;;;121680704;Dural GmbH;10000;5,58;;DISCOUNT_PCT;50;;DISCOUNT_PCT;40;;;;;;;;;;020.030.2120;;;;;;;;;;;;;;;;;;;;;;;ja;;;;;;;;;;;;;;;;;;ja;;;;;ja
Quadratisches Abschlussprofil Aluminium eloxiert titan 9 mm, Länge 250 cm für Wand- und Bodenbeläge;;;121680900;Dural GmbH;10000;12,52;;DISCOUNT_PCT;50;;DISCOUNT_PCT;40;;;;;;;;;;020.030.2130;;;;;;;;;;;;;;;;;;;;;;;ja;;;;;;;;;;;;;;;;;;ja;;;;;ja
Innen- und Aussenecke Aluminium eloxiert titan für quadratisches Abschlussprofil 9 mm, Blister 2 Stück;;;121680904;Dural GmbH;10000;5,58;;DISCOUNT_PCT;50;;DISCOUNT_PCT;40;;;;;;;;;;020.030.2140;;;;;;;;;;;;;;;;;;;;;;;ja;;;;;;;;;;;;;;;;;;ja;;;;;ja
Quadratisches Abschlussprofil Aluminium eloxiert titan 10 mm, Länge 250 cm für Wand- und Bodenbeläge;;;121681000;Dural GmbH;10000;12,9;;DISCOUNT_PCT;50;;DISCOUNT_PCT;40;;;;;;;;;;020.030.2150;;;;;;;;;;;;;;;;;;;;;;;ja;;;;;;;;;;;;;;;;;;ja;;;;;ja
Innen- und Aussenecke Aluminium eloxiert titan für quadratisches Abschlussprofil 10 mm, Blister 2 Stück;;;121681004;Dural GmbH;10000;5,58;;DISCOUNT_PCT;50;;DISCOUNT_PCT;40;;;;;;;;;;020.030.2160;;;;;;;;;;;;;;;;;;;;;;;ja;;;;;;;;;;;;;;;;;;ja;;;;;ja
Quadratisches Abschlussprofil Aluminium eloxiert titan 11 mm, Länge 250 cm für Wand- und Bodenbeläge;;;121681100;Dural GmbH;10000;13,2;;DISCOUNT_PCT;50;;DISCOUNT_PCT;40;;;;;;;;;;020.030.2170;;;;;;;;;;;;;;;;;;;;;;;ja;;;;;;;;;;;;;;;;;;ja;;;;;ja
Innen- und Aussenecke Aluminium eloxiert titan für quadratisches Abschlussprofil 11 mm, Blister 2 Stück;;;121681104;Dural GmbH;10000;5,58;;DISCOUNT_PCT;50;;DISCOUNT_PCT;40;;;;;;;;;;020.030.2180;;;;;;;;;;;;;;;;;;;;;;;ja;;;;;;;;;;;;;;;;;;ja;;;;;ja
Quadratisches Abschlussprofil Aluminium eloxiert titan 12,5 mm, Länge 250 cm für Wand- und Bodenbeläge;;;121681200;Dural GmbH;10000;14,36;;DISCOUNT_PCT;50;;DISCOUNT_PCT;40;;;;;;;;;;020.030.2190;;;;;;;;;;;;;;;;;;;;;;;ja;;;;;;;;;;;;;;;;;;ja;;;;;ja
Innen- und Aussenecke Aluminium eloxiert titan für quadratisches Abschlussprofil 12,5 mm, Blister 2 Stück;;;121681204;Dural GmbH;10000;5,58;;DISCOUNT_PCT;50;;DISCOUNT_PCT;40;;;;;;;;;;020.030.2200;;;;;;;;;;;;;;;;;;;;;;;ja;;;;;;;;;;;;;;;;;;ja;;;;;ja
Quadratisches Abschlussprofil Aluminium eloxiert titan 9 mm, Länge 300 cm für Wand- und Bodenbeläge;;;121690900;Dural GmbH;10000;12,52;;DISCOUNT_PCT;50;;DISCOUNT_PCT;40;;;;;;;;;;020.030.2210;;;;;;;;;;;;;;;;;;;;;;;ja;;;;;;;;;;;;;;;;;;ja;;;;;ja
Quadratisches Abschlussprofil Aluminium eloxiert titan 11 mm, Länge 300 cm für Wand- und Bodenbeläge;;;121691100;Dural GmbH;10000;13,2;;DISCOUNT_PCT;50;;DISCOUNT_PCT;40;;;;;;;;;;020.030.2220;;;;;;;;;;;;;;;;;;;;;;;ja;;;;;;;;;;;;;;;;;;ja;;;;;ja
Quadratisches Abschlussprofil Aluminium strukturbeschichtet moosgrau (RAL 7003) 8 mm, Länge 250 cm für Wand- und Bodenbeläge;;;12170038081;Dural GmbH;10000;15,1;;DISCOUNT_PCT;50;;DISCOUNT_PCT;40;;;;;;;;;;020.030.2230;;;;;;;;;;;;;;;;;;;;;;;ja;;;;;;;;;;;;;;;;;;ja;;;;;ja
Innen- und Aussenecke Aluminium strukturbeschichtet moosgrau (RAL 7003) für quadratisches Abschlussprofil 8 mm, Blister 2 Stück;;;12170038084;Dural GmbH;10000;8,64;;DISCOUNT_PCT;50;;DISCOUNT_PCT;40;;;;;;;;;;020.030.2240;;;;;;;;;;;;;;;;;;;;;;;ja;;;;;;;;;;;;;;;;;;ja;;;;;ja
Quadratisches Abschlussprofil Aluminium strukturbeschichtet moosgrau (RAL 7003) 10 mm, Länge 250 cm für Wand- und Bodenbeläge;;;12170038101;Dural GmbH;10000;18,12;;DISCOUNT_PCT;50;;DISCOUNT_PCT;40;;;;;;;;;;020.030.2250;;;;;;;;;;;;;;;;;;;;;;;ja;;;;;;;;;;;;;;;;;;ja;;;;;ja
Innen- und Aussenecke Aluminium strukturbeschichtet moosgrau (RAL 7003) für quadratisches Abschlussprofil 10 mm, Blister 2 Stück;;;12170038104;Dural GmbH;10000;8,64;;DISCOUNT_PCT;50;;DISCOUNT_PCT;40;;;;;;;;;;020.030.2260;;;;;;;;;;;;;;;;;;;;;;;ja;;;;;;;;;;;;;;;;;;ja;;;;;ja
Quadratisches Abschlussprofil Aluminium strukturbeschichtet moosgrau (RAL 7003) 11 mm, Länge 250 cm für Wand- und Bodenbeläge;;;12170038111;Dural GmbH;10000;19,74;;DISCOUNT_PCT;50;;DISCOUNT_PCT;40;;;;;;;;;;020.030.2270;;;;;;;;;;;;;;;;;;;;;;;ja;;;;;;;;;;;;;;;;;;ja;;;;;ja
Innen- und Aussenecke Aluminium strukturbeschichtet moosgrau (RAL 7003) für quadratisches Abschlussprofil 11 mm, Blister 2 Stück;;;12170038114;Dural GmbH;10000;8,64;;DISCOUNT_PCT;50;;DISCOUNT_PCT;40;;;;;;;;;;020.030.2280;;;;;;;;;;;;;;;;;;;;;;;ja;;;;;;;;;;;;;;;;;;ja;;;;;ja
Quadratisches Abschlussprofil Aluminium strukturbeschichtet moosgrau (RAL 7003) 12,5 mm, Länge 250 cm für Wand- und Bodenbeläge;;;12170038121;Dural GmbH;10000;21,74;;DISCOUNT_PCT;50;;DISCOUNT_PCT;40;;;;;;;;;;020.030.2290;;;;;;;;;;;;;;;;;;;;;;;ja;;;;;;;;;;;;;;;;;;ja;;;;;ja
Innen- und Aussenecke Aluminium strukturbeschichtet moosgrau (RAL 7003) für quadratisches Abschlussprofil 12,5 mm, Blister 2 Stück;;;12170038124;Dural GmbH;10000;8,64;;DISCOUNT_PCT;50;;DISCOUNT_PCT;40;;;;;;;;;;020.030.2300;;;;;;;;;;;;;;;;;;;;;;;ja;;;;;;;;;;;;;;;;;;ja;;;;;ja
Quadratisches Abschlussprofil Aluminium strukturbeschichtet beigegrau (RAL 7006) 8 mm, Länge 250 cm für Wand- und Bodenbeläge;;;12170068081;Dural GmbH;10000;15,1;;DISCOUNT_PCT;50;;DISCOUNT_PCT;40;;;;;;;;;;020.030.2310;;;;;;;;;;;;;;;;;;;;;;;ja;;;;;;;;;;;;;;;;;;ja;;;;;ja
Innen- und Aussenecke Aluminium strukturbeschichtet beigegrau (RAL 7006) für quadratisches Abschlussprofil 8 mm, Blister 2 Stück;;;12170068084;Dural GmbH;10000;8,64;;DISCOUNT_PCT;50;;DISCOUNT_PCT;40;;;;;;;;;;020.030.2320;;;;;;;;;;;;;;;;;;;;;;;ja;;;;;;;;;;;;;;;;;;ja;;;;;ja
Quadratisches Abschlussprofil Aluminium strukturbeschichtet beigegrau (RAL 7006) 10 mm, Länge 250 cm für Wand- und Bodenbeläge;;;12170068101;Dural GmbH;10000;18,12;;DISCOUNT_PCT;50;;DISCOUNT_PCT;40;;;;;;;;;;020.030.2330;;;;;;;;;;;;;;;;;;;;;;;ja;;;;;;;;;;;;;;;;;;ja;;;;;ja
Innen- und Aussenecke Aluminium strukturbeschichtet beigegrau (RAL 7006) für quadratisches Abschlussprofil 10 mm, Blister 2 Stück;;;12170068104;Dural GmbH;10000;8,64;;DISCOUNT_PCT;50;;DISCOUNT_PCT;40;;;;;;;;;;020.030.2340;;;;;;;;;;;;;;;;;;;;;;;ja;;;;;;;;;;;;;;;;;;ja;;;;;ja
Quadratisches Abschlussprofil Aluminium strukturbeschichtet beigegrau (RAL 7006) 11 mm, Länge 250 cm für Wand- und Bodenbeläge;;;12170068111;Dural GmbH;10000;19,74;;DISCOUNT_PCT;50;;DISCOUNT_PCT;40;;;;;;;;;;020.030.2350;;;;;;;;;;;;;;;;;;;;;;;ja;;;;;;;;;;;;;;;;;;ja;;;;;ja
Innen- und Aussenecke Aluminium strukturbeschichtet beigegrau (RAL 7006) für quadratisches Abschlussprofil 11 mm, Blister 2 Stück;;;12170068114;Dural GmbH;10000;8,64;;DISCOUNT_PCT;50;;DISCOUNT_PCT;40;;;;;;;;;;020.030.2360;;;;;;;;;;;;;;;;;;;;;;;ja;;;;;;;;;;;;;;;;;;ja;;;;;ja
Quadratisches Abschlussprofil Aluminium strukturbeschichtet beigegrau (RAL 7006) 12,5 mm, Länge 250 cm für Wand- und Bodenbeläge;;;12170068121;Dural GmbH;10000;21,74;;DISCOUNT_PCT;50;;DISCOUNT_PCT;40;;;;;;;;;;020.030.2370;;;;;;;;;;;;;;;;;;;;;;;ja;;;;;;;;;;;;;;;;;;ja;;;;;ja
Innen- und Aussenecke Aluminium strukturbeschichtet beigegrau (RAL 7006) für quadratisches Abschlussprofil 12,5 mm, Blister 2 Stück;;;12170068124;Dural GmbH;10000;8,64;;DISCOUNT_PCT;50;;DISCOUNT_PCT;40;;;;;;;;;;020.030.2380;;;;;;;;;;;;;;;;;;;;;;;ja;;;;;;;;;;;;;;;;;;ja;;;;;ja
Quadratisches Abschlussprofil Aluminium pulverbeschichtet eisengrau matt (RAL 7011) 8 mm, Länge 250 cm für Wand- und Bodenbeläge;;;12170118081;Dural GmbH;10000;12,58;;DISCOUNT_PCT;50;;DISCOUNT_PCT;40;;;;;;;;;;020.030.2390;;;;;;;;;;;;;;;;;;;;;;;ja;;;;;;;;;;;;;;;;;;ja;;;;;ja
Innen- und Aussenecke Aluminium pulverbeschichtet eisengrau matt (RAL 7011) für quadratisches Abschlussprofil 8 mm, Blister 2 Stück;;;12170118084;Dural GmbH;10000;7,2;;DISCOUNT_PCT;50;;DISCOUNT_PCT;40;;;;;;;;;;020.030.2400;;;;;;;;;;;;;;;;;;;;;;;ja;;;;;;;;;;;;;;;;;;ja;;;;;ja
Quadratisches Abschlussprofil Aluminium pulverbeschichtet eisengrau matt (RAL 7011) 10 mm, Länge 250 cm für Wand- und Bodenbeläge;;;12170118101;Dural GmbH;10000;15,1;;DISCOUNT_PCT;50;;DISCOUNT_PCT;40;;;;;;;;;;020.030.2410;;;;;;;;;;;;;;;;;;;;;;;ja;;;;;;;;;;;;;;;;;;ja;;;;;ja
Innen- und Aussenecke Aluminium pulverbeschichtet eisengrau matt (RAL 7011) für quadratisches Abschlussprofil 10 mm, Blister 2 Stück;;;12170118104;Dural GmbH;10000;7,2;;DISCOUNT_PCT;50;;DISCOUNT_PCT;40;;;;;;;;;;020.030.2420;;;;;;;;;;;;;;;;;;;;;;;ja;;;;;;;;;;;;;;;;;;ja;;;;;ja
Quadratisches Abschlussprofil Aluminium pulverbeschichtet eisengrau matt (RAL 7011) 11 mm, Länge 250 cm für Wand- und Bodenbeläge;;;12170118111;Dural GmbH;10000;16,44;;DISCOUNT_PCT;50;;DISCOUNT_PCT;40;;;;;;;;;;020.030.2430;;;;;;;;;;;;;;;;;;;;;;;ja;;;;;;;;;;;;;;;;;;ja;;;;;ja
Innen- und Aussenecke Aluminium pulverbeschichtet eisengrau matt (RAL 7011) für quadratisches Abschlussprofil 11 mm, Blister 2 Stück;;;12170118114;Dural GmbH;10000;7,2;;DISCOUNT_PCT;50;;DISCOUNT_PCT;40;;;;;;;;;;020.030.2440;;;;;;;;;;;;;;;;;;;;;;;ja;;;;;;;;;;;;;;;;;;ja;;;;;ja
Quadratisches Abschlussprofil Aluminium pulverbeschichtet eisengrau matt (RAL 7011) 12,5 mm, Länge 250 cm für Wand- und Bodenbeläge;;;12170118121;Dural GmbH;10000;18,12;;DISCOUNT_PCT;50;;DISCOUNT_PCT;40;;;;;;;;;;020.030.2450;;;;;;;;;;;;;;;;;;;;;;;ja;;;;;;;;;;;;;;;;;;ja;;;;;ja
Innen- und Aussenecke Aluminium pulverbeschichtet eisengrau matt (RAL 7011) für quadratisches Abschlussprofil 12,5 mm, Blister 2 Stück;;;12170118124;Dural GmbH;10000;7,2;;DISCOUNT_PCT;50;;DISCOUNT_PCT;40;;;;;;;;;;020.030.2460;;;;;;;;;;;;;;;;;;;;;;;ja;;;;;;;;;;;;;;;;;;ja;;;;;ja
Quadratisches Abschlussprofil Aluminium pulverbeschichtet basaltgrau matt (RAL 7012) 8 mm, Länge 250 cm für Wand- und Bodenbeläge;;;12170128081;Dural GmbH;10000;12,58;;DISCOUNT_PCT;50;;DISCOUNT_PCT;40;;;;;;;;;;020.030.2470;;;;;;;;;;;;;;;;;;;;;;;ja;;;;;;;;;;;;;;;;;;ja;;;;;ja
Aussenecke Aluminium pulverbeschichtet basaltgrau matt (RAL 7012) für quadratisches Abschlussprofil 8 mm, Blister 2 Stück;;;12170128084;Dural GmbH;10000;7,2;;DISCOUNT_PCT;50;;DISCOUNT_PCT;40;;;;;;;;;;020.030.2480;;;;;;;;;;;;;;;;;;;;;;;ja;;;;;;;;;;;;;;;;;;ja;;;;;ja
Quadratisches Abschlussprofil Aluminium pulverbeschichtet basaltgrau matt (RAL 7012) 10 mm Länge 250 cm für Wand- und Bodenbeläge;;;12170128101;Dural GmbH;10000;15,1;;DISCOUNT_PCT;50;;DISCOUNT_PCT;40;;;;;;;;;;020.030.2490;;;;;;;;;;;;;;;;;;;;;;;ja;;;;;;;;;;;;;;;;;;ja;;;;;ja
Aussenecke Aluminium pulverbeschichtet basaltgrau matt (RAL 7012) für quadratisches Abschlussprofil 10 mm, Blister 2 Stück;;;12170128104;Dural GmbH;10000;7,2;;DISCOUNT_PCT;50;;DISCOUNT_PCT;40;;;;;;;;;;020.030.2500;;;;;;;;;;;;;;;;;;;;;;;ja;;;;;;;;;;;;;;;;;;ja;;;;;ja
Quadratisches Abschlussprofil Aluminium pulverbeschichtet basaltgrau matt (RAL 7012) 11 mm Länge 250 cm für Wand- und Bodenbeläge;;;12170128111;Dural GmbH;10000;16,44;;DISCOUNT_PCT;50;;DISCOUNT_PCT;40;;;;;;;;;;020.030.2510;;;;;;;;;;;;;;;;;;;;;;;ja;;;;;;;;;;;;;;;;;;ja;;;;;ja
Aussenecke Aluminium pulverbeschichtet basaltgrau matt (RAL 7012) für quadratisches Abschlussprofil 11 mm, Blister 2 Stück;;;12170128114;Dural GmbH;10000;7,2;;DISCOUNT_PCT;50;;DISCOUNT_PCT;40;;;;;;;;;;020.030.2520;;;;;;;;;;;;;;;;;;;;;;;ja;;;;;;;;;;;;;;;;;;ja;;;;;ja
Quadratisches Abschlussprofil Aluminium pulverbeschichtet basaltgrau matt (RAL 7012) 12,5 mm Länge 250 cm für Wand- und Bodenbeläge;;;12170128121;Dural GmbH;10000;18,12;;DISCOUNT_PCT;50;;DISCOUNT_PCT;40;;;;;;;;;;020.030.2530;;;;;;;;;;;;;;;;;;;;;;;ja;;;;;;;;;;;;;;;;;;ja;;;;;ja
Aussenecke Aluminium pulverbeschichtet basaltgrau matt (RAL 7012) für quadratisches Abschlussprofil 12,5 mm, Blister 2 Stück;;;12170128124;Dural GmbH;10000;7,2;;DISCOUNT_PCT;50;;DISCOUNT_PCT;40;;;;;;;;;;020.030.2540;;;;;;;;;;;;;;;;;;;;;;;ja;;;;;;;;;;;;;;;;;;ja;;;;;ja
Quadratisches Abschlussprofil Aluminium strukturbeschichtet braungrau (RAL 7013) 8 mm Länge 250 cm für Wand- und Bodenbeläge;;;12170138081;Dural GmbH;10000;15,1;;DISCOUNT_PCT;50;;DISCOUNT_PCT;40;;;;;;;;;;020.030.2550;;;;;;;;;;;;;;;;;;;;;;;ja;;;;;;;;;;;;;;;;;;ja;;;;;ja
Aussenecke Aluminium strukturbeschichtet braungrau (RAL 7013) für quadratisches Abschlussprofil 8 mm, Blister 2 Stück;;;12170138084;Dural GmbH;10000;8,64;;DISCOUNT_PCT;50;;DISCOUNT_PCT;40;;;;;;;;;;020.030.2560;;;;;;;;;;;;;;;;;;;;;;;ja;;;;;;;;;;;;;;;;;;ja;;;;;ja
Quadratisches Abschlussprofil Aluminium strukturbeschichtet braungrau (RAL 7013) 10 mm Länge 250 cm für Wand- und Bodenbeläge;;;12170138101;Dural GmbH;10000;18,12;;DISCOUNT_PCT;50;;DISCOUNT_PCT;40;;;;;;;;;;020.030.2570;;;;;;;;;;;;;;;;;;;;;;;ja;;;;;;;;;;;;;;;;;;ja;;;;;ja
Aussenecke Aluminium strukturbeschichtet braungrau (RAL 7013) für quadratisches Abschlussprofil 10 mm, Blister 2 Stück;;;12170138104;Dural GmbH;10000;8,64;;DISCOUNT_PCT;50;;DISCOUNT_PCT;40;;;;;;;;;;020.030.2580;;;;;;;;;;;;;;;;;;;;;;;ja;;;;;;;;;;;;;;;;;;ja;;;;;ja
Quadratisches Abschlussprofil Aluminium strukturbeschichtet braungrau (RAL 7013) 11 mm Länge 250 cm für Wand- und Bodenbeläge;;;12170138111;Dural GmbH;10000;19,74;;DISCOUNT_PCT;50;;DISCOUNT_PCT;40;;;;;;;;;;020.030.2590;;;;;;;;;;;;;;;;;;;;;;;ja;;;;;;;;;;;;;;;;;;ja;;;;;ja
Aussenecke Aluminium strukturbeschichtet braungrau (RAL 7013) für quadratisches Abschlussprofil 11 mm, Blister 2 Stück;;;12170138114;Dural GmbH;10000;8,64;;DISCOUNT_PCT;50;;DISCOUNT_PCT;40;;;;;;;;;;020.030.2600;;;;;;;;;;;;;;;;;;;;;;;ja;;;;;;;;;;;;;;;;;;ja;;;;;ja
Quadratisches Abschlussprofil Aluminium strukturbeschichtet braungrau (RAL 7013) 12,5 mm Länge 250 cm für Wand- und Bodenbeläge;;;12170138121;Dural GmbH;10000;21,74;;DISCOUNT_PCT;50;;DISCOUNT_PCT;40;;;;;;;;;;020.030.2610;;;;;;;;;;;;;;;;;;;;;;;ja;;;;;;;;;;;;;;;;;;ja;;;;;ja
Aussenecke Aluminium strukturbeschichtet braungrau (RAL 7013) für quadratisches Abschlussprofil 12,5 mm, Blister 2 Stück;;;12170138124;Dural GmbH;10000;8,64;;DISCOUNT_PCT;50;;DISCOUNT_PCT;40;;;;;;;;;;020.030.2620;;;;;;;;;;;;;;;;;;;;;;;ja;;;;;;;;;;;;;;;;;;ja;;;;;ja
Quadratisches Abschlussprofil Aluminium pulverbeschichtet anthrazitgrau matt (RAL 7016) 8 mm Länge 250 cm für Wand- und Bodenbeläge;;;12170168081;Dural GmbH;10000;12,58;;DISCOUNT_PCT;50;;DISCOUNT_PCT;40;;;;;;;;;;020.030.2630;;;;;;;;;;;;;;;;;;;;;;;ja;;;;;;;;;;;;;;;;;;ja;;;;;ja
Aussenecke Aluminium pulverbeschichtet anthrazitgrau matt (RAL 7016) für quadratisches Abschlussprofil 8 mm, Blister 2 Stück;;;12170168084;Dural GmbH;10000;7,2;;DISCOUNT_PCT;50;;DISCOUNT_PCT;40;;;;;;;;;;020.030.2640;;;;;;;;;;;;;;;;;;;;;;;ja;;;;;;;;;;;;;;;;;;ja;;;;;ja
Quadratisches Abschlussprofil Aluminium pulverbeschichtet anthrazitgrau matt (RAL 7016) 10 mm Länge 250 cm für Wand- und Bodenbeläge;;;12170168101;Dural GmbH;10000;15,1;;DISCOUNT_PCT;50;;DISCOUNT_PCT;40;;;;;;;;;;020.030.2650;;;;;;;;;;;;;;;;;;;;;;;ja;;;;;;;;;;;;;;;;;;ja;;;;;ja
Aussenecke Aluminium pulverbeschichtet anthrazitgrau matt (RAL 7016) für quadratisches Abschlussprofil 10 mm, Blister 2 Stück;;;12170168104;Dural GmbH;10000;7,2;;DISCOUNT_PCT;50;;DISCOUNT_PCT;40;;;;;;;;;;020.030.2660;;;;;;;;;;;;;;;;;;;;;;;ja;;;;;;;;;;;;;;;;;;ja;;;;;ja
Quadratisches Abschlussprofil Aluminium pulverbeschichtet anthrazitgrau matt (RAL 7016) 11 mm Länge 250 cm für Wand- und Bodenbeläge;;;12170168111;Dural GmbH;10000;16,44;;DISCOUNT_PCT;50;;DISCOUNT_PCT;40;;;;;;;;;;020.030.2670;;;;;;;;;;;;;;;;;;;;;;;ja;;;;;;;;;;;;;;;;;;ja;;;;;ja
Aussenecke Aluminium pulverbeschichtet anthrazitgrau matt (RAL 7016) für quadratisches Abschlussprofil 11 mm, Blister 2 Stück;;;12170168114;Dural GmbH;10000;7,2;;DISCOUNT_PCT;50;;DISCOUNT_PCT;40;;;;;;;;;;020.030.2680;;;;;;;;;;;;;;;;;;;;;;;ja;;;;;;;;;;;;;;;;;;ja;;;;;ja
Quadratisches Abschlussprofil Aluminium pulverbeschichtet anthrazitgrau matt (RAL 7016) 12,5 mm Länge 250 cm für Wand- und Bodenbeläge;;;12170168121;Dural GmbH;10000;18,12;;DISCOUNT_PCT;50;;DISCOUNT_PCT;40;;;;;;;;;;020.030.2690;;;;;;;;;;;;;;;;;;;;;;;ja;;;;;;;;;;;;;;;;;;ja;;;;;ja
Aussenecke Aluminium pulverbeschichtet anthrazitgrau matt (RAL 7016) für quadratisches Abschlussprofil 12,5 mm, Blister 2 Stück;;;12170168124;Dural GmbH;10000;7,2;;DISCOUNT_PCT;50;;DISCOUNT_PCT;40;;;;;;;;;;020.030.2700;;;;;;;;;;;;;;;;;;;;;;;ja;;;;;;;;;;;;;;;;;;ja;;;;;ja
Quadratisches Abschlussprofil Aluminium pulverbeschichtet schwarzgrau matt (RAL 7021) 8 mm Länge 250 cm für Wand- und Bodenbeläge;;;12170218081;Dural GmbH;10000;12,58;;DISCOUNT_PCT;50;;DISCOUNT_PCT;40;;;;;;;;;;020.030.2710;;;;;;;;;;;;;;;;;;;;;;;ja;;;;;;;;;;;;;;;;;;ja;;;;;ja
Aussenecke Aluminium pulverbeschichtet schwarzgrau matt (RAL 7021) für quadratisches Abschlussprofil 8 mm, Blister 2 Stück;;;12170218084;Dural GmbH;10000;7,2;;DISCOUNT_PCT;50;;DISCOUNT_PCT;40;;;;;;;;;;020.030.2720;;;;;;;;;;;;;;;;;;;;;;;ja;;;;;;;;;;;;;;;;;;ja;;;;;ja
Quadratisches Abschlussprofil Aluminium pulverbeschichtet schwarzgrau matt (RAL 7021) 10 mm Länge 250 cm für Wand- und Bodenbeläge;;;12170218101;Dural GmbH;10000;15,1;;DISCOUNT_PCT;50;;DISCOUNT_PCT;40;;;;;;;;;;020.030.2730;;;;;;;;;;;;;;;;;;;;;;;ja;;;;;;;;;;;;;;;;;;ja;;;;;ja
Aussenecke Aluminium pulverbeschichtet schwarzgrau matt (RAL 7021) für quadratisches Abschlussprofil 10 mm, Blister 2 Stück;;;12170218104;Dural GmbH;10000;7,2;;DISCOUNT_PCT;50;;DISCOUNT_PCT;40;;;;;;;;;;020.030.2740;;;;;;;;;;;;;;;;;;;;;;;ja;;;;;;;;;;;;;;;;;;ja;;;;;ja
Quadratisches Abschlussprofil Aluminium pulverbeschichtet schwarzgrau matt (RAL 7021) 11 mm Länge 250 cm für Wand- und Bodenbeläge;;;12170218111;Dural GmbH;10000;16,44;;DISCOUNT_PCT;50;;DISCOUNT_PCT;40;;;;;;;;;;020.030.2750;;;;;;;;;;;;;;;;;;;;;;;ja;;;;;;;;;;;;;;;;;;ja;;;;;ja
Aussenecke Aluminium pulverbeschichtet schwarzgrau matt (RAL 7021) für quadratisches Abschlussprofil 11 mm, Blister 2 Stück;;;12170218114;Dural GmbH;10000;7,2;;DISCOUNT_PCT;50;;DISCOUNT_PCT;40;;;;;;;;;;020.030.2760;;;;;;;;;;;;;;;;;;;;;;;ja;;;;;;;;;;;;;;;;;;ja;;;;;ja
Quadratisches Abschlussprofil Aluminium pulverbeschichtet schwarzgrau matt (RAL 7021) 12,5 mm Länge 250 cm für Wand- und Bodenbeläge;;;12170218121;Dural GmbH;10000;18,12;;DISCOUNT_PCT;50;;DISCOUNT_PCT;40;;;;;;;;;;020.030.2770;;;;;;;;;;;;;;;;;;;;;;;ja;;;;;;;;;;;;;;;;;;ja;;;;;ja
Aussenecke Aluminium pulverbeschichtet schwarzgrau matt (RAL 7021) für quadratisches Abschlussprofil 12,5 mm, Blister 2 Stück;;;12170218124;Dural GmbH;10000;7,2;;DISCOUNT_PCT;50;;DISCOUNT_PCT;40;;;;;;;;;;020.030.2780;;;;;;;;;;;;;;;;;;;;;;;ja;;;;;;;;;;;;;;;;;;ja;;;;;ja
Quadratisches Abschlussprofil Aluminium pulverbeschichtet staubgrau matt (RAL 7037) 8 mm Länge 250 cm für Wand- und Bodenbeläge;;;12170378081;Dural GmbH;10000;12,58;;DISCOUNT_PCT;50;;DISCOUNT_PCT;40;;;;;;;;;;020.030.2790;;;;;;;;;;;;;;;;;;;;;;;ja;;;;;;;;;;;;;;;;;;ja;;;;;ja
Aussenecke Aluminium pulverbeschichtet staubgrau matt (RAL 7037) für quadratisches Abschlussprofil 8 mm, Blister 2 Stück;;;12170378084;Dural GmbH;10000;7,2;;DISCOUNT_PCT;50;;DISCOUNT_PCT;40;;;;;;;;;;020.030.2800;;;;;;;;;;;;;;;;;;;;;;;ja;;;;;;;;;;;;;;;;;;ja;;;;;ja
Quadratisches Abschlussprofil Aluminium pulverbeschichtet staubgrau matt (RAL 7037) 10 mm Länge 250 cm für Wand- und Bodenbeläge;;;12170378101;Dural GmbH;10000;15,1;;DISCOUNT_PCT;50;;DISCOUNT_PCT;40;;;;;;;;;;020.030.2810;;;;;;;;;;;;;;;;;;;;;;;ja;;;;;;;;;;;;;;;;;;ja;;;;;ja
Aussenecke Aluminium pulverbeschichtet staubgrau matt (RAL 7037) für quadratisches Abschlussprofil 10 mm, Blister 2 Stück;;;12170378104;Dural GmbH;10000;7,2;;DISCOUNT_PCT;50;;DISCOUNT_PCT;40;;;;;;;;;;020.030.2820;;;;;;;;;;;;;;;;;;;;;;;ja;;;;;;;;;;;;;;;;;;ja;;;;;ja
Quadratisches Abschlussprofil Aluminium pulverbeschichtet staubgrau matt (RAL 7037) 11 mm Länge 250 cm für Wand- und Bodenbeläge;;;12170378111;Dural GmbH;10000;16,44;;DISCOUNT_PCT;50;;DISCOUNT_PCT;40;;;;;;;;;;020.030.2830;;;;;;;;;;;;;;;;;;;;;;;ja;;;;;;;;;;;;;;;;;;ja;;;;;ja
Aussenecke Aluminium pulverbeschichtet staubgrau matt (RAL 7037) für quadratisches Abschlussprofil 11 mm, Blister 2 Stück;;;12170378114;Dural GmbH;10000;7,2;;DISCOUNT_PCT;50;;DISCOUNT_PCT;40;;;;;;;;;;020.030.2840;;;;;;;;;;;;;;;;;;;;;;;ja;;;;;;;;;;;;;;;;;;ja;;;;;ja
Quadratisches Abschlussprofil Aluminium pulverbeschichtet staubgrau matt (RAL 7037) 12,5 mm Länge 250 cm für Wand- und Bodenbeläge;;;12170378121;Dural GmbH;10000;18,12;;DISCOUNT_PCT;50;;DISCOUNT_PCT;40;;;;;;;;;;020.030.2850;;;;;;;;;;;;;;;;;;;;;;;ja;;;;;;;;;;;;;;;;;;ja;;;;;ja
Aussenecke Aluminium pulverbeschichtet staubgrau matt (RAL 7037) für quadratisches Abschlussprofil 12,5 mm, Blister 2 Stück;;;12170378124;Dural GmbH;10000;7,2;;DISCOUNT_PCT;50;;DISCOUNT_PCT;40;;;;;;;;;;020.030.2860;;;;;;;;;;;;;;;;;;;;;;;ja;;;;;;;;;;;;;;;;;;ja;;;;;ja
Quadratisches Abschlussprofil Aluminium pulverbeschichtet achatgrau matt (RAL 7038) 8 mm Länge 250 cm für Wand- und Bodenbeläge;;;12170388081;Dural GmbH;10000;12,58;;DISCOUNT_PCT;50;;DISCOUNT_PCT;40;;;;;;;;;;020.030.2870;;;;;;;;;;;;;;;;;;;;;;;ja;;;;;;;;;;;;;;;;;;ja;;;;;ja
Aussenecke Aluminium pulverbeschichtet achatgrau matt (RAL 7038) für quadratisches Abschlussprofil 8 mm, Blister 2 Stück;;;12170388084;Dural GmbH;10000;7,2;;DISCOUNT_PCT;50;;DISCOUNT_PCT;40;;;;;;;;;;020.030.2880;;;;;;;;;;;;;;;;;;;;;;;ja;;;;;;;;;;;;;;;;;;ja;;;;;ja
Quadratisches Abschlussprofil Aluminium pulverbeschichtet achatgrau matt (RAL 7038) 10 mm Länge 250 cm für Wand- und Bodenbeläge;;;12170388101;Dural GmbH;10000;15,1;;DISCOUNT_PCT;50;;DISCOUNT_PCT;40;;;;;;;;;;020.030.2890;;;;;;;;;;;;;;;;;;;;;;;ja;;;;;;;;;;;;;;;;;;ja;;;;;ja
Aussenecke Aluminium pulverbeschichtet achatgrau matt (RAL 7038) für quadratisches Abschlussprofil 10 mm, Blister 2 Stück;;;12170388104;Dural GmbH;10000;7,2;;DISCOUNT_PCT;50;;DISCOUNT_PCT;40;;;;;;;;;;020.030.2900;;;;;;;;;;;;;;;;;;;;;;;ja;;;;;;;;;;;;;;;;;;ja;;;;;ja
Quadratisches Abschlussprofil Aluminium pulverbeschichtet achatgrau matt (RAL 7038) 11 mm Länge 250 cm für Wand- und Bodenbeläge;;;12170388111;Dural GmbH;10000;16,44;;DISCOUNT_PCT;50;;DISCOUNT_PCT;40;;;;;;;;;;020.030.2910;;;;;;;;;;;;;;;;;;;;;;;ja;;;;;;;;;;;;;;;;;;ja;;;;;ja
Aussenecke Aluminium pulverbeschichtet achatgrau matt (RAL 7038) für quadratisches Abschlussprofil 11 mm, Blister 2 Stück;;;12170388114;Dural GmbH;10000;7,2;;DISCOUNT_PCT;50;;DISCOUNT_PCT;40;;;;;;;;;;020.030.2920;;;;;;;;;;;;;;;;;;;;;;;ja;;;;;;;;;;;;;;;;;;ja;;;;;ja
Quadratisches Abschlussprofil Aluminium pulverbeschichtet achatgrau matt (RAL 7038) 12,5 mm Länge 250 cm für Wand- und Bodenbeläge;;;12170388121;Dural GmbH;10000;18,12;;DISCOUNT_PCT;50;;DISCOUNT_PCT;40;;;;;;;;;;020.030.2930;;;;;;;;;;;;;;;;;;;;;;;ja;;;;;;;;;;;;;;;;;;ja;;;;;ja
Aussenecke Aluminium pulverbeschichtet achatgrau matt (RAL 7038) für quadratisches Abschlussprofil 12,5 mm, Blister 2 Stück;;;12170388124;Dural GmbH;10000;7,2;;DISCOUNT_PCT;50;;DISCOUNT_PCT;40;;;;;;;;;;020.030.2940;;;;;;;;;;;;;;;;;;;;;;;ja;;;;;;;;;;;;;;;;;;ja;;;;;ja
Quadratisches Abschlussprofil Aluminium pulverbeschichtet verkehrsgrau A matt (RAL 7042) 8 mm Länge 250 cm für Wand- und Bodenbeläge;;;12170428081;Dural GmbH;10000;12,58;;DISCOUNT_PCT;50;;DISCOUNT_PCT;40;;;;;;;;;;020.030.2950;;;;;;;;;;;;;;;;;;;;;;;ja;;;;;;;;;;;;;;;;;;ja;;;;;ja
Aussenecke Aluminium pulverbeschichtet verkehrsgrau A matt (RAL 7042) für quadratisches Abschlussprofil 8 mm, Blister 2 Stück;;;12170428084;Dural GmbH;10000;7,2;;DISCOUNT_PCT;50;;DISCOUNT_PCT;40;;;;;;;;;;020.030.2960;;;;;;;;;;;;;;;;;;;;;;;ja;;;;;;;;;;;;;;;;;;ja;;;;;ja
Quadratisches Abschlussprofil Aluminium pulverbeschichtet verkehrsgrau A matt (RAL 7042) 10 mm Länge 250 cm für Wand- und Bodenbeläge;;;12170428101;Dural GmbH;10000;15,1;;DISCOUNT_PCT;50;;DISCOUNT_PCT;40;;;;;;;;;;020.030.2970;;;;;;;;;;;;;;;;;;;;;;;ja;;;;;;;;;;;;;;;;;;ja;;;;;ja
Aussenecke Aluminium pulverbeschichtet verkehrsgrau A matt (RAL 7042) für quadratisches Abschlussprofil 10 mm, Blister 2 Stück;;;12170428104;Dural GmbH;10000;7,2;;DISCOUNT_PCT;50;;DISCOUNT_PCT;40;;;;;;;;;;020.030.2980;;;;;;;;;;;;;;;;;;;;;;;ja;;;;;;;;;;;;;;;;;;ja;;;;;ja
Quadratisches Abschlussprofil Aluminium pulverbeschichtet verkehrsgrau A matt (RAL 7042) 11 mm Länge 250 cm für Wand- und Bodenbeläge;;;12170428111;Dural GmbH;10000;16,44;;DISCOUNT_PCT;50;;DISCOUNT_PCT;40;;;;;;;;;;020.030.2990;;;;;;;;;;;;;;;;;;;;;;;ja;;;;;;;;;;;;;;;;;;ja;;;;;ja
Aussenecke Aluminium pulverbeschichtet verkehrsgrau A matt (RAL 7042) für quadratisches Abschlussprofil 11 mm, Blister 2 Stück;;;12170428114;Dural GmbH;10000;7,2;;DISCOUNT_PCT;50;;DISCOUNT_PCT;40;;;;;;;;;;020.030.3000;;;;;;;;;;;;;;;;;;;;;;;ja;;;;;;;;;;;;;;;;;;ja;;;;;ja
Quadratisches Abschlussprofil Aluminium pulverbeschichtet verkehrsgrau A matt (RAL 7042) 12,5 mm Länge 250 cm für Wand- und Bodenbeläge;;;12170428121;Dural GmbH;10000;18,12;;DISCOUNT_PCT;50;;DISCOUNT_PCT;40;;;;;;;;;;020.030.3010;;;;;;;;;;;;;;;;;;;;;;;ja;;;;;;;;;;;;;;;;;;ja;;;;;ja
Aussenecke Aluminium pulverbeschichtet verkehrsgrau A matt (RAL 7042) für quadratisches Abschlussprofil 12,5 mm, Blister 2 Stück;;;12170428124;Dural GmbH;10000;7,2;;DISCOUNT_PCT;50;;DISCOUNT_PCT;40;;;;;;;;;;020.030.3020;;;;;;;;;;;;;;;;;;;;;;;ja;;;;;;;;;;;;;;;;;;ja;;;;;ja
Quadratisches Abschlussprofil Aluminium pulverbeschichtet telegrau 2 matt (RAL 7046) 8 mm Länge 250 cm für Wand- und Bodenbeläge;;;12170468081;Dural GmbH;10000;12,58;;DISCOUNT_PCT;50;;DISCOUNT_PCT;40;;;;;;;;;;020.030.3030;;;;;;;;;;;;;;;;;;;;;;;ja;;;;;;;;;;;;;;;;;;ja;;;;;ja
Aussenecke Aluminium pulverbeschichtet telegrau 2 matt (RAL 7046) für quadratisches Abschlussprofil 8 mm, Blister 2 Stück;;;12170468084;Dural GmbH;10000;7,2;;DISCOUNT_PCT;50;;DISCOUNT_PCT;40;;;;;;;;;;020.030.3040;;;;;;;;;;;;;;;;;;;;;;;ja;;;;;;;;;;;;;;;;;;ja;;;;;ja
Quadratisches Abschlussprofil Aluminium pulverbeschichtet telegrau 2 matt (RAL 7046) 10 mm Länge 250 cm für Wand- und Bodenbeläge;;;12170468101;Dural GmbH;10000;15,1;;DISCOUNT_PCT;50;;DISCOUNT_PCT;40;;;;;;;;;;020.030.3050;;;;;;;;;;;;;;;;;;;;;;;ja;;;;;;;;;;;;;;;;;;ja;;;;;ja
Aussenecke Aluminium pulverbeschichtet telegrau 2 matt (RAL 7046) für quadratisches Abschlussprofil 10 mm, Blister 2 Stück;;;12170468104;Dural GmbH;10000;7,2;;DISCOUNT_PCT;50;;DISCOUNT_PCT;40;;;;;;;;;;020.030.3060;;;;;;;;;;;;;;;;;;;;;;;ja;;;;;;;;;;;;;;;;;;ja;;;;;ja
Quadratisches Abschlussprofil Aluminium pulverbeschichtet telegrau 2 matt (RAL 7046) 11 mm Länge 250 cm für Wand- und Bodenbeläge;;;12170468111;Dural GmbH;10000;16,44;;DISCOUNT_PCT;50;;DISCOUNT_PCT;40;;;;;;;;;;020.030.3070;;;;;;;;;;;;;;;;;;;;;;;ja;;;;;;;;;;;;;;;;;;ja;;;;;ja
Aussenecke Aluminium pulverbeschichtet telegrau 2 matt (RAL 7046) für quadratisches Abschlussprofil 11 mm, Blister 2 Stück;;;12170468114;Dural GmbH;10000;7,2;;DISCOUNT_PCT;50;;DISCOUNT_PCT;40;;;;;;;;;;020.030.3080;;;;;;;;;;;;;;;;;;;;;;;ja;;;;;;;;;;;;;;;;;;ja;;;;;ja
Quadratisches Abschlussprofil Aluminium pulverbeschichtet telegrau 2 matt (RAL 7046) 12,5 mm Länge 250 cm für Wand- und Bodenbeläge;;;12170468121;Dural GmbH;10000;18,12;;DISCOUNT_PCT;50;;DISCOUNT_PCT;40;;;;;;;;;;020.030.3090;;;;;;;;;;;;;;;;;;;;;;;ja;;;;;;;;;;;;;;;;;;ja;;;;;ja
Aussenecke Aluminium pulverbeschichtet telegrau 2 matt (RAL 7046) für quadratisches Abschlussprofil 12,5 mm, Blister 2 Stück;;;12170468124;Dural GmbH;10000;7,2;;DISCOUNT_PCT;50;;DISCOUNT_PCT;40;;;;;;;;;;020.030.3100;;;;;;;;;;;;;;;;;;;;;;;ja;;;;;;;;;;;;;;;;;;ja;;;;;ja
Aussenecke Aluminium pulverbeschichtet schwarz matt (RAL 9005) für quadratisches Abschlussprofil 7 mm, Blister 2 Stück;;;1217807041;Dural GmbH;10000;7,2;;DISCOUNT_PCT;50;;DISCOUNT_PCT;40;;;;;;;;;;020.030.3110;;;;;;;;;;;;;;;;;;;;;;;ja;;;;;;;;;;;;;;;;;;ja;;;;;ja
Aussenecke Aluminium pulverbeschichtet schwarz matt (RAL 9005) für quadratisches Abschlussprofil 9 mm, Blister 2 Stück;;;1217809041;Dural GmbH;10000;7,2;;DISCOUNT_PCT;50;;DISCOUNT_PCT;40;;;;;;;;;;020.030.3120;;;;;;;;;;;;;;;;;;;;;;;ja;;;;;;;;;;;;;;;;;;ja;;;;;ja
Aussenecke Aluminium pulverbeschichtet schwarz matt (RAL 9005) für quadratisches Abschlussprofil 8 mm, Blister 2 Stück;;;1217810041;Dural GmbH;10000;7,2;;DISCOUNT_PCT;50;;DISCOUNT_PCT;40;;;;;;;;;;020.030.3130;;;;;;;;;;;;;;;;;;;;;;;ja;;;;;;;;;;;;;;;;;;ja;;;;;ja
Aussenecke Aluminium pulverbeschichtet schwarz matt (RAL 9005) für quadratisches Abschlussprofil 11 mm, Blister 2 Stück;;;1217811041;Dural GmbH;10000;7,2;;DISCOUNT_PCT;50;;DISCOUNT_PCT;40;;;;;;;;;;020.030.3140;;;;;;;;;;;;;;;;;;;;;;;ja;;;;;;;;;;;;;;;;;;ja;;;;;ja
Quadratisches Abschlussprofil Aluminium strukturbeschichtet graubraun (RAL 8019) 8 mm Länge 250 cm für Wand- und Bodenbeläge;;;12180198081;Dural GmbH;10000;15,1;;DISCOUNT_PCT;50;;DISCOUNT_PCT;40;;;;;;;;;;020.030.3150;;;;;;;;;;;;;;;;;;;;;;;ja;;;;;;;;;;;;;;;;;;ja;;;;;ja
Aussenecke Aluminium strukturbeschichtet graubraun (RAL 8019) für quadratisches Abschlussprofil 8 mm, Blister 2 Stück;;;12180198084;Dural GmbH;10000;8,64;;DISCOUNT_PCT;50;;DISCOUNT_PCT;40;;;;;;;;;;020.030.3160;;;;;;;;;;;;;;;;;;;;;;;ja;;;;;;;;;;;;;;;;;;ja;;;;;ja
Quadratisches Abschlussprofil Aluminium strukturbeschichtet graubraun (RAL 8019) 10 mm Länge 250 cm für Wand- und Bodenbeläge;;;12180198101;Dural GmbH;10000;18,12;;DISCOUNT_PCT;50;;DISCOUNT_PCT;40;;;;;;;;;;020.030.3170;;;;;;;;;;;;;;;;;;;;;;;ja;;;;;;;;;;;;;;;;;;ja;;;;;ja
Aussenecke Aluminium strukturbeschichtet graubraun (RAL 8019) für quadratisches Abschlussprofil 10 mm, Blister 2 Stück;;;12180198104;Dural GmbH;10000;8,64;;DISCOUNT_PCT;50;;DISCOUNT_PCT;40;;;;;;;;;;020.030.3180;;;;;;;;;;;;;;;;;;;;;;;ja;;;;;;;;;;;;;;;;;;ja;;;;;ja
Quadratisches Abschlussprofil Aluminium strukturbeschichtet graubraun (RAL 8019) 11 mm Länge 250 cm für Wand- und Bodenbeläge;;;12180198111;Dural GmbH;10000;19,74;;DISCOUNT_PCT;50;;DISCOUNT_PCT;40;;;;;;;;;;020.030.3190;;;;;;;;;;;;;;;;;;;;;;;ja;;;;;;;;;;;;;;;;;;ja;;;;;ja
Aussenecke Aluminium strukturbeschichtet graubraun (RAL 8019) für quadratisches Abschlussprofil 11 mm, Blister 2 Stück;;;12180198114;Dural GmbH;10000;8,64;;DISCOUNT_PCT;50;;DISCOUNT_PCT;40;;;;;;;;;;020.030.3200;;;;;;;;;;;;;;;;;;;;;;;ja;;;;;;;;;;;;;;;;;;ja;;;;;ja
Quadratisches Abschlussprofil Aluminium strukturbeschichtet graubraun (RAL 8019) 12,5 mm Länge 250 cm für Wand- und Bodenbeläge;;;12180198121;Dural GmbH;10000;21,74;;DISCOUNT_PCT;50;;DISCOUNT_PCT;40;;;;;;;;;;020.030.3210;;;;;;;;;;;;;;;;;;;;;;;ja;;;;;;;;;;;;;;;;;;ja;;;;;ja
Aussenecke Aluminium strukturbeschichtet graubraun (RAL 8019) für quadratisches Abschlussprofil 12,5 mm, Blister 2 Stück;;;12180198124;Dural GmbH;10000;8,64;;DISCOUNT_PCT;50;;DISCOUNT_PCT;40;;;;;;;;;;020.030.3220;;;;;;;;;;;;;;;;;;;;;;;ja;;;;;;;;;;;;;;;;;;ja;;;;;ja
Quadratisches Abschlussprofil Aluminium strukturbeschichtet terrabraun (RAL 8028) 8 mm Länge 250 cm für Wand- und Bodenbeläge;;;12180288081;Dural GmbH;10000;15,1;;DISCOUNT_PCT;50;;DISCOUNT_PCT;40;;;;;;;;;;020.030.3230;;;;;;;;;;;;;;;;;;;;;;;ja;;;;;;;;;;;;;;;;;;ja;;;;;ja
Aussenecke Aluminium strukturbeschichtet terrabraun (RAL 8028) für quadratisches Abschlussprofil 8 mm, Blister 2 Stück;;;12180288084;Dural GmbH;10000;8,64;;DISCOUNT_PCT;50;;DISCOUNT_PCT;40;;;;;;;;;;020.030.3240;;;;;;;;;;;;;;;;;;;;;;;ja;;;;;;;;;;;;;;;;;;ja;;;;;ja
Quadratisches Abschlussprofil Aluminium strukturbeschichtet terrabraun (RAL 8028) 10 mm Länge 250 cm für Wand- und Bodenbeläge;;;12180288101;Dural GmbH;10000;18,12;;DISCOUNT_PCT;50;;DISCOUNT_PCT;40;;;;;;;;;;020.030.3250;;;;;;;;;;;;;;;;;;;;;;;ja;;;;;;;;;;;;;;;;;;ja;;;;;ja
Aussenecke Aluminium strukturbeschichtet terrabraun (RAL 8028) für quadratisches Abschlussprofil 10 mm, Blister 2 Stück;;;12180288104;Dural GmbH;10000;8,64;;DISCOUNT_PCT;50;;DISCOUNT_PCT;40;;;;;;;;;;020.030.3260;;;;;;;;;;;;;;;;;;;;;;;ja;;;;;;;;;;;;;;;;;;ja;;;;;ja
Quadratisches Abschlussprofil Aluminium strukturbeschichtet terrabraun (RAL 8028) 11 mm Länge 250 cm für Wand- und Bodenbeläge;;;12180288111;Dural GmbH;10000;19,74;;DISCOUNT_PCT;50;;DISCOUNT_PCT;40;;;;;;;;;;020.030.3270;;;;;;;;;;;;;;;;;;;;;;;ja;;;;;;;;;;;;;;;;;;ja;;;;;ja
Aussenecke Aluminium strukturbeschichtet terrabraun (RAL 8028) für quadratisches Abschlussprofil 11 mm, Blister 2 Stück;;;12180288114;Dural GmbH;10000;8,64;;DISCOUNT_PCT;50;;DISCOUNT_PCT;40;;;;;;;;;;020.030.3280;;;;;;;;;;;;;;;;;;;;;;;ja;;;;;;;;;;;;;;;;;;ja;;;;;ja
Quadratisches Abschlussprofil Aluminium strukturbeschichtet terrabraun (RAL 8028) 12,5 mm Länge 250 cm für Wand- und Bodenbeläge;;;12180288121;Dural GmbH;10000;21,74;;DISCOUNT_PCT;50;;DISCOUNT_PCT;40;;;;;;;;;;020.030.3290;;;;;;;;;;;;;;;;;;;;;;;ja;;;;;;;;;;;;;;;;;;ja;;;;;ja
Aussenecke Aluminium strukturbeschichtet terrabraun (RAL 8028) für quadratisches Abschlussprofil 12,5 mm, Blister 2 Stück;;;12180288124;Dural GmbH;10000;8,64;;DISCOUNT_PCT;50;;DISCOUNT_PCT;40;;;;;;;;;;020.030.3300;;;;;;;;;;;;;;;;;;;;;;;ja;;;;;;;;;;;;;;;;;;ja;;;;;ja
Quadratisches Abschlussprofil Aluminium pulverbeschichtet sand (RAL 0808005) 8 mm Länge 250 cm für Wand- und Bodenbeläge;;;121808081;Dural GmbH;10000;12,58;;DISCOUNT_PCT;50;;DISCOUNT_PCT;40;;;;;;;;;;020.030.3310;;;;;;;;;;;;;;;;;;;;;;;ja;;;;;;;;;;;;;;;;;;ja;;;;;ja
Aussenecke Aluminium pulverbeschichtet sand (RAL 0808005) für quadratisches Abschlussprofil 8 mm, Blister 2 Stück;;;121808084;Dural GmbH;10000;7,2;;DISCOUNT_PCT;50;;DISCOUNT_PCT;40;;;;;;;;;;020.030.3320;;;;;;;;;;;;;;;;;;;;;;;ja;;;;;;;;;;;;;;;;;;ja;;;;;ja
Quadratisches Abschlussprofil Aluminium pulverbeschichtet sand (RAL 0808005) 10 mm Länge 250 cm für Wand- und Bodenbeläge;;;121808101;Dural GmbH;10000;15,1;;DISCOUNT_PCT;50;;DISCOUNT_PCT;40;;;;;;;;;;020.030.3330;;;;;;;;;;;;;;;;;;;;;;;ja;;;;;;;;;;;;;;;;;;ja;;;;;ja
Aussenecke Aluminium pulverbeschichtet sand (RAL 0808005) für quadratisches Abschlussprofil 10 mm, Blister 2 Stück;;;121808104;Dural GmbH;10000;7,2;;DISCOUNT_PCT;50;;DISCOUNT_PCT;40;;;;;;;;;;020.030.3340;;;;;;;;;;;;;;;;;;;;;;;ja;;;;;;;;;;;;;;;;;;ja;;;;;ja
Quadratisches Abschlussprofil Aluminium pulverbeschichtet sand (RAL 0808005) 12,5 mm Länge 250 cm für Wand- und Bodenbeläge;;;121808121;Dural GmbH;10000;18,12;;DISCOUNT_PCT;50;;DISCOUNT_PCT;40;;;;;;;;;;020.030.3350;;;;;;;;;;;;;;;;;;;;;;;ja;;;;;;;;;;;;;;;;;;ja;;;;;ja
Aussenecke Aluminium pulverbeschichtet sand (RAL 0808005) für quadratisches Abschlussprofil 12,5 mm, Blister 2 Stück;;;121808124;Dural GmbH;10000;7,2;;DISCOUNT_PCT;50;;DISCOUNT_PCT;40;;;;;;;;;;020.030.3360;;;;;;;;;;;;;;;;;;;;;;;ja;;;;;;;;;;;;;;;;;;ja;;;;;ja
Quadratisches Abschlussprofil Aluminium pulverbeschichtet sand (RAL 0808005) 9 mm Länge 300 cm für Wand- und Bodenbeläge;;;121820905;Dural GmbH;10000;13,72;;DISCOUNT_PCT;50;;DISCOUNT_PCT;40;;;;;;;;;;020.030.3370;;;;;;;;;;;;;;;;;;;;;;;ja;;;;;;;;;;;;;;;;;;ja;;;;;ja
Quadratisches Abschlussprofil Aluminium pulverbeschichtet betongrau (RAL 0006500) 9 mm Länge 300 cm für Wand- und Bodenbeläge;;;121820965;Dural GmbH;10000;13,72;;DISCOUNT_PCT;50;;DISCOUNT_PCT;40;;;;;;;;;;020.030.3380;;;;;;;;;;;;;;;;;;;;;;;ja;;;;;;;;;;;;;;;;;;ja;;;;;ja
Quadratisches Abschlussprofil Aluminium pulverbeschichtet sand (RAL 0808005) 11 mm Länge 300 cm für Wand- und Bodenbeläge;;;121821105;Dural GmbH;10000;16,44;;DISCOUNT_PCT;50;;DISCOUNT_PCT;40;;;;;;;;;;020.030.3390;;;;;;;;;;;;;;;;;;;;;;;ja;;;;;;;;;;;;;;;;;;ja;;;;;ja
Quadratisches Abschlussprofil Aluminium pulverbeschichtet betongrau (RAL 0006500) 11 mm Länge 300 cm für Wand- und Bodenbeläge;;;121821165;Dural GmbH;10000;16,44;;DISCOUNT_PCT;50;;DISCOUNT_PCT;40;;;;;;;;;;020.030.3400;;;;;;;;;;;;;;;;;;;;;;;ja;;;;;;;;;;;;;;;;;;ja;;;;;ja
Quadratisches Abschlussprofil Aluminium pulverbeschichtet sand (RAL 0808005) 9 mm Länge 250 cm für Wand- und Bodenbeläge;;;121880905;Dural GmbH;10000;13,72;;DISCOUNT_PCT;50;;DISCOUNT_PCT;40;;;;;;;;;;020.030.3410;;;;;;;;;;;;;;;;;;;;;;;ja;;;;;;;;;;;;;;;;;;ja;;;;;ja
Quadratisches Abschlussprofil Aluminium pulverbeschichtet schwarz matt (RAL 9005) 9 mm Länge 250 cm für Wand- und Bodenbeläge;;;121880933;Dural GmbH;10000;13,72;;DISCOUNT_PCT;50;;DISCOUNT_PCT;40;;;;;;;;;;020.030.3420;;;;;;;;;;;;;;;;;;;;;;;ja;;;;;;;;;;;;;;;;;;ja;;;;;ja
Quadratisches Abschlussprofil Aluminium pulverbeschichtet betongrau (RAL 0006500) 9 mm Länge 250 cm für Wand- und Bodenbeläge;;;121880965;Dural GmbH;10000;13,72;;DISCOUNT_PCT;50;;DISCOUNT_PCT;40;;;;;;;;;;020.030.3430;;;;;;;;;;;;;;;;;;;;;;;ja;;;;;;;;;;;;;;;;;;ja;;;;;ja
Quadratisches Abschlussprofil Aluminium pulverbeschichtet sand (RAL 0808005) 11 mm Länge 250 cm für Wand- und Bodenbeläge;;;121881105;Dural GmbH;10000;16,44;;DISCOUNT_PCT;50;;DISCOUNT_PCT;40;;;;;;;;;;020.030.3440;;;;;;;;;;;;;;;;;;;;;;;ja;;;;;;;;;;;;;;;;;;ja;;;;;ja
Quadratisches Abschlussprofil Aluminium pulverbeschichtet schwarz matt (RAL 9005) 11 mm Länge 250 cm für Wand- und Bodenbeläge;;;121881133;Dural GmbH;10000;16,44;;DISCOUNT_PCT;50;;DISCOUNT_PCT;40;;;;;;;;;;020.030.3450;;;;;;;;;;;;;;;;;;;;;;;ja;;;;;;;;;;;;;;;;;;ja;;;;;ja
Quadratisches Abschlussprofil Aluminium pulverbeschichtet betongrau (RAL 0006500) 11 mm Länge 250 cm für Wand- und Bodenbeläge;;;121881165;Dural GmbH;10000;16,44;;DISCOUNT_PCT;50;;DISCOUNT_PCT;40;;;;;;;;;;020.030.3460;;;;;;;;;;;;;;;;;;;;;;;ja;;;;;;;;;;;;;;;;;;ja;;;;;ja
Quadratisches Abschlussprofil Aluminium strukturbeschichtet cremeweiss (RAL 9001) 8 mm Länge 250 cm für Wand- und Bodenbeläge;;;12190018081;Dural GmbH;10000;15,1;;DISCOUNT_PCT;50;;DISCOUNT_PCT;40;;;;;;;;;;020.030.3470;;;;;;;;;;;;;;;;;;;;;;;ja;;;;;;;;;;;;;;;;;;ja;;;;;ja
Aussenecke Aluminium strukturbeschichtet cremeweiss (RAL 9001) für quadratisches Abschlussprofil 8 mm, Blister 2 Stück;;;12190018084;Dural GmbH;10000;8,64;;DISCOUNT_PCT;50;;DISCOUNT_PCT;40;;;;;;;;;;020.030.3480;;;;;;;;;;;;;;;;;;;;;;;ja;;;;;;;;;;;;;;;;;;ja;;;;;ja
Quadratisches Abschlussprofil Aluminium strukturbeschichtet cremeweiss (RAL 9001) 10 mm Länge 250 cm für Wand- und Bodenbeläge;;;12190018101;Dural GmbH;10000;18,12;;DISCOUNT_PCT;50;;DISCOUNT_PCT;40;;;;;;;;;;020.030.3490;;;;;;;;;;;;;;;;;;;;;;;ja;;;;;;;;;;;;;;;;;;ja;;;;;ja
Aussenecke Aluminium strukturbeschichtet cremeweiss (RAL 9001) für quadratisches Abschlussprofil 10 mm, Blister 2 Stück;;;12190018104;Dural GmbH;10000;8,64;;DISCOUNT_PCT;50;;DISCOUNT_PCT;40;;;;;;;;;;020.030.3500;;;;;;;;;;;;;;;;;;;;;;;ja;;;;;;;;;;;;;;;;;;ja;;;;;ja
Quadratisches Abschlussprofil Aluminium strukturbeschichtet cremeweiss (RAL 9001) 11 mm Länge 250 cm für Wand- und Bodenbeläge;;;12190018111;Dural GmbH;10000;19,74;;DISCOUNT_PCT;50;;DISCOUNT_PCT;40;;;;;;;;;;020.030.3510;;;;;;;;;;;;;;;;;;;;;;;ja;;;;;;;;;;;;;;;;;;ja;;;;;ja
Aussenecke Aluminium strukturbeschichtet cremeweiss (RAL 9001) für quadratisches Abschlussprofil 11 mm, Blister 2 Stück;;;12190018114;Dural GmbH;10000;8,64;;DISCOUNT_PCT;50;;DISCOUNT_PCT;40;;;;;;;;;;020.030.3520;;;;;;;;;;;;;;;;;;;;;;;ja;;;;;;;;;;;;;;;;;;ja;;;;;ja
Quadratisches Abschlussprofil Aluminium strukturbeschichtet cremeweiss (RAL 9001) 12,5 mm Länge 250 cm für Wand- und Bodenbeläge;;;12190018121;Dural GmbH;10000;21,74;;DISCOUNT_PCT;50;;DISCOUNT_PCT;40;;;;;;;;;;020.030.3530;;;;;;;;;;;;;;;;;;;;;;;ja;;;;;;;;;;;;;;;;;;ja;;;;;ja
Aussenecke Aluminium strukturbeschichtet cremeweiss (RAL 9001) für quadratisches Abschlussprofil 12,5 mm, Blister 2 Stück;;;12190018124;Dural GmbH;10000;8,64;;DISCOUNT_PCT;50;;DISCOUNT_PCT;40;;;;;;;;;;020.030.3540;;;;;;;;;;;;;;;;;;;;;;;ja;;;;;;;;;;;;;;;;;;ja;;;;;ja
Abschlussprofil mit 45°-Sichtkante Aluminium strukturbeschichtet perlweiss (RAL 1013) 8 mm Länge 250 cm für Wand- und Bodenbeläge;;;12210138081;Dural GmbH;10000;17,86;;DISCOUNT_PCT;50;;DISCOUNT_PCT;40;;;;;;;;;;020.040.0490;;;;;;;;;;;;;;;;;;;;;;;ja;;;;;;;;;;;;;;;;;;ja;;;;;ja
Aussenecke Aluminium strukturbeschichtet perlweiss (RAL 1013) für Abschlussprofil mit 45°-Sichtkante 8 mm, Blister 2 Stück;;;12210138082;Dural GmbH;10000;8,22;;DISCOUNT_PCT;50;;DISCOUNT_PCT;40;;;;;;;;;;020.040.0500;;;;;;;;;;;;;;;;;;;;;;;ja;;;;;;;;;;;;;;;;;;ja;;;;;ja
Innenecke Aluminium strukturbeschichtet perlweiss (RAL 1013) für Abschlussprofil mit 45°-Sichtkante 8 mm, Blister 2 Stück;;;12210138084;Dural GmbH;10000;8,22;;DISCOUNT_PCT;50;;DISCOUNT_PCT;40;;;;;;;;;;020.040.0510;;;;;;;;;;;;;;;;;;;;;;;ja;;;;;;;;;;;;;;;;;;ja;;;;;ja
Abschlussprofil mit 45°-Sichtkante Aluminium strukturbeschichtet perlweiss (RAL 1013) 10 mm Länge 250 cm für Wand- und Bodenbeläge;;;12210138101;Dural GmbH;10000;19,78;;DISCOUNT_PCT;50;;DISCOUNT_PCT;40;;;;;;;;;;020.040.0520;;;;;;;;;;;;;;;;;;;;;;;ja;;;;;;;;;;;;;;;;;;ja;;;;;ja
Aussenecke Aluminium strukturbeschichtet perlweiss (RAL 1013) für Abschlussprofil mit 45°-Sichtkante 10 mm, Blister 2 Stück;;;12210138102;Dural GmbH;10000;8,22;;DISCOUNT_PCT;50;;DISCOUNT_PCT;40;;;;;;;;;;020.040.0530;;;;;;;;;;;;;;;;;;;;;;;ja;;;;;;;;;;;;;;;;;;ja;;;;;ja
Innenecke Aluminium strukturbeschichtet perlweiss (RAL 1013) für Abschlussprofil mit 45°-Sichtkante 10 mm, Blister 2 Stück;;;12210138104;Dural GmbH;10000;8,22;;DISCOUNT_PCT;50;;DISCOUNT_PCT;40;;;;;;;;;;020.040.0540;;;;;;;;;;;;;;;;;;;;;;;ja;;;;;;;;;;;;;;;;;;ja;;;;;ja
Abschlussprofil mit 45°-Sichtkante Aluminium strukturbeschichtet perlweiss (RAL 1013) 11 mm Länge 250 cm für Wand- und Bodenbeläge;;;12210138111;Dural GmbH;10000;20,98;;DISCOUNT_PCT;50;;DISCOUNT_PCT;40;;;;;;;;;;020.040.0550;;;;;;;;;;;;;;;;;;;;;;;ja;;;;;;;;;;;;;;;;;;ja;;;;;ja
Aussenecke Aluminium strukturbeschichtet perlweiss (RAL 1013) für Abschlussprofil mit 45°-Sichtkante 11 mm, Blister 2 Stück;;;12210138112;Dural GmbH;10000;8,22;;DISCOUNT_PCT;50;;DISCOUNT_PCT;40;;;;;;;;;;020.040.0560;;;;;;;;;;;;;;;;;;;;;;;ja;;;;;;;;;;;;;;;;;;ja;;;;;ja
Innenecke Aluminium strukturbeschichtet perlweiss (RAL 1013) für Abschlussprofil mit 45°-Sichtkante 11 mm, Blister 2 Stück;;;12210138114;Dural GmbH;10000;8,22;;DISCOUNT_PCT;50;;DISCOUNT_PCT;40;;;;;;;;;;020.040.0570;;;;;;;;;;;;;;;;;;;;;;;ja;;;;;;;;;;;;;;;;;;ja;;;;;ja
Abschlussprofil mit 45°-Sichtkante Aluminium strukturbeschichtet elfenbein (RAL 1014) 8 mm Länge 250 cm für Wand- und Bodenbeläge;;;12210148081;Dural GmbH;10000;17,86;;DISCOUNT_PCT;50;;DISCOUNT_PCT;40;;;;;;;;;;020.040.0580;;;;;;;;;;;;;;;;;;;;;;;ja;;;;;;;;;;;;;;;;;;ja;;;;;ja
Aussenecke Aluminium strukturbeschichtet elfenbein (RAL 1014) für Abschlussprofil mit 45°-Sichtkante 8 mm, Blister 2 Stück;;;12210148082;Dural GmbH;10000;8,22;;DISCOUNT_PCT;50;;DISCOUNT_PCT;40;;;;;;;;;;020.040.0590;;;;;;;;;;;;;;;;;;;;;;;ja;;;;;;;;;;;;;;;;;;ja;;;;;ja
Innenecke Aluminium strukturbeschichtet elfenbein (RAL 1014) für Abschlussprofil mit 45°-Sichtkante 8 mm, Blister 2 Stück;;;12210148084;Dural GmbH;10000;8,22;;DISCOUNT_PCT;50;;DISCOUNT_PCT;40;;;;;;;;;;020.040.0600;;;;;;;;;;;;;;;;;;;;;;;ja;;;;;;;;;;;;;;;;;;ja;;;;;ja
Abschlussprofil mit 45°-Sichtkante Aluminium strukturbeschichtet elfenbein (RAL 1014) 10 mm Länge 250 cm für Wand- und Bodenbeläge;;;12210148101;Dural GmbH;10000;19,78;;DISCOUNT_PCT;50;;DISCOUNT_PCT;40;;;;;;;;;;020.040.0610;;;;;;;;;;;;;;;;;;;;;;;ja;;;;;;;;;;;;;;;;;;ja;;;;;ja
Aussenecke Aluminium strukturbeschichtet elfenbein (RAL 1014) für Abschlussprofil mit 45°-Sichtkante 10 mm, Blister 2 Stück;;;12210148102;Dural GmbH;10000;8,22;;DISCOUNT_PCT;50;;DISCOUNT_PCT;40;;;;;;;;;;020.040.0620;;;;;;;;;;;;;;;;;;;;;;;ja;;;;;;;;;;;;;;;;;;ja;;;;;ja
Innenecke Aluminium strukturbeschichtet elfenbein (RAL 1014) für Abschlussprofil mit 45°-Sichtkante 10 mm, Blister 2 Stück;;;12210148104;Dural GmbH;10000;8,22;;DISCOUNT_PCT;50;;DISCOUNT_PCT;40;;;;;;;;;;020.040.0630;;;;;;;;;;;;;;;;;;;;;;;ja;;;;;;;;;;;;;;;;;;ja;;;;;ja
Abschlussprofil mit 45°-Sichtkante Aluminium strukturbeschichtet elfenbein (RAL 1014) 11 mm Länge 250 cm für Wand- und Bodenbeläge;;;12210148111;Dural GmbH;10000;20,98;;DISCOUNT_PCT;50;;DISCOUNT_PCT;40;;;;;;;;;;020.040.0640;;;;;;;;;;;;;;;;;;;;;;;ja;;;;;;;;;;;;;;;;;;ja;;;;;ja
Aussenecke Aluminium strukturbeschichtet elfenbein (RAL 1014) für Abschlussprofil mit 45°-Sichtkante 11 mm, Blister 2 Stück;;;12210148112;Dural GmbH;10000;8,22;;DISCOUNT_PCT;50;;DISCOUNT_PCT;40;;;;;;;;;;020.040.0650;;;;;;;;;;;;;;;;;;;;;;;ja;;;;;;;;;;;;;;;;;;ja;;;;;ja
Innenecke Aluminium strukturbeschichtet elfenbein (RAL 1014) für Abschlussprofil mit 45°-Sichtkante 11 mm, Blister 2 Stück;;;12210148114;Dural GmbH;10000;8,22;;DISCOUNT_PCT;50;;DISCOUNT_PCT;40;;;;;;;;;;020.040.0660;;;;;;;;;;;;;;;;;;;;;;;ja;;;;;;;;;;;;;;;;;;ja;;;;;ja
Abschlussprofil mit 45°-Sichtkante Aluminium strukturbeschichtet hellelfenbein (RAL 1015) 8 mm Länge 250 cm für Wand- und Bodenbeläge;;;12210158081;Dural GmbH;10000;17,86;;DISCOUNT_PCT;50;;DISCOUNT_PCT;40;;;;;;;;;;020.040.0670;;;;;;;;;;;;;;;;;;;;;;;ja;;;;;;;;;;;;;;;;;;ja;;;;;ja
Aussenecke Aluminium strukturbeschichtet hellelfenbein (RAL 1015) für Abschlussprofil mit 45°-Sichtkante 8 mm, Blister 2 Stück;;;12210158082;Dural GmbH;10000;8,22;;DISCOUNT_PCT;50;;DISCOUNT_PCT;40;;;;;;;;;;020.040.0680;;;;;;;;;;;;;;;;;;;;;;;ja;;;;;;;;;;;;;;;;;;ja;;;;;ja
Innenecke Aluminium strukturbeschichtet hellelfenbein (RAL 1015) für Abschlussprofil mit 45°-Sichtkante 8 mm, Blister 2 Stück;;;12210158084;Dural GmbH;10000;8,22;;DISCOUNT_PCT;50;;DISCOUNT_PCT;40;;;;;;;;;;020.040.0690;;;;;;;;;;;;;;;;;;;;;;;ja;;;;;;;;;;;;;;;;;;ja;;;;;ja
Abschlussprofil mit 45°-Sichtkante Aluminium strukturbeschichtet hellelfenbein (RAL 1015) 10 mm Länge 250 cm für Wand- und Bodenbeläge;;;12210158101;Dural GmbH;10000;19,78;;DISCOUNT_PCT;50;;DISCOUNT_PCT;40;;;;;;;;;;020.040.0700;;;;;;;;;;;;;;;;;;;;;;;ja;;;;;;;;;;;;;;;;;;ja;;;;;ja
Aussenecke Aluminium strukturbeschichtet hellelfenbein (RAL 1015) für Abschlussprofil mit 45°-Sichtkante 10 mm, Blister 2 Stück;;;12210158102;Dural GmbH;10000;8,22;;DISCOUNT_PCT;50;;DISCOUNT_PCT;40;;;;;;;;;;020.040.0710;;;;;;;;;;;;;;;;;;;;;;;ja;;;;;;;;;;;;;;;;;;ja;;;;;ja
Innenecke Aluminium strukturbeschichtet hellelfenbein (RAL 1015) für Abschlussprofil mit 45°-Sichtkante 10 mm, Blister 2 Stück;;;12210158104;Dural GmbH;10000;8,22;;DISCOUNT_PCT;50;;DISCOUNT_PCT;40;;;;;;;;;;020.040.0720;;;;;;;;;;;;;;;;;;;;;;;ja;;;;;;;;;;;;;;;;;;ja;;;;;ja
Abschlussprofil mit 45°-Sichtkante Aluminium strukturbeschichtet hellelfenbein (RAL 1015) 11 mm Länge 250 cm für Wand- und Bodenbeläge;;;12210158111;Dural GmbH;10000;20,98;;DISCOUNT_PCT;50;;DISCOUNT_PCT;40;;;;;;;;;;020.040.0730;;;;;;;;;;;;;;;;;;;;;;;ja;;;;;;;;;;;;;;;;;;ja;;;;;ja
Aussenecke Aluminium strukturbeschichtet hellelfenbein (RAL 1015) für Abschlussprofil mit 45°-Sichtkante 11 mm, Blister 2 Stück;;;12210158112;Dural GmbH;10000;8,22;;DISCOUNT_PCT;50;;DISCOUNT_PCT;40;;;;;;;;;;020.040.0740;;;;;;;;;;;;;;;;;;;;;;;ja;;;;;;;;;;;;;;;;;;ja;;;;;ja
Innenecke Aluminium strukturbeschichtet hellelfenbein (RAL 1015) für Abschlussprofil mit 45°-Sichtkante 11 mm, Blister 2 Stück;;;12210158114;Dural GmbH;10000;8,22;;DISCOUNT_PCT;50;;DISCOUNT_PCT;40;;;;;;;;;;020.040.0750;;;;;;;;;;;;;;;;;;;;;;;ja;;;;;;;;;;;;;;;;;;ja;;;;;ja
Abschlussprofil mit 45°-Sichtkante Aluminium strukturbeschichtet graubeige (RAL 1019) 8 mm Länge 250 cm für Wand- und Bodenbeläge;;;12210198081;Dural GmbH;10000;17,86;;DISCOUNT_PCT;50;;DISCOUNT_PCT;40;;;;;;;;;;020.040.0760;;;;;;;;;;;;;;;;;;;;;;;ja;;;;;;;;;;;;;;;;;;ja;;;;;ja
Aussenecke Aluminium strukturbeschichtet graubeige (RAL 1019) für Abschlussprofil mit 45°-Sichtkante 8 mm, Blister 2 Stück;;;12210198082;Dural GmbH;10000;8,22;;DISCOUNT_PCT;50;;DISCOUNT_PCT;40;;;;;;;;;;020.040.0770;;;;;;;;;;;;;;;;;;;;;;;ja;;;;;;;;;;;;;;;;;;ja;;;;;ja
Innenecke Aluminium strukturbeschichtet graubeige (RAL 1019) für Abschlussprofil mit 45°-Sichtkante 8 mm, Blister 2 Stück;;;12210198084;Dural GmbH;10000;8,22;;DISCOUNT_PCT;50;;DISCOUNT_PCT;40;;;;;;;;;;020.040.0780;;;;;;;;;;;;;;;;;;;;;;;ja;;;;;;;;;;;;;;;;;;ja;;;;;ja
Abschlussprofil mit 45°-Sichtkante Aluminium strukturbeschichtet graubeige (RAL 1019) 10 mm Länge 250 cm für Wand- und Bodenbeläge;;;12210198101;Dural GmbH;10000;19,78;;DISCOUNT_PCT;50;;DISCOUNT_PCT;40;;;;;;;;;;020.040.0790;;;;;;;;;;;;;;;;;;;;;;;ja;;;;;;;;;;;;;;;;;;ja;;;;;ja
Aussenecke Aluminium strukturbeschichtet graubeige (RAL 1019) für Abschlussprofil mit 45°-Sichtkante 10 mm, Blister 2 Stück;;;12210198102;Dural GmbH;10000;8,22;;DISCOUNT_PCT;50;;DISCOUNT_PCT;40;;;;;;;;;;020.040.0800;;;;;;;;;;;;;;;;;;;;;;;ja;;;;;;;;;;;;;;;;;;ja;;;;;ja
Innenecke Aluminium strukturbeschichtet graubeige (RAL 1019) für Abschlussprofil mit 45°-Sichtkante 10 mm, Blister 2 Stück;;;12210198104;Dural GmbH;10000;8,22;;DISCOUNT_PCT;50;;DISCOUNT_PCT;40;;;;;;;;;;020.040.0810;;;;;;;;;;;;;;;;;;;;;;;ja;;;;;;;;;;;;;;;;;;ja;;;;;ja
Abschlussprofil mit 45°-Sichtkante Aluminium strukturbeschichtet graubeige (RAL 1019) 11 mm Länge 250 cm für Wand- und Bodenbeläge;;;12210198111;Dural GmbH;10000;20,98;;DISCOUNT_PCT;50;;DISCOUNT_PCT;40;;;;;;;;;;020.040.0820;;;;;;;;;;;;;;;;;;;;;;;ja;;;;;;;;;;;;;;;;;;ja;;;;;ja
Aussenecke Aluminium strukturbeschichtet graubeige (RAL 1019) für Abschlussprofil mit 45°-Sichtkante 11 mm, Blister 2 Stück;;;12210198112;Dural GmbH;10000;8,22;;DISCOUNT_PCT;50;;DISCOUNT_PCT;40;;;;;;;;;;020.040.0830;;;;;;;;;;;;;;;;;;;;;;;ja;;;;;;;;;;;;;;;;;;ja;;;;;ja
Innenecke Aluminium strukturbeschichtet graubeige (RAL 1019) für Abschlussprofil mit 45°-Sichtkante 11 mm, Blister 2 Stück;;;12210198114;Dural GmbH;10000;8,22;;DISCOUNT_PCT;50;;DISCOUNT_PCT;40;;;;;;;;;;020.040.0840;;;;;;;;;;;;;;;;;;;;;;;ja;;;;;;;;;;;;;;;;;;ja;;;;;ja
Abschlussprofil mit 45°-Sichtkante Aluminium pulverbeschichtet schwarz matt (RAL 9005) 8 mm Länge 250 cm für Wand- und Bodenbeläge;;;122118081;Dural GmbH;10000;14,28;;DISCOUNT_PCT;50;;DISCOUNT_PCT;40;;;;;;;;;;020.040.0850;;;;;;;;;;;;;;;;;;;;;;;ja;;;;;;;;;;;;;;;;;;ja;;;;;ja
Aussenecke Aluminium pulverbeschichtet schwarz matt (RAL 9005) für Abschlussprofil mit 45°-Sichtkante 8 mm, Blister 2 Stück;;;122118082;Dural GmbH;10000;7,2;;DISCOUNT_PCT;50;;DISCOUNT_PCT;40;;;;;;;;;;020.040.0860;;;;;;;;;;;;;;;;;;;;;;;ja;;;;;;;;;;;;;;;;;;ja;;;;;ja
Innenecke Aluminium pulverbeschichtet schwarz matt (RAL 9005) für Abschlussprofil mit 45°-Sichtkante 8 mm, Blister 2 Stück;;;122118084;Dural GmbH;10000;7,2;;DISCOUNT_PCT;50;;DISCOUNT_PCT;40;;;;;;;;;;020.040.0870;;;;;;;;;;;;;;;;;;;;;;;ja;;;;;;;;;;;;;;;;;;ja;;;;;ja
Abschlussprofil mit 45°-Sichtkante Aluminium pulverbeschichtet weiss matt (RAL 9003) 8 mm Länge 250 cm für Wand- und Bodenbeläge;;;122128081;Dural GmbH;10000;14,28;;DISCOUNT_PCT;50;;DISCOUNT_PCT;40;;;;;;;;;;020.040.0880;;;;;;;;;;;;;;;;;;;;;;;ja;;;;;;;;;;;;;;;;;;ja;;;;;ja
Aussenecke Aluminium pulverbeschichtet weiss matt (RAL 9003) für Abschlussprofil mit 45°-Sichtkante 8 mm, Blister 2 Stück;;;122128082;Dural GmbH;10000;7,2;;DISCOUNT_PCT;50;;DISCOUNT_PCT;40;;;;;;;;;;020.040.0890;;;;;;;;;;;;;;;;;;;;;;;ja;;;;;;;;;;;;;;;;;;ja;;;;;ja
Innenecke Aluminium pulverbeschichtet weiss matt (RAL 9003) für Abschlussprofil mit 45°-Sichtkante 8 mm, Blister 2 Stück;;;122128084;Dural GmbH;10000;7,2;;DISCOUNT_PCT;50;;DISCOUNT_PCT;40;;;;;;;;;;020.040.0900;;;;;;;;;;;;;;;;;;;;;;;ja;;;;;;;;;;;;;;;;;;ja;;;;;ja
Abschlussprofil mit 45°-Sichtkante Aluminium pulverbeschichtet weiss matt (RAL 9003) 10 mm Länge 250 cm für Wand- und Bodenbeläge;;;122128101;Dural GmbH;10000;15,88;;DISCOUNT_PCT;50;;DISCOUNT_PCT;40;;;;;;;;;;020.040.0910;;;;;;;;;;;;;;;;;;;;;;;ja;;;;;;;;;;;;;;;;;;ja;;;;;ja
Aussenecke Aluminium pulverbeschichtet weiss matt (RAL 9003) für Abschlussprofil mit 45°-Sichtkante 10 mm, Blister 2 Stück;;;122128102;Dural GmbH;10000;7,2;;DISCOUNT_PCT;50;;DISCOUNT_PCT;40;;;;;;;;;;020.040.0920;;;;;;;;;;;;;;;;;;;;;;;ja;;;;;;;;;;;;;;;;;;ja;;;;;ja
Innenecke Aluminium pulverbeschichtet weiss matt (RAL 9003) für Abschlussprofil mit 45°-Sichtkante 10 mm, Blister 2 Stück;;;122128104;Dural GmbH;10000;7,2;;DISCOUNT_PCT;50;;DISCOUNT_PCT;40;;;;;;;;;;020.040.0930;;;;;;;;;;;;;;;;;;;;;;;ja;;;;;;;;;;;;;;;;;;ja;;;;;ja
Abschlussprofil mit 45°-Sichtkante Aluminium pulverbeschichtet weiss matt (RAL 9003) 11 mm Länge 250 cm für Wand- und Bodenbeläge;;;122128111;Dural GmbH;10000;16,78;;DISCOUNT_PCT;50;;DISCOUNT_PCT;40;;;;;;;;;;020.040.0940;;;;;;;;;;;;;;;;;;;;;;;ja;;;;;;;;;;;;;;;;;;ja;;;;;ja
Aussenecke Aluminium pulverbeschichtet weiss matt (RAL 9003) für Abschlussprofil mit 45°-Sichtkante 11 mm, Blister 2 Stück;;;122128112;Dural GmbH;10000;7,2;;DISCOUNT_PCT;50;;DISCOUNT_PCT;40;;;;;;;;;;020.040.0950;;;;;;;;;;;;;;;;;;;;;;;ja;;;;;;;;;;;;;;;;;;ja;;;;;ja
Innenecke Aluminium pulverbeschichtet weiss matt (RAL 9003) für Abschlussprofil mit 45°-Sichtkante 11 mm, Blister 2 Stück;;;122128114;Dural GmbH;10000;7,2;;DISCOUNT_PCT;50;;DISCOUNT_PCT;40;;;;;;;;;;020.040.0960;;;;;;;;;;;;;;;;;;;;;;;ja;;;;;;;;;;;;;;;;;;ja;;;;;ja
Abschlussprofil mit 45°-Sichtkante Aluminium pulverbeschichtet weiss 8 mm Länge 250 cm für Wand- und Bodenbeläge;;;122308081;Dural GmbH;10000;14,28;;DISCOUNT_PCT;50;;DISCOUNT_PCT;40;;;;;;;;;;020.040.0970;;;;;;;;;;;;;;;;;;;;;;;ja;;;;;;;;;;;;;;;;;;ja;;;;;ja
Aussenecke Aluminium pulverbeschichtet weiss für Abschlussprofil mit 45°-Sichtkante 8 mm, Blister 2 Stück;;;122308082;Dural GmbH;10000;7,2;;DISCOUNT_PCT;50;;DISCOUNT_PCT;40;;;;;;;;;;020.040.0980;;;;;;;;;;;;;;;;;;;;;;;ja;;;;;;;;;;;;;;;;;;ja;;;;;ja
Innenecke Aluminium pulverbeschichtet weiss für Abschlussprofil mit 45°-Sichtkante 8 mm, Blister 2 Stück;;;122308084;Dural GmbH;10000;7,2;;DISCOUNT_PCT;50;;DISCOUNT_PCT;40;;;;;;;;;;020.040.0990;;;;;;;;;;;;;;;;;;;;;;;ja;;;;;;;;;;;;;;;;;;ja;;;;;ja
Abschlussprofil mit 45°-Sichtkante Aluminium pulverbeschichtet weiss 10 mm Länge 250 cm für Wand- und Bodenbeläge;;;122308101;Dural GmbH;10000;15,88;;DISCOUNT_PCT;50;;DISCOUNT_PCT;40;;;;;;;;;;020.040.1000;;;;;;;;;;;;;;;;;;;;;;;ja;;;;;;;;;;;;;;;;;;ja;;;;;ja
Aussenecke Aluminium pulverbeschichtet weiss für Abschlussprofil mit 45°-Sichtkante 10 mm, Blister 2 Stück;;;122308102;Dural GmbH;10000;7,2;;DISCOUNT_PCT;50;;DISCOUNT_PCT;40;;;;;;;;;;020.040.1010;;;;;;;;;;;;;;;;;;;;;;;ja;;;;;;;;;;;;;;;;;;ja;;;;;ja
Innenecke Aluminium pulverbeschichtet weiss für Abschlussprofil mit 45°-Sichtkante 10 mm, Blister 2 Stück;;;122308104;Dural GmbH;10000;7,2;;DISCOUNT_PCT;50;;DISCOUNT_PCT;40;;;;;;;;;;020.040.1020;;;;;;;;;;;;;;;;;;;;;;;ja;;;;;;;;;;;;;;;;;;ja;;;;;ja
Abschlussprofil mit 45°-Sichtkante Aluminium pulverbeschichtet weiss 11 mm Länge 250 cm für Wand- und Bodenbeläge;;;122308111;Dural GmbH;10000;16,78;;DISCOUNT_PCT;50;;DISCOUNT_PCT;40;;;;;;;;;;020.040.1030;;;;;;;;;;;;;;;;;;;;;;;ja;;;;;;;;;;;;;;;;;;ja;;;;;ja
Aussenecke Aluminium pulverbeschichtet weiss für Abschlussprofil mit 45°-Sichtkante 11 mm, Blister 2 Stück;;;122308112;Dural GmbH;10000;7,2;;DISCOUNT_PCT;50;;DISCOUNT_PCT;40;;;;;;;;;;020.040.1040;;;;;;;;;;;;;;;;;;;;;;;ja;;;;;;;;;;;;;;;;;;ja;;;;;ja
Innenecke Aluminium pulverbeschichtet weiss für Abschlussprofil mit 45°-Sichtkante 11 mm, Blister 2 Stück;;;122308114;Dural GmbH;10000;7,2;;DISCOUNT_PCT;50;;DISCOUNT_PCT;40;;;;;;;;;;020.040.1050;;;;;;;;;;;;;;;;;;;;;;;ja;;;;;;;;;;;;;;;;;;ja;;;;;ja
Abschlussprofil mit 45°-Sichtkante Aluminium pulverbeschichtet schwarz 8 mm Länge 250 cm für Wand- und Bodenbeläge;;;122338081;Dural GmbH;10000;14,28;;DISCOUNT_PCT;50;;DISCOUNT_PCT;40;;;;;;;;;;020.040.1060;;;;;;;;;;;;;;;;;;;;;;;ja;;;;;;;;;;;;;;;;;;ja;;;;;ja
Aussenecke Aluminium pulverbeschichtet schwarz für Abschlussprofil mit 45°-Sichtkante 8 mm, Blister 2 Stück;;;122338082;Dural GmbH;10000;7,2;;DISCOUNT_PCT;50;;DISCOUNT_PCT;40;;;;;;;;;;020.040.1070;;;;;;;;;;;;;;;;;;;;;;;ja;;;;;;;;;;;;;;;;;;ja;;;;;ja
Innenecke Aluminium pulverbeschichtet schwarz für Abschlussprofil mit 45°-Sichtkante 8 mm, Blister 2 Stück;;;122338084;Dural GmbH;10000;7,2;;DISCOUNT_PCT;50;;DISCOUNT_PCT;40;;;;;;;;;;020.040.1080;;;;;;;;;;;;;;;;;;;;;;;ja;;;;;;;;;;;;;;;;;;ja;;;;;ja
Abschlussprofil mit 45°-Sichtkante Aluminium pulverbeschichtet schwarz 10 mm Länge 250 cm für Wand- und Bodenbeläge;;;122338101;Dural GmbH;10000;15,88;;DISCOUNT_PCT;50;;DISCOUNT_PCT;40;;;;;;;;;;020.040.1090;;;;;;;;;;;;;;;;;;;;;;;ja;;;;;;;;;;;;;;;;;;ja;;;;;ja
Aussenecke Aluminium pulverbeschichtet schwarz für Abschlussprofil mit 45°-Sichtkante 10 mm, Blister 2 Stück;;;122338102;Dural GmbH;10000;7,2;;DISCOUNT_PCT;50;;DISCOUNT_PCT;40;;;;;;;;;;020.040.1100;;;;;;;;;;;;;;;;;;;;;;;ja;;;;;;;;;;;;;;;;;;ja;;;;;ja
Innenecke Aluminium pulverbeschichtet schwarz für Abschlussprofil mit 45°-Sichtkante 10 mm, Blister 2 Stück;;;122338104;Dural GmbH;10000;7,2;;DISCOUNT_PCT;50;;DISCOUNT_PCT;40;;;;;;;;;;020.040.1110;;;;;;;;;;;;;;;;;;;;;;;ja;;;;;;;;;;;;;;;;;;ja;;;;;ja
Abschlussprofil mit 45°-Sichtkante Aluminium pulverbeschichtet schwarz 11 mm Länge 250 cm für Wand- und Bodenbeläge;;;122338111;Dural GmbH;10000;16,78;;DISCOUNT_PCT;50;;DISCOUNT_PCT;40;;;;;;;;;;020.040.1120;;;;;;;;;;;;;;;;;;;;;;;ja;;;;;;;;;;;;;;;;;;ja;;;;;ja
Aussenecke Aluminium pulverbeschichtet schwarz für Abschlussprofil mit 45°-Sichtkante 11 mm, Blister 2 Stück;;;122338112;Dural GmbH;10000;7,2;;DISCOUNT_PCT;50;;DISCOUNT_PCT;40;;;;;;;;;;020.040.1130;;;;;;;;;;;;;;;;;;;;;;;ja;;;;;;;;;;;;;;;;;;ja;;;;;ja
Innenecke Aluminium pulverbeschichtet schwarz für Abschlussprofil mit 45°-Sichtkante 11 mm, Blister 2 Stück;;;122338114;Dural GmbH;10000;7,2;;DISCOUNT_PCT;50;;DISCOUNT_PCT;40;;;;;;;;;;020.040.1140;;;;;;;;;;;;;;;;;;;;;;;ja;;;;;;;;;;;;;;;;;;ja;;;;;ja
Abschlussprofil mit 45°-Sichtkante Aluminium pulverbeschichtet gold 8 mm Länge 250 cm für Wand- und Bodenbeläge;;;122528081;Dural GmbH;10000;14,28;;DISCOUNT_PCT;50;;DISCOUNT_PCT;40;;;;;;;;;;020.040.1150;;;;;;;;;;;;;;;;;;;;;;;ja;;;;;;;;;;;;;;;;;;ja;;;;;ja
Aussenecke Aluminium pulverbeschichtet gold für Abschlussprofil mit 45°-Sichtkante 8 mm, Blister 2 Stück;;;122528082;Dural GmbH;10000;7,2;;DISCOUNT_PCT;50;;DISCOUNT_PCT;40;;;;;;;;;;020.040.1160;;;;;;;;;;;;;;;;;;;;;;;ja;;;;;;;;;;;;;;;;;;ja;;;;;ja
Innenecke Aluminium pulverbeschichtet gold für Abschlussprofil mit 45°-Sichtkante 8 mm, Blister 2 Stück;;;122528084;Dural GmbH;10000;7,2;;DISCOUNT_PCT;50;;DISCOUNT_PCT;40;;;;;;;;;;020.040.1170;;;;;;;;;;;;;;;;;;;;;;;ja;;;;;;;;;;;;;;;;;;ja;;;;;ja
Abschlussprofil mit 45°-Sichtkante Aluminium pulverbeschichtet gold 10 mm Länge 250 cm für Wand- und Bodenbeläge;;;122528101;Dural GmbH;10000;15,88;;DISCOUNT_PCT;50;;DISCOUNT_PCT;40;;;;;;;;;;020.040.1180;;;;;;;;;;;;;;;;;;;;;;;ja;;;;;;;;;;;;;;;;;;ja;;;;;ja
Aussenecke Aluminium pulverbeschichtet gold für Abschlussprofil mit 45°-Sichtkante 10 mm, Blister 2 Stück;;;122528102;Dural GmbH;10000;7,2;;DISCOUNT_PCT;50;;DISCOUNT_PCT;40;;;;;;;;;;020.040.1190;;;;;;;;;;;;;;;;;;;;;;;ja;;;;;;;;;;;;;;;;;;ja;;;;;ja
Innenecke Aluminium pulverbeschichtet gold für Abschlussprofil mit 45°-Sichtkante 10 mm, Blister 2 Stück;;;122528104;Dural GmbH;10000;7,2;;DISCOUNT_PCT;50;;DISCOUNT_PCT;40;;;;;;;;;;020.040.1200;;;;;;;;;;;;;;;;;;;;;;;ja;;;;;;;;;;;;;;;;;;ja;;;;;ja
Abschlussprofil mit 45°-Sichtkante Aluminium pulverbeschichtet gold 11 mm Länge 250 cm für Wand- und Bodenbeläge;;;122528111;Dural GmbH;10000;16,78;;DISCOUNT_PCT;50;;DISCOUNT_PCT;40;;;;;;;;;;020.040.1210;;;;;;;;;;;;;;;;;;;;;;;ja;;;;;;;;;;;;;;;;;;ja;;;;;ja
Aussenecke Aluminium pulverbeschichtet gold für Abschlussprofil mit 45°-Sichtkante 11 mm, Blister 2 Stück;;;122528112;Dural GmbH;10000;7,2;;DISCOUNT_PCT;50;;DISCOUNT_PCT;40;;;;;;;;;;020.040.1220;;;;;;;;;;;;;;;;;;;;;;;ja;;;;;;;;;;;;;;;;;;ja;;;;;ja
Innenecke Aluminium pulverbeschichtet gold für Abschlussprofil mit 45°-Sichtkante 11 mm, Blister 2 Stück;;;122528114;Dural GmbH;10000;7,2;;DISCOUNT_PCT;50;;DISCOUNT_PCT;40;;;;;;;;;;020.040.1230;;;;;;;;;;;;;;;;;;;;;;;ja;;;;;;;;;;;;;;;;;;ja;;;;;ja
Abschlussprofil mit 45°-Sichtkante Aluminium pulverbeschichtet titan 8 mm Länge 250 cm für Wand- und Bodenbeläge;;;122538081;Dural GmbH;10000;14,28;;DISCOUNT_PCT;50;;DISCOUNT_PCT;40;;;;;;;;;;020.040.1240;;;;;;;;;;;;;;;;;;;;;;;ja;;;;;;;;;;;;;;;;;;ja;;;;;ja
Aussenecke Aluminium pulverbeschichtet titan für Abschlussprofil mit 45°-Sichtkante 8 mm, Blister 2 Stück;;;122538082;Dural GmbH;10000;7,2;;DISCOUNT_PCT;50;;DISCOUNT_PCT;40;;;;;;;;;;020.040.1250;;;;;;;;;;;;;;;;;;;;;;;ja;;;;;;;;;;;;;;;;;;ja;;;;;ja
Innenecke Aluminium pulverbeschichtet titan für Abschlussprofil mit 45°-Sichtkante 8 mm, Blister 2 Stück;;;122538084;Dural GmbH;10000;7,2;;DISCOUNT_PCT;50;;DISCOUNT_PCT;40;;;;;;;;;;020.040.1260;;;;;;;;;;;;;;;;;;;;;;;ja;;;;;;;;;;;;;;;;;;ja;;;;;ja
Abschlussprofil mit 45°-Sichtkante Aluminium pulverbeschichtet titan 10 mm Länge 250 cm für Wand- und Bodenbeläge;;;122538101;Dural GmbH;10000;15,88;;DISCOUNT_PCT;50;;DISCOUNT_PCT;40;;;;;;;;;;020.040.1270;;;;;;;;;;;;;;;;;;;;;;;ja;;;;;;;;;;;;;;;;;;ja;;;;;ja
Aussenecke Aluminium pulverbeschichtet titan für Abschlussprofil mit 45°-Sichtkante 10 mm, Blister 2 Stück;;;122538102;Dural GmbH;10000;7,2;;DISCOUNT_PCT;50;;DISCOUNT_PCT;40;;;;;;;;;;020.040.1280;;;;;;;;;;;;;;;;;;;;;;;ja;;;;;;;;;;;;;;;;;;ja;;;;;ja
Innenecke Aluminium pulverbeschichtet titan für Abschlussprofil mit 45°-Sichtkante 10 mm, Blister 2 Stück;;;122538104;Dural GmbH;10000;7,2;;DISCOUNT_PCT;50;;DISCOUNT_PCT;40;;;;;;;;;;020.040.1290;;;;;;;;;;;;;;;;;;;;;;;ja;;;;;;;;;;;;;;;;;;ja;;;;;ja
Abschlussprofil mit 45°-Sichtkante Aluminium pulverbeschichtet titan 11 mm Länge 250 cm für Wand- und Bodenbeläge;;;122538111;Dural GmbH;10000;16,78;;DISCOUNT_PCT;50;;DISCOUNT_PCT;40;;;;;;;;;;020.040.1300;;;;;;;;;;;;;;;;;;;;;;;ja;;;;;;;;;;;;;;;;;;ja;;;;;ja
Aussenecke Aluminium pulverbeschichtet titan für Abschlussprofil mit 45°-Sichtkante 11 mm, Blister 2 Stück;;;122538112;Dural GmbH;10000;7,2;;DISCOUNT_PCT;50;;DISCOUNT_PCT;40;;;;;;;;;;020.040.1310;;;;;;;;;;;;;;;;;;;;;;;ja;;;;;;;;;;;;;;;;;;ja;;;;;ja
Innenecke Aluminium pulverbeschichtet titan für Abschlussprofil mit 45°-Sichtkante 11 mm, Blister 2 Stück;;;122538114;Dural GmbH;10000;7,2;;DISCOUNT_PCT;50;;DISCOUNT_PCT;40;;;;;;;;;;020.040.1320;;;;;;;;;;;;;;;;;;;;;;;ja;;;;;;;;;;;;;;;;;;ja;;;;;ja
Abschlussprofil mit 45°-Sichtkante Aluminium pulverbeschichtet kupfer 8 mm Länge 250 cm für Wand- und Bodenbeläge;;;122548081;Dural GmbH;10000;14,28;;DISCOUNT_PCT;50;;DISCOUNT_PCT;40;;;;;;;;;;020.040.1330;;;;;;;;;;;;;;;;;;;;;;;ja;;;;;;;;;;;;;;;;;;ja;;;;;ja
Aussenecke Aluminium pulverbeschichtet kupfer für Abschlussprofil mit 45°-Sichtkante 8 mm, Blister 2 Stück;;;122548082;Dural GmbH;10000;7,2;;DISCOUNT_PCT;50;;DISCOUNT_PCT;40;;;;;;;;;;020.040.1340;;;;;;;;;;;;;;;;;;;;;;;ja;;;;;;;;;;;;;;;;;;ja;;;;;ja
Innenecke Aluminium pulverbeschichtet kupfer für Abschlussprofil mit 45°-Sichtkante 8 mm, Blister 2 Stück;;;122548084;Dural GmbH;10000;7,2;;DISCOUNT_PCT;50;;DISCOUNT_PCT;40;;;;;;;;;;020.040.1350;;;;;;;;;;;;;;;;;;;;;;;ja;;;;;;;;;;;;;;;;;;ja;;;;;ja
Abschlussprofil mit 45°-Sichtkante Aluminium pulverbeschichtet kupfer 10 mm Länge 250 cm für Wand- und Bodenbeläge;;;122548101;Dural GmbH;10000;15,88;;DISCOUNT_PCT;50;;DISCOUNT_PCT;40;;;;;;;;;;020.040.1360;;;;;;;;;;;;;;;;;;;;;;;ja;;;;;;;;;;;;;;;;;;ja;;;;;ja
Aussenecke Aluminium pulverbeschichtet kupfer für Abschlussprofil mit 45°-Sichtkante 10 mm, Blister 2 Stück;;;122548102;Dural GmbH;10000;7,2;;DISCOUNT_PCT;50;;DISCOUNT_PCT;40;;;;;;;;;;020.040.1370;;;;;;;;;;;;;;;;;;;;;;;ja;;;;;;;;;;;;;;;;;;ja;;;;;ja
Innenecke Aluminium pulverbeschichtet kupfer für Abschlussprofil mit 45°-Sichtkante 10 mm, Blister 2 Stück;;;122548104;Dural GmbH;10000;7,2;;DISCOUNT_PCT;50;;DISCOUNT_PCT;40;;;;;;;;;;020.040.1380;;;;;;;;;;;;;;;;;;;;;;;ja;;;;;;;;;;;;;;;;;;ja;;;;;ja
Abschlussprofil mit 45°-Sichtkante Aluminium pulverbeschichtet kupfer 11 mm Länge 250 cm für Wand- und Bodenbeläge;;;122548111;Dural GmbH;10000;16,78;;DISCOUNT_PCT;50;;DISCOUNT_PCT;40;;;;;;;;;;020.040.1390;;;;;;;;;;;;;;;;;;;;;;;ja;;;;;;;;;;;;;;;;;;ja;;;;;ja
Aussenecke Aluminium pulverbeschichtet kupfer für Abschlussprofil mit 45°-Sichtkante 11 mm, Blister 2 Stück;;;122548112;Dural GmbH;10000;7,2;;DISCOUNT_PCT;50;;DISCOUNT_PCT;40;;;;;;;;;;020.040.1400;;;;;;;;;;;;;;;;;;;;;;;ja;;;;;;;;;;;;;;;;;;ja;;;;;ja
Innenecke Aluminium pulverbeschichtet kupfer für Abschlussprofil mit 45°-Sichtkante 11 mm, Blister 2 Stück;;;122548114;Dural GmbH;10000;7,2;;DISCOUNT_PCT;50;;DISCOUNT_PCT;40;;;;;;;;;;020.040.1410;;;;;;;;;;;;;;;;;;;;;;;ja;;;;;;;;;;;;;;;;;;ja;;;;;ja
Diamond-Cut Abschlussprofil Aluminium pulverbeschichtet bronze 8 mm Länge 250 cm für Wand- und Bodenbeläge;;;122558081;Dural GmbH;10000;14,28;;DISCOUNT_PCT;50;;DISCOUNT_PCT;40;;;;;;;;;;020.040.1420;;;;;;;;;;;;;;;;;;;;;;;ja;;;;;;;;;;;;;;;;;;ja;;;;;ja
Aussenecke für Diamond-Cut Abschlussprofil Aluminium pulverbeschichtet bronze 8 mm Blister 2 Stück;;;122558082;Dural GmbH;10000;7,2;;DISCOUNT_PCT;50;;DISCOUNT_PCT;40;;;;;;;;;;020.040.1430;;;;;;;;;;;;;;;;;;;;;;;ja;;;;;;;;;;;;;;;;;;ja;;;;;ja
Innenecke für Diamond-Cut Abschlussprofil Aluminium pulverbeschichtet bronze 8 mm Blister 2 Stück;;;122558084;Dural GmbH;10000;7,2;;DISCOUNT_PCT;50;;DISCOUNT_PCT;40;;;;;;;;;;020.040.1440;;;;;;;;;;;;;;;;;;;;;;;ja;;;;;;;;;;;;;;;;;;ja;;;;;ja
Diamond-Cut Abschlussprofil Aluminium pulverbeschichtet bronze 10 mm Länge 250 cm für Wand- und Bodenbeläge;;;122558101;Dural GmbH;10000;15,88;;DISCOUNT_PCT;50;;DISCOUNT_PCT;40;;;;;;;;;;020.040.1450;;;;;;;;;;;;;;;;;;;;;;;ja;;;;;;;;;;;;;;;;;;ja;;;;;ja
Aussenecke für Diamond-Cut Abschlussprofil Aluminium pulverbeschichtet bronze 10 mm Blister 2 Stück;;;122558102;Dural GmbH;10000;7,2;;DISCOUNT_PCT;50;;DISCOUNT_PCT;40;;;;;;;;;;020.040.1460;;;;;;;;;;;;;;;;;;;;;;;ja;;;;;;;;;;;;;;;;;;ja;;;;;ja
Innenecke für Diamond-Cut Abschlussprofil Aluminium pulverbeschichtet bronze 10 mm Blister 2 Stück;;;122558104;Dural GmbH;10000;7,2;;DISCOUNT_PCT;50;;DISCOUNT_PCT;40;;;;;;;;;;020.040.1470;;;;;;;;;;;;;;;;;;;;;;;ja;;;;;;;;;;;;;;;;;;ja;;;;;ja
Diamond-Cut Abschlussprofil Aluminium pulverbeschichtet bronze 11 mm Länge 250 cm für Wand- und Bodenbeläge;;;122558111;Dural GmbH;10000;16,78;;DISCOUNT_PCT;50;;DISCOUNT_PCT;40;;;;;;;;;;020.040.1480;;;;;;;;;;;;;;;;;;;;;;;ja;;;;;;;;;;;;;;;;;;ja;;;;;ja
Aussenecke für Diamond-Cut Abschlussprofil Aluminium pulverbeschichtet bronze 11 mm Blister 2 Stück;;;122558112;Dural GmbH;10000;7,2;;DISCOUNT_PCT;50;;DISCOUNT_PCT;40;;;;;;;;;;020.040.1490;;;;;;;;;;;;;;;;;;;;;;;ja;;;;;;;;;;;;;;;;;;ja;;;;;ja
Innenecke für Diamond-Cut Abschlussprofil Aluminium pulverbeschichtet bronze 11 mm Blister 2 Stück;;;122558114;Dural GmbH;10000;7,2;;DISCOUNT_PCT;50;;DISCOUNT_PCT;40;;;;;;;;;;020.040.1500;;;;;;;;;;;;;;;;;;;;;;;ja;;;;;;;;;;;;;;;;;;ja;;;;;ja
Diamond-Cut Abschlussprofil Aluminium pulverbeschichtet graphit 8 mm Länge 250 cm für Wand- und Bodenbeläge;;;122568081;Dural GmbH;10000;14,28;;DISCOUNT_PCT;50;;DISCOUNT_PCT;40;;;;;;;;;;020.040.1510;;;;;;;;;;;;;;;;;;;;;;;ja;;;;;;;;;;;;;;;;;;ja;;;;;ja
Aussenecke für Diamond-Cut Abschlussprofil Aluminium pulverbeschichtet graphit 8 mm Blister 2 Stück;;;122568082;Dural GmbH;10000;7,2;;DISCOUNT_PCT;50;;DISCOUNT_PCT;40;;;;;;;;;;020.040.1520;;;;;;;;;;;;;;;;;;;;;;;ja;;;;;;;;;;;;;;;;;;ja;;;;;ja
Innenecke für Diamond-Cut Abschlussprofil Aluminium pulverbeschichtet graphit 8 mm Blister 2 Stück;;;122568084;Dural GmbH;10000;7,2;;DISCOUNT_PCT;50;;DISCOUNT_PCT;40;;;;;;;;;;020.040.1530;;;;;;;;;;;;;;;;;;;;;;;ja;;;;;;;;;;;;;;;;;;ja;;;;;ja
Diamond-Cut Abschlussprofil Aluminium pulverbeschichtet graphit 10 mm Länge 250 cm für Wand- und Bodenbeläge;;;122568101;Dural GmbH;10000;15,88;;DISCOUNT_PCT;50;;DISCOUNT_PCT;40;;;;;;;;;;020.040.1540;;;;;;;;;;;;;;;;;;;;;;;ja;;;;;;;;;;;;;;;;;;ja;;;;;ja
Aussenecke für Diamond-Cut Abschlussprofil Aluminium pulverbeschichtet graphit 10 mm Blister 2 Stück;;;122568102;Dural GmbH;10000;7,2;;DISCOUNT_PCT;50;;DISCOUNT_PCT;40;;;;;;;;;;020.040.1550;;;;;;;;;;;;;;;;;;;;;;;ja;;;;;;;;;;;;;;;;;;ja;;;;;ja
Innenecke für Diamond-Cut Abschlussprofil Aluminium pulverbeschichtet graphit 10 mm Blister 2 Stück;;;122568104;Dural GmbH;10000;7,2;;DISCOUNT_PCT;50;;DISCOUNT_PCT;40;;;;;;;;;;020.040.1560;;;;;;;;;;;;;;;;;;;;;;;ja;;;;;;;;;;;;;;;;;;ja;;;;;ja
Diamond-Cut Abschlussprofil Aluminium pulverbeschichtet graphit 11 mm Länge 250 cm für Wand- und Bodenbeläge;;;122568111;Dural GmbH;10000;16,78;;DISCOUNT_PCT;50;;DISCOUNT_PCT;40;;;;;;;;;;020.040.1570;;;;;;;;;;;;;;;;;;;;;;;ja;;;;;;;;;;;;;;;;;;ja;;;;;ja
Aussenecke für Diamond-Cut Abschlussprofil Aluminium pulverbeschichtet graphit 11 mm Blister 2 Stück;;;122568112;Dural GmbH;10000;7,2;;DISCOUNT_PCT;50;;DISCOUNT_PCT;40;;;;;;;;;;020.040.1580;;;;;;;;;;;;;;;;;;;;;;;ja;;;;;;;;;;;;;;;;;;ja;;;;;ja
Innenecke für Diamond-Cut Abschlussprofil Aluminium pulverbeschichtet graphit 11 mm Blister 2 Stück;;;122568114;Dural GmbH;10000;7,2;;DISCOUNT_PCT;50;;DISCOUNT_PCT;40;;;;;;;;;;020.040.1590;;;;;;;;;;;;;;;;;;;;;;;ja;;;;;;;;;;;;;;;;;;ja;;;;;ja
Diamond-Cut Abschlussprofil Aluminium strukturbeschichtet gelboliv (RAL 6014) 8 mm Länge 250 cm für Wand- und Bodenbeläge;;;12260148081;Dural GmbH;10000;17,86;;DISCOUNT_PCT;50;;DISCOUNT_PCT;40;;;;;;;;;;020.040.1600;;;;;;;;;;;;;;;;;;;;;;;ja;;;;;;;;;;;;;;;;;;ja;;;;;ja
Aussenecke für Diamond-Cut Abschlussprofil Aluminium strukturbeschichtet gelboliv (RAL 6014) 8 mm Blister 2 Stück;;;12260148082;Dural GmbH;10000;8,22;;DISCOUNT_PCT;50;;DISCOUNT_PCT;40;;;;;;;;;;020.040.1610;;;;;;;;;;;;;;;;;;;;;;;ja;;;;;;;;;;;;;;;;;;ja;;;;;ja
Innenecke für Diamond-Cut Abschlussprofil Aluminium strukturbeschichtet gelboliv (RAL 6014) 8 mm Blister 2 Stück;;;12260148084;Dural GmbH;10000;8,22;;DISCOUNT_PCT;50;;DISCOUNT_PCT;40;;;;;;;;;;020.040.1620;;;;;;;;;;;;;;;;;;;;;;;ja;;;;;;;;;;;;;;;;;;ja;;;;;ja
Diamond-Cut Abschlussprofil Aluminium strukturbeschichtet gelboliv (RAL 6014) 10 mm Länge 250 cm für Wand- und Bodenbeläge;;;12260148101;Dural GmbH;10000;19,78;;DISCOUNT_PCT;50;;DISCOUNT_PCT;40;;;;;;;;;;020.040.1630;;;;;;;;;;;;;;;;;;;;;;;ja;;;;;;;;;;;;;;;;;;ja;;;;;ja
Aussenecke für Diamond-Cut Abschlussprofil Aluminium strukturbeschichtet gelboliv (RAL 6014) 10 mm Blister 2 Stück;;;12260148102;Dural GmbH;10000;8,22;;DISCOUNT_PCT;50;;DISCOUNT_PCT;40;;;;;;;;;;020.040.1640;;;;;;;;;;;;;;;;;;;;;;;ja;;;;;;;;;;;;;;;;;;ja;;;;;ja
Innenecke für Diamond-Cut Abschlussprofil Aluminium strukturbeschichtet gelboliv (RAL 6014) 10 mm Blister 2 Stück;;;12260148104;Dural GmbH;10000;8,22;;DISCOUNT_PCT;50;;DISCOUNT_PCT;40;;;;;;;;;;020.040.1650;;;;;;;;;;;;;;;;;;;;;;;ja;;;;;;;;;;;;;;;;;;ja;;;;;ja
Diamond-Cut Abschlussprofil Aluminium strukturbeschichtet gelboliv (RAL 6014) 11 mm Länge 250 cm für Wand- und Bodenbeläge;;;12260148111;Dural GmbH;10000;20,98;;DISCOUNT_PCT;50;;DISCOUNT_PCT;40;;;;;;;;;;020.040.1660;;;;;;;;;;;;;;;;;;;;;;;ja;;;;;;;;;;;;;;;;;;ja;;;;;ja
Aussenecke für Diamond-Cut Abschlussprofil Aluminium strukturbeschichtet gelboliv (RAL 6014) 11 mm Blister 2 Stück;;;12260148112;Dural GmbH;10000;8,22;;DISCOUNT_PCT;50;;DISCOUNT_PCT;40;;;;;;;;;;020.040.1670;;;;;;;;;;;;;;;;;;;;;;;ja;;;;;;;;;;;;;;;;;;ja;;;;;ja
Innenecke für Diamond-Cut Abschlussprofil Aluminium strukturbeschichtet gelboliv (RAL 6014) 11 mm Blister 2 Stück;;;12260148114;Dural GmbH;10000;8,22;;DISCOUNT_PCT;50;;DISCOUNT_PCT;40;;;;;;;;;;020.040.1680;;;;;;;;;;;;;;;;;;;;;;;ja;;;;;;;;;;;;;;;;;;ja;;;;;ja
Diamond-Cut Abschlussprofil Aluminium pulverbeschichtet betongrau (RAL 0006500) 8 mm Länge 250 cm für Wand- und Bodenbeläge;;;122658081;Dural GmbH;10000;14,28;;DISCOUNT_PCT;50;;DISCOUNT_PCT;40;;;;;;;;;;020.040.1690;;;;;;;;;;;;;;;;;;;;;;;ja;;;;;;;;;;;;;;;;;;ja;;;;;ja
Aussenecke für Diamond-Cut Abschlussprofil Aluminium pulverbeschichtet betongrau (RAL 0006500) 8 mm Blister 2 Stück;;;122658082;Dural GmbH;10000;7,2;;DISCOUNT_PCT;50;;DISCOUNT_PCT;40;;;;;;;;;;020.040.1700;;;;;;;;;;;;;;;;;;;;;;;ja;;;;;;;;;;;;;;;;;;ja;;;;;ja
Innenecke für Diamond-Cut Abschlussprofil Aluminium pulverbeschichtet betongrau (RAL 0006500) 8 mm Blister 2 Stück;;;122658084;Dural GmbH;10000;7,2;;DISCOUNT_PCT;50;;DISCOUNT_PCT;40;;;;;;;;;;020.040.1710;;;;;;;;;;;;;;;;;;;;;;;ja;;;;;;;;;;;;;;;;;;ja;;;;;ja
Diamond-Cut Abschlussprofil Aluminium strukturbeschichtet moosgrau (RAL 7003) 8 mm Länge 250 cm für Wand- und Bodenbeläge;;;12270038081;Dural GmbH;10000;17,86;;DISCOUNT_PCT;50;;DISCOUNT_PCT;40;;;;;;;;;;020.040.1720;;;;;;;;;;;;;;;;;;;;;;;ja;;;;;;;;;;;;;;;;;;ja;;;;;ja
Aussenecke für Diamond-Cut Abschlussprofil Aluminium strukturbeschichtet moosgrau (RAL 7003) 8 mm Blister 2 Stück;;;12270038082;Dural GmbH;10000;8,22;;DISCOUNT_PCT;50;;DISCOUNT_PCT;40;;;;;;;;;;020.040.1730;;;;;;;;;;;;;;;;;;;;;;;ja;;;;;;;;;;;;;;;;;;ja;;;;;ja
Innenecke für Diamond-Cut Abschlussprofil Aluminium strukturbeschichtet moosgrau (RAL 7003) 8 mm Blister 2 Stück;;;12270038084;Dural GmbH;10000;8,22;;DISCOUNT_PCT;50;;DISCOUNT_PCT;40;;;;;;;;;;020.040.1740;;;;;;;;;;;;;;;;;;;;;;;ja;;;;;;;;;;;;;;;;;;ja;;;;;ja
Diamond-Cut Abschlussprofil Aluminium strukturbeschichtet moosgrau (RAL 7003) 10 mm Länge 250 cm für Wand- und Bodenbeläge;;;12270038101;Dural GmbH;10000;19,78;;DISCOUNT_PCT;50;;DISCOUNT_PCT;40;;;;;;;;;;020.040.1750;;;;;;;;;;;;;;;;;;;;;;;ja;;;;;;;;;;;;;;;;;;ja;;;;;ja
Aussenecke für Diamond-Cut Abschlussprofil Aluminium strukturbeschichtet moosgrau (RAL 7003) 10 mm Blister 2 Stück;;;12270038102;Dural GmbH;10000;8,22;;DISCOUNT_PCT;50;;DISCOUNT_PCT;40;;;;;;;;;;020.040.1760;;;;;;;;;;;;;;;;;;;;;;;ja;;;;;;;;;;;;;;;;;;ja;;;;;ja
Innenecke für Diamond-Cut Abschlussprofil Aluminium strukturbeschichtet moosgrau (RAL 7003) 10 mm Blister 2 Stück;;;12270038104;Dural GmbH;10000;8,22;;DISCOUNT_PCT;50;;DISCOUNT_PCT;40;;;;;;;;;;020.040.1770;;;;;;;;;;;;;;;;;;;;;;;ja;;;;;;;;;;;;;;;;;;ja;;;;;ja
Diamond-Cut Abschlussprofil Aluminium strukturbeschichtet moosgrau (RAL 7003) 11 mm Länge 250 cm für Wand- und Bodenbeläge;;;12270038111;Dural GmbH;10000;20,98;;DISCOUNT_PCT;50;;DISCOUNT_PCT;40;;;;;;;;;;020.040.1780;;;;;;;;;;;;;;;;;;;;;;;ja;;;;;;;;;;;;;;;;;;ja;;;;;ja
Aussenecke für Diamond-Cut Abschlussprofil Aluminium strukturbeschichtet moosgrau (RAL 7003) 11 mm Blister 2 Stück;;;12270038112;Dural GmbH;10000;8,22;;DISCOUNT_PCT;50;;DISCOUNT_PCT;40;;;;;;;;;;020.040.1790;;;;;;;;;;;;;;;;;;;;;;;ja;;;;;;;;;;;;;;;;;;ja;;;;;ja
Innenecke für Diamond-Cut Abschlussprofil Aluminium strukturbeschichtet moosgrau (RAL 7003) 11 mm Blister 2 Stück;;;12270038114;Dural GmbH;10000;8,22;;DISCOUNT_PCT;50;;DISCOUNT_PCT;40;;;;;;;;;;020.040.1800;;;;;;;;;;;;;;;;;;;;;;;ja;;;;;;;;;;;;;;;;;;ja;;;;;ja
Diamond-Cut Abschlussprofil Aluminium strukturbeschichtet beigegrau (RAL 7006) 8 mm Länge 250 cm für Wand- und Bodenbeläge;;;12270068081;Dural GmbH;10000;17,86;;DISCOUNT_PCT;50;;DISCOUNT_PCT;40;;;;;;;;;;020.040.1810;;;;;;;;;;;;;;;;;;;;;;;ja;;;;;;;;;;;;;;;;;;ja;;;;;ja
Aussenecke für Diamond-Cut Abschlussprofil Aluminium strukturbeschichtet beigegrau (RAL 7006) 8 mm Blister 2 Stück;;;12270068082;Dural GmbH;10000;8,22;;DISCOUNT_PCT;50;;DISCOUNT_PCT;40;;;;;;;;;;020.040.1820;;;;;;;;;;;;;;;;;;;;;;;ja;;;;;;;;;;;;;;;;;;ja;;;;;ja
Innenecke für Diamond-Cut Abschlussprofil Aluminium strukturbeschichtet beigegrau (RAL 7006) 8 mm Blister 2 Stück;;;12270068084;Dural GmbH;10000;8,22;;DISCOUNT_PCT;50;;DISCOUNT_PCT;40;;;;;;;;;;020.040.1830;;;;;;;;;;;;;;;;;;;;;;;ja;;;;;;;;;;;;;;;;;;ja;;;;;ja
Diamond-Cut Abschlussprofil Aluminium strukturbeschichtet beigegrau (RAL 7006) 10 mm Länge 250 cm für Wand- und Bodenbeläge;;;12270068101;Dural GmbH;10000;19,78;;DISCOUNT_PCT;50;;DISCOUNT_PCT;40;;;;;;;;;;020.040.1840;;;;;;;;;;;;;;;;;;;;;;;ja;;;;;;;;;;;;;;;;;;ja;;;;;ja
Aussenecke für Diamond-Cut Abschlussprofil Aluminium strukturbeschichtet beigegrau (RAL 7006) 10 mm Blister 2 Stück;;;12270068102;Dural GmbH;10000;8,22;;DISCOUNT_PCT;50;;DISCOUNT_PCT;40;;;;;;;;;;020.040.1850;;;;;;;;;;;;;;;;;;;;;;;ja;;;;;;;;;;;;;;;;;;ja;;;;;ja
Innenecke für Diamond-Cut Abschlussprofil Aluminium strukturbeschichtet beigegrau (RAL 7006) 10 mm Blister 2 Stück;;;12270068104;Dural GmbH;10000;8,22;;DISCOUNT_PCT;50;;DISCOUNT_PCT;40;;;;;;;;;;020.040.1860;;;;;;;;;;;;;;;;;;;;;;;ja;;;;;;;;;;;;;;;;;;ja;;;;;ja
Diamond-Cut Abschlussprofil Aluminium strukturbeschichtet beigegrau (RAL 7006) 11 mm Länge 250 cm für Wand- und Bodenbeläge;;;12270068111;Dural GmbH;10000;20,98;;DISCOUNT_PCT;50;;DISCOUNT_PCT;40;;;;;;;;;;020.040.1870;;;;;;;;;;;;;;;;;;;;;;;ja;;;;;;;;;;;;;;;;;;ja;;;;;ja
Aussenecke für Diamond-Cut Abschlussprofil Aluminium strukturbeschichtet beigegrau (RAL 7006) 11 mm Blister 2 Stück;;;12270068112;Dural GmbH;10000;8,22;;DISCOUNT_PCT;50;;DISCOUNT_PCT;40;;;;;;;;;;020.040.1880;;;;;;;;;;;;;;;;;;;;;;;ja;;;;;;;;;;;;;;;;;;ja;;;;;ja
Innenecke für Diamond-Cut Abschlussprofil Aluminium strukturbeschichtet beigegrau (RAL 7006) 11 mm Blister 2 Stück;;;12270068114;Dural GmbH;10000;8,22;;DISCOUNT_PCT;50;;DISCOUNT_PCT;40;;;;;;;;;;020.040.1890;;;;;;;;;;;;;;;;;;;;;;;ja;;;;;;;;;;;;;;;;;;ja;;;;;ja
Diamond-Cut Abschlussprofil Aluminium pulverbeschichtet eisengrau matt (RAL 7011) 8 mm Länge 250 cm für Wand- und Bodenbeläge;;;12270118081;Dural GmbH;10000;14,28;;DISCOUNT_PCT;50;;DISCOUNT_PCT;40;;;;;;;;;;020.040.1900;;;;;;;;;;;;;;;;;;;;;;;ja;;;;;;;;;;;;;;;;;;ja;;;;;ja
Aussenecke für Diamond-Cut Abschlussprofil Aluminium pulverbeschichtet eisengrau matt (RAL 7011) 8 mm Blister 2 Stück;;;12270118082;Dural GmbH;10000;7,2;;DISCOUNT_PCT;50;;DISCOUNT_PCT;40;;;;;;;;;;020.040.1910;;;;;;;;;;;;;;;;;;;;;;;ja;;;;;;;;;;;;;;;;;;ja;;;;;ja
Innenecke für Diamond-Cut Abschlussprofil Aluminium pulverbeschichtet eisengrau matt (RAL 7011) 8 mm Blister 2 Stück;;;12270118084;Dural GmbH;10000;7,2;;DISCOUNT_PCT;50;;DISCOUNT_PCT;40;;;;;;;;;;020.040.1920;;;;;;;;;;;;;;;;;;;;;;;ja;;;;;;;;;;;;;;;;;;ja;;;;;ja
Diamond-Cut Abschlussprofil Aluminium pulverbeschichtet eisengrau matt (RAL 7011) 10 mm Länge 250 cm für Wand- und Bodenbeläge;;;12270118101;Dural GmbH;10000;15,88;;DISCOUNT_PCT;50;;DISCOUNT_PCT;40;;;;;;;;;;020.040.1930;;;;;;;;;;;;;;;;;;;;;;;ja;;;;;;;;;;;;;;;;;;ja;;;;;ja
Aussenecke für Diamond-Cut Abschlussprofil Aluminium pulverbeschichtet eisengrau matt (RAL 7011) 10 mm Blister 2 Stück;;;12270118102;Dural GmbH;10000;7,2;;DISCOUNT_PCT;50;;DISCOUNT_PCT;40;;;;;;;;;;020.040.1940;;;;;;;;;;;;;;;;;;;;;;;ja;;;;;;;;;;;;;;;;;;ja;;;;;ja
Innenecke für Diamond-Cut Abschlussprofil Aluminium pulverbeschichtet eisengrau matt (RAL 7011) 10 mm Blister 2 Stück;;;12270118104;Dural GmbH;10000;7,2;;DISCOUNT_PCT;50;;DISCOUNT_PCT;40;;;;;;;;;;020.040.1950;;;;;;;;;;;;;;;;;;;;;;;ja;;;;;;;;;;;;;;;;;;ja;;;;;ja
Diamond-Cut Abschlussprofil Aluminium pulverbeschichtet eisengrau matt (RAL 7011) 11 mm Länge 250 cm für Wand- und Bodenbeläge;;;12270118111;Dural GmbH;10000;16,78;;DISCOUNT_PCT;50;;DISCOUNT_PCT;40;;;;;;;;;;020.040.1960;;;;;;;;;;;;;;;;;;;;;;;ja;;;;;;;;;;;;;;;;;;ja;;;;;ja
Aussenecke für Diamond-Cut Abschlussprofil Aluminium pulverbeschichtet eisengrau matt (RAL 7011) 11 mm Blister 2 Stück;;;12270118112;Dural GmbH;10000;7,2;;DISCOUNT_PCT;50;;DISCOUNT_PCT;40;;;;;;;;;;020.040.1970;;;;;;;;;;;;;;;;;;;;;;;ja;;;;;;;;;;;;;;;;;;ja;;;;;ja
Innenecke für Diamond-Cut Abschlussprofil Aluminium pulverbeschichtet eisengrau matt (RAL 7011) 11 mm Blister 2 Stück;;;12270118114;Dural GmbH;10000;7,2;;DISCOUNT_PCT;50;;DISCOUNT_PCT;40;;;;;;;;;;020.040.1980;;;;;;;;;;;;;;;;;;;;;;;ja;;;;;;;;;;;;;;;;;;ja;;;;;ja
Diamond-Cut Abschlussprofil Aluminium pulverbeschichtet basaltgrau matt (RAL 7012) 8 mm Länge 250 cm für Wand- und Bodenbeläge;;;12270128081;Dural GmbH;10000;14,28;;DISCOUNT_PCT;50;;DISCOUNT_PCT;40;;;;;;;;;;020.040.1990;;;;;;;;;;;;;;;;;;;;;;;ja;;;;;;;;;;;;;;;;;;ja;;;;;ja
Aussenecke für Diamond-Cut Abschlussprofil Aluminium pulverbeschichtet basaltgrau matt (RAL 7012) 8 mm Blister 2 Stück;;;12270128082;Dural GmbH;10000;7,2;;DISCOUNT_PCT;50;;DISCOUNT_PCT;40;;;;;;;;;;020.040.2000;;;;;;;;;;;;;;;;;;;;;;;ja;;;;;;;;;;;;;;;;;;ja;;;;;ja
Innenecke für Diamond-Cut Abschlussprofil Aluminium pulverbeschichtet basaltgrau matt (RAL 7012) 8 mm Blister 2 Stück;;;12270128084;Dural GmbH;10000;7,2;;DISCOUNT_PCT;50;;DISCOUNT_PCT;40;;;;;;;;;;020.040.2010;;;;;;;;;;;;;;;;;;;;;;;ja;;;;;;;;;;;;;;;;;;ja;;;;;ja
Diamond-Cut Abschlussprofil Aluminium pulverbeschichtet basaltgrau matt (RAL 7012) 10 mm Länge 250 cm für Wand- und Bodenbeläge;;;12270128101;Dural GmbH;10000;15,88;;DISCOUNT_PCT;50;;DISCOUNT_PCT;40;;;;;;;;;;020.040.2020;;;;;;;;;;;;;;;;;;;;;;;ja;;;;;;;;;;;;;;;;;;ja;;;;;ja
Aussenecke für Diamond-Cut Abschlussprofil Aluminium pulverbeschichtet basaltgrau matt (RAL 7012) 10 mm Blister 2 Stück;;;12270128102;Dural GmbH;10000;7,2;;DISCOUNT_PCT;50;;DISCOUNT_PCT;40;;;;;;;;;;020.040.2030;;;;;;;;;;;;;;;;;;;;;;;ja;;;;;;;;;;;;;;;;;;ja;;;;;ja
Innenecke für Diamond-Cut Abschlussprofil Aluminium pulverbeschichtet basaltgrau matt (RAL 7012) 10 mm Blister 2 Stück;;;12270128104;Dural GmbH;10000;7,2;;DISCOUNT_PCT;50;;DISCOUNT_PCT;40;;;;;;;;;;020.040.2040;;;;;;;;;;;;;;;;;;;;;;;ja;;;;;;;;;;;;;;;;;;ja;;;;;ja
Diamond-Cut Abschlussprofil Aluminium pulverbeschichtet basaltgrau matt (RAL 7012) 11 mm Länge 250 cm für Wand- und Bodenbeläge;;;12270128111;Dural GmbH;10000;16,78;;DISCOUNT_PCT;50;;DISCOUNT_PCT;40;;;;;;;;;;020.040.2050;;;;;;;;;;;;;;;;;;;;;;;ja;;;;;;;;;;;;;;;;;;ja;;;;;ja
Aussenecke für Diamond-Cut Abschlussprofil Aluminium pulverbeschichtet basaltgrau matt (RAL 7012) 11 mm Blister 2 Stück;;;12270128112;Dural GmbH;10000;7,2;;DISCOUNT_PCT;50;;DISCOUNT_PCT;40;;;;;;;;;;020.040.2060;;;;;;;;;;;;;;;;;;;;;;;ja;;;;;;;;;;;;;;;;;;ja;;;;;ja
Innenecke für Diamond-Cut Abschlussprofil Aluminium pulverbeschichtet basaltgrau matt (RAL 7012) 11 mm Blister 2 Stück;;;12270128114;Dural GmbH;10000;7,2;;DISCOUNT_PCT;50;;DISCOUNT_PCT;40;;;;;;;;;;020.040.2070;;;;;;;;;;;;;;;;;;;;;;;ja;;;;;;;;;;;;;;;;;;ja;;;;;ja
Diamond-Cut Abschlussprofil Aluminium strukturbeschichtet braungrau (RAL 7013) 8 mm Länge 250 cm für Wand- und Bodenbeläge;;;12270138081;Dural GmbH;10000;17,86;;DISCOUNT_PCT;50;;DISCOUNT_PCT;40;;;;;;;;;;020.040.2080;;;;;;;;;;;;;;;;;;;;;;;ja;;;;;;;;;;;;;;;;;;ja;;;;;ja
Aussenecke für Diamond-Cut Abschlussprofil Aluminium strukturbeschichtet braungrau (RAL 7013) 8 mm Blister 2 Stück;;;12270138082;Dural GmbH;10000;8,22;;DISCOUNT_PCT;50;;DISCOUNT_PCT;40;;;;;;;;;;020.040.2090;;;;;;;;;;;;;;;;;;;;;;;ja;;;;;;;;;;;;;;;;;;ja;;;;;ja
Innenecke für Diamond-Cut Abschlussprofil Aluminium strukturbeschichtet braungrau (RAL 7013) 8 mm Blister 2 Stück;;;12270138084;Dural GmbH;10000;8,22;;DISCOUNT_PCT;50;;DISCOUNT_PCT;40;;;;;;;;;;020.040.2100;;;;;;;;;;;;;;;;;;;;;;;ja;;;;;;;;;;;;;;;;;;ja;;;;;ja
Diamond-Cut Abschlussprofil Aluminium strukturbeschichtet braungrau (RAL 7013) 10 mm Länge 250 cm für Wand- und Bodenbeläge;;;12270138101;Dural GmbH;10000;19,78;;DISCOUNT_PCT;50;;DISCOUNT_PCT;40;;;;;;;;;;020.040.2110;;;;;;;;;;;;;;;;;;;;;;;ja;;;;;;;;;;;;;;;;;;ja;;;;;ja
Aussenecke für Diamond-Cut Abschlussprofil Aluminium strukturbeschichtet braungrau (RAL 7013) 10 mm Blister 2 Stück;;;12270138102;Dural GmbH;10000;8,22;;DISCOUNT_PCT;50;;DISCOUNT_PCT;40;;;;;;;;;;020.040.2120;;;;;;;;;;;;;;;;;;;;;;;ja;;;;;;;;;;;;;;;;;;ja;;;;;ja
Innenecke für Diamond-Cut Abschlussprofil Aluminium strukturbeschichtet braungrau (RAL 7013) 10 mm Blister 2 Stück;;;12270138104;Dural GmbH;10000;8,22;;DISCOUNT_PCT;50;;DISCOUNT_PCT;40;;;;;;;;;;020.040.2130;;;;;;;;;;;;;;;;;;;;;;;ja;;;;;;;;;;;;;;;;;;ja;;;;;ja
Diamond-Cut Abschlussprofil Aluminium strukturbeschichtet braungrau (RAL 7013) 11 mm Länge 250 cm für Wand- und Bodenbeläge;;;12270138111;Dural GmbH;10000;20,98;;DISCOUNT_PCT;50;;DISCOUNT_PCT;40;;;;;;;;;;020.040.2140;;;;;;;;;;;;;;;;;;;;;;;ja;;;;;;;;;;;;;;;;;;ja;;;;;ja
Aussenecke für Diamond-Cut Abschlussprofil Aluminium strukturbeschichtet braungrau (RAL 7013) 11 mm Blister 2 Stück;;;12270138112;Dural GmbH;10000;8,22;;DISCOUNT_PCT;50;;DISCOUNT_PCT;40;;;;;;;;;;020.040.2150;;;;;;;;;;;;;;;;;;;;;;;ja;;;;;;;;;;;;;;;;;;ja;;;;;ja
Innenecke für Diamond-Cut Abschlussprofil Aluminium strukturbeschichtet braungrau (RAL 7013) 11 mm Blister 2 Stück;;;12270138114;Dural GmbH;10000;8,22;;DISCOUNT_PCT;50;;DISCOUNT_PCT;40;;;;;;;;;;020.040.2160;;;;;;;;;;;;;;;;;;;;;;;ja;;;;;;;;;;;;;;;;;;ja;;;;;ja
Diamond-Cut Abschlussprofil Aluminium pulverbeschichtet anthrazitgrau matt (RAL 7016) 8 mm Länge 250 cm für Wand- und Bodenbeläge;;;12270168081;Dural GmbH;10000;14,28;;DISCOUNT_PCT;50;;DISCOUNT_PCT;40;;;;;;;;;;020.040.2170;;;;;;;;;;;;;;;;;;;;;;;ja;;;;;;;;;;;;;;;;;;ja;;;;;ja
Aussenecke für Diamond-Cut Abschlussprofil Aluminium pulverbeschichtet anthrazitgrau matt (RAL 7016) 8 mm Blister 2 Stück;;;12270168082;Dural GmbH;10000;7,2;;DISCOUNT_PCT;50;;DISCOUNT_PCT;40;;;;;;;;;;020.040.2180;;;;;;;;;;;;;;;;;;;;;;;ja;;;;;;;;;;;;;;;;;;ja;;;;;ja
Innenecke für Diamond-Cut Abschlussprofil Aluminium pulverbeschichtet anthrazitgrau matt (RAL 7016) 8 mm Blister 2 Stück;;;12270168084;Dural GmbH;10000;7,2;;DISCOUNT_PCT;50;;DISCOUNT_PCT;40;;;;;;;;;;020.040.2190;;;;;;;;;;;;;;;;;;;;;;;ja;;;;;;;;;;;;;;;;;;ja;;;;;ja
Diamond-Cut Abschlussprofil Aluminium pulverbeschichtet anthrazitgrau matt (RAL 7016) 10 mm Länge 250 cm für Wand- und Bodenbeläge;;;12270168101;Dural GmbH;10000;15,88;;DISCOUNT_PCT;50;;DISCOUNT_PCT;40;;;;;;;;;;020.040.2200;;;;;;;;;;;;;;;;;;;;;;;ja;;;;;;;;;;;;;;;;;;ja;;;;;ja
Aussenecke für Diamond-Cut Abschlussprofil Aluminium pulverbeschichtet anthrazitgrau matt (RAL 7016) 10 mm Blister 2 Stück;;;12270168102;Dural GmbH;10000;7,2;;DISCOUNT_PCT;50;;DISCOUNT_PCT;40;;;;;;;;;;020.040.2210;;;;;;;;;;;;;;;;;;;;;;;ja;;;;;;;;;;;;;;;;;;ja;;;;;ja
Innenecke für Diamond-Cut Abschlussprofil Aluminium pulverbeschichtet anthrazitgrau matt (RAL 7016) 10 mm Blister 2 Stück;;;12270168104;Dural GmbH;10000;7,2;;DISCOUNT_PCT;50;;DISCOUNT_PCT;40;;;;;;;;;;020.040.2220;;;;;;;;;;;;;;;;;;;;;;;ja;;;;;;;;;;;;;;;;;;ja;;;;;ja
Diamond-Cut Abschlussprofil Aluminium pulverbeschichtet anthrazitgrau matt (RAL 7016) 11 mm Länge 250 cm für Wand- und Bodenbeläge;;;12270168111;Dural GmbH;10000;16,78;;DISCOUNT_PCT;50;;DISCOUNT_PCT;40;;;;;;;;;;020.040.2230;;;;;;;;;;;;;;;;;;;;;;;ja;;;;;;;;;;;;;;;;;;ja;;;;;ja
Aussenecke für Diamond-Cut Abschlussprofil Aluminium pulverbeschichtet anthrazitgrau matt (RAL 7016) 11 mm Blister 2 Stück;;;12270168112;Dural GmbH;10000;7,2;;DISCOUNT_PCT;50;;DISCOUNT_PCT;40;;;;;;;;;;020.040.2240;;;;;;;;;;;;;;;;;;;;;;;ja;;;;;;;;;;;;;;;;;;ja;;;;;ja
Innenecke für Diamond-Cut Abschlussprofil Aluminium pulverbeschichtet anthrazitgrau matt (RAL 7016) 11 mm Blister 2 Stück;;;12270168114;Dural GmbH;10000;7,2;;DISCOUNT_PCT;50;;DISCOUNT_PCT;40;;;;;;;;;;020.040.2250;;;;;;;;;;;;;;;;;;;;;;;ja;;;;;;;;;;;;;;;;;;ja;;;;;ja
Diamond-Cut Abschlussprofil Aluminium pulverbeschichtet schwarzgrau matt (RAL 7021) 8 mm Länge 250 cm für Wand- und Bodenbeläge;;;12270218081;Dural GmbH;10000;14,28;;DISCOUNT_PCT;50;;DISCOUNT_PCT;40;;;;;;;;;;020.040.2260;;;;;;;;;;;;;;;;;;;;;;;ja;;;;;;;;;;;;;;;;;;ja;;;;;ja
Aussenecke für Diamond-Cut Abschlussprofil Aluminium pulverbeschichtet schwarzgrau matt (RAL 7021) 8 mm Blister 2 Stück;;;12270218082;Dural GmbH;10000;7,2;;DISCOUNT_PCT;50;;DISCOUNT_PCT;40;;;;;;;;;;020.040.2270;;;;;;;;;;;;;;;;;;;;;;;ja;;;;;;;;;;;;;;;;;;ja;;;;;ja
Innenecke für Diamond-Cut Abschlussprofil Aluminium pulverbeschichtet schwarzgrau matt (RAL 7021) 8 mm Blister 2 Stück;;;12270218084;Dural GmbH;10000;7,2;;DISCOUNT_PCT;50;;DISCOUNT_PCT;40;;;;;;;;;;020.040.2280;;;;;;;;;;;;;;;;;;;;;;;ja;;;;;;;;;;;;;;;;;;ja;;;;;ja
Diamond-Cut Abschlussprofil Aluminium pulverbeschichtet schwarzgrau matt (RAL 7021) 10 mm Länge 250 cm für Wand- und Bodenbeläge;;;12270218101;Dural GmbH;10000;15,88;;DISCOUNT_PCT;50;;DISCOUNT_PCT;40;;;;;;;;;;020.040.2290;;;;;;;;;;;;;;;;;;;;;;;ja;;;;;;;;;;;;;;;;;;ja;;;;;ja
Aussenecke für Diamond-Cut Abschlussprofil Aluminium pulverbeschichtet schwarzgrau matt (RAL 7021) 10 mm Blister 2 Stück;;;12270218102;Dural GmbH;10000;7,2;;DISCOUNT_PCT;50;;DISCOUNT_PCT;40;;;;;;;;;;020.040.2300;;;;;;;;;;;;;;;;;;;;;;;ja;;;;;;;;;;;;;;;;;;ja;;;;;ja
Innenecke für Diamond-Cut Abschlussprofil Aluminium pulverbeschichtet schwarzgrau matt (RAL 7021) 10 mm Blister 2 Stück;;;12270218104;Dural GmbH;10000;7,2;;DISCOUNT_PCT;50;;DISCOUNT_PCT;40;;;;;;;;;;020.040.2310;;;;;;;;;;;;;;;;;;;;;;;ja;;;;;;;;;;;;;;;;;;ja;;;;;ja
Diamond-Cut Abschlussprofil Aluminium pulverbeschichtet schwarzgrau matt (RAL 7021) 11 mm Länge 250 cm für Wand- und Bodenbeläge;;;12270218111;Dural GmbH;10000;16,78;;DISCOUNT_PCT;50;;DISCOUNT_PCT;40;;;;;;;;;;020.040.2320;;;;;;;;;;;;;;;;;;;;;;;ja;;;;;;;;;;;;;;;;;;ja;;;;;ja
Aussenecke für Diamond-Cut Abschlussprofil Aluminium pulverbeschichtet schwarzgrau matt (RAL 7021) 11 mm Blister 2 Stück;;;12270218112;Dural GmbH;10000;7,2;;DISCOUNT_PCT;50;;DISCOUNT_PCT;40;;;;;;;;;;020.040.2330;;;;;;;;;;;;;;;;;;;;;;;ja;;;;;;;;;;;;;;;;;;ja;;;;;ja
Innenecke für Diamond-Cut Abschlussprofil Aluminium pulverbeschichtet schwarzgrau matt (RAL 7021) 11 mm Blister 2 Stück;;;12270218114;Dural GmbH;10000;7,2;;DISCOUNT_PCT;50;;DISCOUNT_PCT;40;;;;;;;;;;020.040.2340;;;;;;;;;;;;;;;;;;;;;;;ja;;;;;;;;;;;;;;;;;;ja;;;;;ja
Diamond-Cut Abschlussprofil Aluminium pulverbeschichtet staubgrau matt (RAL 7037) 8 mm Länge 250 cm für Wand- und Bodenbeläge;;;12270378081;Dural GmbH;10000;14,28;;DISCOUNT_PCT;50;;DISCOUNT_PCT;40;;;;;;;;;;020.040.2350;;;;;;;;;;;;;;;;;;;;;;;ja;;;;;;;;;;;;;;;;;;ja;;;;;ja
Aussenecke für Diamond-Cut Abschlussprofil Aluminium pulverbeschichtet staubgrau matt (RAL 7037) 8 mm Blister 2 Stück;;;12270378082;Dural GmbH;10000;7,2;;DISCOUNT_PCT;50;;DISCOUNT_PCT;40;;;;;;;;;;020.040.2360;;;;;;;;;;;;;;;;;;;;;;;ja;;;;;;;;;;;;;;;;;;ja;;;;;ja
Innenecke für Diamond-Cut Abschlussprofil Aluminium pulverbeschichtet staubgrau matt (RAL 7037) 8 mm Blister 2 Stück;;;12270378084;Dural GmbH;10000;7,2;;DISCOUNT_PCT;50;;DISCOUNT_PCT;40;;;;;;;;;;020.040.2370;;;;;;;;;;;;;;;;;;;;;;;ja;;;;;;;;;;;;;;;;;;ja;;;;;ja
Diamond-Cut Abschlussprofil Aluminium pulverbeschichtet staubgrau matt (RAL 7037) 10 mm Länge 250 cm für Wand- und Bodenbeläge;;;12270378101;Dural GmbH;10000;15,88;;DISCOUNT_PCT;50;;DISCOUNT_PCT;40;;;;;;;;;;020.040.2380;;;;;;;;;;;;;;;;;;;;;;;ja;;;;;;;;;;;;;;;;;;ja;;;;;ja
Aussenecke für Diamond-Cut Abschlussprofil Aluminium pulverbeschichtet staubgrau matt (RAL 7037) 10 mm Blister 2 Stück;;;12270378102;Dural GmbH;10000;7,2;;DISCOUNT_PCT;50;;DISCOUNT_PCT;40;;;;;;;;;;020.040.2390;;;;;;;;;;;;;;;;;;;;;;;ja;;;;;;;;;;;;;;;;;;ja;;;;;ja
Innenecke für Diamond-Cut Abschlussprofil Aluminium pulverbeschichtet staubgrau matt (RAL 7037) 10 mm Blister 2 Stück;;;12270378104;Dural GmbH;10000;7,2;;DISCOUNT_PCT;50;;DISCOUNT_PCT;40;;;;;;;;;;020.040.2400;;;;;;;;;;;;;;;;;;;;;;;ja;;;;;;;;;;;;;;;;;;ja;;;;;ja
Diamond-Cut Abschlussprofil Aluminium pulverbeschichtet staubgrau matt (RAL 7037) 11 mm Länge 250 cm für Wand- und Bodenbeläge;;;12270378111;Dural GmbH;10000;16,78;;DISCOUNT_PCT;50;;DISCOUNT_PCT;40;;;;;;;;;;020.040.2410;;;;;;;;;;;;;;;;;;;;;;;ja;;;;;;;;;;;;;;;;;;ja;;;;;ja
Aussenecke für Diamond-Cut Abschlussprofil Aluminium pulverbeschichtet staubgrau matt (RAL 7037) 11 mm Blister 2 Stück;;;12270378112;Dural GmbH;10000;7,2;;DISCOUNT_PCT;50;;DISCOUNT_PCT;40;;;;;;;;;;020.040.2420;;;;;;;;;;;;;;;;;;;;;;;ja;;;;;;;;;;;;;;;;;;ja;;;;;ja
Innenecke für Diamond-Cut Abschlussprofil Aluminium pulverbeschichtet staubgrau matt (RAL 7037) 11 mm Blister 2 Stück;;;12270378114;Dural GmbH;10000;7,2;;DISCOUNT_PCT;50;;DISCOUNT_PCT;40;;;;;;;;;;020.040.2430;;;;;;;;;;;;;;;;;;;;;;;ja;;;;;;;;;;;;;;;;;;ja;;;;;ja
Diamond-Cut Abschlussprofil Aluminium pulverbeschichtet achatgrau matt (RAL 7038) 8 mm Länge 250 cm für Wand- und Bodenbeläge;;;12270388081;Dural GmbH;10000;14,28;;DISCOUNT_PCT;50;;DISCOUNT_PCT;40;;;;;;;;;;020.040.2440;;;;;;;;;;;;;;;;;;;;;;;ja;;;;;;;;;;;;;;;;;;ja;;;;;ja
Aussenecke für Diamond-Cut Abschlussprofil Aluminium pulverbeschichtet achatgrau matt (RAL 7038) 8 mm Blister 2 Stück;;;12270388082;Dural GmbH;10000;7,2;;DISCOUNT_PCT;50;;DISCOUNT_PCT;40;;;;;;;;;;020.040.2450;;;;;;;;;;;;;;;;;;;;;;;ja;;;;;;;;;;;;;;;;;;ja;;;;;ja
Innenecke für Diamond-Cut Abschlussprofil Aluminium pulverbeschichtet achatgrau matt (RAL 7038) 8 mm Blister 2 Stück;;;12270388084;Dural GmbH;10000;7,2;;DISCOUNT_PCT;50;;DISCOUNT_PCT;40;;;;;;;;;;020.040.2460;;;;;;;;;;;;;;;;;;;;;;;ja;;;;;;;;;;;;;;;;;;ja;;;;;ja
Diamond-Cut Abschlussprofil Aluminium pulverbeschichtet achatgrau matt (RAL 7038) 10 mm Länge 250 cm für Wand- und Bodenbeläge;;;12270388101;Dural GmbH;10000;15,88;;DISCOUNT_PCT;50;;DISCOUNT_PCT;40;;;;;;;;;;020.040.2470;;;;;;;;;;;;;;;;;;;;;;;ja;;;;;;;;;;;;;;;;;;ja;;;;;ja
Aussenecke für Diamond-Cut Abschlussprofil Aluminium pulverbeschichtet achatgrau matt (RAL 7038) 10 mm Blister 2 Stück;;;12270388102;Dural GmbH;10000;7,2;;DISCOUNT_PCT;50;;DISCOUNT_PCT;40;;;;;;;;;;020.040.2480;;;;;;;;;;;;;;;;;;;;;;;ja;;;;;;;;;;;;;;;;;;ja;;;;;ja
Innenecke für Diamond-Cut Abschlussprofil Aluminium pulverbeschichtet achatgrau matt (RAL 7038) 10 mm Blister 2 Stück;;;12270388104;Dural GmbH;10000;7,2;;DISCOUNT_PCT;50;;DISCOUNT_PCT;40;;;;;;;;;;020.040.2490;;;;;;;;;;;;;;;;;;;;;;;ja;;;;;;;;;;;;;;;;;;ja;;;;;ja
Diamond-Cut Abschlussprofil Aluminium pulverbeschichtet achatgrau matt (RAL 7038) 11 mm Länge 250 cm für Wand- und Bodenbeläge;;;12270388111;Dural GmbH;10000;16,78;;DISCOUNT_PCT;50;;DISCOUNT_PCT;40;;;;;;;;;;020.040.2500;;;;;;;;;;;;;;;;;;;;;;;ja;;;;;;;;;;;;;;;;;;ja;;;;;ja
Aussenecke für Diamond-Cut Abschlussprofil Aluminium pulverbeschichtet achatgrau matt (RAL 7038) 11 mm Blister 2 Stück;;;12270388112;Dural GmbH;10000;7,2;;DISCOUNT_PCT;50;;DISCOUNT_PCT;40;;;;;;;;;;020.040.2510;;;;;;;;;;;;;;;;;;;;;;;ja;;;;;;;;;;;;;;;;;;ja;;;;;ja
Innenecke für Diamond-Cut Abschlussprofil Aluminium pulverbeschichtet achatgrau matt (RAL 7038) 11 mm Blister 2 Stück;;;12270388114;Dural GmbH;10000;7,2;;DISCOUNT_PCT;50;;DISCOUNT_PCT;40;;;;;;;;;;020.040.2520;;;;;;;;;;;;;;;;;;;;;;;ja;;;;;;;;;;;;;;;;;;ja;;;;;ja
Diamond-Cut Abschlussprofil Aluminium pulverbeschichtet verkehrsgrau A matt (RAL 7042) 8 mm Länge 250 cm für Wand- und Bodenbeläge;;;12270428081;Dural GmbH;10000;14,28;;DISCOUNT_PCT;50;;DISCOUNT_PCT;40;;;;;;;;;;020.040.2530;;;;;;;;;;;;;;;;;;;;;;;ja;;;;;;;;;;;;;;;;;;ja;;;;;ja
Aussenecke für Diamond-Cut Abschlussprofil Aluminium pulverbeschichtet verkehrsgrau A matt (RAL 7042) 8 mm Blister 2 Stück;;;12270428082;Dural GmbH;10000;7,2;;DISCOUNT_PCT;50;;DISCOUNT_PCT;40;;;;;;;;;;020.040.2540;;;;;;;;;;;;;;;;;;;;;;;ja;;;;;;;;;;;;;;;;;;ja;;;;;ja
Innenecke für Diamond-Cut Abschlussprofil Aluminium pulverbeschichtet verkehrsgrau A matt (RAL 7042) 8 mm Blister 2 Stück;;;12270428084;Dural GmbH;10000;7,2;;DISCOUNT_PCT;50;;DISCOUNT_PCT;40;;;;;;;;;;020.040.2550;;;;;;;;;;;;;;;;;;;;;;;ja;;;;;;;;;;;;;;;;;;ja;;;;;ja
Diamond-Cut Abschlussprofil Aluminium pulverbeschichtet verkehrsgrau A matt (RAL 7042) 10 mm Länge 250 cm für Wand- und Bodenbeläge;;;12270428101;Dural GmbH;10000;15,88;;DISCOUNT_PCT;50;;DISCOUNT_PCT;40;;;;;;;;;;020.040.2560;;;;;;;;;;;;;;;;;;;;;;;ja;;;;;;;;;;;;;;;;;;ja;;;;;ja
Aussenecke für Diamond-Cut Abschlussprofil Aluminium pulverbeschichtet verkehrsgrau A matt (RAL 7042) 10 mm Blister 2 Stück;;;12270428102;Dural GmbH;10000;7,2;;DISCOUNT_PCT;50;;DISCOUNT_PCT;40;;;;;;;;;;020.040.2570;;;;;;;;;;;;;;;;;;;;;;;ja;;;;;;;;;;;;;;;;;;ja;;;;;ja
Innenecke für Diamond-Cut Abschlussprofil Aluminium pulverbeschichtet verkehrsgrau A matt (RAL 7042) 10 mm Blister 2 Stück;;;12270428104;Dural GmbH;10000;7,2;;DISCOUNT_PCT;50;;DISCOUNT_PCT;40;;;;;;;;;;020.040.2580;;;;;;;;;;;;;;;;;;;;;;;ja;;;;;;;;;;;;;;;;;;ja;;;;;ja
Diamond-Cut Abschlussprofil Aluminium pulverbeschichtet verkehrsgrau A matt (RAL 7042) 11 mm Länge 250 cm für Wand- und Bodenbeläge;;;12270428111;Dural GmbH;10000;16,78;;DISCOUNT_PCT;50;;DISCOUNT_PCT;40;;;;;;;;;;020.040.2590;;;;;;;;;;;;;;;;;;;;;;;ja;;;;;;;;;;;;;;;;;;ja;;;;;ja
Aussenecke für Diamond-Cut Abschlussprofil Aluminium pulverbeschichtet verkehrsgrau A matt (RAL 7042) 11 mm Blister 2 Stück;;;12270428112;Dural GmbH;10000;7,2;;DISCOUNT_PCT;50;;DISCOUNT_PCT;40;;;;;;;;;;020.040.2600;;;;;;;;;;;;;;;;;;;;;;;ja;;;;;;;;;;;;;;;;;;ja;;;;;ja
Innenecke für Diamond-Cut Abschlussprofil Aluminium pulverbeschichtet verkehrsgrau A matt (RAL 7042) 11 mm Blister 2 Stück;;;12270428114;Dural GmbH;10000;7,2;;DISCOUNT_PCT;50;;DISCOUNT_PCT;40;;;;;;;;;;020.040.2610;;;;;;;;;;;;;;;;;;;;;;;ja;;;;;;;;;;;;;;;;;;ja;;;;;ja
Diamond-Cut Abschlussprofil Aluminium pulverbeschichtet telegrau 2 matt (RAL 7046) 8 mm Länge 250 cm für Wand- und Bodenbeläge;;;12270468081;Dural GmbH;10000;14,28;;DISCOUNT_PCT;50;;DISCOUNT_PCT;40;;;;;;;;;;020.040.2620;;;;;;;;;;;;;;;;;;;;;;;ja;;;;;;;;;;;;;;;;;;ja;;;;;ja
Aussenecke für Diamond-Cut Abschlussprofil Aluminium pulverbeschichtet telegrau 2 matt (RAL 7046) 8 mm Blister 2 Stück;;;12270468082;Dural GmbH;10000;7,2;;DISCOUNT_PCT;50;;DISCOUNT_PCT;40;;;;;;;;;;020.040.2630;;;;;;;;;;;;;;;;;;;;;;;ja;;;;;;;;;;;;;;;;;;ja;;;;;ja
Innenecke für Diamond-Cut Abschlussprofil Aluminium pulverbeschichtet telegrau 2 matt (RAL 7046) 8 mm Blister 2 Stück;;;12270468084;Dural GmbH;10000;7,2;;DISCOUNT_PCT;50;;DISCOUNT_PCT;40;;;;;;;;;;020.040.2640;;;;;;;;;;;;;;;;;;;;;;;ja;;;;;;;;;;;;;;;;;;ja;;;;;ja
Diamond-Cut Abschlussprofil Aluminium pulverbeschichtet telegrau 2 matt (RAL 7046) 10 mm Länge 250 cm für Wand- und Bodenbeläge;;;12270468101;Dural GmbH;10000;15,88;;DISCOUNT_PCT;50;;DISCOUNT_PCT;40;;;;;;;;;;020.040.2650;;;;;;;;;;;;;;;;;;;;;;;ja;;;;;;;;;;;;;;;;;;ja;;;;;ja
Aussenecke für Diamond-Cut Abschlussprofil Aluminium pulverbeschichtet telegrau 2 matt (RAL 7046) 10 mm Blister 2 Stück;;;12270468102;Dural GmbH;10000;7,2;;DISCOUNT_PCT;50;;DISCOUNT_PCT;40;;;;;;;;;;020.040.2660;;;;;;;;;;;;;;;;;;;;;;;ja;;;;;;;;;;;;;;;;;;ja;;;;;ja
Innenecke für Diamond-Cut Abschlussprofil Aluminium pulverbeschichtet telegrau 2 matt (RAL 7046) 10 mm Blister 2 Stück;;;12270468104;Dural GmbH;10000;7,2;;DISCOUNT_PCT;50;;DISCOUNT_PCT;40;;;;;;;;;;020.040.2670;;;;;;;;;;;;;;;;;;;;;;;ja;;;;;;;;;;;;;;;;;;ja;;;;;ja
Diamond-Cut Abschlussprofil Aluminium pulverbeschichtet telegrau 2 matt (RAL 7046) 11 mm Länge 250 cm für Wand- und Bodenbeläge;;;12270468111;Dural GmbH;10000;16,78;;DISCOUNT_PCT;50;;DISCOUNT_PCT;40;;;;;;;;;;020.040.2680;;;;;;;;;;;;;;;;;;;;;;;ja;;;;;;;;;;;;;;;;;;ja;;;;;ja
Aussenecke für Diamond-Cut Abschlussprofil Aluminium pulverbeschichtet telegrau 2 matt (RAL 7046) 11 mm Blister 2 Stück;;;12270468112;Dural GmbH;10000;7,2;;DISCOUNT_PCT;50;;DISCOUNT_PCT;40;;;;;;;;;;020.040.2690;;;;;;;;;;;;;;;;;;;;;;;ja;;;;;;;;;;;;;;;;;;ja;;;;;ja
Innenecke für Diamond-Cut Abschlussprofil Aluminium pulverbeschichtet telegrau 2 matt (RAL 7046) 11 mm Blister 2 Stück;;;12270468114;Dural GmbH;10000;7,2;;DISCOUNT_PCT;50;;DISCOUNT_PCT;40;;;;;;;;;;020.040.2700;;;;;;;;;;;;;;;;;;;;;;;ja;;;;;;;;;;;;;;;;;;ja;;;;;ja
Diamond-Cut Abschlussprofil Aluminium strukturbeschichtet graubraun (RAL 8019) 8 mm Länge 250 cm für Wand- und Bodenbeläge;;;12280198081;Dural GmbH;10000;17,86;;DISCOUNT_PCT;50;;DISCOUNT_PCT;40;;;;;;;;;;020.040.2710;;;;;;;;;;;;;;;;;;;;;;;ja;;;;;;;;;;;;;;;;;;ja;;;;;ja
Aussenecke für Diamond-Cut Abschlussprofil Aluminium strukturbeschichtet graubraun (RAL 8019) 8 mm Blister 2 Stück;;;12280198082;Dural GmbH;10000;8,22;;DISCOUNT_PCT;50;;DISCOUNT_PCT;40;;;;;;;;;;020.040.2720;;;;;;;;;;;;;;;;;;;;;;;ja;;;;;;;;;;;;;;;;;;ja;;;;;ja
Innenecke für Diamond-Cut Abschlussprofil Aluminium strukturbeschichtet graubraun (RAL 8019) 8 mm Blister 2 Stück;;;12280198084;Dural GmbH;10000;8,22;;DISCOUNT_PCT;50;;DISCOUNT_PCT;40;;;;;;;;;;020.040.2730;;;;;;;;;;;;;;;;;;;;;;;ja;;;;;;;;;;;;;;;;;;ja;;;;;ja
Diamond-Cut Abschlussprofil Aluminium strukturbeschichtet graubraun (RAL 8019) 10 mm Länge 250 cm für Wand- und Bodenbeläge;;;12280198101;Dural GmbH;10000;19,78;;DISCOUNT_PCT;50;;DISCOUNT_PCT;40;;;;;;;;;;020.040.2740;;;;;;;;;;;;;;;;;;;;;;;ja;;;;;;;;;;;;;;;;;;ja;;;;;ja
Aussenecke für Diamond-Cut Abschlussprofil Aluminium strukturbeschichtet graubraun (RAL 8019) 10 mm Blister 2 Stück;;;12280198102;Dural GmbH;10000;8,22;;DISCOUNT_PCT;50;;DISCOUNT_PCT;40;;;;;;;;;;020.040.2750;;;;;;;;;;;;;;;;;;;;;;;ja;;;;;;;;;;;;;;;;;;ja;;;;;ja
Innenecke für Diamond-Cut Abschlussprofil Aluminium strukturbeschichtet graubraun (RAL 8019) 10 mm Blister 2 Stück;;;12280198104;Dural GmbH;10000;8,22;;DISCOUNT_PCT;50;;DISCOUNT_PCT;40;;;;;;;;;;020.040.2760;;;;;;;;;;;;;;;;;;;;;;;ja;;;;;;;;;;;;;;;;;;ja;;;;;ja
Diamond-Cut Abschlussprofil Aluminium strukturbeschichtet graubraun (RAL 8019) 11 mm Länge 250 cm für Wand- und Bodenbeläge;;;12280198111;Dural GmbH;10000;20,98;;DISCOUNT_PCT;50;;DISCOUNT_PCT;40;;;;;;;;;;020.040.2770;;;;;;;;;;;;;;;;;;;;;;;ja;;;;;;;;;;;;;;;;;;ja;;;;;ja
Aussenecke für Diamond-Cut Abschlussprofil Aluminium strukturbeschichtet graubraun (RAL 8019) 11 mm Blister 2 Stück;;;12280198112;Dural GmbH;10000;8,22;;DISCOUNT_PCT;50;;DISCOUNT_PCT;40;;;;;;;;;;020.040.2780;;;;;;;;;;;;;;;;;;;;;;;ja;;;;;;;;;;;;;;;;;;ja;;;;;ja
Innenecke für Diamond-Cut Abschlussprofil Aluminium strukturbeschichtet graubraun (RAL 8019) 11 mm Blister 2 Stück;;;12280198114;Dural GmbH;10000;8,22;;DISCOUNT_PCT;50;;DISCOUNT_PCT;40;;;;;;;;;;020.040.2790;;;;;;;;;;;;;;;;;;;;;;;ja;;;;;;;;;;;;;;;;;;ja;;;;;ja
Diamond-Cut Abschlussprofil Aluminium strukturbeschichtet terrabraun (RAL 8028) 8 mm Länge 250 cm für Wand- und Bodenbeläge;;;12280288081;Dural GmbH;10000;17,86;;DISCOUNT_PCT;50;;DISCOUNT_PCT;40;;;;;;;;;;020.040.2800;;;;;;;;;;;;;;;;;;;;;;;ja;;;;;;;;;;;;;;;;;;ja;;;;;ja
Aussenecke für Diamond-Cut Abschlussprofil Aluminium strukturbeschichtet terrabraun (RAL 8028) 8 mm Blister 2 Stück;;;12280288082;Dural GmbH;10000;8,22;;DISCOUNT_PCT;50;;DISCOUNT_PCT;40;;;;;;;;;;020.040.2810;;;;;;;;;;;;;;;;;;;;;;;ja;;;;;;;;;;;;;;;;;;ja;;;;;ja
Innenecke für Diamond-Cut Abschlussprofil Aluminium strukturbeschichtet terrabraun (RAL 8028) 8 mm Blister 2 Stück;;;12280288084;Dural GmbH;10000;8,22;;DISCOUNT_PCT;50;;DISCOUNT_PCT;40;;;;;;;;;;020.040.2820;;;;;;;;;;;;;;;;;;;;;;;ja;;;;;;;;;;;;;;;;;;ja;;;;;ja
Diamond-Cut Abschlussprofil Aluminium strukturbeschichtet terrabraun (RAL 8028) 10 mm Länge 250 cm für Wand- und Bodenbeläge;;;12280288101;Dural GmbH;10000;19,78;;DISCOUNT_PCT;50;;DISCOUNT_PCT;40;;;;;;;;;;020.040.2830;;;;;;;;;;;;;;;;;;;;;;;ja;;;;;;;;;;;;;;;;;;ja;;;;;ja
Aussenecke für Diamond-Cut Abschlussprofil Aluminium strukturbeschichtet terrabraun (RAL 8028) 10 mm Blister 2 Stück;;;12280288102;Dural GmbH;10000;8,22;;DISCOUNT_PCT;50;;DISCOUNT_PCT;40;;;;;;;;;;020.040.2840;;;;;;;;;;;;;;;;;;;;;;;ja;;;;;;;;;;;;;;;;;;ja;;;;;ja
Innenecke für Diamond-Cut Abschlussprofil Aluminium strukturbeschichtet terrabraun (RAL 8028) 10 mm Blister 2 Stück;;;12280288104;Dural GmbH;10000;8,22;;DISCOUNT_PCT;50;;DISCOUNT_PCT;40;;;;;;;;;;020.040.2850;;;;;;;;;;;;;;;;;;;;;;;ja;;;;;;;;;;;;;;;;;;ja;;;;;ja
Diamond-Cut Abschlussprofil Aluminium strukturbeschichtet terrabraun (RAL 8028) 11 mm Länge 250 cm für Wand- und Bodenbeläge;;;12280288111;Dural GmbH;10000;20,98;;DISCOUNT_PCT;50;;DISCOUNT_PCT;40;;;;;;;;;;020.040.2860;;;;;;;;;;;;;;;;;;;;;;;ja;;;;;;;;;;;;;;;;;;ja;;;;;ja
Aussenecke für Diamond-Cut Abschlussprofil Aluminium strukturbeschichtet terrabraun (RAL 8028) 11 mm Blister 2 Stück;;;12280288112;Dural GmbH;10000;8,22;;DISCOUNT_PCT;50;;DISCOUNT_PCT;40;;;;;;;;;;020.040.2870;;;;;;;;;;;;;;;;;;;;;;;ja;;;;;;;;;;;;;;;;;;ja;;;;;ja
Innenecke für Diamond-Cut Abschlussprofil Aluminium strukturbeschichtet terrabraun (RAL 8028) 11 mm Blister 2 Stück;;;12280288114;Dural GmbH;10000;8,22;;DISCOUNT_PCT;50;;DISCOUNT_PCT;40;;;;;;;;;;020.040.2880;;;;;;;;;;;;;;;;;;;;;;;ja;;;;;;;;;;;;;;;;;;ja;;;;;ja
Diamond-Cut Abschlussprofil Aluminium pulverbeschichtet sand (RAL 0808005) 8 mm Länge 250 cm für Wand- und Bodenbeläge;;;122808081;Dural GmbH;10000;14,28;;DISCOUNT_PCT;50;;DISCOUNT_PCT;40;;;;;;;;;;020.040.2890;;;;;;;;;;;;;;;;;;;;;;;ja;;;;;;;;;;;;;;;;;;ja;;;;;ja
Aussenecke für Diamond-Cut Abschlussprofil Aluminium pulverbeschichtet sand (RAL 0808005) 8 mm Blister 2 Stück;;;122808082;Dural GmbH;10000;7,2;;DISCOUNT_PCT;50;;DISCOUNT_PCT;40;;;;;;;;;;020.040.2900;;;;;;;;;;;;;;;;;;;;;;;ja;;;;;;;;;;;;;;;;;;ja;;;;;ja
Innenecke für Diamond-Cut Abschlussprofil Aluminium pulverbeschichtet sand (RAL 0808005) 8 mm Blister 2 Stück;;;122808084;Dural GmbH;10000;7,2;;DISCOUNT_PCT;50;;DISCOUNT_PCT;40;;;;;;;;;;020.040.2910;;;;;;;;;;;;;;;;;;;;;;;ja;;;;;;;;;;;;;;;;;;ja;;;;;ja
Quadratisches Abschlussprofil Aluminium pulverbeschichtet schwarz matt (RAL 9005) 9 mm Länge 300 cm für Wand- und Bodenbeläge;;;122880933;Dural GmbH;10000;13,72;;DISCOUNT_PCT;50;;DISCOUNT_PCT;40;;;;;;;;;;020.030.3550;;;;;;;;;;;;;;;;;;;;;;;ja;;;;;;;;;;;;;;;;;;ja;;;;;ja
Quadratisches Abschlussprofil Aluminium pulverbeschichtet schwarz matt (RAL 9005) 11 mm Länge 300 cm für Wand- und Bodenbeläge;;;122881133;Dural GmbH;10000;16,44;;DISCOUNT_PCT;50;;DISCOUNT_PCT;40;;;;;;;;;;020.030.3560;;;;;;;;;;;;;;;;;;;;;;;ja;;;;;;;;;;;;;;;;;;ja;;;;;ja
Diamond-Cut Abschlussprofil Aluminium strukturbeschichtet cremeweiss (RAL 9001) 8 mm Länge 250 cm für Wand- und Bodenbeläge;;;12290018081;Dural GmbH;10000;17,86;;DISCOUNT_PCT;50;;DISCOUNT_PCT;40;;;;;;;;;;020.040.2920;;;;;;;;;;;;;;;;;;;;;;;ja;;;;;;;;;;;;;;;;;;ja;;;;;ja
Aussenecke für Diamond-Cut Abschlussprofil Aluminium strukturbeschichtet cremeweiss (RAL 9001) 8 mm Blister 2 Stück;;;12290018082;Dural GmbH;10000;8,22;;DISCOUNT_PCT;50;;DISCOUNT_PCT;40;;;;;;;;;;020.040.2930;;;;;;;;;;;;;;;;;;;;;;;ja;;;;;;;;;;;;;;;;;;ja;;;;;ja
Innenecke für Diamond-Cut Abschlussprofil Aluminium strukturbeschichtet cremeweiss (RAL 9001) 8 mm Blister 2 Stück;;;12290018084;Dural GmbH;10000;8,22;;DISCOUNT_PCT;50;;DISCOUNT_PCT;40;;;;;;;;;;020.040.2940;;;;;;;;;;;;;;;;;;;;;;;ja;;;;;;;;;;;;;;;;;;ja;;;;;ja
Diamond-Cut Abschlussprofil Aluminium strukturbeschichtet cremeweiss (RAL 9001) 10 mm Länge 250 cm für Wand- und Bodenbeläge;;;12290018101;Dural GmbH;10000;19,78;;DISCOUNT_PCT;50;;DISCOUNT_PCT;40;;;;;;;;;;020.040.2950;;;;;;;;;;;;;;;;;;;;;;;ja;;;;;;;;;;;;;;;;;;ja;;;;;ja
Aussenecke für Diamond-Cut Abschlussprofil Aluminium strukturbeschichtet cremeweiss (RAL 9001) 10 mm Blister 2 Stück;;;12290018102;Dural GmbH;10000;8,22;;DISCOUNT_PCT;50;;DISCOUNT_PCT;40;;;;;;;;;;020.040.2960;;;;;;;;;;;;;;;;;;;;;;;ja;;;;;;;;;;;;;;;;;;ja;;;;;ja
Innenecke für Diamond-Cut Abschlussprofil Aluminium strukturbeschichtet cremeweiss (RAL 9001) 10 mm Blister 2 Stück;;;12290018104;Dural GmbH;10000;8,22;;DISCOUNT_PCT;50;;DISCOUNT_PCT;40;;;;;;;;;;020.040.2970;;;;;;;;;;;;;;;;;;;;;;;ja;;;;;;;;;;;;;;;;;;ja;;;;;ja
Diamond-Cut Abschlussprofil Aluminium strukturbeschichtet cremeweiss (RAL 9001) 11 mm Länge 250 cm für Wand- und Bodenbeläge;;;12290018111;Dural GmbH;10000;20,98;;DISCOUNT_PCT;50;;DISCOUNT_PCT;40;;;;;;;;;;020.040.2980;;;;;;;;;;;;;;;;;;;;;;;ja;;;;;;;;;;;;;;;;;;ja;;;;;ja
Aussenecke für Diamond-Cut Abschlussprofil Aluminium strukturbeschichtet cremeweiss (RAL 9001) 11 mm Blister 2 Stück;;;12290018112;Dural GmbH;10000;8,22;;DISCOUNT_PCT;50;;DISCOUNT_PCT;40;;;;;;;;;;020.040.2990;;;;;;;;;;;;;;;;;;;;;;;ja;;;;;;;;;;;;;;;;;;ja;;;;;ja
Innenecke für Diamond-Cut Abschlussprofil Aluminium strukturbeschichtet cremeweiss (RAL 9001) 11 mm Blister 2 Stück;;;12290018114;Dural GmbH;10000;8,22;;DISCOUNT_PCT;50;;DISCOUNT_PCT;40;;;;;;;;;;020.040.3000;;;;;;;;;;;;;;;;;;;;;;;ja;;;;;;;;;;;;;;;;;;ja;;;;;ja
Kantenschutzprofil Aluminium eloxiert silber 15 mm, Breite 15 mm, Länge 250 cm für Aussenecken und stark beanspruchte Wandkanten;;;150112501515;Dural GmbH;10000;13,16;;DISCOUNT_PCT;50;;DISCOUNT_PCT;40;;;;;;;;;;020.080.0050;;;;;;;;;;;;;;;;;;;;;;;ja;;;;;;;;;;;;;;;;;;ja;;;;;ja
Kantenschutzprofil Aluminium eloxiert silber 20 mm, Breite 20 mm, Länge 250 cm für Aussenecken und stark beanspruchte Wandkanten;;;150112502020;Dural GmbH;10000;13,76;;DISCOUNT_PCT;50;;DISCOUNT_PCT;40;;;;;;;;;;020.080.0060;;;;;;;;;;;;;;;;;;;;;;;ja;;;;;;;;;;;;;;;;;;ja;;;;;ja
Kantenschutzprofil Aluminium eloxiert silber 25 mm, Breite 25 mm, Länge 250 cm für Aussenecken und stark beanspruchte Wandkanten;;;150112502525;Dural GmbH;10000;15,56;;DISCOUNT_PCT;50;;DISCOUNT_PCT;40;;;;;;;;;;020.080.0070;;;;;;;;;;;;;;;;;;;;;;;ja;;;;;;;;;;;;;;;;;;ja;;;;;ja
Kantenschutzprofil Aluminium eloxiert silber 50 mm, Breite 50 mm, Länge 250 cm für Aussenecken und stark beanspruchte Wandkanten;;;150112505050;Dural GmbH;10000;25,84;;DISCOUNT_PCT;50;;DISCOUNT_PCT;40;;;;;;;;;;020.080.0080;;;;;;;;;;;;;;;;;;;;;;;ja;;;;;;;;;;;;;;;;;;ja;;;;;ja
Kantenschutzprofil Aluminium pulverbeschichtet schwarz matt (RAL 9005) 25 mm, Breite 25 mm, Länge 250 cm für Aussenecken und stark beanspruchte Wandkanten;;;150112512525;Dural GmbH;10000;19,86;;DISCOUNT_PCT;50;;DISCOUNT_PCT;40;;;;;;;;;;020.080.0090;;;;;;;;;;;;;;;;;;;;;;;ja;;;;;;;;;;;;;;;;;;ja;;;;;ja
Kantenschutzprofil Aluminium pulverbeschichtet schwarz matt (RAL 9005) 50 mm, Breite 50 mm, Länge 250 cm für Aussenecken und stark beanspruchte Wandkanten;;;150112515050;Dural GmbH;10000;31,56;;DISCOUNT_PCT;50;;DISCOUNT_PCT;40;;;;;;;;;;020.080.0100;;;;;;;;;;;;;;;;;;;;;;;ja;;;;;;;;;;;;;;;;;;ja;;;;;ja
Kantenschutzprofil Aluminium eloxiert, gebürstet silber 15 mm, Breite 15 mm, Länge 250 cm für Aussenecken und stark beanspruchte Wandkanten;;;150112521515;Dural GmbH;10000;15,66;;DISCOUNT_PCT;50;;DISCOUNT_PCT;40;;;;;;;;;;020.080.0110;;;;;;;;;;;;;;;;;;;;;;;ja;;;;;;;;;;;;;;;;;;ja;;;;;ja
Kantenschutzprofil Aluminium eloxiert, gebürstet silber 20 mm, Breite 20 mm, Länge 250 cm für Aussenecken und stark beanspruchte Wandkanten;;;150112522020;Dural GmbH;10000;15,92;;DISCOUNT_PCT;50;;DISCOUNT_PCT;40;;;;;;;;;;020.080.0120;;;;;;;;;;;;;;;;;;;;;;;ja;;;;;;;;;;;;;;;;;;ja;;;;;ja
Kantenschutzprofil Aluminium eloxiert, gebürstet silber 25 mm, Breite 25 mm, Länge 250 cm für Aussenecken und stark beanspruchte Wandkanten;;;150112522525;Dural GmbH;10000;16,16;;DISCOUNT_PCT;50;;DISCOUNT_PCT;40;;;;;;;;;;020.080.0130;;;;;;;;;;;;;;;;;;;;;;;ja;;;;;;;;;;;;;;;;;;ja;;;;;ja
Kantenschutzprofil Aluminium eloxiert gold 25 mm, Breite 25 mm, Länge 250 cm für Aussenecken und stark beanspruchte Wandkanten;;;150122502525;Dural GmbH;10000;16,78;;DISCOUNT_PCT;50;;DISCOUNT_PCT;40;;;;;;;;;;020.080.0140;;;;;;;;;;;;;;;;;;;;;;;ja;;;;;;;;;;;;;;;;;;ja;;;;;ja
Kantenschutzprofil Aluminium eloxiert gold 50 mm, Breite 50 mm, Länge 250 cm für Aussenecken und stark beanspruchte Wandkanten;;;150122505050;Dural GmbH;10000;28,52;;DISCOUNT_PCT;50;;DISCOUNT_PCT;40;;;;;;;;;;020.080.0150;;;;;;;;;;;;;;;;;;;;;;;ja;;;;;;;;;;;;;;;;;;ja;;;;;ja
Kantenschutzprofil Aluminium pulverbeschichtet weiss matt (RAL 9003) 25 mm, Breite 25 mm, Länge 250 cm für Aussenecken und stark beanspruchte Wandkanten;;;150122522525;Dural GmbH;10000;19,86;;DISCOUNT_PCT;50;;DISCOUNT_PCT;40;;;;;;;;;;020.080.0160;;;;;;;;;;;;;;;;;;;;;;;ja;;;;;;;;;;;;;;;;;;ja;;;;;ja
Kantenschutzprofil Aluminium pulverbeschichtet weiss matt (RAL 9003) 50 mm, Breite 50 mm, Länge 250 cm für Aussenecken und stark beanspruchte Wandkanten;;;150122525050;Dural GmbH;10000;31,56;;DISCOUNT_PCT;50;;DISCOUNT_PCT;40;;;;;;;;;;020.080.0170;;;;;;;;;;;;;;;;;;;;;;;ja;;;;;;;;;;;;;;;;;;ja;;;;;ja
Kantenschutzprofil Aluminium eloxiert titan 25 mm, Breite 25 mm, Länge 250 cm für Aussenecken und stark beanspruchte Wandkanten;;;150132502525;Dural GmbH;10000;16,78;;DISCOUNT_PCT;50;;DISCOUNT_PCT;40;;;;;;;;;;020.080.0180;;;;;;;;;;;;;;;;;;;;;;;ja;;;;;;;;;;;;;;;;;;ja;;;;;ja
Kantenschutzprofil Aluminium eloxiert titan 50 mm, Breite 50 mm, Länge 250 cm für Aussenecken und stark beanspruchte Wandkanten;;;150132505050;Dural GmbH;10000;28,52;;DISCOUNT_PCT;50;;DISCOUNT_PCT;40;;;;;;;;;;020.080.0190;;;;;;;;;;;;;;;;;;;;;;;ja;;;;;;;;;;;;;;;;;;ja;;;;;ja
Kantenschutzprofil Aluminium eloxiert, gebürstet titan 25 mm, Breite 25 mm, Länge 250 cm für Aussenecken und stark beanspruchte Wandkanten;;;150133502525;Dural GmbH;10000;18,46;;DISCOUNT_PCT;50;;DISCOUNT_PCT;40;;;;;;;;;;020.080.0200;;;;;;;;;;;;;;;;;;;;;;;ja;;;;;;;;;;;;;;;;;;ja;;;;;ja
Kantenschutzprofil Aluminium eloxiert, gebürstet titan 50 mm, Breite 50 mm, Länge 250 cm für Aussenecken und stark beanspruchte Wandkanten;;;150133505050;Dural GmbH;10000;30,96;;DISCOUNT_PCT;50;;DISCOUNT_PCT;40;;;;;;;;;;020.080.0210;;;;;;;;;;;;;;;;;;;;;;;ja;;;;;;;;;;;;;;;;;;ja;;;;;ja
Kantenschutzprofil Aluminium pulverbeschichtet weiss 25 mm, Breite 25 mm, Länge 250 cm für Aussenecken und stark beanspruchte Wandkanten;;;150302502525;Dural GmbH;10000;19,86;;DISCOUNT_PCT;50;;DISCOUNT_PCT;40;;;;;;;;;;020.080.0220;;;;;;;;;;;;;;;;;;;;;;;ja;;;;;;;;;;;;;;;;;;ja;;;;;ja
Kantenschutzprofil Aluminium pulverbeschichtet weiss 50 mm, Breite 50 mm, Länge 250 cm für Aussenecken und stark beanspruchte Wandkanten;;;150302505050;Dural GmbH;10000;31,56;;DISCOUNT_PCT;50;;DISCOUNT_PCT;40;;;;;;;;;;020.080.0230;;;;;;;;;;;;;;;;;;;;;;;ja;;;;;;;;;;;;;;;;;;ja;;;;;ja
Kantenschutzprofil Aluminium pulverbeschichtet schwarz 25 mm, Breite 25 mm, Länge 250 cm für Aussenecken und stark beanspruchte Wandkanten;;;150332502525;Dural GmbH;10000;19,86;;DISCOUNT_PCT;50;;DISCOUNT_PCT;40;;;;;;;;;;020.080.0240;;;;;;;;;;;;;;;;;;;;;;;ja;;;;;;;;;;;;;;;;;;ja;;;;;ja
Kantenschutzprofil Aluminium pulverbeschichtet schwarz 50 mm, Breite 50 mm, Länge 250 cm für Aussenecken und stark beanspruchte Wandkanten;;;150332505050;Dural GmbH;10000;31,56;;DISCOUNT_PCT;50;;DISCOUNT_PCT;40;;;;;;;;;;020.080.0250;;;;;;;;;;;;;;;;;;;;;;;ja;;;;;;;;;;;;;;;;;;ja;;;;;ja
Kantenschutzprofil Edelstahl V2A gebürstet 25 mm, Breite 25 mm, Länge 250 cm für Aussenecken und stark beanspruchte Wandkanten;;;15DGE2511F8;Dural GmbH;10000;23,14;;DISCOUNT_PCT;50;;DISCOUNT_PCT;40;;;;;;;;;;020.080.0260;;;;;;;;;;;;;;;;;;;;;;;ja;;;;;;;;;;;;;;;;;;ja;;;;;ja
Kantenschutzprofil Edelstahl V2A matt 25 mm, Breite 25 mm, Länge 250 cm für Aussenecken und stark beanspruchte Wandkanten;;;15DGE2511M8;Dural GmbH;10000;23,14;;DISCOUNT_PCT;50;;DISCOUNT_PCT;40;;;;;;;;;;020.080.0270;;;;;;;;;;;;;;;;;;;;;;;ja;;;;;;;;;;;;;;;;;;ja;;;;;ja
Kantenschutzprofil Edelstahl V2A gebürstet 25 mm, Breite 25 mm, Länge 250 cm für Aussenecken und stark beanspruchte Wandkanten;;;15DGE2512F8;Dural GmbH;10000;31,8;;DISCOUNT_PCT;50;;DISCOUNT_PCT;40;;;;;;;;;;020.080.0280;;;;;;;;;;;;;;;;;;;;;;;ja;;;;;;;;;;;;;;;;;;ja;;;;;ja
Kantenschutzprofil Edelstahl V2A matt 25 mm, Breite 25 mm, Länge 250 cm für Aussenecken und stark beanspruchte Wandkanten;;;15DGE2512M8;Dural GmbH;10000;31,8;;DISCOUNT_PCT;50;;DISCOUNT_PCT;40;;;;;;;;;;020.080.0290;;;;;;;;;;;;;;;;;;;;;;;ja;;;;;;;;;;;;;;;;;;ja;;;;;ja
Kantenschutzprofil Edelstahl V2A gebürstet 30 mm, Breite 30 mm, Länge 250 cm für Aussenecken und stark beanspruchte Wandkanten;;;15DGE3011F8;Dural GmbH;10000;31,8;;DISCOUNT_PCT;50;;DISCOUNT_PCT;40;;;;;;;;;;020.080.0300;;;;;;;;;;;;;;;;;;;;;;;ja;;;;;;;;;;;;;;;;;;ja;;;;;ja
Kantenschutzprofil Edelstahl V2A matt 30 mm, Breite 30 mm, Länge 250 cm für Aussenecken und stark beanspruchte Wandkanten;;;15DGE3011M8;Dural GmbH;10000;31,8;;DISCOUNT_PCT;50;;DISCOUNT_PCT;40;;;;;;;;;;020.080.0310;;;;;;;;;;;;;;;;;;;;;;;ja;;;;;;;;;;;;;;;;;;ja;;;;;ja
Kantenschutzprofil Edelstahl V2A gebürstet 30 mm, Breite 30 mm, Länge 250 cm für Aussenecken und stark beanspruchte Wandkanten;;;15DGE3012F8;Dural GmbH;10000;39,96;;DISCOUNT_PCT;50;;DISCOUNT_PCT;40;;;;;;;;;;020.080.0320;;;;;;;;;;;;;;;;;;;;;;;ja;;;;;;;;;;;;;;;;;;ja;;;;;ja
Kantenschutzprofil Edelstahl V2A matt 30 mm, Breite 30 mm, Länge 250 cm für Aussenecken und stark beanspruchte Wandkanten;;;15DGE3012M8;Dural GmbH;10000;39,96;;DISCOUNT_PCT;50;;DISCOUNT_PCT;40;;;;;;;;;;020.080.0330;;;;;;;;;;;;;;;;;;;;;;;ja;;;;;;;;;;;;;;;;;;ja;;;;;ja
Kantenschutzprofil Edelstahl V2A gebürstet 40 mm, Breite 40 mm, Länge 250 cm für Aussenecken und stark beanspruchte Wandkanten;;;15DGE4011F8;Dural GmbH;10000;41,56;;DISCOUNT_PCT;50;;DISCOUNT_PCT;40;;;;;;;;;;020.080.0340;;;;;;;;;;;;;;;;;;;;;;;ja;;;;;;;;;;;;;;;;;;ja;;;;;ja
Kantenschutzprofil Edelstahl V2A matt 40 mm, Breite 40 mm, Länge 250 cm für Aussenecken und stark beanspruchte Wandkanten;;;15DGE4011M8;Dural GmbH;10000;41,56;;DISCOUNT_PCT;50;;DISCOUNT_PCT;40;;;;;;;;;;020.080.0350;;;;;;;;;;;;;;;;;;;;;;;ja;;;;;;;;;;;;;;;;;;ja;;;;;ja
Kantenschutzprofil Edelstahl V2A gebürstet 40 mm, Breite 40 mm, Länge 250 cm für Aussenecken und stark beanspruchte Wandkanten;;;15DGE4012F8;Dural GmbH;10000;51,58;;DISCOUNT_PCT;50;;DISCOUNT_PCT;40;;;;;;;;;;020.080.0360;;;;;;;;;;;;;;;;;;;;;;;ja;;;;;;;;;;;;;;;;;;ja;;;;;ja
Kantenschutzprofil Edelstahl V2A matt 40 mm, Breite 40 mm, Länge 250 cm für Aussenecken und stark beanspruchte Wandkanten;;;15DGE4012M8;Dural GmbH;10000;51,58;;DISCOUNT_PCT;50;;DISCOUNT_PCT;40;;;;;;;;;;020.080.0370;;;;;;;;;;;;;;;;;;;;;;;ja;;;;;;;;;;;;;;;;;;ja;;;;;ja
Kantenschutzprofil Edelstahl V2A gebürstet 50 mm, Breite 50 mm, Länge 250 cm für Aussenecken und stark beanspruchte Wandkanten;;;15DGE5011F8;Dural GmbH;10000;53,52;;DISCOUNT_PCT;50;;DISCOUNT_PCT;40;;;;;;;;;;020.080.0380;;;;;;;;;;;;;;;;;;;;;;;ja;;;;;;;;;;;;;;;;;;ja;;;;;ja
Kantenschutzprofil Edelstahl V2A matt 50 mm, Breite 50 mm, Länge 250 cm für Aussenecken und stark beanspruchte Wandkanten;;;15DGE5011M8;Dural GmbH;10000;53,52;;DISCOUNT_PCT;50;;DISCOUNT_PCT;40;;;;;;;;;;020.080.0390;;;;;;;;;;;;;;;;;;;;;;;ja;;;;;;;;;;;;;;;;;;ja;;;;;ja
Kantenschutzprofil Edelstahl V2A gebürstet 50 mm, Breite 50 mm, Länge 250 cm für Aussenecken und stark beanspruchte Wandkanten;;;15DGE5012F8;Dural GmbH;10000;62,78;;DISCOUNT_PCT;50;;DISCOUNT_PCT;40;;;;;;;;;;020.080.0400;;;;;;;;;;;;;;;;;;;;;;;ja;;;;;;;;;;;;;;;;;;ja;;;;;ja
Kantenschutzprofil Edelstahl V2A matt 50 mm, Breite 50 mm, Länge 250 cm für Aussenecken und stark beanspruchte Wandkanten;;;15DGE5012M8;Dural GmbH;10000;62,78;;DISCOUNT_PCT;50;;DISCOUNT_PCT;40;;;;;;;;;;020.080.0410;;;;;;;;;;;;;;;;;;;;;;;ja;;;;;;;;;;;;;;;;;;ja;;;;;ja
Kantenschutzprofil Edelstahl V2A gebürstet 60 mm, Breite 60 mm, Länge 250 cm für Aussenecken und stark beanspruchte Wandkanten;;;15DGE6012F8;Dural GmbH;10000;73,94;;DISCOUNT_PCT;50;;DISCOUNT_PCT;40;;;;;;;;;;020.080.0420;;;;;;;;;;;;;;;;;;;;;;;ja;;;;;;;;;;;;;;;;;;ja;;;;;ja
Kantenschutzprofil Edelstahl V2A matt 60 mm, Breite 60 mm, Länge 250 cm für Aussenecken und stark beanspruchte Wandkanten;;;15DGE6012M8;Dural GmbH;10000;73,94;;DISCOUNT_PCT;50;;DISCOUNT_PCT;40;;;;;;;;;;020.080.0430;;;;;;;;;;;;;;;;;;;;;;;ja;;;;;;;;;;;;;;;;;;ja;;;;;ja
Dekorprofil Edelstahl V2A poliert Breite 25 mm, Länge 250 cm für dekorative Trennlinien und Übergänge in Wand- und Bodenbelägen;;;16028251;Dural GmbH;10000;29,58;;DISCOUNT_PCT;50;;DISCOUNT_PCT;40;;;;;;;;;;020.110.0010;;;;;;;;;;;;;;;;;;;;;;;ja;;;;;;;;;;;;;;;;;;ja;;;;;ja
Dekorprofil Edelstahl V2A gebürstet Breite 25 mm, Länge 250 cm für dekorative Trennlinien und Übergänge in Wand- und Bodenbelägen;;;16028252;Dural GmbH;10000;33,1;;DISCOUNT_PCT;50;;DISCOUNT_PCT;40;;;;;;;;;;020.110.0020;;;;;;;;;;;;;;;;;;;;;;;ja;;;;;;;;;;;;;;;;;;ja;;;;;ja
Dekorprofil Edelstahl V2A gebürstet Breite 40 mm, Länge 250 cm für dekorative Trennlinien und Übergänge in Wand- und Bodenbelägen;;;16028402;Dural GmbH;10000;33,1;;DISCOUNT_PCT;50;;DISCOUNT_PCT;40;;;;;;;;;;020.110.0030;;;;;;;;;;;;;;;;;;;;;;;ja;;;;;;;;;;;;;;;;;;ja;;;;;ja
Dekorprofil Aluminium eloxiert silber 8 mm, Breite 10 mm, Länge 250 cm für dekorative Trennlinien und Übergänge in Wand- und Bodenbelägen;;;16118010;Dural GmbH;10000;12,46;;DISCOUNT_PCT;50;;DISCOUNT_PCT;40;;;;;;;;;;020.110.0040;;;;;;;;;;;;;;;;;;;;;;;ja;;;;;;;;;;;;;;;;;;ja;;;;;ja
Dekorprofil Aluminium eloxiert silber 8 mm, Breite 25 mm, Länge 250 cm für dekorative Trennlinien und Übergänge in Wand- und Bodenbelägen;;;16118025;Dural GmbH;10000;22,28;;DISCOUNT_PCT;50;;DISCOUNT_PCT;40;;;;;;;;;;020.110.0050;;;;;;;;;;;;;;;;;;;;;;;ja;;;;;;;;;;;;;;;;;;ja;;;;;ja
Dekorprofil Aluminium eloxiert silber 8 mm, Breite 10 mm, Länge 250 cm für dekorative Trennlinien und Übergänge in Wand- und Bodenbelägen;;;161181000;Dural GmbH;10000;10,88;;DISCOUNT_PCT;50;;DISCOUNT_PCT;40;;;;;;;;;;020.110.0060;;;;;;;;;;;;;;;;;;;;;;;ja;;;;;;;;;;;;;;;;;;ja;;;;;ja
Dekorprofil Aluminium eloxiert silber 8 mm, Breite 15 mm, Länge 250 cm für dekorative Trennlinien und Übergänge in Wand- und Bodenbelägen;;;161181500;Dural GmbH;10000;12,9;;DISCOUNT_PCT;50;;DISCOUNT_PCT;40;;;;;;;;;;020.110.0070;;;;;;;;;;;;;;;;;;;;;;;ja;;;;;;;;;;;;;;;;;;ja;;;;;ja
Dekorprofil Aluminium eloxiert silber 8 mm, Breite 20 mm, Länge 250 cm für dekorative Trennlinien und Übergänge in Wand- und Bodenbelägen;;;161182000;Dural GmbH;10000;15,28;;DISCOUNT_PCT;50;;DISCOUNT_PCT;40;;;;;;;;;;020.110.0080;;;;;;;;;;;;;;;;;;;;;;;ja;;;;;;;;;;;;;;;;;;ja;;;;;ja
Dekorprofil Aluminium eloxiert gold 8 mm, Breite 10 mm, Länge 250 cm für dekorative Trennlinien und Übergänge in Wand- und Bodenbelägen;;;16128010;Dural GmbH;10000;13,1;;DISCOUNT_PCT;50;;DISCOUNT_PCT;40;;;;;;;;;;020.110.0090;;;;;;;;;;;;;;;;;;;;;;;ja;;;;;;;;;;;;;;;;;;ja;;;;;ja
Dekorprofil Aluminium eloxiert gold 8 mm, Breite 25 mm, Länge 250 cm für dekorative Trennlinien und Übergänge in Wand- und Bodenbelägen;;;16128025;Dural GmbH;10000;23,4;;DISCOUNT_PCT;50;;DISCOUNT_PCT;40;;;;;;;;;;020.110.0100;;;;;;;;;;;;;;;;;;;;;;;ja;;;;;;;;;;;;;;;;;;ja;;;;;ja
Dekorprofil Aluminium eloxiert gold 8 mm, Breite 10 mm, Länge 250 cm für dekorative Trennlinien und Übergänge in Wand- und Bodenbelägen;;;161281000;Dural GmbH;10000;11,34;;DISCOUNT_PCT;50;;DISCOUNT_PCT;40;;;;;;;;;;020.110.0110;;;;;;;;;;;;;;;;;;;;;;;ja;;;;;;;;;;;;;;;;;;ja;;;;;ja
Dekorprofil Aluminium eloxiert gold 8 mm, Breite 15 mm, Länge 250 cm für dekorative Trennlinien und Übergänge in Wand- und Bodenbelägen;;;161281500;Dural GmbH;10000;13,48;;DISCOUNT_PCT;50;;DISCOUNT_PCT;40;;;;;;;;;;020.110.0120;;;;;;;;;;;;;;;;;;;;;;;ja;;;;;;;;;;;;;;;;;;ja;;;;;ja
Dekorprofil Aluminium eloxiert gold 8 mm, Breite 20 mm, Länge 250 cm für dekorative Trennlinien und Übergänge in Wand- und Bodenbelägen;;;161282000;Dural GmbH;10000;16,08;;DISCOUNT_PCT;50;;DISCOUNT_PCT;40;;;;;;;;;;020.110.0130;;;;;;;;;;;;;;;;;;;;;;;ja;;;;;;;;;;;;;;;;;;ja;;;;;ja
Dekorprofil Aluminium pulverbeschichtet schwarz matt (RAL 9005) 8 mm, Breite 15 mm, Länge 250 cm;;;161381533;Dural GmbH;10000;13,48;;DISCOUNT_PCT;50;;DISCOUNT_PCT;40;;;;;;;;;;020.110.0140;;;;;;;;;;;;;;;;;;;;;;;ja;;;;;;;;;;;;;;;;;;ja;;;;;ja
Dekorprofil Aluminium pulverbeschichtet schwarz matt (RAL 9005) 8 mm, Breite 20 mm, Länge 250 cm;;;161382033;Dural GmbH;10000;16,08;;DISCOUNT_PCT;50;;DISCOUNT_PCT;40;;;;;;;;;;020.110.0150;;;;;;;;;;;;;;;;;;;;;;;ja;;;;;;;;;;;;;;;;;;ja;;;;;ja
Dekorprofil Aluminium pulverbeschichtet schwarz matt (RAL 9005) 8 mm, Breite 10 mm, Länge 250 cm;;;161781033;Dural GmbH;10000;11,34;;DISCOUNT_PCT;50;;DISCOUNT_PCT;40;;;;;;;;;;020.110.0160;;;;;;;;;;;;;;;;;;;;;;;ja;;;;;;;;;;;;;;;;;;ja;;;;;ja
Profil Edelstahl V2A unbehandelt 12 mm, Breite 12 mm, Länge 250 cm für professionelle Fliesen- und Belagsarbeiten;;;180281212;Dural GmbH;10000;53,9;;DISCOUNT_PCT;50;;DISCOUNT_PCT;40;;;;;;;;;;020.090.0010;;;;;;;;;;;;;;;;;;;;;;;ja;;;;;;;;;;;;;;;;;;ja;;;;;ja
Aussenecke für Profil Edelstahl V2A unbehandelt 12 mm, Breite 12 mm Blister 1 Stück;;;180281212XA;Dural GmbH;10000;40,72;;DISCOUNT_PCT;50;;DISCOUNT_PCT;40;;;;;;;;;;020.090.0020;;;;;;;;;;;;;;;;;;;;;;;ja;;;;;;;;;;;;;;;;;;ja;;;;;ja
Innenecke für Profil Edelstahl V2A unbehandelt 12 mm, Breite 12 mm Blister 1 Stück;;;180281212XI;Dural GmbH;10000;40,72;;DISCOUNT_PCT;50;;DISCOUNT_PCT;40;;;;;;;;;;020.090.0030;;;;;;;;;;;;;;;;;;;;;;;ja;;;;;;;;;;;;;;;;;;ja;;;;;ja
Profil Aluminium eloxiert silber 12 mm, Länge 250 cm für professionelle Fliesen- und Belagsarbeiten;;;18118120;Dural GmbH;10000;6,36;;DISCOUNT_PCT;50;;DISCOUNT_PCT;40;;;;;;;;;;020.090.0040;;;;;;;;;;;;;;;;;;;;;;;ja;;;;;;;;;;;;;;;;;;ja;;;;;ja
Aussenecke für Profil Metall-Druckguss eloxiert silber 12 mm Blister 2 Stück;;;18118121;Dural GmbH;10000;5,44;;DISCOUNT_PCT;50;;DISCOUNT_PCT;40;;;;;;;;;;020.090.0050;;;;;;;;;;;;;;;;;;;;;;;ja;;;;;;;;;;;;;;;;;;ja;;;;;ja
Innenecke für Wand-Boden-Anschlussprofil Metalldruckguss eloxiert silber für 12 mm 2 Stück;;;18118122;Dural GmbH;10000;5,44;;DISCOUNT_PCT;50;;DISCOUNT_PCT;40;;;;;;;;;;020.090.0060;;;;;;;;;;;;;;;;;;;;;;;ja;;;;;;;;;;;;;;;;;;ja;;;;;ja
Innenecke 3 Anschlüsse für Wand-Boden-Anschlussprofil Metalldruckguss eloxiert silber für 12 mm 2 Stück;;;18118123;Dural GmbH;10000;5,44;;DISCOUNT_PCT;50;;DISCOUNT_PCT;40;;;;;;;;;;020.090.0070;;;;;;;;;;;;;;;;;;;;;;;ja;;;;;;;;;;;;;;;;;;ja;;;;;ja
Endkappe links für Wand-Boden-Anschlussprofil Metalldruckguss eloxiert silber für 12 mm 2 Stück;;;18118124;Dural GmbH;10000;5,44;;DISCOUNT_PCT;50;;DISCOUNT_PCT;40;;;;;;;;;;020.090.0080;;;;;;;;;;;;;;;;;;;;;;;ja;;;;;;;;;;;;;;;;;;ja;;;;;ja
Endkappe rechts für Wand-Boden-Anschlussprofil Metalldruckguss eloxiert silber für 12 mm 2 Stück;;;18118125;Dural GmbH;10000;5,44;;DISCOUNT_PCT;50;;DISCOUNT_PCT;40;;;;;;;;;;020.090.0090;;;;;;;;;;;;;;;;;;;;;;;ja;;;;;;;;;;;;;;;;;;ja;;;;;ja
Wand-Boden-Anschlussprofil Aluminium eloxiert silber 16 mm Länge 250 cm;;;18118160;Dural GmbH;10000;8,36;;DISCOUNT_PCT;50;;DISCOUNT_PCT;40;;;;;;;;;;020.090.0100;;;;;;;;;;;;;;;;;;;;;;;ja;;;;;;;;;;;;;;;;;;ja;;;;;ja
Aussenecke für Wand-Boden-Anschlussprofil Metalldruckguss eloxiert silber für 16 mm 2 Stück;;;18118161;Dural GmbH;10000;5,44;;DISCOUNT_PCT;50;;DISCOUNT_PCT;40;;;;;;;;;;020.090.0110;;;;;;;;;;;;;;;;;;;;;;;ja;;;;;;;;;;;;;;;;;;ja;;;;;ja
Innenecke für Wand-Boden-Anschlussprofil Metalldruckguss eloxiert silber für 16 mm 2 Stück;;;18118162;Dural GmbH;10000;5,44;;DISCOUNT_PCT;50;;DISCOUNT_PCT;40;;;;;;;;;;020.090.0120;;;;;;;;;;;;;;;;;;;;;;;ja;;;;;;;;;;;;;;;;;;ja;;;;;ja
Innenecke 3 Anschlüsse für Wand-Boden-Anschlussprofil Metalldruckguss eloxiert silber für 16 mm 2 Stück;;;18118163;Dural GmbH;10000;5,44;;DISCOUNT_PCT;50;;DISCOUNT_PCT;40;;;;;;;;;;020.090.0130;;;;;;;;;;;;;;;;;;;;;;;ja;;;;;;;;;;;;;;;;;;ja;;;;;ja
Endkappe links für Wand-Boden-Anschlussprofil Metalldruckguss eloxiert silber für 16 mm 2 Stück;;;18118164;Dural GmbH;10000;5,44;;DISCOUNT_PCT;50;;DISCOUNT_PCT;40;;;;;;;;;;020.090.0140;;;;;;;;;;;;;;;;;;;;;;;ja;;;;;;;;;;;;;;;;;;ja;;;;;ja
Endkappe rechts für Wand-Boden-Anschlussprofil Metalldruckguss eloxiert silber für 16 mm 2 Stück;;;18118165;Dural GmbH;10000;5,44;;DISCOUNT_PCT;50;;DISCOUNT_PCT;40;;;;;;;;;;020.090.0150;;;;;;;;;;;;;;;;;;;;;;;ja;;;;;;;;;;;;;;;;;;ja;;;;;ja
Wand-Boden-Anschlussprofil Aluminium eloxiert silber 22 mm Länge 250 cm;;;18118220;Dural GmbH;10000;10,5;;DISCOUNT_PCT;50;;DISCOUNT_PCT;40;;;;;;;;;;020.090.0160;;;;;;;;;;;;;;;;;;;;;;;ja;;;;;;;;;;;;;;;;;;ja;;;;;ja
Aussenecke für Wand-Boden-Anschlussprofil Metalldruckguss eloxiert silber für 22 mm 2 Stück;;;18118221;Dural GmbH;10000;5,44;;DISCOUNT_PCT;50;;DISCOUNT_PCT;40;;;;;;;;;;020.090.0170;;;;;;;;;;;;;;;;;;;;;;;ja;;;;;;;;;;;;;;;;;;ja;;;;;ja
Innenecke für Wand-Boden-Anschlussprofil Metalldruckguss eloxiert silber für 22 mm 2 Stück;;;18118222;Dural GmbH;10000;5,44;;DISCOUNT_PCT;50;;DISCOUNT_PCT;40;;;;;;;;;;020.090.0180;;;;;;;;;;;;;;;;;;;;;;;ja;;;;;;;;;;;;;;;;;;ja;;;;;ja
Innenecke 3 Anschlüsse für Wand-Boden-Anschlussprofil Metalldruckguss eloxiert silber für 22 mm 2 Stück;;;18118223;Dural GmbH;10000;5,44;;DISCOUNT_PCT;50;;DISCOUNT_PCT;40;;;;;;;;;;020.090.0190;;;;;;;;;;;;;;;;;;;;;;;ja;;;;;;;;;;;;;;;;;;ja;;;;;ja
Endkappe links für Wand-Boden-Anschlussprofil Metalldruckguss eloxiert silber für 22 mm 2 Stück;;;18118224;Dural GmbH;10000;5,44;;DISCOUNT_PCT;50;;DISCOUNT_PCT;40;;;;;;;;;;020.090.0200;;;;;;;;;;;;;;;;;;;;;;;ja;;;;;;;;;;;;;;;;;;ja;;;;;ja
Endkappe rechts für Wand-Boden-Anschlussprofil Metalldruckguss eloxiert silber für 22 mm 2 Stück;;;18118225;Dural GmbH;10000;5,44;;DISCOUNT_PCT;50;;DISCOUNT_PCT;40;;;;;;;;;;020.090.0210;;;;;;;;;;;;;;;;;;;;;;;ja;;;;;;;;;;;;;;;;;;ja;;;;;ja
Hohlkehlprofil Aluminium eloxiert silber 28 mm Länge 250 cm;;;18118400;Dural GmbH;10000;15,56;;DISCOUNT_PCT;50;;DISCOUNT_PCT;40;;;;;;;;;;020.090.0220;;;;;;;;;;;;;;;;;;;;;;;ja;;;;;;;;;;;;;;;;;;ja;;;;;ja
Aussenecke für Hohlkehlprofil Metalldruckguss eloxiert silber für 28 mm 1 Stück;;;18118400X;Dural GmbH;10000;20,5;;DISCOUNT_PCT;50;;DISCOUNT_PCT;40;;;;;;;;;;020.090.0230;;;;;;;;;;;;;;;;;;;;;;;ja;;;;;;;;;;;;;;;;;;ja;;;;;ja
Innenecke für Hohlkehlprofil Metalldruckguss eloxiert silber für 28 mm 1 Stück;;;18118400XI;Dural GmbH;10000;20,5;;DISCOUNT_PCT;50;;DISCOUNT_PCT;40;;;;;;;;;;020.090.0240;;;;;;;;;;;;;;;;;;;;;;;ja;;;;;;;;;;;;;;;;;;ja;;;;;ja
Innenecke 3 Anschlüsse für Hohlkehlprofil Metalldruckguss eloxiert silber für 28 mm 1 Stück;;;18118400XI3D;Dural GmbH;10000;20,5;;DISCOUNT_PCT;50;;DISCOUNT_PCT;40;;;;;;;;;;020.090.0250;;;;;;;;;;;;;;;;;;;;;;;ja;;;;;;;;;;;;;;;;;;ja;;;;;ja
Hohlkehlprofil Metalldruckguss eloxiert silber 28 mm;;;18118400XK;Dural GmbH;10000;10,26;;DISCOUNT_PCT;50;;DISCOUNT_PCT;40;;;;;;;;;;020.090.0260;;;;;;;;;;;;;;;;;;;;;;;ja;;;;;;;;;;;;;;;;;;ja;;;;;ja
Hohlkehlprofil Aluminium pulverbeschichtet schwarz matt (RAL 9005) 28 mm Länge 250 cm;;;18118411;Dural GmbH;10000;19,86;;DISCOUNT_PCT;50;;DISCOUNT_PCT;40;;;;;;;;;;020.090.0270;;;;;;;;;;;;;;;;;;;;;;;ja;;;;;;;;;;;;;;;;;;ja;;;;;ja
Aussenecke für Hohlkehlprofil Metalldruckguss pulverbeschichtet schwarz matt (RAL 9005) für 28 mm 1 Stück;;;18118411X;Dural GmbH;10000;20,5;;DISCOUNT_PCT;50;;DISCOUNT_PCT;40;;;;;;;;;;020.090.0280;;;;;;;;;;;;;;;;;;;;;;;ja;;;;;;;;;;;;;;;;;;ja;;;;;ja
Innenecke für Hohlkehlprofil Metalldruckguss pulverbeschichtet schwarz matt (RAL 9005) für 28 mm 1 Stück;;;18118411XI;Dural GmbH;10000;20,5;;DISCOUNT_PCT;50;;DISCOUNT_PCT;40;;;;;;;;;;020.090.0290;;;;;;;;;;;;;;;;;;;;;;;ja;;;;;;;;;;;;;;;;;;ja;;;;;ja
Innenecke 3 Anschlüsse für Hohlkehlprofil Metalldruckguss pulverbeschichtet schwarz matt (RAL 9005) für 28 mm 1 Stück;;;18118411XI3D;Dural GmbH;10000;20,5;;DISCOUNT_PCT;50;;DISCOUNT_PCT;40;;;;;;;;;;020.090.0300;;;;;;;;;;;;;;;;;;;;;;;ja;;;;;;;;;;;;;;;;;;ja;;;;;ja
Hohlkehlprofil Metalldruckguss pulverbeschichtet schwarz matt (RAL 9005) 28 mm;;;18118411XK;Dural GmbH;10000;10,26;;DISCOUNT_PCT;50;;DISCOUNT_PCT;40;;;;;;;;;;020.090.0310;;;;;;;;;;;;;;;;;;;;;;;ja;;;;;;;;;;;;;;;;;;ja;;;;;ja
Wand-Boden-Anschlussprofil Aluminium eloxiert titan 12 mm Länge 250 cm;;;18168120;Dural GmbH;10000;6,82;;DISCOUNT_PCT;50;;DISCOUNT_PCT;40;;;;;;;;;;020.090.0320;;;;;;;;;;;;;;;;;;;;;;;ja;;;;;;;;;;;;;;;;;;ja;;;;;ja
Aussenecke für Wand-Boden-Anschlussprofil Metalldruckguss eloxiert titan für 12 mm 2 Stück;;;18168121;Dural GmbH;10000;5,68;;DISCOUNT_PCT;50;;DISCOUNT_PCT;40;;;;;;;;;;020.090.0330;;;;;;;;;;;;;;;;;;;;;;;ja;;;;;;;;;;;;;;;;;;ja;;;;;ja
Innenecke für Wand-Boden-Anschlussprofil Metalldruckguss eloxiert titan für 12 mm 2 Stück;;;18168122;Dural GmbH;10000;5,68;;DISCOUNT_PCT;50;;DISCOUNT_PCT;40;;;;;;;;;;020.090.0340;;;;;;;;;;;;;;;;;;;;;;;ja;;;;;;;;;;;;;;;;;;ja;;;;;ja
Innenecke 3 Anschlüsse für Wand-Boden-Anschlussprofil Metalldruckguss eloxiert titan für 12 mm 2 Stück;;;18168123;Dural GmbH;10000;5,68;;DISCOUNT_PCT;50;;DISCOUNT_PCT;40;;;;;;;;;;020.090.0350;;;;;;;;;;;;;;;;;;;;;;;ja;;;;;;;;;;;;;;;;;;ja;;;;;ja
Endkappe links für Wand-Boden-Anschlussprofil Metalldruckguss eloxiert titan für 12 mm 2 Stück;;;18168124;Dural GmbH;10000;5,68;;DISCOUNT_PCT;50;;DISCOUNT_PCT;40;;;;;;;;;;020.090.0360;;;;;;;;;;;;;;;;;;;;;;;ja;;;;;;;;;;;;;;;;;;ja;;;;;ja
Endkappe rechts für Wand-Boden-Anschlussprofil Metalldruckguss eloxiert titan für 12 mm 2 Stück;;;18168125;Dural GmbH;10000;5,68;;DISCOUNT_PCT;50;;DISCOUNT_PCT;40;;;;;;;;;;020.090.0370;;;;;;;;;;;;;;;;;;;;;;;ja;;;;;;;;;;;;;;;;;;ja;;;;;ja
Wand-Boden-Anschlussprofil Aluminium eloxiert titan 16 mm Länge 250 cm;;;18168160;Dural GmbH;10000;9,3;;DISCOUNT_PCT;50;;DISCOUNT_PCT;40;;;;;;;;;;020.090.0380;;;;;;;;;;;;;;;;;;;;;;;ja;;;;;;;;;;;;;;;;;;ja;;;;;ja
Aussenecke für Wand-Boden-Anschlussprofil Metalldruckguss eloxiert titan für 16 mm 2 Stück;;;18168161;Dural GmbH;10000;5,68;;DISCOUNT_PCT;50;;DISCOUNT_PCT;40;;;;;;;;;;020.090.0390;;;;;;;;;;;;;;;;;;;;;;;ja;;;;;;;;;;;;;;;;;;ja;;;;;ja
Innenecke für Wand-Boden-Anschlussprofil Metalldruckguss eloxiert titan für 16 mm 2 Stück;;;18168162;Dural GmbH;10000;5,68;;DISCOUNT_PCT;50;;DISCOUNT_PCT;40;;;;;;;;;;020.090.0400;;;;;;;;;;;;;;;;;;;;;;;ja;;;;;;;;;;;;;;;;;;ja;;;;;ja
Innenecke 3 Anschlüsse für Wand-Boden-Anschlussprofil Metalldruckguss eloxiert titan für 16 mm 2 Stück;;;18168163;Dural GmbH;10000;5,68;;DISCOUNT_PCT;50;;DISCOUNT_PCT;40;;;;;;;;;;020.090.0410;;;;;;;;;;;;;;;;;;;;;;;ja;;;;;;;;;;;;;;;;;;ja;;;;;ja
Endkappe links für Wand-Boden-Anschlussprofil Metalldruckguss eloxiert titan für 16 mm 2 Stück;;;18168164;Dural GmbH;10000;5,68;;DISCOUNT_PCT;50;;DISCOUNT_PCT;40;;;;;;;;;;020.090.0420;;;;;;;;;;;;;;;;;;;;;;;ja;;;;;;;;;;;;;;;;;;ja;;;;;ja
Endkappe rechts für Wand-Boden-Anschlussprofil Metalldruckguss eloxiert titan für 16 mm 2 Stück;;;18168165;Dural GmbH;10000;5,68;;DISCOUNT_PCT;50;;DISCOUNT_PCT;40;;;;;;;;;;020.090.0430;;;;;;;;;;;;;;;;;;;;;;;ja;;;;;;;;;;;;;;;;;;ja;;;;;ja
Wand-Boden-Anschlussprofil Aluminium eloxiert titan 22 mm Länge 250 cm;;;18168220;Dural GmbH;10000;11,76;;DISCOUNT_PCT;50;;DISCOUNT_PCT;40;;;;;;;;;;020.090.0440;;;;;;;;;;;;;;;;;;;;;;;ja;;;;;;;;;;;;;;;;;;ja;;;;;ja
Aussenecke für Wand-Boden-Anschlussprofil Metalldruckguss eloxiert titan für 22 mm 2 Stück;;;18168221;Dural GmbH;10000;5,68;;DISCOUNT_PCT;50;;DISCOUNT_PCT;40;;;;;;;;;;020.090.0450;;;;;;;;;;;;;;;;;;;;;;;ja;;;;;;;;;;;;;;;;;;ja;;;;;ja
Innenecke für Wand-Boden-Anschlussprofil Metalldruckguss eloxiert titan für 22 mm 2 Stück;;;18168222;Dural GmbH;10000;5,68;;DISCOUNT_PCT;50;;DISCOUNT_PCT;40;;;;;;;;;;020.090.0460;;;;;;;;;;;;;;;;;;;;;;;ja;;;;;;;;;;;;;;;;;;ja;;;;;ja
Innenecke 3 Anschlüsse für Wand-Boden-Anschlussprofil Metalldruckguss eloxiert titan für 22 mm 2 Stück;;;18168223;Dural GmbH;10000;5,68;;DISCOUNT_PCT;50;;DISCOUNT_PCT;40;;;;;;;;;;020.090.0470;;;;;;;;;;;;;;;;;;;;;;;ja;;;;;;;;;;;;;;;;;;ja;;;;;ja
Endkappe links für Wand-Boden-Anschlussprofil Metalldruckguss eloxiert titan für 22 mm 2 Stück;;;18168224;Dural GmbH;10000;5,68;;DISCOUNT_PCT;50;;DISCOUNT_PCT;40;;;;;;;;;;020.090.0480;;;;;;;;;;;;;;;;;;;;;;;ja;;;;;;;;;;;;;;;;;;ja;;;;;ja
Endkappe rechts für Wand-Boden-Anschlussprofil Metalldruckguss eloxiert titan für 22 mm 2 Stück;;;18168225;Dural GmbH;10000;5,68;;DISCOUNT_PCT;50;;DISCOUNT_PCT;40;;;;;;;;;;020.090.0490;;;;;;;;;;;;;;;;;;;;;;;ja;;;;;;;;;;;;;;;;;;ja;;;;;ja
Wand-Boden-Anschlussprofil Aluminium pulverbeschichtet weiss 12 mm Länge 250 cm;;;18308120;Dural GmbH;10000;8,78;;DISCOUNT_PCT;50;;DISCOUNT_PCT;40;;;;;;;;;;020.090.0500;;;;;;;;;;;;;;;;;;;;;;;ja;;;;;;;;;;;;;;;;;;ja;;;;;ja
Aussenecke für Wand-Boden-Anschlussprofil Metalldruckguss pulverbeschichtet weiss für 12 mm 2 Stück;;;18308121;Dural GmbH;10000;5,68;;DISCOUNT_PCT;50;;DISCOUNT_PCT;40;;;;;;;;;;020.090.0510;;;;;;;;;;;;;;;;;;;;;;;ja;;;;;;;;;;;;;;;;;;ja;;;;;ja
Innenecke für Wand-Boden-Anschlussprofil Metalldruckguss pulverbeschichtet weiss für 12 mm 2 Stück;;;18308122;Dural GmbH;10000;5,68;;DISCOUNT_PCT;50;;DISCOUNT_PCT;40;;;;;;;;;;020.090.0520;;;;;;;;;;;;;;;;;;;;;;;ja;;;;;;;;;;;;;;;;;;ja;;;;;ja
Innenecke 3 Anschlüsse für Wand-Boden-Anschlussprofil Metalldruckguss pulverbeschichtet weiss für 12 mm 2 Stück;;;18308123;Dural GmbH;10000;5,68;;DISCOUNT_PCT;50;;DISCOUNT_PCT;40;;;;;;;;;;020.090.0530;;;;;;;;;;;;;;;;;;;;;;;ja;;;;;;;;;;;;;;;;;;ja;;;;;ja
Endkappe links für Wand-Boden-Anschlussprofil Metalldruckguss pulverbeschichtet weiss für 12 mm 2 Stück;;;18308124;Dural GmbH;10000;5,68;;DISCOUNT_PCT;50;;DISCOUNT_PCT;40;;;;;;;;;;020.090.0540;;;;;;;;;;;;;;;;;;;;;;;ja;;;;;;;;;;;;;;;;;;ja;;;;;ja
Endkappe rechts für Wand-Boden-Anschlussprofil Metalldruckguss pulverbeschichtet weiss für 12 mm 2 Stück;;;18308125;Dural GmbH;10000;5,68;;DISCOUNT_PCT;50;;DISCOUNT_PCT;40;;;;;;;;;;020.090.0550;;;;;;;;;;;;;;;;;;;;;;;ja;;;;;;;;;;;;;;;;;;ja;;;;;ja
Wand-Boden-Anschlussprofil Aluminium pulverbeschichtet weiss 16 mm Länge 250 cm;;;18308160;Dural GmbH;10000;11,66;;DISCOUNT_PCT;50;;DISCOUNT_PCT;40;;;;;;;;;;020.090.0560;;;;;;;;;;;;;;;;;;;;;;;ja;;;;;;;;;;;;;;;;;;ja;;;;;ja
Aussenecke für Wand-Boden-Anschlussprofil Metalldruckguss pulverbeschichtet weiss für 16 mm 2 Stück;;;18308161;Dural GmbH;10000;5,68;;DISCOUNT_PCT;50;;DISCOUNT_PCT;40;;;;;;;;;;020.090.0570;;;;;;;;;;;;;;;;;;;;;;;ja;;;;;;;;;;;;;;;;;;ja;;;;;ja
Innenecke für Wand-Boden-Anschlussprofil Metalldruckguss pulverbeschichtet weiss für 16 mm 2 Stück;;;18308162;Dural GmbH;10000;5,68;;DISCOUNT_PCT;50;;DISCOUNT_PCT;40;;;;;;;;;;020.090.0580;;;;;;;;;;;;;;;;;;;;;;;ja;;;;;;;;;;;;;;;;;;ja;;;;;ja
Innenecke 3 Anschlüsse für Wand-Boden-Anschlussprofil Metalldruckguss pulverbeschichtet weiss für 16 mm 2 Stück;;;18308163;Dural GmbH;10000;5,68;;DISCOUNT_PCT;50;;DISCOUNT_PCT;40;;;;;;;;;;020.090.0590;;;;;;;;;;;;;;;;;;;;;;;ja;;;;;;;;;;;;;;;;;;ja;;;;;ja
Endkappe links für Wand-Boden-Anschlussprofil Metalldruckguss pulverbeschichtet weiss für 16 mm 2 Stück;;;18308164;Dural GmbH;10000;5,68;;DISCOUNT_PCT;50;;DISCOUNT_PCT;40;;;;;;;;;;020.090.0600;;;;;;;;;;;;;;;;;;;;;;;ja;;;;;;;;;;;;;;;;;;ja;;;;;ja
Endkappe rechts für Wand-Boden-Anschlussprofil Metalldruckguss pulverbeschichtet weiss für 16 mm 2 Stück;;;18308165;Dural GmbH;10000;5,68;;DISCOUNT_PCT;50;;DISCOUNT_PCT;40;;;;;;;;;;020.090.0610;;;;;;;;;;;;;;;;;;;;;;;ja;;;;;;;;;;;;;;;;;;ja;;;;;ja
Wand-Boden-Anschlussprofil Aluminium pulverbeschichtet weiss 22 mm Länge 250 cm;;;18308220;Dural GmbH;10000;14,54;;DISCOUNT_PCT;50;;DISCOUNT_PCT;40;;;;;;;;;;020.090.0620;;;;;;;;;;;;;;;;;;;;;;;ja;;;;;;;;;;;;;;;;;;ja;;;;;ja
Aussenecke für Wand-Boden-Anschlussprofil Metalldruckguss pulverbeschichtet weiss für 22 mm 2 Stück;;;18308221;Dural GmbH;10000;5,68;;DISCOUNT_PCT;50;;DISCOUNT_PCT;40;;;;;;;;;;020.090.0630;;;;;;;;;;;;;;;;;;;;;;;ja;;;;;;;;;;;;;;;;;;ja;;;;;ja
Innenecke für Wand-Boden-Anschlussprofil Metalldruckguss pulverbeschichtet weiss für 22 mm 2 Stück;;;18308222;Dural GmbH;10000;5,68;;DISCOUNT_PCT;50;;DISCOUNT_PCT;40;;;;;;;;;;020.090.0640;;;;;;;;;;;;;;;;;;;;;;;ja;;;;;;;;;;;;;;;;;;ja;;;;;ja
Innenecke 3 Anschlüsse für Wand-Boden-Anschlussprofil Metalldruckguss pulverbeschichtet weiss für 22 mm 2 Stück;;;18308223;Dural GmbH;10000;5,68;;DISCOUNT_PCT;50;;DISCOUNT_PCT;40;;;;;;;;;;020.090.0650;;;;;;;;;;;;;;;;;;;;;;;ja;;;;;;;;;;;;;;;;;;ja;;;;;ja
Endkappe links für Wand-Boden-Anschlussprofil Metalldruckguss pulverbeschichtet weiss für 22 mm 2 Stück;;;18308224;Dural GmbH;10000;5,68;;DISCOUNT_PCT;50;;DISCOUNT_PCT;40;;;;;;;;;;020.090.0660;;;;;;;;;;;;;;;;;;;;;;;ja;;;;;;;;;;;;;;;;;;ja;;;;;ja
Endkappe rechts für Wand-Boden-Anschlussprofil Metalldruckguss pulverbeschichtet weiss für 22 mm 2 Stück;;;18308225;Dural GmbH;10000;5,68;;DISCOUNT_PCT;50;;DISCOUNT_PCT;40;;;;;;;;;;020.090.0670;;;;;;;;;;;;;;;;;;;;;;;ja;;;;;;;;;;;;;;;;;;ja;;;;;ja
Hohlkehlprofil Aluminium pulverbeschichtet weiss 28 mm Länge 250 cm;;;18308400;Dural GmbH;10000;19,86;;DISCOUNT_PCT;50;;DISCOUNT_PCT;40;;;;;;;;;;020.090.0680;;;;;;;;;;;;;;;;;;;;;;;ja;;;;;;;;;;;;;;;;;;ja;;;;;ja
Aussenecke für Hohlkehlprofil Metalldruckguss pulverbeschichtet weiss für 28 mm 1 Stück;;;18308400X;Dural GmbH;10000;20,5;;DISCOUNT_PCT;50;;DISCOUNT_PCT;40;;;;;;;;;;020.090.0690;;;;;;;;;;;;;;;;;;;;;;;ja;;;;;;;;;;;;;;;;;;ja;;;;;ja
Innenecke für Hohlkehlprofil Metalldruckguss pulverbeschichtet weiss für 28 mm 1 Stück;;;18308400XI;Dural GmbH;10000;20,5;;DISCOUNT_PCT;50;;DISCOUNT_PCT;40;;;;;;;;;;020.090.0700;;;;;;;;;;;;;;;;;;;;;;;ja;;;;;;;;;;;;;;;;;;ja;;;;;ja
Innenecke 3 Anschlüsse für Hohlkehlprofil Metalldruckguss pulverbeschichtet weiss für 28 mm 1 Stück;;;18308400XI3D;Dural GmbH;10000;20,5;;DISCOUNT_PCT;50;;DISCOUNT_PCT;40;;;;;;;;;;020.090.0710;;;;;;;;;;;;;;;;;;;;;;;ja;;;;;;;;;;;;;;;;;;ja;;;;;ja
Hohlkehlprofil Metalldruckguss pulverbeschichtet weiss 28 mm;;;18308400XK;Dural GmbH;10000;10,26;;DISCOUNT_PCT;50;;DISCOUNT_PCT;40;;;;;;;;;;020.090.0720;;;;;;;;;;;;;;;;;;;;;;;ja;;;;;;;;;;;;;;;;;;ja;;;;;ja
Übergangsprofil breite Ausführung Aluminium unbehandelt 11 mm Länge 250 cm;;;19108111;Dural GmbH;10000;28,1;;DISCOUNT_PCT;50;;DISCOUNT_PCT;40;;;;;;;;;;020.100.0010;;;;;;;;;;;;;;;;;;;;;;;ja;;;;;;;;;;;;;;;;;;ja;;;;;ja
Übergangsprofil breite Ausführung Aluminium unbehandelt 12,5 mm Länge 250 cm;;;19108121;Dural GmbH;10000;31,96;;DISCOUNT_PCT;50;;DISCOUNT_PCT;40;;;;;;;;;;020.100.0020;;;;;;;;;;;;;;;;;;;;;;;ja;;;;;;;;;;;;;;;;;;ja;;;;;ja
Übergangsprofil breite Ausführung Aluminium unbehandelt 15 mm Länge 250 cm;;;19108151;Dural GmbH;10000;35,06;;DISCOUNT_PCT;50;;DISCOUNT_PCT;40;;;;;;;;;;020.100.0030;;;;;;;;;;;;;;;;;;;;;;;ja;;;;;;;;;;;;;;;;;;ja;;;;;ja
Höhenausgleichsprofil Aluminium unbehandelt 10 mm Länge 250 cm;;;19111100;Dural GmbH;10000;6,54;;DISCOUNT_PCT;50;;DISCOUNT_PCT;40;;;;;;;;;;020.090.0730;;;;;;;;;;;;;;;;;;;;;;;ja;;;;;;;;;;;;;;;;;;ja;;;;;ja
Höhenausgleichsprofil Aluminium unbehandelt 12,5 mm Länge 250 cm;;;19111120;Dural GmbH;10000;7,2;;DISCOUNT_PCT;50;;DISCOUNT_PCT;40;;;;;;;;;;020.090.0740;;;;;;;;;;;;;;;;;;;;;;;ja;;;;;;;;;;;;;;;;;;ja;;;;;ja
Höhenausgleichsprofil Aluminium pulverbeschichtet schwarz matt (RAL 9005) 10 mm Länge 250 cm;;;19112100;Dural GmbH;10000;10,5;;DISCOUNT_PCT;50;;DISCOUNT_PCT;40;;;;;;;;;;020.090.0750;;;;;;;;;;;;;;;;;;;;;;;ja;;;;;;;;;;;;;;;;;;ja;;;;;ja
Höhenausgleichsprofil Aluminium pulverbeschichtet schwarz matt (RAL 9005) 12,5 mm Länge 250 cm;;;19112120;Dural GmbH;10000;10,94;;DISCOUNT_PCT;50;;DISCOUNT_PCT;40;;;;;;;;;;020.090.0760;;;;;;;;;;;;;;;;;;;;;;;ja;;;;;;;;;;;;;;;;;;ja;;;;;ja
Höhenausgleichsprofil Aluminium eloxiert silber 10 mm Länge 250 cm;;;19118100;Dural GmbH;10000;8,32;;DISCOUNT_PCT;50;;DISCOUNT_PCT;40;;;;;;;;;;020.090.0770;;;;;;;;;;;;;;;;;;;;;;;ja;;;;;;;;;;;;;;;;;;ja;;;;;ja
Übergangsprofil breite Ausführung Aluminium eloxiert silber 11 mm Länge 250 cm;;;19118111;Dural GmbH;10000;38,56;;DISCOUNT_PCT;50;;DISCOUNT_PCT;40;;;;;;;;;;020.100.0040;;;;;;;;;;;;;;;;;;;;;;;ja;;;;;;;;;;;;;;;;;;ja;;;;;ja
Höhenausgleichsprofil Aluminium eloxiert silber 12,5 mm Länge 250 cm;;;19118120;Dural GmbH;10000;8,76;;DISCOUNT_PCT;50;;DISCOUNT_PCT;40;;;;;;;;;;020.090.0780;;;;;;;;;;;;;;;;;;;;;;;ja;;;;;;;;;;;;;;;;;;ja;;;;;ja
Übergangsprofil breite Ausführung Aluminium eloxiert silber 12,5 mm Länge 250 cm;;;19118121;Dural GmbH;10000;42,28;;DISCOUNT_PCT;50;;DISCOUNT_PCT;40;;;;;;;;;;020.100.0050;;;;;;;;;;;;;;;;;;;;;;;ja;;;;;;;;;;;;;;;;;;ja;;;;;ja
Übergangsprofil breite Ausführung Aluminium eloxiert silber 15 mm Länge 250 cm;;;19118151;Dural GmbH;10000;45,5;;DISCOUNT_PCT;50;;DISCOUNT_PCT;40;;;;;;;;;;020.100.0060;;;;;;;;;;;;;;;;;;;;;;;ja;;;;;;;;;;;;;;;;;;ja;;;;;ja
Übergangsprofil breite Ausführung Aluminium pulverbeschichtet schwarz matt (RAL 9005) 11 mm Länge 250 cm;;;19178111;Dural GmbH;10000;40,46;;DISCOUNT_PCT;50;;DISCOUNT_PCT;40;;;;;;;;;;020.090.0790;;;;;;;;;;;;;;;;;;;;;;;ja;;;;;;;;;;;;;;;;;;ja;;;;;ja
Übergangsprofil breite Ausführung Aluminium pulverbeschichtet schwarz matt (RAL 9005) 12,5 mm Länge 250 cm;;;19178121;Dural GmbH;10000;44,38;;DISCOUNT_PCT;50;;DISCOUNT_PCT;40;;;;;;;;;;020.090.0800;;;;;;;;;;;;;;;;;;;;;;;ja;;;;;;;;;;;;;;;;;;ja;;;;;ja
Übergangsprofil breite Ausführung Aluminium pulverbeschichtet schwarz matt (RAL 9005) 15 mm Länge 250 cm;;;19178151;Dural GmbH;10000;47,78;;DISCOUNT_PCT;50;;DISCOUNT_PCT;40;;;;;;;;;;020.090.0810;;;;;;;;;;;;;;;;;;;;;;;ja;;;;;;;;;;;;;;;;;;ja;;;;;ja
Übergangsprofil breite Ausführung Aluminium pulverbeschichtet schwarz matt (RAL 9005) 20 mm Länge 250 cm;;;19178201;Dural GmbH;10000;52,62;;DISCOUNT_PCT;50;;DISCOUNT_PCT;40;;;;;;;;;;020.090.0820;;;;;;;;;;;;;;;;;;;;;;;ja;;;;;;;;;;;;;;;;;;ja;;;;;ja
Höhenausgleichsprofil Aluminium unbehandelt 8 mm Länge 250 cm;;;21108080;Dural GmbH;10000;10,1;;DISCOUNT_PCT;50;;DISCOUNT_PCT;40;;;;;;;;;;020.100.0070;;;;;;;;;;;;;;;;;;;;;;;ja;;;;;;;;;;;;;;;;;;ja;;;;;ja
Übergangsprofil breite Ausführung Aluminium unbehandelt 20 mm Länge 250 cm;;;21108201;Dural GmbH;10000;37,68;;DISCOUNT_PCT;50;;DISCOUNT_PCT;40;;;;;;;;;;020.100.0080;;;;;;;;;;;;;;;;;;;;;;;ja;;;;;;;;;;;;;;;;;;ja;;;;;ja
Höhenausgleichsprofil Aluminium eloxiert silber 8 mm Länge 250 cm;;;21118080;Dural GmbH;10000;14,36;;DISCOUNT_PCT;50;;DISCOUNT_PCT;40;;;;;;;;;;020.100.0090;;;;;;;;;;;;;;;;;;;;;;;ja;;;;;;;;;;;;;;;;;;ja;;;;;ja
Übergangsprofil Aluminium eloxiert silber 9 mm Länge 250 cm;;;21118090;Dural GmbH;10000;12,36;;DISCOUNT_PCT;50;;DISCOUNT_PCT;40;;;;;;;;;;020.100.0100;;;;;;;;;;;;;;;;;;;;;;;ja;;;;;;;;;;;;;;;;;;ja;;;;;ja
Übergangsprofil Aluminium eloxiert silber 11 mm Länge 250 cm;;;21118110;Dural GmbH;10000;14,36;;DISCOUNT_PCT;50;;DISCOUNT_PCT;40;;;;;;;;;;020.100.0110;;;;;;;;;;;;;;;;;;;;;;;ja;;;;;;;;;;;;;;;;;;ja;;;;;ja
Übergangsprofil Aluminium eloxiert silber 12,5 mm Länge 250 cm;;;21118120;Dural GmbH;10000;19,18;;DISCOUNT_PCT;50;;DISCOUNT_PCT;40;;;;;;;;;;020.100.0120;;;;;;;;;;;;;;;;;;;;;;;ja;;;;;;;;;;;;;;;;;;ja;;;;;ja
Übergangsprofil breite Ausführung Aluminium eloxiert silber 20 mm Länge 250 cm;;;21118201;Dural GmbH;10000;50,14;;DISCOUNT_PCT;50;;DISCOUNT_PCT;40;;;;;;;;;;020.100.0130;;;;;;;;;;;;;;;;;;;;;;;ja;;;;;;;;;;;;;;;;;;ja;;;;;ja
Übergangsprofil Aluminium pulverbeschichtet schwarz matt (RAL 9005) 9 mm Länge 250 cm;;;21178090;Dural GmbH;10000;12,98;;DISCOUNT_PCT;50;;DISCOUNT_PCT;40;;;;;;;;;;020.100.0140;;;;;;;;;;;;;;;;;;;;;;;ja;;;;;;;;;;;;;;;;;;ja;;;;;ja
Übergangsprofil Aluminium pulverbeschichtet schwarz matt (RAL 9005) 11 mm Länge 250 cm;;;21178110;Dural GmbH;10000;15,1;;DISCOUNT_PCT;50;;DISCOUNT_PCT;40;;;;;;;;;;020.100.0150;;;;;;;;;;;;;;;;;;;;;;;ja;;;;;;;;;;;;;;;;;;ja;;;;;ja
Übergangsprofil Aluminium pulverbeschichtet schwarz matt (RAL 9005) 12,5 mm Länge 250 cm;;;21178125;Dural GmbH;10000;20,14;;DISCOUNT_PCT;50;;DISCOUNT_PCT;40;;;;;;;;;;020.100.0160;;;;;;;;;;;;;;;;;;;;;;;ja;;;;;;;;;;;;;;;;;;ja;;;;;ja
Quadratisches Abschlussprofil Aluminium pulverbeschichtet schwarz matt (RAL 9005) 7 mm Länge 250 cm;;;2300003;Dural GmbH;10000;11,42;;DISCOUNT_PCT;50;;DISCOUNT_PCT;40;;;;;;;;;;020.030.3570;;;;;;;;;;;;;;;;;;;;;;;ja;;;;;;;;;;;;;;;;;;ja;;;;;ja
Quadratisches Abschlussprofil Aluminium pulverbeschichtet schwarz matt (RAL 9005) 7 mm Länge 300 cm;;;2300004;Dural GmbH;10000;11,42;;DISCOUNT_PCT;50;;DISCOUNT_PCT;40;;;;;;;;;;020.030.3580;;;;;;;;;;;;;;;;;;;;;;;ja;;;;;;;;;;;;;;;;;;ja;;;;;ja
T-Übergangsprofil Messing unbehandelt 9 mm Breite 14 mm Länge 250 cm;;;30018140;Dural GmbH;10000;12,72;;DISCOUNT_PCT;50;;DISCOUNT_PCT;40;;;;;;;;;;020.100.0170;;;;;;;;;;;;;;;;;;;;;;;ja;;;;;;;;;;;;;;;;;;ja;;;;;ja
T-Übergangsprofil Messing hochglanzpoliert 7 mm Breite 14 mm Länge 250 cm;;;30018141;Dural GmbH;10000;20,66;;DISCOUNT_PCT;50;;DISCOUNT_PCT;40;;;;;;;;;;020.100.0180;;;;;;;;;;;;;;;;;;;;;;;ja;;;;;;;;;;;;;;;;;;ja;;;;;ja
T-Übergangsprofil Messing unbehandelt 7 mm Breite 25 mm Länge 250 cm;;;30018250;Dural GmbH;10000;23,36;;DISCOUNT_PCT;50;;DISCOUNT_PCT;40;;;;;;;;;;020.100.0190;;;;;;;;;;;;;;;;;;;;;;;ja;;;;;;;;;;;;;;;;;;ja;;;;;ja
T-Übergangsprofil Messing hochglanzpoliert 7 mm Breite 25 mm Länge 250 cm;;;30018251;Dural GmbH;10000;31,18;;DISCOUNT_PCT;50;;DISCOUNT_PCT;40;;;;;;;;;;020.100.0200;;;;;;;;;;;;;;;;;;;;;;;ja;;;;;;;;;;;;;;;;;;ja;;;;;ja
Trennprofil Messing unbehandelt 10 mm Breite 5 mm Länge 250 cm;;;300185310;Dural GmbH;10000;10,84;;DISCOUNT_PCT;50;;DISCOUNT_PCT;40;;;;;;;;;;020.110.0170;;;;;;;;;;;;;;;;;;;;;;;ja;;;;;;;;;;;;;;;;;;ja;;;;;ja
Trennprofil Messing unbehandelt 25 mm Breite 5 mm Länge 250 cm;;;300185325;Dural GmbH;10000;18,92;;DISCOUNT_PCT;50;;DISCOUNT_PCT;40;;;;;;;;;;020.110.0180;;;;;;;;;;;;;;;;;;;;;;;ja;;;;;;;;;;;;;;;;;;ja;;;;;ja
T-Übergangsprofil Edelstahl (V2A, 304) hochglanzpoliert 7 mm Breite 14 mm Länge 250 cm;;;30028140;Dural GmbH;10000;25,96;;DISCOUNT_PCT;50;;DISCOUNT_PCT;40;;;;;;;;;;020.100.0210;;;;;;;;;;;;;;;;;;;;;;;ja;;;;;;;;;;;;;;;;;;ja;;;;;ja
T-Übergangsprofil Edelstahl (V2A, 304) gebürstet 7 mm Breite 14 mm Länge 250 cm;;;30028141;Dural GmbH;10000;25,96;;DISCOUNT_PCT;50;;DISCOUNT_PCT;40;;;;;;;;;;020.100.0220;;;;;;;;;;;;;;;;;;;;;;;ja;;;;;;;;;;;;;;;;;;ja;;;;;ja
T-Übergangsprofil Edelstahl (V2A, 304) unbehandelt 7 mm Breite 14 mm Länge 250 cm;;;30028142;Dural GmbH;10000;15,82;;DISCOUNT_PCT;50;;DISCOUNT_PCT;40;;;;;;;;;;020.100.0230;;;;;;;;;;;;;;;;;;;;;;;ja;;;;;;;;;;;;;;;;;;ja;;;;;ja
T-Übergangsprofil Edelstahl (V2A, 304) hochglanzpoliert 7 mm Breite 25 mm Länge 250 cm;;;30028250;Dural GmbH;10000;36,26;;DISCOUNT_PCT;50;;DISCOUNT_PCT;40;;;;;;;;;;020.100.0240;;;;;;;;;;;;;;;;;;;;;;;ja;;;;;;;;;;;;;;;;;;ja;;;;;ja
T-Übergangsprofil Edelstahl (V2A, 304) gebürstet 7 mm Breite 25 mm Länge 250 cm;;;30028251;Dural GmbH;10000;36,26;;DISCOUNT_PCT;50;;DISCOUNT_PCT;40;;;;;;;;;;020.100.0250;;;;;;;;;;;;;;;;;;;;;;;ja;;;;;;;;;;;;;;;;;;ja;;;;;ja
T-Übergangsprofil Edelstahl (V2A, 304) unbehandelt 7 mm Breite 25 mm Länge 250 cm;;;30028252;Dural GmbH;10000;20,38;;DISCOUNT_PCT;50;;DISCOUNT_PCT;40;;;;;;;;;;020.100.0260;;;;;;;;;;;;;;;;;;;;;;;ja;;;;;;;;;;;;;;;;;;ja;;;;;ja
T-Übergangsprofil Aluminium unbehandelt Breite 14 mm Länge 250 cm;;;30108140;Dural GmbH;10000;3,86;;DISCOUNT_PCT;50;;DISCOUNT_PCT;40;;;;;;;;;;020.100.0270;;;;;;;;;;;;;;;;;;;;;;;ja;;;;;;;;;;;;;;;;;;ja;;;;;ja
T-Übergangsprofil Aluminium unbehandelt Breite 25 mm Länge 250 cm;;;30108250;Dural GmbH;10000;6,62;;DISCOUNT_PCT;50;;DISCOUNT_PCT;40;;;;;;;;;;020.100.0280;;;;;;;;;;;;;;;;;;;;;;;ja;;;;;;;;;;;;;;;;;;ja;;;;;ja
T-Übergangsprofil Aluminium eloxiert silber Breite 14 mm Länge 250 cm;;;30118140;Dural GmbH;10000;5,94;;DISCOUNT_PCT;50;;DISCOUNT_PCT;40;;;;;;;;;;020.100.0290;;;;;;;;;;;;;;;;;;;;;;;ja;;;;;;;;;;;;;;;;;;ja;;;;;ja
T-Übergangsprofil Aluminium eloxiert silber Breite 25 mm Länge 250 cm;;;30118250;Dural GmbH;10000;10,5;;DISCOUNT_PCT;50;;DISCOUNT_PCT;40;;;;;;;;;;020.100.0300;;;;;;;;;;;;;;;;;;;;;;;ja;;;;;;;;;;;;;;;;;;ja;;;;;ja
T-Übergangsprofil Aluminium eloxiert gold Breite 14 mm Länge 250 cm;;;30128140;Dural GmbH;10000;6,82;;DISCOUNT_PCT;50;;DISCOUNT_PCT;40;;;;;;;;;;020.100.0310;;;;;;;;;;;;;;;;;;;;;;;ja;;;;;;;;;;;;;;;;;;ja;;;;;ja
T-Übergangsprofil Aluminium eloxiert gold Breite 25 mm Länge 250 cm;;;30128250;Dural GmbH;10000;11,76;;DISCOUNT_PCT;50;;DISCOUNT_PCT;40;;;;;;;;;;020.100.0320;;;;;;;;;;;;;;;;;;;;;;;ja;;;;;;;;;;;;;;;;;;ja;;;;;ja
T-Übergangsprofil Messing verchromt chrom 9 mm Breite 14 mm Länge 250 cm;;;30158140;Dural GmbH;10000;28,62;;DISCOUNT_PCT;50;;DISCOUNT_PCT;40;;;;;;;;;;020.100.0330;;;;;;;;;;;;;;;;;;;;;;;ja;;;;;;;;;;;;;;;;;;ja;;;;;ja
T-Übergangsprofil Messing verchromt chrom 7 mm Breite 25 mm Länge 250 cm;;;30158250;Dural GmbH;10000;39,14;;DISCOUNT_PCT;50;;DISCOUNT_PCT;40;;;;;;;;;;020.100.0340;;;;;;;;;;;;;;;;;;;;;;;ja;;;;;;;;;;;;;;;;;;ja;;;;;ja
T-Übergangsprofil Aluminium eloxiert titan Breite 14 mm Länge 250 cm;;;30168140;Dural GmbH;10000;6,82;;DISCOUNT_PCT;50;;DISCOUNT_PCT;40;;;;;;;;;;020.100.0350;;;;;;;;;;;;;;;;;;;;;;;ja;;;;;;;;;;;;;;;;;;ja;;;;;ja
T-Übergangsprofil Aluminium eloxiert titan Breite 25 mm Länge 250 cm;;;30168250;Dural GmbH;10000;11,76;;DISCOUNT_PCT;50;;DISCOUNT_PCT;40;;;;;;;;;;020.100.0360;;;;;;;;;;;;;;;;;;;;;;;ja;;;;;;;;;;;;;;;;;;ja;;;;;ja
T-Übergangsprofil Aluminium pulverbeschichtet schwarz matt (RAL 9005) Breite 14 mm Länge 250 cm;;;30178140;Dural GmbH;10000;6,82;;DISCOUNT_PCT;50;;DISCOUNT_PCT;40;;;;;;;;;;020.100.0370;;;;;;;;;;;;;;;;;;;;;;;ja;;;;;;;;;;;;;;;;;;ja;;;;;ja
T-Übergangsprofil Aluminium pulverbeschichtet schwarz matt (RAL 9005) Breite 25 mm Länge 250 cm;;;30178250;Dural GmbH;10000;11,76;;DISCOUNT_PCT;50;;DISCOUNT_PCT;40;;;;;;;;;;020.100.0380;;;;;;;;;;;;;;;;;;;;;;;ja;;;;;;;;;;;;;;;;;;ja;;;;;ja
Aussenecke Metalldruckguss unbehandelt natur Blister 2 Stück;;;90280604;Dural GmbH;10000;8,14;;DISCOUNT_PCT;50;;DISCOUNT_PCT;40;;;;;;;;;;020.020.1890;;;;;;;;;;;;;;;;;;;;;;;ja;;;;;;;;;;;;;;;;;;ja;;;;;ja
Zubehör für Winkelabschlussprofil Edelstahl (V2A, 304) unbehandelt natur Höhe 7 mm, Länge 250 cm;;;90280700;Dural GmbH;10000;16,98;;DISCOUNT_PCT;50;;DISCOUNT_PCT;40;;;;;;;;;;020.020.1900;;;;;;;;;;;;;;;;;;;;;;;ja;;;;;;;;;;;;;;;;;;ja;;;;;ja
Zubehör für Winkelabschlussprofil Edelstahl (V2A, 304) gebürstet natur Höhe 7 mm, Länge 250 cm;;;90280740;Dural GmbH;10000;28,42;;DISCOUNT_PCT;50;;DISCOUNT_PCT;40;;;;;;;;;;020.020.1910;;;;;;;;;;;;;;;;;;;;;;;ja;;;;;;;;;;;;;;;;;;ja;;;;;ja
Aussenecke Metalldruckguss unbehandelt natur Höhe 8 mm Blister 2 Stück;;;90280804;Dural GmbH;10000;8,14;;DISCOUNT_PCT;50;;DISCOUNT_PCT;40;;;;;;;;;;020.020.1920;;;;;;;;;;;;;;;;;;;;;;;ja;;;;;;;;;;;;;;;;;;ja;;;;;ja
Aussenecke Metalldruckguss unbehandelt natur Höhe 10 mm Blister 2 Stück;;;90281004;Dural GmbH;10000;8,14;;DISCOUNT_PCT;50;;DISCOUNT_PCT;40;;;;;;;;;;020.020.1930;;;;;;;;;;;;;;;;;;;;;;;ja;;;;;;;;;;;;;;;;;;ja;;;;;ja
Aussenecke Metalldruckguss unbehandelt natur Höhe 11 mm Blister 2 Stück;;;90281104;Dural GmbH;10000;8,14;;DISCOUNT_PCT;50;;DISCOUNT_PCT;40;;;;;;;;;;020.020.1940;;;;;;;;;;;;;;;;;;;;;;;ja;;;;;;;;;;;;;;;;;;ja;;;;;ja
Aussenecke Metalldruckguss unbehandelt natur Höhe 12,5 mm Blister 2 Stück;;;90281254;Dural GmbH;10000;8,14;;DISCOUNT_PCT;50;;DISCOUNT_PCT;40;;;;;;;;;;020.020.1950;;;;;;;;;;;;;;;;;;;;;;;ja;;;;;;;;;;;;;;;;;;ja;;;;;ja
Zubehör für Winkelabschlussprofil Edelstahl (V2A, 304) unbehandelt natur Höhe 17 mm, Länge 250 cm;;;9028170;Dural GmbH;10000;21,02;;DISCOUNT_PCT;50;;DISCOUNT_PCT;40;;;;;;;;;;020.020.1960;;;;;;;;;;;;;;;;;;;;;;;ja;;;;;;;;;;;;;;;;;;ja;;;;;ja
Zubehör für Winkelabschlussprofil Edelstahl (V2A, 304) hochglanzpoliert natur Höhe 17 mm, Länge 250 cm;;;90281701;Dural GmbH;10000;31,36;;DISCOUNT_PCT;50;;DISCOUNT_PCT;40;;;;;;;;;;020.020.1970;;;;;;;;;;;;;;;;;;;;;;;ja;;;;;;;;;;;;;;;;;;ja;;;;;ja
Zubehör für Winkelabschlussprofil Aluminium strukturbeschichtet perlweiss (RAL 1013) Länge 250 cm;;;910138061;Dural GmbH;10000;10,08;;DISCOUNT_PCT;50;;DISCOUNT_PCT;40;;;;;;;;;;020.020.1980;;;;;;;;;;;;;;;;;;;;;;;ja;;;;;;;;;;;;;;;;;;ja;;;;;ja
Aussenecke strukturbeschichtet perlweiss (RAL 1013) Blister 2 Stück;;;910138064;Dural GmbH;10000;9,76;;DISCOUNT_PCT;50;;DISCOUNT_PCT;40;;;;;;;;;;020.020.1990;;;;;;;;;;;;;;;;;;;;;;;ja;;;;;;;;;;;;;;;;;;ja;;;;;ja
Zubehör für Winkelabschlussprofil Aluminium strukturbeschichtet perlweiss (RAL 1013) Höhe 8 mm, Länge 250 cm;;;910138081;Dural GmbH;10000;10,46;;DISCOUNT_PCT;50;;DISCOUNT_PCT;40;;;;;;;;;;020.020.2000;;;;;;;;;;;;;;;;;;;;;;;ja;;;;;;;;;;;;;;;;;;ja;;;;;ja
Aussenecke strukturbeschichtet perlweiss (RAL 1013) Höhe 8 mm Blister 2 Stück;;;910138084;Dural GmbH;10000;9,76;;DISCOUNT_PCT;50;;DISCOUNT_PCT;40;;;;;;;;;;020.020.2010;;;;;;;;;;;;;;;;;;;;;;;ja;;;;;;;;;;;;;;;;;;ja;;;;;ja
Zubehör für Winkelabschlussprofil Aluminium strukturbeschichtet perlweiss (RAL 1013) Höhe 10 mm, Länge 250 cm;;;910138101;Dural GmbH;10000;11,02;;DISCOUNT_PCT;50;;DISCOUNT_PCT;40;;;;;;;;;;020.020.2020;;;;;;;;;;;;;;;;;;;;;;;ja;;;;;;;;;;;;;;;;;;ja;;;;;ja
Aussenecke strukturbeschichtet perlweiss (RAL 1013) Höhe 10 mm Blister 2 Stück;;;910138104;Dural GmbH;10000;9,76;;DISCOUNT_PCT;50;;DISCOUNT_PCT;40;;;;;;;;;;020.020.2030;;;;;;;;;;;;;;;;;;;;;;;ja;;;;;;;;;;;;;;;;;;ja;;;;;ja
Zubehör für Winkelabschlussprofil Aluminium strukturbeschichtet perlweiss (RAL 1013) Höhe 11 mm, Länge 250 cm;;;910138111;Dural GmbH;10000;11,44;;DISCOUNT_PCT;50;;DISCOUNT_PCT;40;;;;;;;;;;020.020.2040;;;;;;;;;;;;;;;;;;;;;;;ja;;;;;;;;;;;;;;;;;;ja;;;;;ja
Aussenecke strukturbeschichtet perlweiss (RAL 1013) Höhe 11 mm Blister 2 Stück;;;910138114;Dural GmbH;10000;9,76;;DISCOUNT_PCT;50;;DISCOUNT_PCT;40;;;;;;;;;;020.020.2050;;;;;;;;;;;;;;;;;;;;;;;ja;;;;;;;;;;;;;;;;;;ja;;;;;ja
Zubehör für Winkelabschlussprofil Aluminium strukturbeschichtet perlweiss (RAL 1013) Höhe 12,5 mm, Länge 250 cm;;;910138121;Dural GmbH;10000;12,1;;DISCOUNT_PCT;50;;DISCOUNT_PCT;40;;;;;;;;;;020.020.2060;;;;;;;;;;;;;;;;;;;;;;;ja;;;;;;;;;;;;;;;;;;ja;;;;;ja
Aussenecke strukturbeschichtet perlweiss (RAL 1013) Höhe 12,5 mm Blister 2 Stück;;;910138124;Dural GmbH;10000;9,76;;DISCOUNT_PCT;50;;DISCOUNT_PCT;40;;;;;;;;;;020.020.2070;;;;;;;;;;;;;;;;;;;;;;;ja;;;;;;;;;;;;;;;;;;ja;;;;;ja
Zubehör für Winkelabschlussprofil Aluminium strukturbeschichtet elfenbein (RAL 1014) Länge 250 cm;;;910148061;Dural GmbH;10000;10,08;;DISCOUNT_PCT;50;;DISCOUNT_PCT;40;;;;;;;;;;020.020.2080;;;;;;;;;;;;;;;;;;;;;;;ja;;;;;;;;;;;;;;;;;;ja;;;;;ja
Aussenecke strukturbeschichtet elfenbein (RAL 1014) Blister 2 Stück;;;910148064;Dural GmbH;10000;9,76;;DISCOUNT_PCT;50;;DISCOUNT_PCT;40;;;;;;;;;;020.020.2090;;;;;;;;;;;;;;;;;;;;;;;ja;;;;;;;;;;;;;;;;;;ja;;;;;ja
Zubehör für Winkelabschlussprofil Aluminium strukturbeschichtet elfenbein (RAL 1014) Höhe 8 mm, Länge 250 cm;;;910148081;Dural GmbH;10000;10,46;;DISCOUNT_PCT;50;;DISCOUNT_PCT;40;;;;;;;;;;020.020.2100;;;;;;;;;;;;;;;;;;;;;;;ja;;;;;;;;;;;;;;;;;;ja;;;;;ja
Aussenecke strukturbeschichtet elfenbein (RAL 1014) Höhe 8 mm Blister 2 Stück;;;910148084;Dural GmbH;10000;9,76;;DISCOUNT_PCT;50;;DISCOUNT_PCT;40;;;;;;;;;;020.020.2110;;;;;;;;;;;;;;;;;;;;;;;ja;;;;;;;;;;;;;;;;;;ja;;;;;ja
Zubehör für Winkelabschlussprofil Aluminium strukturbeschichtet elfenbein (RAL 1014) Höhe 10 mm, Länge 250 cm;;;910148101;Dural GmbH;10000;11,02;;DISCOUNT_PCT;50;;DISCOUNT_PCT;40;;;;;;;;;;020.020.2120;;;;;;;;;;;;;;;;;;;;;;;ja;;;;;;;;;;;;;;;;;;ja;;;;;ja
Aussenecke strukturbeschichtet elfenbein (RAL 1014) Höhe 10 mm Blister 2 Stück;;;910148104;Dural GmbH;10000;9,76;;DISCOUNT_PCT;50;;DISCOUNT_PCT;40;;;;;;;;;;020.020.2130;;;;;;;;;;;;;;;;;;;;;;;ja;;;;;;;;;;;;;;;;;;ja;;;;;ja
Zubehör für Winkelabschlussprofil Aluminium strukturbeschichtet elfenbein (RAL 1014) Höhe 11 mm, Länge 250 cm;;;910148111;Dural GmbH;10000;11,44;;DISCOUNT_PCT;50;;DISCOUNT_PCT;40;;;;;;;;;;020.020.2140;;;;;;;;;;;;;;;;;;;;;;;ja;;;;;;;;;;;;;;;;;;ja;;;;;ja
Aussenecke strukturbeschichtet elfenbein (RAL 1014) Höhe 11 mm Blister 2 Stück;;;910148114;Dural GmbH;10000;9,76;;DISCOUNT_PCT;50;;DISCOUNT_PCT;40;;;;;;;;;;020.020.2150;;;;;;;;;;;;;;;;;;;;;;;ja;;;;;;;;;;;;;;;;;;ja;;;;;ja
Zubehör für Winkelabschlussprofil Aluminium strukturbeschichtet elfenbein (RAL 1014) Höhe 12,5 mm, Länge 250 cm;;;910148121;Dural GmbH;10000;12,1;;DISCOUNT_PCT;50;;DISCOUNT_PCT;40;;;;;;;;;;020.020.2160;;;;;;;;;;;;;;;;;;;;;;;ja;;;;;;;;;;;;;;;;;;ja;;;;;ja
Aussenecke strukturbeschichtet elfenbein (RAL 1014) Höhe 12,5 mm Blister 2 Stück;;;910148124;Dural GmbH;10000;9,76;;DISCOUNT_PCT;50;;DISCOUNT_PCT;40;;;;;;;;;;020.020.2170;;;;;;;;;;;;;;;;;;;;;;;ja;;;;;;;;;;;;;;;;;;ja;;;;;ja
Zubehör für Winkelabschlussprofil Aluminium strukturbeschichtet hellelfenbein (RAL 1015) Länge 250 cm;;;910158061;Dural GmbH;10000;10,08;;DISCOUNT_PCT;50;;DISCOUNT_PCT;40;;;;;;;;;;020.020.2180;;;;;;;;;;;;;;;;;;;;;;;ja;;;;;;;;;;;;;;;;;;ja;;;;;ja
Aussenecke strukturbeschichtet hellelfenbein (RAL 1015) Blister 2 Stück;;;910158064;Dural GmbH;10000;9,76;;DISCOUNT_PCT;50;;DISCOUNT_PCT;40;;;;;;;;;;020.020.2190;;;;;;;;;;;;;;;;;;;;;;;ja;;;;;;;;;;;;;;;;;;ja;;;;;ja
Zubehör für Winkelabschlussprofil Aluminium strukturbeschichtet hellelfenbein (RAL 1015) Höhe 8 mm, Länge 250 cm;;;910158081;Dural GmbH;10000;10,46;;DISCOUNT_PCT;50;;DISCOUNT_PCT;40;;;;;;;;;;020.020.2200;;;;;;;;;;;;;;;;;;;;;;;ja;;;;;;;;;;;;;;;;;;ja;;;;;ja
Aussenecke strukturbeschichtet hellelfenbein (RAL 1015) Höhe 8 mm Blister 2 Stück;;;910158084;Dural GmbH;10000;9,76;;DISCOUNT_PCT;50;;DISCOUNT_PCT;40;;;;;;;;;;020.020.2210;;;;;;;;;;;;;;;;;;;;;;;ja;;;;;;;;;;;;;;;;;;ja;;;;;ja
Zubehör für Winkelabschlussprofil Aluminium strukturbeschichtet hellelfenbein (RAL 1015) Höhe 10 mm, Länge 250 cm;;;910158101;Dural GmbH;10000;11,02;;DISCOUNT_PCT;50;;DISCOUNT_PCT;40;;;;;;;;;;020.020.2220;;;;;;;;;;;;;;;;;;;;;;;ja;;;;;;;;;;;;;;;;;;ja;;;;;ja
Aussenecke strukturbeschichtet hellelfenbein (RAL 1015) Höhe 10 mm Blister 2 Stück;;;910158104;Dural GmbH;10000;9,76;;DISCOUNT_PCT;50;;DISCOUNT_PCT;40;;;;;;;;;;020.020.2230;;;;;;;;;;;;;;;;;;;;;;;ja;;;;;;;;;;;;;;;;;;ja;;;;;ja
Zubehör für Winkelabschlussprofil Aluminium strukturbeschichtet hellelfenbein (RAL 1015) Höhe 11 mm, Länge 250 cm;;;910158111;Dural GmbH;10000;11,44;;DISCOUNT_PCT;50;;DISCOUNT_PCT;40;;;;;;;;;;020.020.2240;;;;;;;;;;;;;;;;;;;;;;;ja;;;;;;;;;;;;;;;;;;ja;;;;;ja
Aussenecke strukturbeschichtet hellelfenbein (RAL 1015) Höhe 11 mm Blister 2 Stück;;;910158114;Dural GmbH;10000;9,76;;DISCOUNT_PCT;50;;DISCOUNT_PCT;40;;;;;;;;;;020.020.2250;;;;;;;;;;;;;;;;;;;;;;;ja;;;;;;;;;;;;;;;;;;ja;;;;;ja
Zubehör für Winkelabschlussprofil Aluminium strukturbeschichtet hellelfenbein (RAL 1015) Höhe 12,5 mm, Länge 250 cm;;;910158121;Dural GmbH;10000;12,1;;DISCOUNT_PCT;50;;DISCOUNT_PCT;40;;;;;;;;;;020.020.2260;;;;;;;;;;;;;;;;;;;;;;;ja;;;;;;;;;;;;;;;;;;ja;;;;;ja
Aussenecke strukturbeschichtet hellelfenbein (RAL 1015) Höhe 12,5 mm Blister 2 Stück;;;910158124;Dural GmbH;10000;9,76;;DISCOUNT_PCT;50;;DISCOUNT_PCT;40;;;;;;;;;;020.020.2270;;;;;;;;;;;;;;;;;;;;;;;ja;;;;;;;;;;;;;;;;;;ja;;;;;ja
Zubehör für Winkelabschlussprofil Aluminium strukturbeschichtet graubeige (RAL 1019) Länge 250 cm;;;910198061;Dural GmbH;10000;10,08;;DISCOUNT_PCT;50;;DISCOUNT_PCT;40;;;;;;;;;;020.020.2280;;;;;;;;;;;;;;;;;;;;;;;ja;;;;;;;;;;;;;;;;;;ja;;;;;ja
Aussenecke strukturbeschichtet graubeige (RAL 1019) Blister 2 Stück;;;910198064;Dural GmbH;10000;9,76;;DISCOUNT_PCT;50;;DISCOUNT_PCT;40;;;;;;;;;;020.020.2290;;;;;;;;;;;;;;;;;;;;;;;ja;;;;;;;;;;;;;;;;;;ja;;;;;ja
Zubehör für Winkelabschlussprofil Aluminium strukturbeschichtet graubeige (RAL 1019) Höhe 8 mm, Länge 250 cm;;;910198081;Dural GmbH;10000;10,46;;DISCOUNT_PCT;50;;DISCOUNT_PCT;40;;;;;;;;;;020.020.2300;;;;;;;;;;;;;;;;;;;;;;;ja;;;;;;;;;;;;;;;;;;ja;;;;;ja
Aussenecke strukturbeschichtet graubeige (RAL 1019) Höhe 8 mm Blister 2 Stück;;;910198084;Dural GmbH;10000;9,76;;DISCOUNT_PCT;50;;DISCOUNT_PCT;40;;;;;;;;;;020.020.2310;;;;;;;;;;;;;;;;;;;;;;;ja;;;;;;;;;;;;;;;;;;ja;;;;;ja
Zubehör für Winkelabschlussprofil Aluminium strukturbeschichtet graubeige (RAL 1019) Höhe 10 mm, Länge 250 cm;;;910198101;Dural GmbH;10000;11,02;;DISCOUNT_PCT;50;;DISCOUNT_PCT;40;;;;;;;;;;020.020.2320;;;;;;;;;;;;;;;;;;;;;;;ja;;;;;;;;;;;;;;;;;;ja;;;;;ja
Aussenecke strukturbeschichtet graubeige (RAL 1019) Höhe 10 mm Blister 2 Stück;;;910198104;Dural GmbH;10000;9,76;;DISCOUNT_PCT;50;;DISCOUNT_PCT;40;;;;;;;;;;020.020.2330;;;;;;;;;;;;;;;;;;;;;;;ja;;;;;;;;;;;;;;;;;;ja;;;;;ja
Zubehör für Winkelabschlussprofil Aluminium strukturbeschichtet graubeige (RAL 1019) Höhe 11 mm, Länge 250 cm;;;910198111;Dural GmbH;10000;11,44;;DISCOUNT_PCT;50;;DISCOUNT_PCT;40;;;;;;;;;;020.020.2340;;;;;;;;;;;;;;;;;;;;;;;ja;;;;;;;;;;;;;;;;;;ja;;;;;ja
Aussenecke strukturbeschichtet graubeige (RAL 1019) Höhe 11 mm Blister 2 Stück;;;910198114;Dural GmbH;10000;9,76;;DISCOUNT_PCT;50;;DISCOUNT_PCT;40;;;;;;;;;;020.020.2350;;;;;;;;;;;;;;;;;;;;;;;ja;;;;;;;;;;;;;;;;;;ja;;;;;ja
Zubehör für Winkelabschlussprofil Aluminium strukturbeschichtet graubeige (RAL 1019) Höhe 12,5 mm, Länge 250 cm;;;910198121;Dural GmbH;10000;12,1;;DISCOUNT_PCT;50;;DISCOUNT_PCT;40;;;;;;;;;;020.020.2360;;;;;;;;;;;;;;;;;;;;;;;ja;;;;;;;;;;;;;;;;;;ja;;;;;ja
Aussenecke strukturbeschichtet graubeige (RAL 1019) Höhe 12,5 mm Blister 2 Stück;;;910198124;Dural GmbH;10000;9,76;;DISCOUNT_PCT;50;;DISCOUNT_PCT;40;;;;;;;;;;020.020.2370;;;;;;;;;;;;;;;;;;;;;;;ja;;;;;;;;;;;;;;;;;;ja;;;;;ja
Zubehör für Winkelabschlussprofil Aluminium unbehandelt natur Höhe 10 mm, Länge 250 cm;;;9108081;Dural GmbH;10000;6,6;;DISCOUNT_PCT;50;;DISCOUNT_PCT;40;;;;;;;;;;020.020.2380;;;;;;;;;;;;;;;;;;;;;;;ja;;;;;;;;;;;;;;;;;;ja;;;;;ja
Aussenecke eloxiert silber Blister 2 Stück;;;91180604;Dural GmbH;10000;7,7;;DISCOUNT_PCT;50;;DISCOUNT_PCT;40;;;;;;;;;;020.020.2390;;;;;;;;;;;;;;;;;;;;;;;ja;;;;;;;;;;;;;;;;;;ja;;;;;ja
Aussenecke eloxiert silber Höhe 8 mm Blister 2 Stück;;;91180804;Dural GmbH;10000;7,7;;DISCOUNT_PCT;50;;DISCOUNT_PCT;40;;;;;;;;;;020.020.2400;;;;;;;;;;;;;;;;;;;;;;;ja;;;;;;;;;;;;;;;;;;ja;;;;;ja
Aussenecke eloxiert silber Höhe 10 mm Blister 2 Stück;;;91181004;Dural GmbH;10000;7,7;;DISCOUNT_PCT;50;;DISCOUNT_PCT;40;;;;;;;;;;020.020.2410;;;;;;;;;;;;;;;;;;;;;;;ja;;;;;;;;;;;;;;;;;;ja;;;;;ja
Aussenecke eloxiert silber Höhe 11 mm Blister 2 Stück;;;91181104;Dural GmbH;10000;7,7;;DISCOUNT_PCT;50;;DISCOUNT_PCT;40;;;;;;;;;;020.020.2420;;;;;;;;;;;;;;;;;;;;;;;ja;;;;;;;;;;;;;;;;;;ja;;;;;ja
Aussenecke eloxiert silber Höhe 12,5 mm Blister 2 Stück;;;91181204;Dural GmbH;10000;7,7;;DISCOUNT_PCT;50;;DISCOUNT_PCT;40;;;;;;;;;;020.020.2430;;;;;;;;;;;;;;;;;;;;;;;ja;;;;;;;;;;;;;;;;;;ja;;;;;ja
Zubehör für Winkelabschlussprofil Aluminium pulverbeschichtet weiss matt (RAL 9003) Länge 250 cm;;;91280060;Dural GmbH;10000;8,4;;DISCOUNT_PCT;50;;DISCOUNT_PCT;40;;;;;;;;;;020.020.2440;;;;;;;;;;;;;;;;;;;;;;;ja;;;;;;;;;;;;;;;;;;ja;;;;;ja
Aussenecke pulverbeschichtet weiss matt (RAL 9003) Blister 2 Stück;;;912800604;Dural GmbH;10000;8,14;;DISCOUNT_PCT;50;;DISCOUNT_PCT;40;;;;;;;;;;020.020.2450;;;;;;;;;;;;;;;;;;;;;;;ja;;;;;;;;;;;;;;;;;;ja;;;;;ja
Zubehör für Winkelabschlussprofil Aluminium pulverbeschichtet weiss matt (RAL 9003) Höhe 8 mm, Länge 250 cm;;;91280080;Dural GmbH;10000;8,72;;DISCOUNT_PCT;50;;DISCOUNT_PCT;40;;;;;;;;;;020.020.2460;;;;;;;;;;;;;;;;;;;;;;;ja;;;;;;;;;;;;;;;;;;ja;;;;;ja
Aussenecke pulverbeschichtet weiss matt (RAL 9003) Höhe 8 mm Blister 2 Stück;;;912800804;Dural GmbH;10000;8,14;;DISCOUNT_PCT;50;;DISCOUNT_PCT;40;;;;;;;;;;020.020.2470;;;;;;;;;;;;;;;;;;;;;;;ja;;;;;;;;;;;;;;;;;;ja;;;;;ja
Zubehör für Winkelabschlussprofil Aluminium pulverbeschichtet weiss matt (RAL 9003) Höhe 10 mm, Länge 250 cm;;;91280100;Dural GmbH;10000;9,18;;DISCOUNT_PCT;50;;DISCOUNT_PCT;40;;;;;;;;;;020.020.2480;;;;;;;;;;;;;;;;;;;;;;;ja;;;;;;;;;;;;;;;;;;ja;;;;;ja
Aussenecke pulverbeschichtet weiss matt (RAL 9003) Höhe 10 mm Blister 2 Stück;;;912801004;Dural GmbH;10000;8,14;;DISCOUNT_PCT;50;;DISCOUNT_PCT;40;;;;;;;;;;020.020.2490;;;;;;;;;;;;;;;;;;;;;;;ja;;;;;;;;;;;;;;;;;;ja;;;;;ja
Zubehör für Winkelabschlussprofil Aluminium eloxiert gold Länge 250 cm;;;91280610;Dural GmbH;10000;8,02;;DISCOUNT_PCT;50;;DISCOUNT_PCT;40;;;;;;;;;;020.020.2500;;;;;;;;;;;;;;;;;;;;;;;ja;;;;;;;;;;;;;;;;;;ja;;;;;ja
Zubehör für Winkelabschlussprofil Aluminium eloxiert gold Höhe 8 mm, Länge 250 cm;;;91280810;Dural GmbH;10000;8,28;;DISCOUNT_PCT;50;;DISCOUNT_PCT;40;;;;;;;;;;020.020.2510;;;;;;;;;;;;;;;;;;;;;;;ja;;;;;;;;;;;;;;;;;;ja;;;;;ja
Zubehör für Winkelabschlussprofil Aluminium eloxiert gold Höhe 10 mm, Länge 250 cm;;;91281010;Dural GmbH;10000;8,74;;DISCOUNT_PCT;50;;DISCOUNT_PCT;40;;;;;;;;;;020.020.2520;;;;;;;;;;;;;;;;;;;;;;;ja;;;;;;;;;;;;;;;;;;ja;;;;;ja
Zubehör für Winkelabschlussprofil Aluminium eloxiert gold Höhe 11 mm, Länge 250 cm;;;91281110;Dural GmbH;10000;9,16;;DISCOUNT_PCT;50;;DISCOUNT_PCT;40;;;;;;;;;;020.020.2530;;;;;;;;;;;;;;;;;;;;;;;ja;;;;;;;;;;;;;;;;;;ja;;;;;ja
Winkelabschlussprofil Aluminium pulverbeschichtet schwarz matt RAL 9005, Höhe 11 mm, Länge 300 cm;;;9178133;Dural GmbH;10000;9,54;;DISCOUNT_PCT;50;;DISCOUNT_PCT;40;;;;;;;;;;020.020.2540;;;;;;;;;;;;;;;;;;;;;;;ja;;;;;;;;;;;;;;;;;;ja;;;;;ja
Winkelabschlussprofil Aluminium unbehandelt natur, Höhe 8 mm, Länge 300 cm;;;9228081;Dural GmbH;10000;6,5;;DISCOUNT_PCT;50;;DISCOUNT_PCT;40;;;;;;;;;;020.020.2550;;;;;;;;;;;;;;;;;;;;;;;ja;;;;;;;;;;;;;;;;;;ja;;;;;ja
Winkelabschlussprofil Aluminium unbehandelt natur, Höhe 10 mm, Länge 300 cm;;;9238081;Dural GmbH;10000;6,6;;DISCOUNT_PCT;50;;DISCOUNT_PCT;40;;;;;;;;;;020.020.2560;;;;;;;;;;;;;;;;;;;;;;;ja;;;;;;;;;;;;;;;;;;ja;;;;;ja
Winkelabschlussprofil Aluminium pulverbeschichtet weiss matt RAL 9003, Höhe 11 mm, Länge 250 cm;;;9278112;Dural GmbH;10000;9,54;;DISCOUNT_PCT;50;;DISCOUNT_PCT;40;;;;;;;;;;020.020.2570;;;;;;;;;;;;;;;;;;;;;;;ja;;;;;;;;;;;;;;;;;;ja;;;;;ja
Aussenecke für Winkelabschlussprofil Aluminium pulverbeschichtet weiss matt RAL 9003, für Profilhöhe 11 mm, 2 Stück;;;92781124;Dural GmbH;10000;8,14;;DISCOUNT_PCT;50;;DISCOUNT_PCT;40;;;;;;;;;;020.020.2580;;;;;;;;;;;;;;;;;;;;;;;ja;;;;;;;;;;;;;;;;;;ja;;;;;ja
Aussenecke für Winkelabschlussprofil Aluminium pulverbeschichtet schwarz matt RAL 9005, für Profilhöhe 11 mm, 2 Stück;;;927811334;Dural GmbH;10000;8,14;;DISCOUNT_PCT;50;;DISCOUNT_PCT;40;;;;;;;;;;020.020.2590;;;;;;;;;;;;;;;;;;;;;;;ja;;;;;;;;;;;;;;;;;;ja;;;;;ja
Winkelabschlussprofil Aluminium pulverbeschichtet schwarz matt RAL 9005, Höhe 11 mm, Länge 250 cm;;;9278133;Dural GmbH;10000;9,54;;DISCOUNT_PCT;50;;DISCOUNT_PCT;40;;;;;;;;;;020.020.2600;;;;;;;;;;;;;;;;;;;;;;;ja;;;;;;;;;;;;;;;;;;ja;;;;;ja
Winkelabschlussprofil Aluminium pulverbeschichtet sand RAL 0808005, Höhe 11 mm, Länge 300 cm;;;9302105;Dural GmbH;10000;9,54;;DISCOUNT_PCT;50;;DISCOUNT_PCT;40;;;;;;;;;;020.020.2610;;;;;;;;;;;;;;;;;;;;;;;ja;;;;;;;;;;;;;;;;;;ja;;;;;ja
Winkelabschlussprofil Aluminium pulverbeschichtet betongrau RAL 0006500, Höhe 11 mm, Länge 300 cm;;;9302165;Dural GmbH;10000;9,54;;DISCOUNT_PCT;50;;DISCOUNT_PCT;40;;;;;;;;;;020.020.2620;;;;;;;;;;;;;;;;;;;;;;;ja;;;;;;;;;;;;;;;;;;ja;;;;;ja
Aussenecke für Winkelabschlussprofil Aluminium pulverbeschichtet weiss, 2 Stück;;;9308064;Dural GmbH;10000;8,14;;DISCOUNT_PCT;50;;DISCOUNT_PCT;40;;;;;;;;;;020.020.2630;;;;;;;;;;;;;;;;;;;;;;;ja;;;;;;;;;;;;;;;;;;ja;;;;;ja
Aussenecke für Winkelabschlussprofil Aluminium pulverbeschichtet weiss, für Profilhöhe 8 mm, 2 Stück;;;9308084;Dural GmbH;10000;8,14;;DISCOUNT_PCT;50;;DISCOUNT_PCT;40;;;;;;;;;;020.020.2640;;;;;;;;;;;;;;;;;;;;;;;ja;;;;;;;;;;;;;;;;;;ja;;;;;ja
Aussenecke für Winkelabschlussprofil Aluminium pulverbeschichtet weiss, für Profilhöhe 10 mm, 2 Stück;;;9308104;Dural GmbH;10000;8,14;;DISCOUNT_PCT;50;;DISCOUNT_PCT;40;;;;;;;;;;020.020.2650;;;;;;;;;;;;;;;;;;;;;;;ja;;;;;;;;;;;;;;;;;;ja;;;;;ja
Winkelabschlussprofil Aluminium pulverbeschichtet sand RAL 0808005, Höhe 11 mm, Länge 250 cm;;;9308105;Dural GmbH;10000;9,54;;DISCOUNT_PCT;50;;DISCOUNT_PCT;40;;;;;;;;;;020.020.2660;;;;;;;;;;;;;;;;;;;;;;;ja;;;;;;;;;;;;;;;;;;ja;;;;;ja
Aussenecke für Winkelabschlussprofil Aluminium pulverbeschichtet sand RAL 0808005, für Profilhöhe 11 mm, 2 Stück;;;93081054;Dural GmbH;10000;8,14;;DISCOUNT_PCT;50;;DISCOUNT_PCT;40;;;;;;;;;;020.020.2670;;;;;;;;;;;;;;;;;;;;;;;ja;;;;;;;;;;;;;;;;;;ja;;;;;ja
Aussenecke für Winkelabschlussprofil Aluminium pulverbeschichtet weiss, für Profilhöhe 11 mm, 2 Stück;;;9308114;Dural GmbH;10000;8,14;;DISCOUNT_PCT;50;;DISCOUNT_PCT;40;;;;;;;;;;020.020.2680;;;;;;;;;;;;;;;;;;;;;;;ja;;;;;;;;;;;;;;;;;;ja;;;;;ja
Aussenecke für Winkelabschlussprofil Aluminium pulverbeschichtet weiss, für Profilhöhe 12,5 mm, 2 Stück;;;9308124;Dural GmbH;10000;8,14;;DISCOUNT_PCT;50;;DISCOUNT_PCT;40;;;;;;;;;;020.020.2690;;;;;;;;;;;;;;;;;;;;;;;ja;;;;;;;;;;;;;;;;;;ja;;;;;ja
Winkelabschlussprofil Aluminium pulverbeschichtet betongrau RAL 0006500, Höhe 11 mm, Länge 250 cm;;;9308165;Dural GmbH;10000;9,54;;DISCOUNT_PCT;50;;DISCOUNT_PCT;40;;;;;;;;;;020.020.2700;;;;;;;;;;;;;;;;;;;;;;;ja;;;;;;;;;;;;;;;;;;ja;;;;;ja
Aussenecke für Winkelabschlussprofil Aluminium pulverbeschichtet betongrau RAL 0006500, für Profilhöhe 11 mm, 2 Stück;;;93081654;Dural GmbH;10000;8,14;;DISCOUNT_PCT;50;;DISCOUNT_PCT;40;;;;;;;;;;020.020.2710;;;;;;;;;;;;;;;;;;;;;;;ja;;;;;;;;;;;;;;;;;;ja;;;;;ja
Winkelabschlussprofil Aluminium pulverbeschichtet sand RAL 0808005, Länge 300 cm;;;9322005;Dural GmbH;10000;8,4;;DISCOUNT_PCT;50;;DISCOUNT_PCT;40;;;;;;;;;;020.020.2720;;;;;;;;;;;;;;;;;;;;;;;ja;;;;;;;;;;;;;;;;;;ja;;;;;ja
Winkelabschlussprofil Aluminium pulverbeschichtet schwarz matt RAL 9005, Länge 250 cm;;;93220633;Dural GmbH;10000;8,4;;DISCOUNT_PCT;50;;DISCOUNT_PCT;40;;;;;;;;;;020.020.2730;;;;;;;;;;;;;;;;;;;;;;;ja;;;;;;;;;;;;;;;;;;ja;;;;;ja
Aussenecke für Winkelabschlussprofil Aluminium pulverbeschichtet schwarz matt RAL 9005, 2 Stück;;;932206334;Dural GmbH;10000;8,14;;DISCOUNT_PCT;50;;DISCOUNT_PCT;40;;;;;;;;;;020.020.2740;;;;;;;;;;;;;;;;;;;;;;;ja;;;;;;;;;;;;;;;;;;ja;;;;;ja
Winkelabschlussprofil Aluminium pulverbeschichtet betongrau RAL 0006500, Länge 300 cm;;;9322065;Dural GmbH;10000;8,4;;DISCOUNT_PCT;50;;DISCOUNT_PCT;40;;;;;;;;;;020.020.2750;;;;;;;;;;;;;;;;;;;;;;;ja;;;;;;;;;;;;;;;;;;ja;;;;;ja
Winkelabschlussprofil Aluminium pulverbeschichtet schwarz matt RAL 9005, Höhe 7 mm, Länge 250 cm;;;93220733;Dural GmbH;10000;8,54;;DISCOUNT_PCT;50;;DISCOUNT_PCT;40;;;;;;;;;;020.020.2760;;;;;;;;;;;;;;;;;;;;;;;ja;;;;;;;;;;;;;;;;;;ja;;;;;ja
Winkelabschlussprofil Aluminium pulverbeschichtet schwarz matt RAL 9005, Höhe 8 mm, Länge 250 cm;;;93220833;Dural GmbH;10000;8,72;;DISCOUNT_PCT;50;;DISCOUNT_PCT;40;;;;;;;;;;020.020.2770;;;;;;;;;;;;;;;;;;;;;;;ja;;;;;;;;;;;;;;;;;;ja;;;;;ja
Aussenecke für Winkelabschlussprofil Aluminium pulverbeschichtet schwarz matt RAL 9005, für Profilhöhe 8 mm, 2 Stück;;;932208334;Dural GmbH;10000;8,14;;DISCOUNT_PCT;50;;DISCOUNT_PCT;40;;;;;;;;;;020.020.2780;;;;;;;;;;;;;;;;;;;;;;;ja;;;;;;;;;;;;;;;;;;ja;;;;;ja
Winkelabschlussprofil Aluminium pulverbeschichtet schwarz matt RAL 9005, Höhe 9 mm, Länge 250 cm;;;93220933;Dural GmbH;10000;8,94;;DISCOUNT_PCT;50;;DISCOUNT_PCT;40;;;;;;;;;;020.020.2790;;;;;;;;;;;;;;;;;;;;;;;ja;;;;;;;;;;;;;;;;;;ja;;;;;ja
Aussenecke für Winkelabschlussprofil Aluminium pulverbeschichtet schwarz matt RAL 9005, für Profilhöhe 10 mm, 2 Stück;;;932210334;Dural GmbH;10000;8,14;;DISCOUNT_PCT;50;;DISCOUNT_PCT;40;;;;;;;;;;020.020.2800;;;;;;;;;;;;;;;;;;;;;;;ja;;;;;;;;;;;;;;;;;;ja;;;;;ja
Winkelabschlussprofil Aluminium pulverbeschichtet sand RAL 0808005, Höhe 10 mm, Länge 300 cm;;;9322105;Dural GmbH;10000;9,18;;DISCOUNT_PCT;50;;DISCOUNT_PCT;40;;;;;;;;;;020.020.2810;;;;;;;;;;;;;;;;;;;;;;;ja;;;;;;;;;;;;;;;;;;ja;;;;;ja
Winkelabschlussprofil Aluminium pulverbeschichtet weiss matt RAL 9003, Höhe 12,5 mm, Länge 250 cm;;;93221212;Dural GmbH;10000;10,08;;DISCOUNT_PCT;50;;DISCOUNT_PCT;40;;;;;;;;;;020.020.2820;;;;;;;;;;;;;;;;;;;;;;;ja;;;;;;;;;;;;;;;;;;ja;;;;;ja
Aussenecke für Winkelabschlussprofil Aluminium pulverbeschichtet weiss matt RAL 9003, für Profilhöhe 12 mm, 2 Stück;;;932212124;Dural GmbH;10000;8,14;;DISCOUNT_PCT;50;;DISCOUNT_PCT;40;;;;;;;;;;020.020.2830;;;;;;;;;;;;;;;;;;;;;;;ja;;;;;;;;;;;;;;;;;;ja;;;;;ja
Winkelabschlussprofil Aluminium pulverbeschichtet schwarz matt RAL 9005, Höhe 12,5 mm, Länge 250 cm;;;93221233;Dural GmbH;10000;10,08;;DISCOUNT_PCT;50;;DISCOUNT_PCT;40;;;;;;;;;;020.020.2840;;;;;;;;;;;;;;;;;;;;;;;ja;;;;;;;;;;;;;;;;;;ja;;;;;ja
Aussenecke für Winkelabschlussprofil Aluminium pulverbeschichtet schwarz matt RAL 9005, für Profilhöhe 12,5 mm, 2 Stück;;;932212334;Dural GmbH;10000;8,14;;DISCOUNT_PCT;50;;DISCOUNT_PCT;40;;;;;;;;;;020.020.2850;;;;;;;;;;;;;;;;;;;;;;;ja;;;;;;;;;;;;;;;;;;ja;;;;;ja
Winkelabschlussprofil Aluminium pulverbeschichtet schwarz matt RAL 9005, Höhe 10 mm, Länge 250 cm;;;9322133;Dural GmbH;10000;9,18;;DISCOUNT_PCT;50;;DISCOUNT_PCT;40;;;;;;;;;;020.020.2860;;;;;;;;;;;;;;;;;;;;;;;ja;;;;;;;;;;;;;;;;;;ja;;;;;ja
Winkelabschlussprofil Aluminium pulverbeschichtet betongrau RAL 0006500, Höhe 10 mm, Länge 300 cm;;;9322165;Dural GmbH;10000;9,18;;DISCOUNT_PCT;50;;DISCOUNT_PCT;40;;;;;;;;;;020.020.2870;;;;;;;;;;;;;;;;;;;;;;;ja;;;;;;;;;;;;;;;;;;ja;;;;;ja
Winkelabschlussprofil Aluminium pulverbeschichtet schwarz matt RAL 9005, Höhe 22 mm, Länge 250 cm;;;93222211;Dural GmbH;10000;12,26;;DISCOUNT_PCT;50;;DISCOUNT_PCT;40;;;;;;;;;;020.020.2880;;;;;;;;;;;;;;;;;;;;;;;ja;;;;;;;;;;;;;;;;;;ja;;;;;ja
Winkelabschlussprofil Aluminium pulverbeschichtet anthrazitgrau matt RAL 7016, Höhe 22 mm, Länge 250 cm;;;93222216;Dural GmbH;10000;12,26;;DISCOUNT_PCT;50;;DISCOUNT_PCT;40;;;;;;;;;;020.020.2890;;;;;;;;;;;;;;;;;;;;;;;ja;;;;;;;;;;;;;;;;;;ja;;;;;ja
Winkelabschlussprofil Aluminium pulverbeschichtet sand RAL 0808005, Länge 250 cm;;;9328005;Dural GmbH;10000;8,4;;DISCOUNT_PCT;50;;DISCOUNT_PCT;40;;;;;;;;;;020.020.2900;;;;;;;;;;;;;;;;;;;;;;;ja;;;;;;;;;;;;;;;;;;ja;;;;;ja
Aussenecke für Winkelabschlussprofil Aluminium pulverbeschichtet sand RAL 0808005, 2 Stück;;;93280054;Dural GmbH;10000;8,14;;DISCOUNT_PCT;50;;DISCOUNT_PCT;40;;;;;;;;;;020.020.2910;;;;;;;;;;;;;;;;;;;;;;;ja;;;;;;;;;;;;;;;;;;ja;;;;;ja
Winkelabschlussprofil Aluminium pulverbeschichtet betongrau RAL 0006500, Länge 250 cm;;;9328065;Dural GmbH;10000;8,4;;DISCOUNT_PCT;50;;DISCOUNT_PCT;40;;;;;;;;;;020.020.2920;;;;;;;;;;;;;;;;;;;;;;;ja;;;;;;;;;;;;;;;;;;ja;;;;;ja
Aussenecke für Winkelabschlussprofil Aluminium pulverbeschichtet betongrau RAL 0006500, 2 Stück;;;93280654;Dural GmbH;10000;8,14;;DISCOUNT_PCT;50;;DISCOUNT_PCT;40;;;;;;;;;;020.020.2930;;;;;;;;;;;;;;;;;;;;;;;ja;;;;;;;;;;;;;;;;;;ja;;;;;ja
Winkelabschlussprofil Aluminium pulverbeschichtet sand RAL 0808005, Höhe 10 mm, Länge 250 cm;;;9328105;Dural GmbH;10000;9,18;;DISCOUNT_PCT;50;;DISCOUNT_PCT;40;;;;;;;;;;020.020.2940;;;;;;;;;;;;;;;;;;;;;;;ja;;;;;;;;;;;;;;;;;;ja;;;;;ja
Aussenecke für Winkelabschlussprofil Aluminium pulverbeschichtet sand RAL 0808005, für Profilhöhe 10 mm, 2 Stück;;;93281054;Dural GmbH;10000;8,14;;DISCOUNT_PCT;50;;DISCOUNT_PCT;40;;;;;;;;;;020.020.2950;;;;;;;;;;;;;;;;;;;;;;;ja;;;;;;;;;;;;;;;;;;ja;;;;;ja
Winkelabschlussprofil Aluminium pulverbeschichtet betongrau RAL 0006500, Höhe 10 mm, Länge 250 cm;;;9328165;Dural GmbH;10000;9,18;;DISCOUNT_PCT;50;;DISCOUNT_PCT;40;;;;;;;;;;020.020.2960;;;;;;;;;;;;;;;;;;;;;;;ja;;;;;;;;;;;;;;;;;;ja;;;;;ja
Aussenecke für Winkelabschlussprofil Aluminium pulverbeschichtet betongrau RAL 0006500, für Profilhöhe 10 mm, 2 Stück;;;93281654;Dural GmbH;10000;8,14;;DISCOUNT_PCT;50;;DISCOUNT_PCT;40;;;;;;;;;;020.020.2970;;;;;;;;;;;;;;;;;;;;;;;ja;;;;;;;;;;;;;;;;;;ja;;;;;ja
Winkelabschlussprofil Aluminium pulverbeschichtet sand RAL 0808005, Höhe 9 mm, Länge 250 cm;;;9329080;Dural GmbH;10000;8,94;;DISCOUNT_PCT;50;;DISCOUNT_PCT;40;;;;;;;;;;020.020.2980;;;;;;;;;;;;;;;;;;;;;;;ja;;;;;;;;;;;;;;;;;;ja;;;;;ja
Winkelabschlussprofil Aluminium pulverbeschichtet schwarz matt RAL 9005, Länge 300 cm;;;93320633;Dural GmbH;10000;8,4;;DISCOUNT_PCT;50;;DISCOUNT_PCT;40;;;;;;;;;;020.020.2990;;;;;;;;;;;;;;;;;;;;;;;ja;;;;;;;;;;;;;;;;;;ja;;;;;ja
Winkelabschlussprofil Aluminium pulverbeschichtet schwarz matt RAL 9005, Höhe 8 mm, Länge 300 cm;;;93320833;Dural GmbH;10000;8,72;;DISCOUNT_PCT;50;;DISCOUNT_PCT;40;;;;;;;;;;020.020.3000;;;;;;;;;;;;;;;;;;;;;;;ja;;;;;;;;;;;;;;;;;;ja;;;;;ja
Winkelabschlussprofil Aluminium pulverbeschichtet schwarz matt RAL 9005, Höhe 12,5 mm, Länge 300 cm;;;93321233;Dural GmbH;10000;10,08;;DISCOUNT_PCT;50;;DISCOUNT_PCT;40;;;;;;;;;;020.020.3010;;;;;;;;;;;;;;;;;;;;;;;ja;;;;;;;;;;;;;;;;;;ja;;;;;ja
Winkelabschlussprofil Aluminium pulverbeschichtet schwarz matt RAL 9005, Höhe 10 mm, Länge 300 cm;;;9332133;Dural GmbH;10000;9,18;;DISCOUNT_PCT;50;;DISCOUNT_PCT;40;;;;;;;;;;020.020.3020;;;;;;;;;;;;;;;;;;;;;;;ja;;;;;;;;;;;;;;;;;;ja;;;;;ja
Aussenecke für Winkelabschlussprofil Aluminium pulverbeschichtet schwarz, 2 Stück;;;9338064;Dural GmbH;10000;8,14;;DISCOUNT_PCT;50;;DISCOUNT_PCT;40;;;;;;;;;;020.020.3030;;;;;;;;;;;;;;;;;;;;;;;ja;;;;;;;;;;;;;;;;;;ja;;;;;ja
Aussenecke für Winkelabschlussprofil Aluminium pulverbeschichtet schwarz, für Profilhöhe 8 mm, 2 Stück;;;9338084;Dural GmbH;10000;8,14;;DISCOUNT_PCT;50;;DISCOUNT_PCT;40;;;;;;;;;;020.020.3040;;;;;;;;;;;;;;;;;;;;;;;ja;;;;;;;;;;;;;;;;;;ja;;;;;ja
Aussenecke für Winkelabschlussprofil Aluminium pulverbeschichtet schwarz, für Profilhöhe 10 mm, 2 Stück;;;9338104;Dural GmbH;10000;8,14;;DISCOUNT_PCT;50;;DISCOUNT_PCT;40;;;;;;;;;;020.020.3050;;;;;;;;;;;;;;;;;;;;;;;ja;;;;;;;;;;;;;;;;;;ja;;;;;ja
Winkelabschlussprofil Aluminium pulverbeschichtet schwarz, Höhe 11 mm, Länge 250 cm;;;9338111;Dural GmbH;10000;9,54;;DISCOUNT_PCT;50;;DISCOUNT_PCT;40;;;;;;;;;;020.020.3060;;;;;;;;;;;;;;;;;;;;;;;ja;;;;;;;;;;;;;;;;;;ja;;;;;ja
Aussenecke für Winkelabschlussprofil Aluminium pulverbeschichtet schwarz, für Profilhöhe 11 mm, 2 Stück;;;9338114;Dural GmbH;10000;8,14;;DISCOUNT_PCT;50;;DISCOUNT_PCT;40;;;;;;;;;;020.020.3070;;;;;;;;;;;;;;;;;;;;;;;ja;;;;;;;;;;;;;;;;;;ja;;;;;ja
Aussenecke für Winkelabschlussprofil Aluminium pulverbeschichtet schwarz, für Profilhöhe 12,5 mm, 2 Stück;;;9338124;Dural GmbH;10000;8,14;;DISCOUNT_PCT;50;;DISCOUNT_PCT;40;;;;;;;;;;020.020.3080;;;;;;;;;;;;;;;;;;;;;;;ja;;;;;;;;;;;;;;;;;;ja;;;;;ja
Winkelabschlussprofil Aluminium pulverbeschichtet schwarz, Höhe 22 mm, Länge 250 cm;;;93382200;Dural GmbH;10000;12,26;;DISCOUNT_PCT;50;;DISCOUNT_PCT;40;;;;;;;;;;020.020.3090;;;;;;;;;;;;;;;;;;;;;;;ja;;;;;;;;;;;;;;;;;;ja;;;;;ja
Winkelabschlussprofil Aluminium pulverbeschichtet sand RAL 0808005, Höhe 8 mm, Länge 300 cm;;;9342005;Dural GmbH;10000;8,72;;DISCOUNT_PCT;50;;DISCOUNT_PCT;40;;;;;;;;;;020.020.3100;;;;;;;;;;;;;;;;;;;;;;;ja;;;;;;;;;;;;;;;;;;ja;;;;;ja
Winkelabschlussprofil Aluminium pulverbeschichtet betongrau RAL 0006500, Höhe 8 mm, Länge 300 cm;;;9342065;Dural GmbH;10000;8,72;;DISCOUNT_PCT;50;;DISCOUNT_PCT;40;;;;;;;;;;020.020.3110;;;;;;;;;;;;;;;;;;;;;;;ja;;;;;;;;;;;;;;;;;;ja;;;;;ja
Winkelabschlussprofil Aluminium pulverbeschichtet betongrau RAL 0006500, Höhe 7 mm, Länge 250 cm;;;9347065;Dural GmbH;10000;8,54;;DISCOUNT_PCT;50;;DISCOUNT_PCT;40;;;;;;;;;;020.020.3120;;;;;;;;;;;;;;;;;;;;;;;ja;;;;;;;;;;;;;;;;;;ja;;;;;ja
Winkelabschlussprofil Aluminium pulverbeschichtet sand RAL 0808005, Höhe 7 mm, Länge 250 cm;;;9347080;Dural GmbH;10000;8,54;;DISCOUNT_PCT;50;;DISCOUNT_PCT;40;;;;;;;;;;020.020.3130;;;;;;;;;;;;;;;;;;;;;;;ja;;;;;;;;;;;;;;;;;;ja;;;;;ja
Winkelabschlussprofil Aluminium pulverbeschichtet sand RAL 0808005, Höhe 8 mm, Länge 250 cm;;;9348005;Dural GmbH;10000;8,72;;DISCOUNT_PCT;50;;DISCOUNT_PCT;40;;;;;;;;;;020.020.3140;;;;;;;;;;;;;;;;;;;;;;;ja;;;;;;;;;;;;;;;;;;ja;;;;;ja
Aussenecke für Winkelabschlussprofil Aluminium pulverbeschichtet sand RAL 0808005, für Profilhöhe 8 mm, 2 Stück;;;93480054;Dural GmbH;10000;8,14;;DISCOUNT_PCT;50;;DISCOUNT_PCT;40;;;;;;;;;;020.020.3150;;;;;;;;;;;;;;;;;;;;;;;ja;;;;;;;;;;;;;;;;;;ja;;;;;ja
Winkelabschlussprofil Aluminium pulverbeschichtet betongrau RAL 0006500, Höhe 8 mm, Länge 250 cm;;;9348065;Dural GmbH;10000;8,72;;DISCOUNT_PCT;50;;DISCOUNT_PCT;40;;;;;;;;;;020.020.3160;;;;;;;;;;;;;;;;;;;;;;;ja;;;;;;;;;;;;;;;;;;ja;;;;;ja
Aussenecke für Winkelabschlussprofil Aluminium pulverbeschichtet betongrau RAL 0006500, für Profilhöhe 8 mm, 2 Stück;;;93480654;Dural GmbH;10000;8,14;;DISCOUNT_PCT;50;;DISCOUNT_PCT;40;;;;;;;;;;020.020.3170;;;;;;;;;;;;;;;;;;;;;;;ja;;;;;;;;;;;;;;;;;;ja;;;;;ja
Winkelabschlussprofil Aluminium pulverbeschichtet betongrau RAL 0006500, Höhe 9 mm, Länge 250 cm;;;9349065;Dural GmbH;10000;8,94;;DISCOUNT_PCT;50;;DISCOUNT_PCT;40;;;;;;;;;;020.020.3180;;;;;;;;;;;;;;;;;;;;;;;ja;;;;;;;;;;;;;;;;;;ja;;;;;ja
Winkelabschlussprofil Aluminium pulverbeschichtet sand RAL 0808005, Höhe 12,5 mm, Länge 250 cm;;;9408105;Dural GmbH;10000;10,08;;DISCOUNT_PCT;50;;DISCOUNT_PCT;40;;;;;;;;;;020.020.3190;;;;;;;;;;;;;;;;;;;;;;;ja;;;;;;;;;;;;;;;;;;ja;;;;;ja
Aussenecke für Winkelabschlussprofil Aluminium pulverbeschichtet sand RAL 0808005, für Profilhöhe 12,5 mm, 2 Stück;;;94081054;Dural GmbH;10000;8,14;;DISCOUNT_PCT;50;;DISCOUNT_PCT;40;;;;;;;;;;020.020.3200;;;;;;;;;;;;;;;;;;;;;;;ja;;;;;;;;;;;;;;;;;;ja;;;;;ja
Winkelabschlussprofil Aluminium pulverbeschichtet betongrau RAL 0006500, Höhe 12,5 mm, Länge 250 cm;;;9408165;Dural GmbH;10000;10,08;;DISCOUNT_PCT;50;;DISCOUNT_PCT;40;;;;;;;;;;020.020.3210;;;;;;;;;;;;;;;;;;;;;;;ja;;;;;;;;;;;;;;;;;;ja;;;;;ja
Aussenecke für Winkelabschlussprofil Aluminium pulverbeschichtet betongrau RAL 0006500, für Profilhöhe 12,5 mm, 2 Stück;;;94081654;Dural GmbH;10000;8,14;;DISCOUNT_PCT;50;;DISCOUNT_PCT;40;;;;;;;;;;020.020.3220;;;;;;;;;;;;;;;;;;;;;;;ja;;;;;;;;;;;;;;;;;;ja;;;;;ja
Winkelabschlussprofil Aluminium pulverbeschichtet sand RAL 0808005, Höhe 12,5 mm, Länge 300 cm;;;9422105;Dural GmbH;10000;10,08;;DISCOUNT_PCT;50;;DISCOUNT_PCT;40;;;;;;;;;;020.020.3230;;;;;;;;;;;;;;;;;;;;;;;ja;;;;;;;;;;;;;;;;;;ja;;;;;ja
Winkelabschlussprofil Aluminium pulverbeschichtet betongrau RAL 0006500, Höhe 12,5 mm, Länge 300 cm;;;9422165;Dural GmbH;10000;10,08;;DISCOUNT_PCT;50;;DISCOUNT_PCT;40;;;;;;;;;;020.020.3240;;;;;;;;;;;;;;;;;;;;;;;ja;;;;;;;;;;;;;;;;;;ja;;;;;ja
Winkelabschlussprofil Aluminium pulverbeschichtet gold Länge 250 cm;;;9528061;Dural GmbH;10000;8,4;;DISCOUNT_PCT;50;;DISCOUNT_PCT;40;;;;;;;;;;020.020.3250;;;;;;;;;;;;;;;;;;;;;;;ja;;;;;;;;;;;;;;;;;;ja;;;;;ja
Aussenecke für Winkelabschlussprofil pulverbeschichtet gold;;;9528064;Dural GmbH;10000;8,14;;DISCOUNT_PCT;50;;DISCOUNT_PCT;40;;;;;;;;;;020.020.3260;;;;;;;;;;;;;;;;;;;;;;;ja;;;;;;;;;;;;;;;;;;ja;;;;;ja
Winkelabschlussprofil Aluminium pulverbeschichtet gold 8 mm Länge 250 cm;;;9528081;Dural GmbH;10000;8,72;;DISCOUNT_PCT;50;;DISCOUNT_PCT;40;;;;;;;;;;020.020.3270;;;;;;;;;;;;;;;;;;;;;;;ja;;;;;;;;;;;;;;;;;;ja;;;;;ja
Aussenecke für Winkelabschlussprofil pulverbeschichtet gold 8 mm;;;9528084;Dural GmbH;10000;8,14;;DISCOUNT_PCT;50;;DISCOUNT_PCT;40;;;;;;;;;;020.020.3280;;;;;;;;;;;;;;;;;;;;;;;ja;;;;;;;;;;;;;;;;;;ja;;;;;ja
Winkelabschlussprofil Aluminium pulverbeschichtet gold 10 mm Länge 250 cm;;;9528101;Dural GmbH;10000;9,18;;DISCOUNT_PCT;50;;DISCOUNT_PCT;40;;;;;;;;;;020.020.3290;;;;;;;;;;;;;;;;;;;;;;;ja;;;;;;;;;;;;;;;;;;ja;;;;;ja
Aussenecke für Winkelabschlussprofil pulverbeschichtet gold 10 mm;;;9528104;Dural GmbH;10000;8,14;;DISCOUNT_PCT;50;;DISCOUNT_PCT;40;;;;;;;;;;020.020.3300;;;;;;;;;;;;;;;;;;;;;;;ja;;;;;;;;;;;;;;;;;;ja;;;;;ja
Winkelabschlussprofil Aluminium pulverbeschichtet gold 11 mm Länge 250 cm;;;9528111;Dural GmbH;10000;9,54;;DISCOUNT_PCT;50;;DISCOUNT_PCT;40;;;;;;;;;;020.020.3310;;;;;;;;;;;;;;;;;;;;;;;ja;;;;;;;;;;;;;;;;;;ja;;;;;ja
Aussenecke für Winkelabschlussprofil pulverbeschichtet gold 11 mm;;;9528114;Dural GmbH;10000;8,14;;DISCOUNT_PCT;50;;DISCOUNT_PCT;40;;;;;;;;;;020.020.3320;;;;;;;;;;;;;;;;;;;;;;;ja;;;;;;;;;;;;;;;;;;ja;;;;;ja
Winkelabschlussprofil Aluminium pulverbeschichtet gold 12,5 mm Länge 250 cm;;;9528121;Dural GmbH;10000;10,08;;DISCOUNT_PCT;50;;DISCOUNT_PCT;40;;;;;;;;;;020.020.3330;;;;;;;;;;;;;;;;;;;;;;;ja;;;;;;;;;;;;;;;;;;ja;;;;;ja
Aussenecke für Winkelabschlussprofil pulverbeschichtet gold 12,5 mm;;;9528124;Dural GmbH;10000;8,14;;DISCOUNT_PCT;50;;DISCOUNT_PCT;40;;;;;;;;;;020.020.3340;;;;;;;;;;;;;;;;;;;;;;;ja;;;;;;;;;;;;;;;;;;ja;;;;;ja
Winkelabschlussprofil Aluminium pulverbeschichtet titan Länge 250 cm;;;9538061;Dural GmbH;10000;8,4;;DISCOUNT_PCT;50;;DISCOUNT_PCT;40;;;;;;;;;;020.020.3350;;;;;;;;;;;;;;;;;;;;;;;ja;;;;;;;;;;;;;;;;;;ja;;;;;ja
Aussenecke für Winkelabschlussprofil pulverbeschichtet titan;;;9538064;Dural GmbH;10000;8,14;;DISCOUNT_PCT;50;;DISCOUNT_PCT;40;;;;;;;;;;020.020.3360;;;;;;;;;;;;;;;;;;;;;;;ja;;;;;;;;;;;;;;;;;;ja;;;;;ja
Winkelabschlussprofil Aluminium pulverbeschichtet titan 8 mm Länge 250 cm;;;9538081;Dural GmbH;10000;8,72;;DISCOUNT_PCT;50;;DISCOUNT_PCT;40;;;;;;;;;;020.020.3370;;;;;;;;;;;;;;;;;;;;;;;ja;;;;;;;;;;;;;;;;;;ja;;;;;ja
Aussenecke für Winkelabschlussprofil pulverbeschichtet titan 8 mm;;;9538084;Dural GmbH;10000;8,14;;DISCOUNT_PCT;50;;DISCOUNT_PCT;40;;;;;;;;;;020.020.3380;;;;;;;;;;;;;;;;;;;;;;;ja;;;;;;;;;;;;;;;;;;ja;;;;;ja
Winkelabschlussprofil Aluminium pulverbeschichtet titan 10 mm Länge 250 cm;;;9538101;Dural GmbH;10000;9,18;;DISCOUNT_PCT;50;;DISCOUNT_PCT;40;;;;;;;;;;020.020.3390;;;;;;;;;;;;;;;;;;;;;;;ja;;;;;;;;;;;;;;;;;;ja;;;;;ja
Aussenecke für Winkelabschlussprofil pulverbeschichtet titan 10 mm;;;9538104;Dural GmbH;10000;8,14;;DISCOUNT_PCT;50;;DISCOUNT_PCT;40;;;;;;;;;;020.020.3400;;;;;;;;;;;;;;;;;;;;;;;ja;;;;;;;;;;;;;;;;;;ja;;;;;ja
Winkelabschlussprofil Aluminium pulverbeschichtet titan 11 mm Länge 250 cm;;;9538111;Dural GmbH;10000;9,54;;DISCOUNT_PCT;50;;DISCOUNT_PCT;40;;;;;;;;;;020.020.3410;;;;;;;;;;;;;;;;;;;;;;;ja;;;;;;;;;;;;;;;;;;ja;;;;;ja
Aussenecke für Winkelabschlussprofil pulverbeschichtet titan 11 mm;;;9538114;Dural GmbH;10000;8,14;;DISCOUNT_PCT;50;;DISCOUNT_PCT;40;;;;;;;;;;020.020.3420;;;;;;;;;;;;;;;;;;;;;;;ja;;;;;;;;;;;;;;;;;;ja;;;;;ja
Winkelabschlussprofil Aluminium pulverbeschichtet titan 12,5 mm Länge 250 cm;;;9538121;Dural GmbH;10000;10,08;;DISCOUNT_PCT;50;;DISCOUNT_PCT;40;;;;;;;;;;020.020.3430;;;;;;;;;;;;;;;;;;;;;;;ja;;;;;;;;;;;;;;;;;;ja;;;;;ja
Aussenecke für Winkelabschlussprofil pulverbeschichtet titan 12,5 mm;;;9538124;Dural GmbH;10000;8,14;;DISCOUNT_PCT;50;;DISCOUNT_PCT;40;;;;;;;;;;020.020.3440;;;;;;;;;;;;;;;;;;;;;;;ja;;;;;;;;;;;;;;;;;;ja;;;;;ja
Winkelabschlussprofil Aluminium pulverbeschichtet kupfer Länge 250 cm;;;9548061;Dural GmbH;10000;8,4;;DISCOUNT_PCT;50;;DISCOUNT_PCT;40;;;;;;;;;;020.020.3450;;;;;;;;;;;;;;;;;;;;;;;ja;;;;;;;;;;;;;;;;;;ja;;;;;ja
Aussenecke für Winkelabschlussprofil pulverbeschichtet kupfer;;;9548064;Dural GmbH;10000;8,14;;DISCOUNT_PCT;50;;DISCOUNT_PCT;40;;;;;;;;;;020.020.3460;;;;;;;;;;;;;;;;;;;;;;;ja;;;;;;;;;;;;;;;;;;ja;;;;;ja
Winkelabschlussprofil Aluminium pulverbeschichtet kupfer 8 mm Länge 250 cm;;;9548081;Dural GmbH;10000;8,72;;DISCOUNT_PCT;50;;DISCOUNT_PCT;40;;;;;;;;;;020.020.3470;;;;;;;;;;;;;;;;;;;;;;;ja;;;;;;;;;;;;;;;;;;ja;;;;;ja
Aussenecke für Winkelabschlussprofil pulverbeschichtet kupfer 8 mm;;;9548084;Dural GmbH;10000;8,14;;DISCOUNT_PCT;50;;DISCOUNT_PCT;40;;;;;;;;;;020.020.3480;;;;;;;;;;;;;;;;;;;;;;;ja;;;;;;;;;;;;;;;;;;ja;;;;;ja
Winkelabschlussprofil Aluminium pulverbeschichtet kupfer 10 mm Länge 250 cm;;;9548101;Dural GmbH;10000;9,18;;DISCOUNT_PCT;50;;DISCOUNT_PCT;40;;;;;;;;;;020.020.3490;;;;;;;;;;;;;;;;;;;;;;;ja;;;;;;;;;;;;;;;;;;ja;;;;;ja
Aussenecke für Winkelabschlussprofil pulverbeschichtet kupfer 10 mm;;;9548104;Dural GmbH;10000;8,14;;DISCOUNT_PCT;50;;DISCOUNT_PCT;40;;;;;;;;;;020.020.3500;;;;;;;;;;;;;;;;;;;;;;;ja;;;;;;;;;;;;;;;;;;ja;;;;;ja
Winkelabschlussprofil Aluminium pulverbeschichtet kupfer 11 mm Länge 250 cm;;;9548111;Dural GmbH;10000;9,54;;DISCOUNT_PCT;50;;DISCOUNT_PCT;40;;;;;;;;;;020.020.3510;;;;;;;;;;;;;;;;;;;;;;;ja;;;;;;;;;;;;;;;;;;ja;;;;;ja
Aussenecke für Winkelabschlussprofil pulverbeschichtet kupfer 11 mm;;;9548114;Dural GmbH;10000;8,14;;DISCOUNT_PCT;50;;DISCOUNT_PCT;40;;;;;;;;;;020.020.3520;;;;;;;;;;;;;;;;;;;;;;;ja;;;;;;;;;;;;;;;;;;ja;;;;;ja
Winkelabschlussprofil Aluminium pulverbeschichtet kupfer 12,5 mm Länge 250 cm;;;9548121;Dural GmbH;10000;10,08;;DISCOUNT_PCT;50;;DISCOUNT_PCT;40;;;;;;;;;;020.020.3530;;;;;;;;;;;;;;;;;;;;;;;ja;;;;;;;;;;;;;;;;;;ja;;;;;ja
Aussenecke für Winkelabschlussprofil pulverbeschichtet kupfer 12,5 mm;;;9548124;Dural GmbH;10000;8,14;;DISCOUNT_PCT;50;;DISCOUNT_PCT;40;;;;;;;;;;020.020.3540;;;;;;;;;;;;;;;;;;;;;;;ja;;;;;;;;;;;;;;;;;;ja;;;;;ja
Winkelabschlussprofil Aluminium pulverbeschichtet bronze Länge 250 cm;;;9558061;Dural GmbH;10000;8,4;;DISCOUNT_PCT;50;;DISCOUNT_PCT;40;;;;;;;;;;020.020.3550;;;;;;;;;;;;;;;;;;;;;;;ja;;;;;;;;;;;;;;;;;;ja;;;;;ja
Aussenecke für Winkelabschlussprofil pulverbeschichtet bronze;;;9558064;Dural GmbH;10000;8,14;;DISCOUNT_PCT;50;;DISCOUNT_PCT;40;;;;;;;;;;020.020.3560;;;;;;;;;;;;;;;;;;;;;;;ja;;;;;;;;;;;;;;;;;;ja;;;;;ja
Winkelabschlussprofil Aluminium pulverbeschichtet bronze 8 mm Länge 250 cm;;;9558081;Dural GmbH;10000;8,72;;DISCOUNT_PCT;50;;DISCOUNT_PCT;40;;;;;;;;;;020.020.3570;;;;;;;;;;;;;;;;;;;;;;;ja;;;;;;;;;;;;;;;;;;ja;;;;;ja
Aussenecke für Winkelabschlussprofil pulverbeschichtet bronze 8 mm;;;9558084;Dural GmbH;10000;8,14;;DISCOUNT_PCT;50;;DISCOUNT_PCT;40;;;;;;;;;;020.020.3580;;;;;;;;;;;;;;;;;;;;;;;ja;;;;;;;;;;;;;;;;;;ja;;;;;ja
Winkelabschlussprofil Aluminium pulverbeschichtet bronze 10 mm Länge 250 cm;;;9558101;Dural GmbH;10000;9,18;;DISCOUNT_PCT;50;;DISCOUNT_PCT;40;;;;;;;;;;020.020.3590;;;;;;;;;;;;;;;;;;;;;;;ja;;;;;;;;;;;;;;;;;;ja;;;;;ja
Aussenecke für Winkelabschlussprofil pulverbeschichtet bronze 10 mm;;;9558104;Dural GmbH;10000;8,14;;DISCOUNT_PCT;50;;DISCOUNT_PCT;40;;;;;;;;;;020.020.3600;;;;;;;;;;;;;;;;;;;;;;;ja;;;;;;;;;;;;;;;;;;ja;;;;;ja
Winkelabschlussprofil Aluminium pulverbeschichtet bronze 11 mm Länge 250 cm;;;9558111;Dural GmbH;10000;9,54;;DISCOUNT_PCT;50;;DISCOUNT_PCT;40;;;;;;;;;;020.020.3610;;;;;;;;;;;;;;;;;;;;;;;ja;;;;;;;;;;;;;;;;;;ja;;;;;ja
Aussenecke für Winkelabschlussprofil pulverbeschichtet bronze 11 mm;;;9558114;Dural GmbH;10000;8,14;;DISCOUNT_PCT;50;;DISCOUNT_PCT;40;;;;;;;;;;020.020.3620;;;;;;;;;;;;;;;;;;;;;;;ja;;;;;;;;;;;;;;;;;;ja;;;;;ja
Winkelabschlussprofil Aluminium pulverbeschichtet bronze 12,5 mm Länge 250 cm;;;9558121;Dural GmbH;10000;10,08;;DISCOUNT_PCT;50;;DISCOUNT_PCT;40;;;;;;;;;;020.020.3630;;;;;;;;;;;;;;;;;;;;;;;ja;;;;;;;;;;;;;;;;;;ja;;;;;ja
Aussenecke für Winkelabschlussprofil pulverbeschichtet bronze 12,5 mm;;;9558124;Dural GmbH;10000;8,14;;DISCOUNT_PCT;50;;DISCOUNT_PCT;40;;;;;;;;;;020.020.3640;;;;;;;;;;;;;;;;;;;;;;;ja;;;;;;;;;;;;;;;;;;ja;;;;;ja
Winkelabschlussprofil Aluminium pulverbeschichtet graphit Länge 250 cm;;;9568061;Dural GmbH;10000;8,4;;DISCOUNT_PCT;50;;DISCOUNT_PCT;40;;;;;;;;;;020.020.3650;;;;;;;;;;;;;;;;;;;;;;;ja;;;;;;;;;;;;;;;;;;ja;;;;;ja
Aussenecke für Winkelabschlussprofil pulverbeschichtet graphit;;;9568064;Dural GmbH;10000;8,14;;DISCOUNT_PCT;50;;DISCOUNT_PCT;40;;;;;;;;;;020.020.3660;;;;;;;;;;;;;;;;;;;;;;;ja;;;;;;;;;;;;;;;;;;ja;;;;;ja
Winkelabschlussprofil Aluminium pulverbeschichtet graphit 8 mm Länge 250 cm;;;9568081;Dural GmbH;10000;8,72;;DISCOUNT_PCT;50;;DISCOUNT_PCT;40;;;;;;;;;;020.020.3670;;;;;;;;;;;;;;;;;;;;;;;ja;;;;;;;;;;;;;;;;;;ja;;;;;ja
Aussenecke für Winkelabschlussprofil pulverbeschichtet graphit 8 mm;;;9568084;Dural GmbH;10000;8,14;;DISCOUNT_PCT;50;;DISCOUNT_PCT;40;;;;;;;;;;020.020.3680;;;;;;;;;;;;;;;;;;;;;;;ja;;;;;;;;;;;;;;;;;;ja;;;;;ja
Winkelabschlussprofil Aluminium pulverbeschichtet graphit 10 mm Länge 250 cm;;;9568101;Dural GmbH;10000;9,18;;DISCOUNT_PCT;50;;DISCOUNT_PCT;40;;;;;;;;;;020.020.3690;;;;;;;;;;;;;;;;;;;;;;;ja;;;;;;;;;;;;;;;;;;ja;;;;;ja
Aussenecke für Winkelabschlussprofil pulverbeschichtet graphit 10 mm;;;9568104;Dural GmbH;10000;8,14;;DISCOUNT_PCT;50;;DISCOUNT_PCT;40;;;;;;;;;;020.020.3700;;;;;;;;;;;;;;;;;;;;;;;ja;;;;;;;;;;;;;;;;;;ja;;;;;ja
Winkelabschlussprofil Aluminium pulverbeschichtet graphit 11 mm Länge 250 cm;;;9568111;Dural GmbH;10000;9,54;;DISCOUNT_PCT;50;;DISCOUNT_PCT;40;;;;;;;;;;020.020.3710;;;;;;;;;;;;;;;;;;;;;;;ja;;;;;;;;;;;;;;;;;;ja;;;;;ja
Aussenecke für Winkelabschlussprofil pulverbeschichtet graphit 11 mm;;;9568114;Dural GmbH;10000;8,14;;DISCOUNT_PCT;50;;DISCOUNT_PCT;40;;;;;;;;;;020.020.3720;;;;;;;;;;;;;;;;;;;;;;;ja;;;;;;;;;;;;;;;;;;ja;;;;;ja
Winkelabschlussprofil Aluminium pulverbeschichtet graphit 12,5 mm Länge 250 cm;;;9568121;Dural GmbH;10000;10,08;;DISCOUNT_PCT;50;;DISCOUNT_PCT;40;;;;;;;;;;020.020.3730;;;;;;;;;;;;;;;;;;;;;;;ja;;;;;;;;;;;;;;;;;;ja;;;;;ja
Aussenecke für Winkelabschlussprofil pulverbeschichtet graphit 12,5 mm;;;9568124;Dural GmbH;10000;8,14;;DISCOUNT_PCT;50;;DISCOUNT_PCT;40;;;;;;;;;;020.020.3740;;;;;;;;;;;;;;;;;;;;;;;ja;;;;;;;;;;;;;;;;;;ja;;;;;ja
Winkelabschlussprofil Aluminium strukturbeschichtet gelboliv (RAL 6014) 6 mm Länge 250 cm;;;960148061;Dural GmbH;10000;10,08;;DISCOUNT_PCT;50;;DISCOUNT_PCT;40;;;;;;;;;;020.020.3750;;;;;;;;;;;;;;;;;;;;;;;ja;;;;;;;;;;;;;;;;;;ja;;;;;ja
Aussenecke für Winkelabschlussprofil strukturbeschichtet gelboliv (RAL 6014) 6 mm;;;960148064;Dural GmbH;10000;9,76;;DISCOUNT_PCT;50;;DISCOUNT_PCT;40;;;;;;;;;;020.020.3760;;;;;;;;;;;;;;;;;;;;;;;ja;;;;;;;;;;;;;;;;;;ja;;;;;ja
Winkelabschlussprofil Aluminium strukturbeschichtet gelboliv (RAL 6014) 8 mm Länge 250 cm;;;960148081;Dural GmbH;10000;10,46;;DISCOUNT_PCT;50;;DISCOUNT_PCT;40;;;;;;;;;;020.020.3770;;;;;;;;;;;;;;;;;;;;;;;ja;;;;;;;;;;;;;;;;;;ja;;;;;ja
Aussenecke für Winkelabschlussprofil strukturbeschichtet gelboliv (RAL 6014) 8 mm;;;960148084;Dural GmbH;10000;9,76;;DISCOUNT_PCT;50;;DISCOUNT_PCT;40;;;;;;;;;;020.020.3780;;;;;;;;;;;;;;;;;;;;;;;ja;;;;;;;;;;;;;;;;;;ja;;;;;ja
Winkelabschlussprofil Aluminium strukturbeschichtet gelboliv (RAL 6014) 10 mm Länge 250 cm;;;960148101;Dural GmbH;10000;11,02;;DISCOUNT_PCT;50;;DISCOUNT_PCT;40;;;;;;;;;;020.020.3790;;;;;;;;;;;;;;;;;;;;;;;ja;;;;;;;;;;;;;;;;;;ja;;;;;ja
Aussenecke für Winkelabschlussprofil strukturbeschichtet gelboliv (RAL 6014) 10 mm;;;960148104;Dural GmbH;10000;9,76;;DISCOUNT_PCT;50;;DISCOUNT_PCT;40;;;;;;;;;;020.020.3800;;;;;;;;;;;;;;;;;;;;;;;ja;;;;;;;;;;;;;;;;;;ja;;;;;ja
Winkelabschlussprofil Aluminium strukturbeschichtet gelboliv (RAL 6014) 11 mm Länge 250 cm;;;960148111;Dural GmbH;10000;11,44;;DISCOUNT_PCT;50;;DISCOUNT_PCT;40;;;;;;;;;;020.020.3810;;;;;;;;;;;;;;;;;;;;;;;ja;;;;;;;;;;;;;;;;;;ja;;;;;ja
Aussenecke für Winkelabschlussprofil strukturbeschichtet gelboliv (RAL 6014) 11 mm;;;960148114;Dural GmbH;10000;9,76;;DISCOUNT_PCT;50;;DISCOUNT_PCT;40;;;;;;;;;;020.020.3820;;;;;;;;;;;;;;;;;;;;;;;ja;;;;;;;;;;;;;;;;;;ja;;;;;ja
Winkelabschlussprofil Aluminium strukturbeschichtet gelboliv (RAL 6014) 12,5 mm Länge 250 cm;;;960148121;Dural GmbH;10000;12,1;;DISCOUNT_PCT;50;;DISCOUNT_PCT;40;;;;;;;;;;020.020.3830;;;;;;;;;;;;;;;;;;;;;;;ja;;;;;;;;;;;;;;;;;;ja;;;;;ja
Aussenecke für Winkelabschlussprofil strukturbeschichtet gelboliv (RAL 6014) 12,5 mm;;;960148124;Dural GmbH;10000;9,76;;DISCOUNT_PCT;50;;DISCOUNT_PCT;40;;;;;;;;;;020.020.3840;;;;;;;;;;;;;;;;;;;;;;;ja;;;;;;;;;;;;;;;;;;ja;;;;;ja
Winkelabschlussprofil Aluminium strukturbeschichtet moosgrau (RAL 7003) 6 mm Länge 250 cm;;;970038061;Dural GmbH;10000;10,08;;DISCOUNT_PCT;50;;DISCOUNT_PCT;40;;;;;;;;;;020.020.3850;;;;;;;;;;;;;;;;;;;;;;;ja;;;;;;;;;;;;;;;;;;ja;;;;;ja
Aussenecke für Winkelabschlussprofil strukturbeschichtet moosgrau (RAL 7003) 6 mm;;;970038064;Dural GmbH;10000;9,76;;DISCOUNT_PCT;50;;DISCOUNT_PCT;40;;;;;;;;;;020.020.3860;;;;;;;;;;;;;;;;;;;;;;;ja;;;;;;;;;;;;;;;;;;ja;;;;;ja
Winkelabschlussprofil Aluminium strukturbeschichtet moosgrau (RAL 7003) 8 mm Länge 250 cm;;;970038081;Dural GmbH;10000;10,46;;DISCOUNT_PCT;50;;DISCOUNT_PCT;40;;;;;;;;;;020.020.3870;;;;;;;;;;;;;;;;;;;;;;;ja;;;;;;;;;;;;;;;;;;ja;;;;;ja
Aussenecke für Winkelabschlussprofil strukturbeschichtet moosgrau (RAL 7003) 8 mm;;;970038084;Dural GmbH;10000;9,76;;DISCOUNT_PCT;50;;DISCOUNT_PCT;40;;;;;;;;;;020.020.3880;;;;;;;;;;;;;;;;;;;;;;;ja;;;;;;;;;;;;;;;;;;ja;;;;;ja
Winkelabschlussprofil Aluminium strukturbeschichtet moosgrau (RAL 7003) 10 mm Länge 250 cm;;;970038101;Dural GmbH;10000;11,02;;DISCOUNT_PCT;50;;DISCOUNT_PCT;40;;;;;;;;;;020.020.3890;;;;;;;;;;;;;;;;;;;;;;;ja;;;;;;;;;;;;;;;;;;ja;;;;;ja
Aussenecke für Winkelabschlussprofil strukturbeschichtet moosgrau (RAL 7003) 10 mm;;;970038104;Dural GmbH;10000;9,76;;DISCOUNT_PCT;50;;DISCOUNT_PCT;40;;;;;;;;;;020.020.3900;;;;;;;;;;;;;;;;;;;;;;;ja;;;;;;;;;;;;;;;;;;ja;;;;;ja
Winkelabschlussprofil Aluminium strukturbeschichtet moosgrau (RAL 7003) 11 mm Länge 250 cm;;;970038111;Dural GmbH;10000;11,44;;DISCOUNT_PCT;50;;DISCOUNT_PCT;40;;;;;;;;;;020.020.3910;;;;;;;;;;;;;;;;;;;;;;;ja;;;;;;;;;;;;;;;;;;ja;;;;;ja
Aussenecke für Winkelabschlussprofil strukturbeschichtet moosgrau (RAL 7003) 11 mm;;;970038114;Dural GmbH;10000;9,76;;DISCOUNT_PCT;50;;DISCOUNT_PCT;40;;;;;;;;;;020.020.3920;;;;;;;;;;;;;;;;;;;;;;;ja;;;;;;;;;;;;;;;;;;ja;;;;;ja
Winkelabschlussprofil Aluminium strukturbeschichtet moosgrau (RAL 7003) 12,5 mm Länge 250 cm;;;970038121;Dural GmbH;10000;12,1;;DISCOUNT_PCT;50;;DISCOUNT_PCT;40;;;;;;;;;;020.020.3930;;;;;;;;;;;;;;;;;;;;;;;ja;;;;;;;;;;;;;;;;;;ja;;;;;ja
Aussenecke für Winkelabschlussprofil strukturbeschichtet moosgrau (RAL 7003) 12,5 mm;;;970038124;Dural GmbH;10000;9,76;;DISCOUNT_PCT;50;;DISCOUNT_PCT;40;;;;;;;;;;020.020.3940;;;;;;;;;;;;;;;;;;;;;;;ja;;;;;;;;;;;;;;;;;;ja;;;;;ja
Winkelabschlussprofil Aluminium strukturbeschichtet beigegrau (RAL 7006) 6 mm Länge 250 cm;;;970068061;Dural GmbH;10000;10,08;;DISCOUNT_PCT;50;;DISCOUNT_PCT;40;;;;;;;;;;020.020.3950;;;;;;;;;;;;;;;;;;;;;;;ja;;;;;;;;;;;;;;;;;;ja;;;;;ja
Aussenecke für Winkelabschlussprofil strukturbeschichtet beigegrau (RAL 7006) 6 mm;;;970068064;Dural GmbH;10000;9,76;;DISCOUNT_PCT;50;;DISCOUNT_PCT;40;;;;;;;;;;020.020.3960;;;;;;;;;;;;;;;;;;;;;;;ja;;;;;;;;;;;;;;;;;;ja;;;;;ja
Winkelabschlussprofil Aluminium strukturbeschichtet beigegrau (RAL 7006) 8 mm Länge 250 cm;;;970068081;Dural GmbH;10000;10,46;;DISCOUNT_PCT;50;;DISCOUNT_PCT;40;;;;;;;;;;020.020.3970;;;;;;;;;;;;;;;;;;;;;;;ja;;;;;;;;;;;;;;;;;;ja;;;;;ja
Aussenecke für Winkelabschlussprofil strukturbeschichtet beigegrau (RAL 7006) 8 mm;;;970068084;Dural GmbH;10000;9,76;;DISCOUNT_PCT;50;;DISCOUNT_PCT;40;;;;;;;;;;020.020.3980;;;;;;;;;;;;;;;;;;;;;;;ja;;;;;;;;;;;;;;;;;;ja;;;;;ja
Winkelabschlussprofil Aluminium strukturbeschichtet beigegrau (RAL 7006) 10 mm Länge 250 cm;;;970068101;Dural GmbH;10000;11,02;;DISCOUNT_PCT;50;;DISCOUNT_PCT;40;;;;;;;;;;020.020.3990;;;;;;;;;;;;;;;;;;;;;;;ja;;;;;;;;;;;;;;;;;;ja;;;;;ja
Aussenecke für Winkelabschlussprofil strukturbeschichtet beigegrau (RAL 7006) 10 mm;;;970068104;Dural GmbH;10000;9,76;;DISCOUNT_PCT;50;;DISCOUNT_PCT;40;;;;;;;;;;020.020.4000;;;;;;;;;;;;;;;;;;;;;;;ja;;;;;;;;;;;;;;;;;;ja;;;;;ja
Winkelabschlussprofil Aluminium strukturbeschichtet beigegrau (RAL 7006) 11 mm Länge 250 cm;;;970068111;Dural GmbH;10000;11,44;;DISCOUNT_PCT;50;;DISCOUNT_PCT;40;;;;;;;;;;020.020.4010;;;;;;;;;;;;;;;;;;;;;;;ja;;;;;;;;;;;;;;;;;;ja;;;;;ja
Aussenecke für Winkelabschlussprofil strukturbeschichtet beigegrau (RAL 7006) 11 mm;;;970068114;Dural GmbH;10000;9,76;;DISCOUNT_PCT;50;;DISCOUNT_PCT;40;;;;;;;;;;020.020.4020;;;;;;;;;;;;;;;;;;;;;;;ja;;;;;;;;;;;;;;;;;;ja;;;;;ja
Winkelabschlussprofil Aluminium strukturbeschichtet beigegrau (RAL 7006) 12,5 mm Länge 250 cm;;;970068121;Dural GmbH;10000;12,1;;DISCOUNT_PCT;50;;DISCOUNT_PCT;40;;;;;;;;;;020.020.4030;;;;;;;;;;;;;;;;;;;;;;;ja;;;;;;;;;;;;;;;;;;ja;;;;;ja
Aussenecke für Winkelabschlussprofil strukturbeschichtet beigegrau (RAL 7006) 12,5 mm;;;970068124;Dural GmbH;10000;9,76;;DISCOUNT_PCT;50;;DISCOUNT_PCT;40;;;;;;;;;;020.020.4040;;;;;;;;;;;;;;;;;;;;;;;ja;;;;;;;;;;;;;;;;;;ja;;;;;ja
Winkelabschlussprofil Aluminium pulverbeschichtet eisengrau matt (RAL 7011) 6 mm Länge 250 cm;;;970118061;Dural GmbH;10000;8,4;;DISCOUNT_PCT;50;;DISCOUNT_PCT;40;;;;;;;;;;020.020.4050;;;;;;;;;;;;;;;;;;;;;;;ja;;;;;;;;;;;;;;;;;;ja;;;;;ja
Aussenecke für Winkelabschlussprofil pulverbeschichtet eisengrau matt (RAL 7011) 6 mm;;;970118064;Dural GmbH;10000;8,14;;DISCOUNT_PCT;50;;DISCOUNT_PCT;40;;;;;;;;;;020.020.4060;;;;;;;;;;;;;;;;;;;;;;;ja;;;;;;;;;;;;;;;;;;ja;;;;;ja
Winkelabschlussprofil Aluminium pulverbeschichtet eisengrau matt (RAL 7011) 8 mm Länge 250 cm;;;970118081;Dural GmbH;10000;8,72;;DISCOUNT_PCT;50;;DISCOUNT_PCT;40;;;;;;;;;;020.020.4070;;;;;;;;;;;;;;;;;;;;;;;ja;;;;;;;;;;;;;;;;;;ja;;;;;ja
Aussenecke für Winkelabschlussprofil pulverbeschichtet eisengrau matt (RAL 7011) 8 mm;;;970118084;Dural GmbH;10000;8,14;;DISCOUNT_PCT;50;;DISCOUNT_PCT;40;;;;;;;;;;020.020.4080;;;;;;;;;;;;;;;;;;;;;;;ja;;;;;;;;;;;;;;;;;;ja;;;;;ja
Winkelabschlussprofil Aluminium pulverbeschichtet eisengrau matt (RAL 7011) 10 mm Länge 250 cm;;;970118101;Dural GmbH;10000;9,18;;DISCOUNT_PCT;50;;DISCOUNT_PCT;40;;;;;;;;;;020.020.4090;;;;;;;;;;;;;;;;;;;;;;;ja;;;;;;;;;;;;;;;;;;ja;;;;;ja
Aussenecke für Winkelabschlussprofil pulverbeschichtet eisengrau matt (RAL 7011) 10 mm;;;970118104;Dural GmbH;10000;8,14;;DISCOUNT_PCT;50;;DISCOUNT_PCT;40;;;;;;;;;;020.020.4100;;;;;;;;;;;;;;;;;;;;;;;ja;;;;;;;;;;;;;;;;;;ja;;;;;ja
Winkelabschlussprofil Aluminium pulverbeschichtet eisengrau matt (RAL 7011) 11 mm Länge 250 cm;;;970118111;Dural GmbH;10000;9,54;;DISCOUNT_PCT;50;;DISCOUNT_PCT;40;;;;;;;;;;020.020.4110;;;;;;;;;;;;;;;;;;;;;;;ja;;;;;;;;;;;;;;;;;;ja;;;;;ja
Aussenecke für Winkelabschlussprofil pulverbeschichtet eisengrau matt (RAL 7011) 11 mm;;;970118114;Dural GmbH;10000;8,14;;DISCOUNT_PCT;50;;DISCOUNT_PCT;40;;;;;;;;;;020.020.4120;;;;;;;;;;;;;;;;;;;;;;;ja;;;;;;;;;;;;;;;;;;ja;;;;;ja
Winkelabschlussprofil Aluminium pulverbeschichtet eisengrau matt (RAL 7011) 12,5 mm Länge 250 cm;;;970118121;Dural GmbH;10000;10,08;;DISCOUNT_PCT;50;;DISCOUNT_PCT;40;;;;;;;;;;020.020.4130;;;;;;;;;;;;;;;;;;;;;;;ja;;;;;;;;;;;;;;;;;;ja;;;;;ja
Aussenecke für Winkelabschlussprofil pulverbeschichtet eisengrau matt (RAL 7011) 12,5 mm;;;970118124;Dural GmbH;10000;8,14;;DISCOUNT_PCT;50;;DISCOUNT_PCT;40;;;;;;;;;;020.020.4140;;;;;;;;;;;;;;;;;;;;;;;ja;;;;;;;;;;;;;;;;;;ja;;;;;ja
Winkelabschlussprofil Aluminium pulverbeschichtet basaltgrau matt (RAL 7012) 6 mm Länge 250 cm;;;970128061;Dural GmbH;10000;8,4;;DISCOUNT_PCT;50;;DISCOUNT_PCT;40;;;;;;;;;;020.020.4150;;;;;;;;;;;;;;;;;;;;;;;ja;;;;;;;;;;;;;;;;;;ja;;;;;ja
Aussenecke für Winkelabschlussprofil pulverbeschichtet basaltgrau matt (RAL 7012) 6 mm;;;970128064;Dural GmbH;10000;8,14;;DISCOUNT_PCT;50;;DISCOUNT_PCT;40;;;;;;;;;;020.020.4160;;;;;;;;;;;;;;;;;;;;;;;ja;;;;;;;;;;;;;;;;;;ja;;;;;ja
Winkelabschlussprofil Aluminium pulverbeschichtet basaltgrau matt (RAL 7012) 8 mm Länge 250 cm;;;970128081;Dural GmbH;10000;8,72;;DISCOUNT_PCT;50;;DISCOUNT_PCT;40;;;;;;;;;;020.020.4170;;;;;;;;;;;;;;;;;;;;;;;ja;;;;;;;;;;;;;;;;;;ja;;;;;ja
Aussenecke für Winkelabschlussprofil pulverbeschichtet basaltgrau matt (RAL 7012) 8 mm;;;970128084;Dural GmbH;10000;8,14;;DISCOUNT_PCT;50;;DISCOUNT_PCT;40;;;;;;;;;;020.020.4180;;;;;;;;;;;;;;;;;;;;;;;ja;;;;;;;;;;;;;;;;;;ja;;;;;ja
Winkelabschlussprofil Aluminium pulverbeschichtet basaltgrau matt (RAL 7012) 10 mm Länge 250 cm;;;970128101;Dural GmbH;10000;9,18;;DISCOUNT_PCT;50;;DISCOUNT_PCT;40;;;;;;;;;;020.020.4190;;;;;;;;;;;;;;;;;;;;;;;ja;;;;;;;;;;;;;;;;;;ja;;;;;ja
Aussenecke für Winkelabschlussprofil pulverbeschichtet basaltgrau matt (RAL 7012) 10 mm;;;970128104;Dural GmbH;10000;8,14;;DISCOUNT_PCT;50;;DISCOUNT_PCT;40;;;;;;;;;;020.020.4200;;;;;;;;;;;;;;;;;;;;;;;ja;;;;;;;;;;;;;;;;;;ja;;;;;ja
Winkelabschlussprofil Aluminium pulverbeschichtet basaltgrau matt (RAL 7012) 11 mm Länge 250 cm;;;970128111;Dural GmbH;10000;9,54;;DISCOUNT_PCT;50;;DISCOUNT_PCT;40;;;;;;;;;;020.020.4210;;;;;;;;;;;;;;;;;;;;;;;ja;;;;;;;;;;;;;;;;;;ja;;;;;ja
Aussenecke für Winkelabschlussprofil pulverbeschichtet basaltgrau matt (RAL 7012) 11 mm;;;970128114;Dural GmbH;10000;8,14;;DISCOUNT_PCT;50;;DISCOUNT_PCT;40;;;;;;;;;;020.020.4220;;;;;;;;;;;;;;;;;;;;;;;ja;;;;;;;;;;;;;;;;;;ja;;;;;ja
Winkelabschlussprofil Aluminium pulverbeschichtet basaltgrau matt (RAL 7012) 12,5 mm Länge 250 cm;;;970128121;Dural GmbH;10000;10,08;;DISCOUNT_PCT;50;;DISCOUNT_PCT;40;;;;;;;;;;020.020.4230;;;;;;;;;;;;;;;;;;;;;;;ja;;;;;;;;;;;;;;;;;;ja;;;;;ja
Aussenecke für Winkelabschlussprofil pulverbeschichtet basaltgrau matt (RAL 7012) 12,5 mm;;;970128124;Dural GmbH;10000;8,14;;DISCOUNT_PCT;50;;DISCOUNT_PCT;40;;;;;;;;;;020.020.4240;;;;;;;;;;;;;;;;;;;;;;;ja;;;;;;;;;;;;;;;;;;ja;;;;;ja
Winkelabschlussprofil Aluminium strukturbeschichtet braungrau (RAL 7013) 6 mm Länge 250 cm;;;970138061;Dural GmbH;10000;10,08;;DISCOUNT_PCT;50;;DISCOUNT_PCT;40;;;;;;;;;;020.020.4250;;;;;;;;;;;;;;;;;;;;;;;ja;;;;;;;;;;;;;;;;;;ja;;;;;ja
Aussenecke für Winkelabschlussprofil strukturbeschichtet braungrau (RAL 7013) 6 mm;;;970138064;Dural GmbH;10000;9,76;;DISCOUNT_PCT;50;;DISCOUNT_PCT;40;;;;;;;;;;020.020.4260;;;;;;;;;;;;;;;;;;;;;;;ja;;;;;;;;;;;;;;;;;;ja;;;;;ja
Winkelabschlussprofil Aluminium strukturbeschichtet braungrau (RAL 7013) 8 mm Länge 250 cm;;;970138081;Dural GmbH;10000;10,46;;DISCOUNT_PCT;50;;DISCOUNT_PCT;40;;;;;;;;;;020.020.4270;;;;;;;;;;;;;;;;;;;;;;;ja;;;;;;;;;;;;;;;;;;ja;;;;;ja
Aussenecke für Winkelabschlussprofil strukturbeschichtet braungrau (RAL 7013) 8 mm;;;970138084;Dural GmbH;10000;9,76;;DISCOUNT_PCT;50;;DISCOUNT_PCT;40;;;;;;;;;;020.020.4280;;;;;;;;;;;;;;;;;;;;;;;ja;;;;;;;;;;;;;;;;;;ja;;;;;ja
Winkelabschlussprofil Aluminium strukturbeschichtet braungrau (RAL 7013) 10 mm Länge 250 cm;;;970138101;Dural GmbH;10000;11,02;;DISCOUNT_PCT;50;;DISCOUNT_PCT;40;;;;;;;;;;020.020.4290;;;;;;;;;;;;;;;;;;;;;;;ja;;;;;;;;;;;;;;;;;;ja;;;;;ja
Aussenecke für Winkelabschlussprofil strukturbeschichtet braungrau (RAL 7013) 10 mm;;;970138104;Dural GmbH;10000;9,76;;DISCOUNT_PCT;50;;DISCOUNT_PCT;40;;;;;;;;;;020.020.4300;;;;;;;;;;;;;;;;;;;;;;;ja;;;;;;;;;;;;;;;;;;ja;;;;;ja
Winkelabschlussprofil Aluminium strukturbeschichtet braungrau (RAL 7013) 11 mm Länge 250 cm;;;970138111;Dural GmbH;10000;11,44;;DISCOUNT_PCT;50;;DISCOUNT_PCT;40;;;;;;;;;;020.020.4310;;;;;;;;;;;;;;;;;;;;;;;ja;;;;;;;;;;;;;;;;;;ja;;;;;ja
Aussenecke für Winkelabschlussprofil strukturbeschichtet braungrau (RAL 7013) 11 mm;;;970138114;Dural GmbH;10000;9,76;;DISCOUNT_PCT;50;;DISCOUNT_PCT;40;;;;;;;;;;020.020.4320;;;;;;;;;;;;;;;;;;;;;;;ja;;;;;;;;;;;;;;;;;;ja;;;;;ja
Winkelabschlussprofil Aluminium strukturbeschichtet braungrau (RAL 7013) 12,5 mm Länge 250 cm;;;970138121;Dural GmbH;10000;12,1;;DISCOUNT_PCT;50;;DISCOUNT_PCT;40;;;;;;;;;;020.020.4330;;;;;;;;;;;;;;;;;;;;;;;ja;;;;;;;;;;;;;;;;;;ja;;;;;ja
Aussenecke für Winkelabschlussprofil strukturbeschichtet braungrau (RAL 7013) 12,5 mm;;;970138124;Dural GmbH;10000;9,76;;DISCOUNT_PCT;50;;DISCOUNT_PCT;40;;;;;;;;;;020.020.4340;;;;;;;;;;;;;;;;;;;;;;;ja;;;;;;;;;;;;;;;;;;ja;;;;;ja
Winkelabschlussprofil Aluminium pulverbeschichtet anthrazitgrau matt (RAL 7016) 6 mm Länge 250 cm;;;970168061;Dural GmbH;10000;8,4;;DISCOUNT_PCT;50;;DISCOUNT_PCT;40;;;;;;;;;;020.020.4350;;;;;;;;;;;;;;;;;;;;;;;ja;;;;;;;;;;;;;;;;;;ja;;;;;ja
Aussenecke für Winkelabschlussprofil pulverbeschichtet anthrazitgrau matt (RAL 7016) 6 mm;;;970168064;Dural GmbH;10000;8,14;;DISCOUNT_PCT;50;;DISCOUNT_PCT;40;;;;;;;;;;020.020.4360;;;;;;;;;;;;;;;;;;;;;;;ja;;;;;;;;;;;;;;;;;;ja;;;;;ja
Winkelabschlussprofil Aluminium pulverbeschichtet anthrazitgrau matt (RAL 7016) 8 mm Länge 250 cm;;;970168081;Dural GmbH;10000;8,72;;DISCOUNT_PCT;50;;DISCOUNT_PCT;40;;;;;;;;;;020.020.4370;;;;;;;;;;;;;;;;;;;;;;;ja;;;;;;;;;;;;;;;;;;ja;;;;;ja
Aussenecke für Winkelabschlussprofil pulverbeschichtet anthrazitgrau matt (RAL 7016) 8 mm;;;970168084;Dural GmbH;10000;8,14;;DISCOUNT_PCT;50;;DISCOUNT_PCT;40;;;;;;;;;;020.020.4380;;;;;;;;;;;;;;;;;;;;;;;ja;;;;;;;;;;;;;;;;;;ja;;;;;ja
Winkelabschlussprofil Aluminium pulverbeschichtet anthrazitgrau matt (RAL 7016) 10 mm Länge 250 cm;;;970168101;Dural GmbH;10000;9,18;;DISCOUNT_PCT;50;;DISCOUNT_PCT;40;;;;;;;;;;020.020.4390;;;;;;;;;;;;;;;;;;;;;;;ja;;;;;;;;;;;;;;;;;;ja;;;;;ja
Aussenecke für Winkelabschlussprofil pulverbeschichtet anthrazitgrau matt (RAL 7016) 10 mm;;;970168104;Dural GmbH;10000;8,14;;DISCOUNT_PCT;50;;DISCOUNT_PCT;40;;;;;;;;;;020.020.4400;;;;;;;;;;;;;;;;;;;;;;;ja;;;;;;;;;;;;;;;;;;ja;;;;;ja
Winkelabschlussprofil Aluminium pulverbeschichtet anthrazitgrau matt (RAL 7016) 11 mm Länge 250 cm;;;970168111;Dural GmbH;10000;9,54;;DISCOUNT_PCT;50;;DISCOUNT_PCT;40;;;;;;;;;;020.020.4410;;;;;;;;;;;;;;;;;;;;;;;ja;;;;;;;;;;;;;;;;;;ja;;;;;ja
Aussenecke für Winkelabschlussprofil pulverbeschichtet anthrazitgrau matt (RAL 7016) 11 mm;;;970168114;Dural GmbH;10000;8,14;;DISCOUNT_PCT;50;;DISCOUNT_PCT;40;;;;;;;;;;020.020.4420;;;;;;;;;;;;;;;;;;;;;;;ja;;;;;;;;;;;;;;;;;;ja;;;;;ja
Winkelabschlussprofil Aluminium pulverbeschichtet anthrazitgrau matt (RAL 7016) 12,5 mm Länge 250 cm;;;970168121;Dural GmbH;10000;10,08;;DISCOUNT_PCT;50;;DISCOUNT_PCT;40;;;;;;;;;;020.020.4430;;;;;;;;;;;;;;;;;;;;;;;ja;;;;;;;;;;;;;;;;;;ja;;;;;ja
Aussenecke für Winkelabschlussprofil pulverbeschichtet anthrazitgrau matt (RAL 7016) 12,5 mm;;;970168124;Dural GmbH;10000;8,14;;DISCOUNT_PCT;50;;DISCOUNT_PCT;40;;;;;;;;;;020.020.4440;;;;;;;;;;;;;;;;;;;;;;;ja;;;;;;;;;;;;;;;;;;ja;;;;;ja
Winkelabschlussprofil Aluminium pulverbeschichtet schwarzgrau matt (RAL 7021) 6 mm Länge 250 cm;;;970218061;Dural GmbH;10000;8,4;;DISCOUNT_PCT;50;;DISCOUNT_PCT;40;;;;;;;;;;020.020.4450;;;;;;;;;;;;;;;;;;;;;;;ja;;;;;;;;;;;;;;;;;;ja;;;;;ja
Aussenecke für Winkelabschlussprofil pulverbeschichtet schwarzgrau matt (RAL 7021) 6 mm;;;970218064;Dural GmbH;10000;8,14;;DISCOUNT_PCT;50;;DISCOUNT_PCT;40;;;;;;;;;;020.020.4460;;;;;;;;;;;;;;;;;;;;;;;ja;;;;;;;;;;;;;;;;;;ja;;;;;ja
Winkelabschlussprofil Aluminium pulverbeschichtet schwarzgrau matt (RAL 7021) 8 mm Länge 250 cm;;;970218081;Dural GmbH;10000;8,72;;DISCOUNT_PCT;50;;DISCOUNT_PCT;40;;;;;;;;;;020.020.4470;;;;;;;;;;;;;;;;;;;;;;;ja;;;;;;;;;;;;;;;;;;ja;;;;;ja
Aussenecke für Winkelabschlussprofil pulverbeschichtet schwarzgrau matt (RAL 7021) 8 mm;;;970218084;Dural GmbH;10000;8,14;;DISCOUNT_PCT;50;;DISCOUNT_PCT;40;;;;;;;;;;020.020.4480;;;;;;;;;;;;;;;;;;;;;;;ja;;;;;;;;;;;;;;;;;;ja;;;;;ja
Winkelabschlussprofil Aluminium pulverbeschichtet schwarzgrau matt (RAL 7021) 10 mm Länge 250 cm;;;970218101;Dural GmbH;10000;9,18;;DISCOUNT_PCT;50;;DISCOUNT_PCT;40;;;;;;;;;;020.020.4490;;;;;;;;;;;;;;;;;;;;;;;ja;;;;;;;;;;;;;;;;;;ja;;;;;ja
Aussenecke für Winkelabschlussprofil pulverbeschichtet schwarzgrau matt (RAL 7021) 10 mm;;;970218104;Dural GmbH;10000;8,14;;DISCOUNT_PCT;50;;DISCOUNT_PCT;40;;;;;;;;;;020.020.4500;;;;;;;;;;;;;;;;;;;;;;;ja;;;;;;;;;;;;;;;;;;ja;;;;;ja
Winkelabschlussprofil Aluminium pulverbeschichtet schwarzgrau matt (RAL 7021) 11 mm Länge 250 cm;;;970218112;Dural GmbH;10000;9,54;;DISCOUNT_PCT;50;;DISCOUNT_PCT;40;;;;;;;;;;020.020.4510;;;;;;;;;;;;;;;;;;;;;;;ja;;;;;;;;;;;;;;;;;;ja;;;;;ja
Aussenecke für Winkelabschlussprofil pulverbeschichtet schwarzgrau matt (RAL 7021) 11 mm;;;970218114;Dural GmbH;10000;8,14;;DISCOUNT_PCT;50;;DISCOUNT_PCT;40;;;;;;;;;;020.020.4520;;;;;;;;;;;;;;;;;;;;;;;ja;;;;;;;;;;;;;;;;;;ja;;;;;ja
Winkelabschlussprofil Aluminium pulverbeschichtet schwarzgrau matt (RAL 7021) 12,5 mm Länge 250 cm;;;970218121;Dural GmbH;10000;10,08;;DISCOUNT_PCT;50;;DISCOUNT_PCT;40;;;;;;;;;;020.020.4530;;;;;;;;;;;;;;;;;;;;;;;ja;;;;;;;;;;;;;;;;;;ja;;;;;ja
Aussenecke für Winkelabschlussprofil pulverbeschichtet schwarzgrau matt (RAL 7021) 12,5 mm;;;970218124;Dural GmbH;10000;8,14;;DISCOUNT_PCT;50;;DISCOUNT_PCT;40;;;;;;;;;;020.020.4540;;;;;;;;;;;;;;;;;;;;;;;ja;;;;;;;;;;;;;;;;;;ja;;;;;ja
Winkelabschlussprofil Aluminium pulverbeschichtet staubgrau matt (RAL 7037) 6 mm Länge 250 cm;;;970378061;Dural GmbH;10000;8,4;;DISCOUNT_PCT;50;;DISCOUNT_PCT;40;;;;;;;;;;020.020.4550;;;;;;;;;;;;;;;;;;;;;;;ja;;;;;;;;;;;;;;;;;;ja;;;;;ja
Aussenecke für Winkelabschlussprofil pulverbeschichtet staubgrau matt (RAL 7037) 6 mm;;;970378064;Dural GmbH;10000;8,14;;DISCOUNT_PCT;50;;DISCOUNT_PCT;40;;;;;;;;;;020.020.4560;;;;;;;;;;;;;;;;;;;;;;;ja;;;;;;;;;;;;;;;;;;ja;;;;;ja
Winkelabschlussprofil Aluminium pulverbeschichtet staubgrau matt (RAL 7037) 8 mm Länge 250 cm;;;970378081;Dural GmbH;10000;8,72;;DISCOUNT_PCT;50;;DISCOUNT_PCT;40;;;;;;;;;;020.020.4570;;;;;;;;;;;;;;;;;;;;;;;ja;;;;;;;;;;;;;;;;;;ja;;;;;ja
Aussenecke für Winkelabschlussprofil pulverbeschichtet staubgrau matt (RAL 7037) 8 mm;;;970378084;Dural GmbH;10000;8,14;;DISCOUNT_PCT;50;;DISCOUNT_PCT;40;;;;;;;;;;020.020.4580;;;;;;;;;;;;;;;;;;;;;;;ja;;;;;;;;;;;;;;;;;;ja;;;;;ja
Winkelabschlussprofil Aluminium pulverbeschichtet staubgrau matt (RAL 7037) 10 mm Länge 250 cm;;;970378101;Dural GmbH;10000;9,18;;DISCOUNT_PCT;50;;DISCOUNT_PCT;40;;;;;;;;;;020.020.4590;;;;;;;;;;;;;;;;;;;;;;;ja;;;;;;;;;;;;;;;;;;ja;;;;;ja
Aussenecke für Winkelabschlussprofil pulverbeschichtet staubgrau matt (RAL 7037) 10 mm;;;970378104;Dural GmbH;10000;8,14;;DISCOUNT_PCT;50;;DISCOUNT_PCT;40;;;;;;;;;;020.020.4600;;;;;;;;;;;;;;;;;;;;;;;ja;;;;;;;;;;;;;;;;;;ja;;;;;ja
Winkelabschlussprofil Aluminium pulverbeschichtet staubgrau matt (RAL 7037) 11 mm Länge 250 cm;;;970378111;Dural GmbH;10000;9,54;;DISCOUNT_PCT;50;;DISCOUNT_PCT;40;;;;;;;;;;020.020.4610;;;;;;;;;;;;;;;;;;;;;;;ja;;;;;;;;;;;;;;;;;;ja;;;;;ja
Aussenecke für Winkelabschlussprofil pulverbeschichtet staubgrau matt (RAL 7037) 11 mm;;;970378114;Dural GmbH;10000;8,14;;DISCOUNT_PCT;50;;DISCOUNT_PCT;40;;;;;;;;;;020.020.4620;;;;;;;;;;;;;;;;;;;;;;;ja;;;;;;;;;;;;;;;;;;ja;;;;;ja
Winkelabschlussprofil Aluminium pulverbeschichtet staubgrau matt (RAL 7037) 12,5 mm Länge 250 cm;;;970378121;Dural GmbH;10000;10,08;;DISCOUNT_PCT;50;;DISCOUNT_PCT;40;;;;;;;;;;020.020.4630;;;;;;;;;;;;;;;;;;;;;;;ja;;;;;;;;;;;;;;;;;;ja;;;;;ja
Aussenecke für Winkelabschlussprofil pulverbeschichtet staubgrau matt (RAL 7037) 12,5 mm;;;970378124;Dural GmbH;10000;8,14;;DISCOUNT_PCT;50;;DISCOUNT_PCT;40;;;;;;;;;;020.020.4640;;;;;;;;;;;;;;;;;;;;;;;ja;;;;;;;;;;;;;;;;;;ja;;;;;ja
Winkelabschlussprofil Aluminium pulverbeschichtet achatgrau matt (RAL 7038) 6 mm Länge 250 cm;;;970388061;Dural GmbH;10000;8,4;;DISCOUNT_PCT;50;;DISCOUNT_PCT;40;;;;;;;;;;020.020.4650;;;;;;;;;;;;;;;;;;;;;;;ja;;;;;;;;;;;;;;;;;;ja;;;;;ja
Aussenecke für Winkelabschlussprofil pulverbeschichtet achatgrau matt (RAL 7038) 6 mm;;;970388064;Dural GmbH;10000;8,14;;DISCOUNT_PCT;50;;DISCOUNT_PCT;40;;;;;;;;;;020.020.4660;;;;;;;;;;;;;;;;;;;;;;;ja;;;;;;;;;;;;;;;;;;ja;;;;;ja
Winkelabschlussprofil Aluminium pulverbeschichtet achatgrau matt (RAL 7038) 8 mm Länge 250 cm;;;970388081;Dural GmbH;10000;8,72;;DISCOUNT_PCT;50;;DISCOUNT_PCT;40;;;;;;;;;;020.020.4670;;;;;;;;;;;;;;;;;;;;;;;ja;;;;;;;;;;;;;;;;;;ja;;;;;ja
Aussenecke für Winkelabschlussprofil pulverbeschichtet achatgrau matt (RAL 7038) 8 mm;;;970388084;Dural GmbH;10000;8,14;;DISCOUNT_PCT;50;;DISCOUNT_PCT;40;;;;;;;;;;020.020.4680;;;;;;;;;;;;;;;;;;;;;;;ja;;;;;;;;;;;;;;;;;;ja;;;;;ja
Winkelabschlussprofil Aluminium pulverbeschichtet achatgrau matt (RAL 7038) 10 mm Länge 250 cm;;;970388101;Dural GmbH;10000;9,18;;DISCOUNT_PCT;50;;DISCOUNT_PCT;40;;;;;;;;;;020.020.4690;;;;;;;;;;;;;;;;;;;;;;;ja;;;;;;;;;;;;;;;;;;ja;;;;;ja
Aussenecke für Winkelabschlussprofil pulverbeschichtet achatgrau matt (RAL 7038) 10 mm;;;970388104;Dural GmbH;10000;8,14;;DISCOUNT_PCT;50;;DISCOUNT_PCT;40;;;;;;;;;;020.020.4700;;;;;;;;;;;;;;;;;;;;;;;ja;;;;;;;;;;;;;;;;;;ja;;;;;ja
Winkelabschlussprofil Aluminium pulverbeschichtet achatgrau matt (RAL 7038) 11 mm Länge 250 cm;;;970388111;Dural GmbH;10000;9,54;;DISCOUNT_PCT;50;;DISCOUNT_PCT;40;;;;;;;;;;020.020.4710;;;;;;;;;;;;;;;;;;;;;;;ja;;;;;;;;;;;;;;;;;;ja;;;;;ja
Aussenecke für Winkelabschlussprofil pulverbeschichtet achatgrau matt (RAL 7038) 11 mm;;;970388114;Dural GmbH;10000;8,14;;DISCOUNT_PCT;50;;DISCOUNT_PCT;40;;;;;;;;;;020.020.4720;;;;;;;;;;;;;;;;;;;;;;;ja;;;;;;;;;;;;;;;;;;ja;;;;;ja
Winkelabschlussprofil Aluminium pulverbeschichtet achatgrau matt (RAL 7038) 12,5 mm Länge 250 cm;;;970388121;Dural GmbH;10000;10,08;;DISCOUNT_PCT;50;;DISCOUNT_PCT;40;;;;;;;;;;020.020.4730;;;;;;;;;;;;;;;;;;;;;;;ja;;;;;;;;;;;;;;;;;;ja;;;;;ja
Aussenecke für Winkelabschlussprofil pulverbeschichtet achatgrau matt (RAL 7038) 12,5 mm;;;970388124;Dural GmbH;10000;8,14;;DISCOUNT_PCT;50;;DISCOUNT_PCT;40;;;;;;;;;;020.020.4740;;;;;;;;;;;;;;;;;;;;;;;ja;;;;;;;;;;;;;;;;;;ja;;;;;ja
Winkelabschlussprofil Aluminium pulverbeschichtet verkehrsgrau A matt (RAL 7042) 6 mm Länge 250 cm;;;970428061;Dural GmbH;10000;8,4;;DISCOUNT_PCT;50;;DISCOUNT_PCT;40;;;;;;;;;;020.020.4750;;;;;;;;;;;;;;;;;;;;;;;ja;;;;;;;;;;;;;;;;;;ja;;;;;ja
Aussenecke für Winkelabschlussprofil pulverbeschichtet verkehrsgrau A matt (RAL 7042) 6 mm;;;970428064;Dural GmbH;10000;8,14;;DISCOUNT_PCT;50;;DISCOUNT_PCT;40;;;;;;;;;;020.020.4760;;;;;;;;;;;;;;;;;;;;;;;ja;;;;;;;;;;;;;;;;;;ja;;;;;ja
Winkelabschlussprofil Aluminium pulverbeschichtet verkehrsgrau A matt (RAL 7042) 8 mm Länge 250 cm;;;970428081;Dural GmbH;10000;8,72;;DISCOUNT_PCT;50;;DISCOUNT_PCT;40;;;;;;;;;;020.020.4770;;;;;;;;;;;;;;;;;;;;;;;ja;;;;;;;;;;;;;;;;;;ja;;;;;ja
Aussenecke für Winkelabschlussprofil pulverbeschichtet verkehrsgrau A matt (RAL 7042) 8 mm;;;970428084;Dural GmbH;10000;8,14;;DISCOUNT_PCT;50;;DISCOUNT_PCT;40;;;;;;;;;;020.020.4780;;;;;;;;;;;;;;;;;;;;;;;ja;;;;;;;;;;;;;;;;;;ja;;;;;ja
Winkelabschlussprofil Aluminium pulverbeschichtet verkehrsgrau A matt (RAL 7042) 10 mm Länge 250 cm;;;970428101;Dural GmbH;10000;9,18;;DISCOUNT_PCT;50;;DISCOUNT_PCT;40;;;;;;;;;;020.020.4790;;;;;;;;;;;;;;;;;;;;;;;ja;;;;;;;;;;;;;;;;;;ja;;;;;ja
Aussenecke für Winkelabschlussprofil pulverbeschichtet verkehrsgrau A matt (RAL 7042) 10 mm;;;970428104;Dural GmbH;10000;8,14;;DISCOUNT_PCT;50;;DISCOUNT_PCT;40;;;;;;;;;;020.020.4800;;;;;;;;;;;;;;;;;;;;;;;ja;;;;;;;;;;;;;;;;;;ja;;;;;ja
Winkelabschlussprofil Aluminium pulverbeschichtet verkehrsgrau A matt (RAL 7042) 11 mm Länge 250 cm;;;970428111;Dural GmbH;10000;9,54;;DISCOUNT_PCT;50;;DISCOUNT_PCT;40;;;;;;;;;;020.020.4810;;;;;;;;;;;;;;;;;;;;;;;ja;;;;;;;;;;;;;;;;;;ja;;;;;ja
Aussenecke für Winkelabschlussprofil pulverbeschichtet verkehrsgrau A matt (RAL 7042) 11 mm;;;970428114;Dural GmbH;10000;8,14;;DISCOUNT_PCT;50;;DISCOUNT_PCT;40;;;;;;;;;;020.020.4820;;;;;;;;;;;;;;;;;;;;;;;ja;;;;;;;;;;;;;;;;;;ja;;;;;ja
Winkelabschlussprofil Aluminium pulverbeschichtet verkehrsgrau A matt (RAL 7042) 12,5 mm Länge 250 cm;;;970428121;Dural GmbH;10000;10,08;;DISCOUNT_PCT;50;;DISCOUNT_PCT;40;;;;;;;;;;020.020.4830;;;;;;;;;;;;;;;;;;;;;;;ja;;;;;;;;;;;;;;;;;;ja;;;;;ja
Aussenecke für Winkelabschlussprofil pulverbeschichtet verkehrsgrau A matt (RAL 7042) 12,5 mm;;;970428124;Dural GmbH;10000;8,14;;DISCOUNT_PCT;50;;DISCOUNT_PCT;40;;;;;;;;;;020.020.4840;;;;;;;;;;;;;;;;;;;;;;;ja;;;;;;;;;;;;;;;;;;ja;;;;;ja
Winkelabschlussprofil Aluminium pulverbeschichtet telegrau 2 matt (RAL 7046) 6 mm Länge 250 cm;;;970468061;Dural GmbH;10000;8,4;;DISCOUNT_PCT;50;;DISCOUNT_PCT;40;;;;;;;;;;020.020.4850;;;;;;;;;;;;;;;;;;;;;;;ja;;;;;;;;;;;;;;;;;;ja;;;;;ja
Aussenecke für Winkelabschlussprofil pulverbeschichtet telegrau 2 matt (RAL 7046) 6 mm;;;970468064;Dural GmbH;10000;8,14;;DISCOUNT_PCT;50;;DISCOUNT_PCT;40;;;;;;;;;;020.020.4860;;;;;;;;;;;;;;;;;;;;;;;ja;;;;;;;;;;;;;;;;;;ja;;;;;ja
Winkelabschlussprofil Aluminium pulverbeschichtet telegrau 2 matt (RAL 7046) 8 mm Länge 250 cm;;;970468081;Dural GmbH;10000;8,72;;DISCOUNT_PCT;50;;DISCOUNT_PCT;40;;;;;;;;;;020.020.4870;;;;;;;;;;;;;;;;;;;;;;;ja;;;;;;;;;;;;;;;;;;ja;;;;;ja
Aussenecke für Winkelabschlussprofil pulverbeschichtet telegrau 2 matt (RAL 7046) 8 mm;;;970468084;Dural GmbH;10000;8,14;;DISCOUNT_PCT;50;;DISCOUNT_PCT;40;;;;;;;;;;020.020.4880;;;;;;;;;;;;;;;;;;;;;;;ja;;;;;;;;;;;;;;;;;;ja;;;;;ja
Winkelabschlussprofil Aluminium pulverbeschichtet telegrau 2 matt (RAL 7046) 10 mm Länge 250 cm;;;970468101;Dural GmbH;10000;9,18;;DISCOUNT_PCT;50;;DISCOUNT_PCT;40;;;;;;;;;;020.020.4890;;;;;;;;;;;;;;;;;;;;;;;ja;;;;;;;;;;;;;;;;;;ja;;;;;ja
Aussenecke für Winkelabschlussprofil pulverbeschichtet telegrau 2 matt (RAL 7046) 10 mm;;;970468104;Dural GmbH;10000;8,14;;DISCOUNT_PCT;50;;DISCOUNT_PCT;40;;;;;;;;;;020.020.4900;;;;;;;;;;;;;;;;;;;;;;;ja;;;;;;;;;;;;;;;;;;ja;;;;;ja
Winkelabschlussprofil Aluminium pulverbeschichtet telegrau 2 matt (RAL 7046) 11 mm Länge 250 cm;;;970468111;Dural GmbH;10000;9,54;;DISCOUNT_PCT;50;;DISCOUNT_PCT;40;;;;;;;;;;020.020.4910;;;;;;;;;;;;;;;;;;;;;;;ja;;;;;;;;;;;;;;;;;;ja;;;;;ja
Aussenecke für Winkelabschlussprofil pulverbeschichtet telegrau 2 matt (RAL 7046) 11 mm;;;970468114;Dural GmbH;10000;8,14;;DISCOUNT_PCT;50;;DISCOUNT_PCT;40;;;;;;;;;;020.020.4920;;;;;;;;;;;;;;;;;;;;;;;ja;;;;;;;;;;;;;;;;;;ja;;;;;ja
Winkelabschlussprofil Aluminium pulverbeschichtet telegrau 2 matt (RAL 7046) 12,5 mm Länge 250 cm;;;970468121;Dural GmbH;10000;10,08;;DISCOUNT_PCT;50;;DISCOUNT_PCT;40;;;;;;;;;;020.020.4930;;;;;;;;;;;;;;;;;;;;;;;ja;;;;;;;;;;;;;;;;;;ja;;;;;ja
Aussenecke für Winkelabschlussprofil pulverbeschichtet telegrau 2 matt (RAL 7046) 12,5 mm;;;970468124;Dural GmbH;10000;8,14;;DISCOUNT_PCT;50;;DISCOUNT_PCT;40;;;;;;;;;;020.020.4940;;;;;;;;;;;;;;;;;;;;;;;ja;;;;;;;;;;;;;;;;;;ja;;;;;ja
Winkelabschlussprofil Aluminium strukturbeschichtet graubraun (RAL 8019) 6 mm Länge 250 cm;;;980198061;Dural GmbH;10000;10,08;;DISCOUNT_PCT;50;;DISCOUNT_PCT;40;;;;;;;;;;020.020.4950;;;;;;;;;;;;;;;;;;;;;;;ja;;;;;;;;;;;;;;;;;;ja;;;;;ja
Aussenecke für Winkelabschlussprofil strukturbeschichtet graubraun (RAL 8019) 6 mm;;;980198064;Dural GmbH;10000;9,76;;DISCOUNT_PCT;50;;DISCOUNT_PCT;40;;;;;;;;;;020.020.4960;;;;;;;;;;;;;;;;;;;;;;;ja;;;;;;;;;;;;;;;;;;ja;;;;;ja
Winkelabschlussprofil Aluminium strukturbeschichtet graubraun (RAL 8019) 8 mm Länge 250 cm;;;980198081;Dural GmbH;10000;10,46;;DISCOUNT_PCT;50;;DISCOUNT_PCT;40;;;;;;;;;;020.020.4970;;;;;;;;;;;;;;;;;;;;;;;ja;;;;;;;;;;;;;;;;;;ja;;;;;ja
Aussenecke für Winkelabschlussprofil strukturbeschichtet graubraun (RAL 8019) 8 mm;;;980198084;Dural GmbH;10000;9,76;;DISCOUNT_PCT;50;;DISCOUNT_PCT;40;;;;;;;;;;020.020.4980;;;;;;;;;;;;;;;;;;;;;;;ja;;;;;;;;;;;;;;;;;;ja;;;;;ja
Winkelabschlussprofil Aluminium strukturbeschichtet graubraun (RAL 8019) 10 mm Länge 250 cm;;;980198101;Dural GmbH;10000;11,02;;DISCOUNT_PCT;50;;DISCOUNT_PCT;40;;;;;;;;;;020.020.4990;;;;;;;;;;;;;;;;;;;;;;;ja;;;;;;;;;;;;;;;;;;ja;;;;;ja
Aussenecke für Winkelabschlussprofil strukturbeschichtet graubraun (RAL 8019) 10 mm;;;980198104;Dural GmbH;10000;9,76;;DISCOUNT_PCT;50;;DISCOUNT_PCT;40;;;;;;;;;;020.020.5000;;;;;;;;;;;;;;;;;;;;;;;ja;;;;;;;;;;;;;;;;;;ja;;;;;ja
Winkelabschlussprofil Aluminium strukturbeschichtet graubraun (RAL 8019) 11 mm Länge 250 cm;;;980198111;Dural GmbH;10000;11,44;;DISCOUNT_PCT;50;;DISCOUNT_PCT;40;;;;;;;;;;020.020.5010;;;;;;;;;;;;;;;;;;;;;;;ja;;;;;;;;;;;;;;;;;;ja;;;;;ja
Aussenecke für Winkelabschlussprofil strukturbeschichtet graubraun (RAL 8019) 11 mm;;;980198114;Dural GmbH;10000;9,76;;DISCOUNT_PCT;50;;DISCOUNT_PCT;40;;;;;;;;;;020.020.5020;;;;;;;;;;;;;;;;;;;;;;;ja;;;;;;;;;;;;;;;;;;ja;;;;;ja
Winkelabschlussprofil Aluminium strukturbeschichtet graubraun (RAL 8019) 12,5 mm Länge 250 cm;;;980198121;Dural GmbH;10000;12,1;;DISCOUNT_PCT;50;;DISCOUNT_PCT;40;;;;;;;;;;020.020.5030;;;;;;;;;;;;;;;;;;;;;;;ja;;;;;;;;;;;;;;;;;;ja;;;;;ja
Aussenecke für Winkelabschlussprofil strukturbeschichtet graubraun (RAL 8019) 12,5 mm;;;980198124;Dural GmbH;10000;9,76;;DISCOUNT_PCT;50;;DISCOUNT_PCT;40;;;;;;;;;;020.020.5040;;;;;;;;;;;;;;;;;;;;;;;ja;;;;;;;;;;;;;;;;;;ja;;;;;ja
Winkelabschlussprofil Aluminium strukturbeschichtet terrabraun (RAL 8028) 6 mm Länge 250 cm;;;980288061;Dural GmbH;10000;10,08;;DISCOUNT_PCT;50;;DISCOUNT_PCT;40;;;;;;;;;;020.020.5050;;;;;;;;;;;;;;;;;;;;;;;ja;;;;;;;;;;;;;;;;;;ja;;;;;ja
Aussenecke für Winkelabschlussprofil strukturbeschichtet terrabraun (RAL 8028) 6 mm;;;980288064;Dural GmbH;10000;9,76;;DISCOUNT_PCT;50;;DISCOUNT_PCT;40;;;;;;;;;;020.020.5060;;;;;;;;;;;;;;;;;;;;;;;ja;;;;;;;;;;;;;;;;;;ja;;;;;ja
Winkelabschlussprofil Aluminium strukturbeschichtet terrabraun (RAL 8028) 8 mm Länge 250 cm;;;980288081;Dural GmbH;10000;10,46;;DISCOUNT_PCT;50;;DISCOUNT_PCT;40;;;;;;;;;;020.020.5070;;;;;;;;;;;;;;;;;;;;;;;ja;;;;;;;;;;;;;;;;;;ja;;;;;ja
Aussenecke für Winkelabschlussprofil strukturbeschichtet terrabraun (RAL 8028) 8 mm;;;980288084;Dural GmbH;10000;9,76;;DISCOUNT_PCT;50;;DISCOUNT_PCT;40;;;;;;;;;;020.020.5080;;;;;;;;;;;;;;;;;;;;;;;ja;;;;;;;;;;;;;;;;;;ja;;;;;ja
Winkelabschlussprofil Aluminium strukturbeschichtet terrabraun (RAL 8028) 10 mm Länge 250 cm;;;980288101;Dural GmbH;10000;11,02;;DISCOUNT_PCT;50;;DISCOUNT_PCT;40;;;;;;;;;;020.020.5090;;;;;;;;;;;;;;;;;;;;;;;ja;;;;;;;;;;;;;;;;;;ja;;;;;ja
Aussenecke für Winkelabschlussprofil strukturbeschichtet terrabraun (RAL 8028) 10 mm;;;980288104;Dural GmbH;10000;9,76;;DISCOUNT_PCT;50;;DISCOUNT_PCT;40;;;;;;;;;;020.020.5100;;;;;;;;;;;;;;;;;;;;;;;ja;;;;;;;;;;;;;;;;;;ja;;;;;ja
Winkelabschlussprofil Aluminium strukturbeschichtet terrabraun (RAL 8028) 11 mm Länge 250 cm;;;980288111;Dural GmbH;10000;11,44;;DISCOUNT_PCT;50;;DISCOUNT_PCT;40;;;;;;;;;;020.020.5110;;;;;;;;;;;;;;;;;;;;;;;ja;;;;;;;;;;;;;;;;;;ja;;;;;ja
Aussenecke für Winkelabschlussprofil strukturbeschichtet terrabraun (RAL 8028) 11 mm;;;980288114;Dural GmbH;10000;9,76;;DISCOUNT_PCT;50;;DISCOUNT_PCT;40;;;;;;;;;;020.020.5120;;;;;;;;;;;;;;;;;;;;;;;ja;;;;;;;;;;;;;;;;;;ja;;;;;ja
Winkelabschlussprofil Aluminium strukturbeschichtet terrabraun (RAL 8028) 12,5 mm Länge 250 cm;;;980288121;Dural GmbH;10000;12,1;;DISCOUNT_PCT;50;;DISCOUNT_PCT;40;;;;;;;;;;020.020.5130;;;;;;;;;;;;;;;;;;;;;;;ja;;;;;;;;;;;;;;;;;;ja;;;;;ja
Aussenecke für Winkelabschlussprofil strukturbeschichtet terrabraun (RAL 8028) 12,5 mm;;;980288124;Dural GmbH;10000;9,76;;DISCOUNT_PCT;50;;DISCOUNT_PCT;40;;;;;;;;;;020.020.5140;;;;;;;;;;;;;;;;;;;;;;;ja;;;;;;;;;;;;;;;;;;ja;;;;;ja
Winkelabschlussprofil Aluminium strukturbeschichtet cremeweiss (RAL 9001) 6 mm Länge 250 cm;;;990018061;Dural GmbH;10000;10,08;;DISCOUNT_PCT;50;;DISCOUNT_PCT;40;;;;;;;;;;020.020.5150;;;;;;;;;;;;;;;;;;;;;;;ja;;;;;;;;;;;;;;;;;;ja;;;;;ja
Aussenecke für Winkelabschlussprofil strukturbeschichtet cremeweiss (RAL 9001) 6 mm;;;990018064;Dural GmbH;10000;9,76;;DISCOUNT_PCT;50;;DISCOUNT_PCT;40;;;;;;;;;;020.020.5160;;;;;;;;;;;;;;;;;;;;;;;ja;;;;;;;;;;;;;;;;;;ja;;;;;ja
Winkelabschlussprofil Aluminium strukturbeschichtet cremeweiss (RAL 9001) 8 mm Länge 250 cm;;;990018081;Dural GmbH;10000;10,46;;DISCOUNT_PCT;50;;DISCOUNT_PCT;40;;;;;;;;;;020.020.5170;;;;;;;;;;;;;;;;;;;;;;;ja;;;;;;;;;;;;;;;;;;ja;;;;;ja
Aussenecke für Winkelabschlussprofil strukturbeschichtet cremeweiss (RAL 9001) 8 mm;;;990018084;Dural GmbH;10000;9,76;;DISCOUNT_PCT;50;;DISCOUNT_PCT;40;;;;;;;;;;020.020.5180;;;;;;;;;;;;;;;;;;;;;;;ja;;;;;;;;;;;;;;;;;;ja;;;;;ja
Winkelabschlussprofil Aluminium strukturbeschichtet cremeweiss (RAL 9001) 10 mm Länge 250 cm;;;990018101;Dural GmbH;10000;11,02;;DISCOUNT_PCT;50;;DISCOUNT_PCT;40;;;;;;;;;;020.020.5190;;;;;;;;;;;;;;;;;;;;;;;ja;;;;;;;;;;;;;;;;;;ja;;;;;ja
Aussenecke für Winkelabschlussprofil strukturbeschichtet cremeweiss (RAL 9001) 10 mm;;;990018104;Dural GmbH;10000;9,76;;DISCOUNT_PCT;50;;DISCOUNT_PCT;40;;;;;;;;;;020.020.5200;;;;;;;;;;;;;;;;;;;;;;;ja;;;;;;;;;;;;;;;;;;ja;;;;;ja
Winkelabschlussprofil Aluminium strukturbeschichtet cremeweiss (RAL 9001) 11 mm Länge 250 cm;;;990018111;Dural GmbH;10000;11,44;;DISCOUNT_PCT;50;;DISCOUNT_PCT;40;;;;;;;;;;020.020.5210;;;;;;;;;;;;;;;;;;;;;;;ja;;;;;;;;;;;;;;;;;;ja;;;;;ja
Aussenecke für Winkelabschlussprofil strukturbeschichtet cremeweiss (RAL 9001) 11 mm;;;990018114;Dural GmbH;10000;9,76;;DISCOUNT_PCT;50;;DISCOUNT_PCT;40;;;;;;;;;;020.020.5220;;;;;;;;;;;;;;;;;;;;;;;ja;;;;;;;;;;;;;;;;;;ja;;;;;ja
Winkelabschlussprofil Aluminium strukturbeschichtet cremeweiss (RAL 9001) 12,5 mm Länge 250 cm;;;990018121;Dural GmbH;10000;12,1;;DISCOUNT_PCT;50;;DISCOUNT_PCT;40;;;;;;;;;;020.020.5230;;;;;;;;;;;;;;;;;;;;;;;ja;;;;;;;;;;;;;;;;;;ja;;;;;ja
Aussenecke für Winkelabschlussprofil strukturbeschichtet cremeweiss (RAL 9001) 12,5 mm;;;990018124;Dural GmbH;10000;9,76;;DISCOUNT_PCT;50;;DISCOUNT_PCT;40;;;;;;;;;;020.020.5240;;;;;;;;;;;;;;;;;;;;;;;ja;;;;;;;;;;;;;;;;;;ja;;;;;ja
Winkel-Abschlussprofil PVC glänzend weiss 300 cm;;;09302060;Dural GmbH;10000;3,9;;DISCOUNT_PCT;50;;DISCOUNT_PCT;40;;;;;;;;;;020.020.5250;;;;;;;;;;;;;;;;;;;;;;;ja;;;;;;;;;;;;;;;;;;ja;;;;;ja
Winkel-Abschlussprofil PVC glänzend weiss 8 mm 300 cm;;;09302080;Dural GmbH;10000;4,06;;DISCOUNT_PCT;50;;DISCOUNT_PCT;40;;;;;;;;;;020.020.5260;;;;;;;;;;;;;;;;;;;;;;;ja;;;;;;;;;;;;;;;;;;ja;;;;;ja
Winkel-Abschlussprofil PVC glänzend weiss 10 mm 300 cm;;;09302100;Dural GmbH;10000;4,34;;DISCOUNT_PCT;50;;DISCOUNT_PCT;40;;;;;;;;;;020.020.5270;;;;;;;;;;;;;;;;;;;;;;;ja;;;;;;;;;;;;;;;;;;ja;;;;;ja
Winkel-Abschlussprofil PVC glänzend weiss 250 cm;;;09308060;Dural GmbH;10000;3,9;;DISCOUNT_PCT;50;;DISCOUNT_PCT;40;;;;;;;;;;020.020.5280;;;;;;;;;;;;;;;;;;;;;;;ja;;;;;;;;;;;;;;;;;;ja;;;;;ja
Winkel-Abschlussprofil PVC glänzend weiss 8 mm 250 cm;;;09308080;Dural GmbH;10000;4,06;;DISCOUNT_PCT;50;;DISCOUNT_PCT;40;;;;;;;;;;020.020.5290;;;;;;;;;;;;;;;;;;;;;;;ja;;;;;;;;;;;;;;;;;;ja;;;;;ja
Winkel-Abschlussprofil PVC glänzend weiss 10 mm 250 cm;;;09308100;Dural GmbH;10000;4,34;;DISCOUNT_PCT;50;;DISCOUNT_PCT;40;;;;;;;;;;020.020.5300;;;;;;;;;;;;;;;;;;;;;;;ja;;;;;;;;;;;;;;;;;;ja;;;;;ja
Winkel-Abschlussprofil PVC glänzend weiss 11 mm 250 cm;;;09308110;Dural GmbH;10000;4,52;;DISCOUNT_PCT;50;;DISCOUNT_PCT;40;;;;;;;;;;020.020.5310;;;;;;;;;;;;;;;;;;;;;;;ja;;;;;;;;;;;;;;;;;;ja;;;;;ja
Winkel-Abschlussprofil PVC glänzend weiss 12,5 mm 250 cm;;;09308120;Dural GmbH;10000;4,68;;DISCOUNT_PCT;50;;DISCOUNT_PCT;40;;;;;;;;;;020.020.5320;;;;;;;;;;;;;;;;;;;;;;;ja;;;;;;;;;;;;;;;;;;ja;;;;;ja
Winkel-Abschlussprofil PVC glänzend schwarz 250 cm;;;09338060;Dural GmbH;10000;3,9;;DISCOUNT_PCT;50;;DISCOUNT_PCT;40;;;;;;;;;;020.020.5330;;;;;;;;;;;;;;;;;;;;;;;ja;;;;;;;;;;;;;;;;;;ja;;;;;ja
Winkel-Abschlussprofil PVC glänzend schwarz 8 mm 250 cm;;;09338080;Dural GmbH;10000;4,06;;DISCOUNT_PCT;50;;DISCOUNT_PCT;40;;;;;;;;;;020.020.5340;;;;;;;;;;;;;;;;;;;;;;;ja;;;;;;;;;;;;;;;;;;ja;;;;;ja
Winkel-Abschlussprofil PVC glänzend schwarz 10 mm 250 cm;;;09338100;Dural GmbH;10000;4,34;;DISCOUNT_PCT;50;;DISCOUNT_PCT;40;;;;;;;;;;020.020.5350;;;;;;;;;;;;;;;;;;;;;;;ja;;;;;;;;;;;;;;;;;;ja;;;;;ja
Winkel-Abschlussprofil PVC glänzend schwarz 12,5 mm 250 cm;;;09338120;Dural GmbH;10000;4,68;;DISCOUNT_PCT;50;;DISCOUNT_PCT;40;;;;;;;;;;020.020.5360;;;;;;;;;;;;;;;;;;;;;;;ja;;;;;;;;;;;;;;;;;;ja;;;;;ja
Winkel-Abschlussprofil PVC glänzend silbergrau 250 cm;;;09518060;Dural GmbH;10000;3,9;;DISCOUNT_PCT;50;;DISCOUNT_PCT;40;;;;;;;;;;020.020.5370;;;;;;;;;;;;;;;;;;;;;;;ja;;;;;;;;;;;;;;;;;;ja;;;;;ja
Winkel-Abschlussprofil PVC glänzend silbergrau 8 mm 250 cm;;;09518080;Dural GmbH;10000;4,06;;DISCOUNT_PCT;50;;DISCOUNT_PCT;40;;;;;;;;;;020.020.5380;;;;;;;;;;;;;;;;;;;;;;;ja;;;;;;;;;;;;;;;;;;ja;;;;;ja
Winkel-Abschlussprofil PVC glänzend silbergrau 10 mm 250 cm;;;09518100;Dural GmbH;10000;4,34;;DISCOUNT_PCT;50;;DISCOUNT_PCT;40;;;;;;;;;;020.020.5390;;;;;;;;;;;;;;;;;;;;;;;ja;;;;;;;;;;;;;;;;;;ja;;;;;ja
Winkel-Abschlussprofil PVC glänzend silbergrau 12,5 mm 250 cm;;;09518120;Dural GmbH;10000;4,68;;DISCOUNT_PCT;50;;DISCOUNT_PCT;40;;;;;;;;;;020.020.5400;;;;;;;;;;;;;;;;;;;;;;;ja;;;;;;;;;;;;;;;;;;ja;;;;;ja
Winkelabschlussprofil PVC glänzend schwarz, Höhe 11 mm, Länge 250 cm;;;93381100;Dural GmbH;10000;4,52;;DISCOUNT_PCT;50;;DISCOUNT_PCT;40;;;;;;;;;;020.020.5410;;;;;;;;;;;;;;;;;;;;;;;ja;;;;;;;;;;;;;;;;;;ja;;;;;ja
Winkelabschlussprofil PVC glänzend silbergrau 11 mm Länge 250 cm;;;95181100;Dural GmbH;10000;4,52;;DISCOUNT_PCT;50;;DISCOUNT_PCT;40;;;;;;;;;;020.020.5420;;;;;;;;;;;;;;;;;;;;;;;ja;;;;;;;;;;;;;;;;;;ja;;;;;ja
Arbeitsplatten-Abschlussprofil Aluminium eloxiert silber 9 mm Länge 250 cm für Küchen- und Arbeitsplattenbereiche;;;141180900;Dural GmbH;10000;29,1;;DISCOUNT_PCT;50;;DISCOUNT_PCT;40;;;;;;;;;;020.120.0010;;;;;;;;;;;;;;;;;;;;;;;ja;;;;;;;;;;;;;;;;;;ja;;;;;ja
Aussenecke für Treppenprofil Metalldruckguss eloxiert silber 9 mm Blister 2 Stück für Fliesenstufen;;;141180900X;Dural GmbH;10000;16,3;;DISCOUNT_PCT;50;;DISCOUNT_PCT;40;;;;;;;;;;020.120.0020;;;;;;;;;;;;;;;;;;;;;;;ja;;;;;;;;;;;;;;;;;;ja;;;;;ja
Innenecke für Treppenprofil Metalldruckguss eloxiert silber 9 mm Blister 2 Stück für Fliesenstufen;;;141180900XI;Dural GmbH;10000;16,3;;DISCOUNT_PCT;50;;DISCOUNT_PCT;40;;;;;;;;;;020.120.0030;;;;;;;;;;;;;;;;;;;;;;;ja;;;;;;;;;;;;;;;;;;ja;;;;;ja
Endkappe rechts für Treppenprofil Metalldruckguss eloxiert silber 9 mm Blister 2 Stück für Fliesenstufen;;;141180900XK;Dural GmbH;10000;11,46;;DISCOUNT_PCT;50;;DISCOUNT_PCT;40;;;;;;;;;;020.120.0040;;;;;;;;;;;;;;;;;;;;;;;ja;;;;;;;;;;;;;;;;;;ja;;;;;ja
Endkappe links für Treppenprofil Metalldruckguss eloxiert silber 9 mm Blister 2 Stück für Fliesenstufen;;;141180900XKL;Dural GmbH;10000;11,46;;DISCOUNT_PCT;50;;DISCOUNT_PCT;40;;;;;;;;;;020.120.0050;;;;;;;;;;;;;;;;;;;;;;;ja;;;;;;;;;;;;;;;;;;ja;;;;;ja
Arbeitsplatten-Abschlussprofil Aluminium eloxiert silber 11 mm Länge 250 cm für Küchen- und Arbeitsplattenbereiche;;;141181100;Dural GmbH;10000;30,04;;DISCOUNT_PCT;50;;DISCOUNT_PCT;40;;;;;;;;;;020.120.0060;;;;;;;;;;;;;;;;;;;;;;;ja;;;;;;;;;;;;;;;;;;ja;;;;;ja
Arbeitsplatten-Abschlussprofil Aluminium eloxiert gebürstet silber 11 mm Länge 250 cm für Küchen- und Arbeitsplattenbereiche;;;14118110030;Dural GmbH;10000;39,04;;DISCOUNT_PCT;50;;DISCOUNT_PCT;40;;;;;;;;;;020.120.0070;;;;;;;;;;;;;;;;;;;;;;;ja;;;;;;;;;;;;;;;;;;ja;;;;;ja
Aussenecke für Treppenprofil Metalldruckguss eloxiert silber 11 mm Blister 2 Stück für Fliesenstufen;;;141181100X;Dural GmbH;10000;16,3;;DISCOUNT_PCT;50;;DISCOUNT_PCT;40;;;;;;;;;;020.120.0080;;;;;;;;;;;;;;;;;;;;;;;ja;;;;;;;;;;;;;;;;;;ja;;;;;ja
Innenecke für Treppenprofil Metalldruckguss eloxiert silber 11 mm Blister 2 Stück für Fliesenstufen;;;141181100XI;Dural GmbH;10000;16,3;;DISCOUNT_PCT;50;;DISCOUNT_PCT;40;;;;;;;;;;020.120.0090;;;;;;;;;;;;;;;;;;;;;;;ja;;;;;;;;;;;;;;;;;;ja;;;;;ja
Endkappe rechts für Treppenprofil Metalldruckguss eloxiert silber 11 mm Blister 2 Stück für Fliesenstufen;;;141181100XK;Dural GmbH;10000;11,46;;DISCOUNT_PCT;50;;DISCOUNT_PCT;40;;;;;;;;;;020.120.0100;;;;;;;;;;;;;;;;;;;;;;;ja;;;;;;;;;;;;;;;;;;ja;;;;;ja
Endkappe links für Treppenprofil Metalldruckguss eloxiert silber 11 mm Blister 2 Stück für Fliesenstufen;;;141181100XKL;Dural GmbH;10000;11,46;;DISCOUNT_PCT;50;;DISCOUNT_PCT;40;;;;;;;;;;020.120.0110;;;;;;;;;;;;;;;;;;;;;;;ja;;;;;;;;;;;;;;;;;;ja;;;;;ja
Aussenecke für Treppenprofil Aluminium eloxiert gebürstet silber 11 mm Blister 2 Stück für Fliesenstufen;;;141181101X;Dural GmbH;10000;20,78;;DISCOUNT_PCT;50;;DISCOUNT_PCT;40;;;;;;;;;;020.120.0120;;;;;;;;;;;;;;;;;;;;;;;ja;;;;;;;;;;;;;;;;;;ja;;;;;ja
Innenecke für Treppenprofil Aluminium eloxiert gebürstet silber 11 mm Blister 2 Stück für Fliesenstufen;;;141181101XI;Dural GmbH;10000;20,78;;DISCOUNT_PCT;50;;DISCOUNT_PCT;40;;;;;;;;;;020.120.0130;;;;;;;;;;;;;;;;;;;;;;;ja;;;;;;;;;;;;;;;;;;ja;;;;;ja
Endkappe links für Treppenprofil Aluminium eloxiert gebürstet silber 11 mm Blister 2 Stück für Fliesenstufen;;;141181101XKL;Dural GmbH;10000;14,58;;DISCOUNT_PCT;50;;DISCOUNT_PCT;40;;;;;;;;;;020.120.0140;;;;;;;;;;;;;;;;;;;;;;;ja;;;;;;;;;;;;;;;;;;ja;;;;;ja
Endkappe rechts für Treppenprofil Aluminium eloxiert gebürstet silber 11 mm Blister 2 Stück für Fliesenstufen;;;141181101XKR;Dural GmbH;10000;14,58;;DISCOUNT_PCT;50;;DISCOUNT_PCT;40;;;;;;;;;;020.120.0150;;;;;;;;;;;;;;;;;;;;;;;ja;;;;;;;;;;;;;;;;;;ja;;;;;ja
Arbeitsplatten-Abschlussprofil Aluminium eloxiert silber 13,5 mm Länge 250 cm für Küchen- und Arbeitsplattenbereiche;;;141181300;Dural GmbH;10000;30,92;;DISCOUNT_PCT;50;;DISCOUNT_PCT;40;;;;;;;;;;020.120.0160;;;;;;;;;;;;;;;;;;;;;;;ja;;;;;;;;;;;;;;;;;;ja;;;;;ja
Arbeitsplatten-Abschlussprofil Aluminium eloxiert gebürstet silber 13,5 mm Länge 250 cm für Küchen- und Arbeitsplattenbereiche;;;14118130030;Dural GmbH;10000;40,2;;DISCOUNT_PCT;50;;DISCOUNT_PCT;40;;;;;;;;;;020.120.0170;;;;;;;;;;;;;;;;;;;;;;;ja;;;;;;;;;;;;;;;;;;ja;;;;;ja
Aussenecke für Treppenprofil Metalldruckguss eloxiert silber 13,5 mm Blister 2 Stück für Fliesenstufen;;;141181300X;Dural GmbH;10000;16,3;;DISCOUNT_PCT;50;;DISCOUNT_PCT;40;;;;;;;;;;020.120.0180;;;;;;;;;;;;;;;;;;;;;;;ja;;;;;;;;;;;;;;;;;;ja;;;;;ja
Innenecke für Treppenprofil Metalldruckguss eloxiert silber 13,5 mm Blister 2 Stück für Fliesenstufen;;;141181300XI;Dural GmbH;10000;16,3;;DISCOUNT_PCT;50;;DISCOUNT_PCT;40;;;;;;;;;;020.120.0190;;;;;;;;;;;;;;;;;;;;;;;ja;;;;;;;;;;;;;;;;;;ja;;;;;ja
Endkappe rechts für Treppenprofil Metalldruckguss eloxiert silber 13,5 mm Blister 2 Stück für Fliesenstufen;;;141181300XK;Dural GmbH;10000;11,46;;DISCOUNT_PCT;50;;DISCOUNT_PCT;40;;;;;;;;;;020.120.0200;;;;;;;;;;;;;;;;;;;;;;;ja;;;;;;;;;;;;;;;;;;ja;;;;;ja
Endkappe links für Treppenprofil Metalldruckguss eloxiert silber 13,5 mm Blister 2 Stück für Fliesenstufen;;;141181300XKL;Dural GmbH;10000;11,46;;DISCOUNT_PCT;50;;DISCOUNT_PCT;40;;;;;;;;;;020.120.0210;;;;;;;;;;;;;;;;;;;;;;;ja;;;;;;;;;;;;;;;;;;ja;;;;;ja
Innenecke für Treppenprofil Aluminium eloxiert gebürstet silber 13,5 mm Blister 2 Stück für Fliesenstufen;;;141181301XI;Dural GmbH;10000;20,78;;DISCOUNT_PCT;50;;DISCOUNT_PCT;40;;;;;;;;;;020.120.0220;;;;;;;;;;;;;;;;;;;;;;;ja;;;;;;;;;;;;;;;;;;ja;;;;;ja
Endkappe links für Treppenprofil Aluminium eloxiert gebürstet silber 13,5 mm Blister 2 Stück für Fliesenstufen;;;141181301XKL;Dural GmbH;10000;14,58;;DISCOUNT_PCT;50;;DISCOUNT_PCT;40;;;;;;;;;;020.120.0230;;;;;;;;;;;;;;;;;;;;;;;ja;;;;;;;;;;;;;;;;;;ja;;;;;ja
Endkappe rechts für Treppenprofil Aluminium eloxiert gebürstet silber 13,5 mm Blister 2 Stück für Fliesenstufen;;;141181301XKR;Dural GmbH;10000;14,58;;DISCOUNT_PCT;50;;DISCOUNT_PCT;40;;;;;;;;;;020.120.0240;;;;;;;;;;;;;;;;;;;;;;;ja;;;;;;;;;;;;;;;;;;ja;;;;;ja
Aussenecke für Treppenprofil Aluminium eloxiert gebürstet silber 13,5 mm Blister 2 Stück für Fliesenstufen;;;14118131X;Dural GmbH;10000;20,78;;DISCOUNT_PCT;50;;DISCOUNT_PCT;40;;;;;;;;;;020.120.0250;;;;;;;;;;;;;;;;;;;;;;;ja;;;;;;;;;;;;;;;;;;ja;;;;;ja
Arbeitsplatten-Abschlussprofil Aluminium eloxiert silber 11 mm Länge 300 cm für Küchen- und Arbeitsplattenbereiche;;;141182100;Dural GmbH;10000;30,04;;DISCOUNT_PCT;50;;DISCOUNT_PCT;40;;;;;;;;;;020.120.0260;;;;;;;;;;;;;;;;;;;;;;;ja;;;;;;;;;;;;;;;;;;ja;;;;;ja
Arbeitsplatten-Abschlussprofil Aluminium eloxiert gebürstet silber 11 mm Länge 300 cm für Küchen- und Arbeitsplattenbereiche;;;14118210030;Dural GmbH;10000;37,16;;DISCOUNT_PCT;50;;DISCOUNT_PCT;40;;;;;;;;;;020.120.0270;;;;;;;;;;;;;;;;;;;;;;;ja;;;;;;;;;;;;;;;;;;ja;;;;;ja
Arbeitsplattenprofil Aluminium eloxiert titan 11 mm, Länge 250 cm für Arbeitsplatten, Küchenbereiche und geflieste Belagskanten;;;141681100;Dural GmbH;10000;31,6;;DISCOUNT_PCT;50;;DISCOUNT_PCT;40;;;;;;;;;;020.120.0280;;;;;;;;;;;;;;;;;;;;;;;ja;;;;;;;;;;;;;;;;;;ja;;;;;ja
Aussenecke für Arbeitsplattenprofil Metall-Druckguss eloxiert titan 11 mm Blister 2 Stück;;;141681101X;Dural GmbH;10000;16,82;;DISCOUNT_PCT;50;;DISCOUNT_PCT;40;;;;;;;;;;020.120.0290;;;;;;;;;;;;;;;;;;;;;;;ja;;;;;;;;;;;;;;;;;;ja;;;;;ja
Innenecke für Arbeitsplattenprofil Metall-Druckguss eloxiert titan 11 mm Blister 2 Stück;;;141681101XI;Dural GmbH;10000;16,82;;DISCOUNT_PCT;50;;DISCOUNT_PCT;40;;;;;;;;;;020.120.0300;;;;;;;;;;;;;;;;;;;;;;;ja;;;;;;;;;;;;;;;;;;ja;;;;;ja
Endkappe links für Arbeitsplattenprofil Metall-Druckguss eloxiert titan 11 mm Blister 2 Stück;;;141681101XKL;Dural GmbH;10000;11,8;;DISCOUNT_PCT;50;;DISCOUNT_PCT;40;;;;;;;;;;020.120.0310;;;;;;;;;;;;;;;;;;;;;;;ja;;;;;;;;;;;;;;;;;;ja;;;;;ja
Endkappe rechts für Arbeitsplattenprofil Metall-Druckguss eloxiert titan 11 mm Blister 2 Stück;;;141681101XKR;Dural GmbH;10000;11,8;;DISCOUNT_PCT;50;;DISCOUNT_PCT;40;;;;;;;;;;020.120.0320;;;;;;;;;;;;;;;;;;;;;;;ja;;;;;;;;;;;;;;;;;;ja;;;;;ja
Aussenecke für Arbeitsplattenprofil Aluminium eloxiert, gebürstet titan 11 mm Blister 2 Stück;;;141681102X;Dural GmbH;10000;21,8;;DISCOUNT_PCT;50;;DISCOUNT_PCT;40;;;;;;;;;;020.120.0330;;;;;;;;;;;;;;;;;;;;;;;ja;;;;;;;;;;;;;;;;;;ja;;;;;ja
Innenecke für Arbeitsplattenprofil Aluminium eloxiert, gebürstet titan 11 mm Blister 2 Stück;;;141681102XI;Dural GmbH;10000;21,8;;DISCOUNT_PCT;50;;DISCOUNT_PCT;40;;;;;;;;;;020.120.0340;;;;;;;;;;;;;;;;;;;;;;;ja;;;;;;;;;;;;;;;;;;ja;;;;;ja
Endkappe links für Arbeitsplattenprofil Aluminium eloxiert, gebürstet titan 11 mm Blister 2 Stück;;;141681102XKL;Dural GmbH;10000;15,34;;DISCOUNT_PCT;50;;DISCOUNT_PCT;40;;;;;;;;;;020.120.0350;;;;;;;;;;;;;;;;;;;;;;;ja;;;;;;;;;;;;;;;;;;ja;;;;;ja
Endkappe rechts für Arbeitsplattenprofil Aluminium eloxiert, gebürstet titan 11 mm Blister 2 Stück;;;141681102XKR;Dural GmbH;10000;15,34;;DISCOUNT_PCT;50;;DISCOUNT_PCT;40;;;;;;;;;;020.120.0360;;;;;;;;;;;;;;;;;;;;;;;ja;;;;;;;;;;;;;;;;;;ja;;;;;ja
Arbeitsplattenprofil Aluminium eloxiert, gebürstet titan 11 mm, Länge 300 cm für Arbeitsplatten, Küchenbereiche und geflieste Belagskanten;;;14168120030;Dural GmbH;10000;39,1;;DISCOUNT_PCT;50;;DISCOUNT_PCT;40;;;;;;;;;;020.120.0370;;;;;;;;;;;;;;;;;;;;;;;ja;;;;;;;;;;;;;;;;;;ja;;;;;ja
Arbeitsplattenprofil Aluminium eloxiert, gebürstet titan 13,5 mm, Länge 250 cm für Arbeitsplatten, Küchenbereiche und geflieste Belagskanten;;;14168130030;Dural GmbH;10000;42,16;;DISCOUNT_PCT;50;;DISCOUNT_PCT;40;;;;;;;;;;020.120.0380;;;;;;;;;;;;;;;;;;;;;;;ja;;;;;;;;;;;;;;;;;;ja;;;;;ja
Aussenecke für Arbeitsplattenprofil Aluminium eloxiert, gebürstet titan 13,5 mm Blister 2 Stück;;;141681302X;Dural GmbH;10000;21,8;;DISCOUNT_PCT;50;;DISCOUNT_PCT;40;;;;;;;;;;020.120.0390;;;;;;;;;;;;;;;;;;;;;;;ja;;;;;;;;;;;;;;;;;;ja;;;;;ja
Innenecke für Arbeitsplattenprofil Aluminium eloxiert, gebürstet titan 13,5 mm Blister 2 Stück;;;141681302XI;Dural GmbH;10000;21,8;;DISCOUNT_PCT;50;;DISCOUNT_PCT;40;;;;;;;;;;020.120.0400;;;;;;;;;;;;;;;;;;;;;;;ja;;;;;;;;;;;;;;;;;;ja;;;;;ja
Endkappe links für Arbeitsplattenprofil Aluminium eloxiert, gebürstet titan 13,5 mm Blister 2 Stück;;;141681302XKL;Dural GmbH;10000;15,34;;DISCOUNT_PCT;50;;DISCOUNT_PCT;40;;;;;;;;;;020.120.0410;;;;;;;;;;;;;;;;;;;;;;;ja;;;;;;;;;;;;;;;;;;ja;;;;;ja
Endkappe rechts für Arbeitsplattenprofil Aluminium eloxiert, gebürstet titan 13,5 mm Blister 2 Stück;;;141681302XKR;Dural GmbH;10000;15,34;;DISCOUNT_PCT;50;;DISCOUNT_PCT;40;;;;;;;;;;020.120.0420;;;;;;;;;;;;;;;;;;;;;;;ja;;;;;;;;;;;;;;;;;;ja;;;;;ja
Winkel-Abschlussprofil Aluminium hochglanzeloxiert silber 250 cm;;;09628060;Dural GmbH;10000;10,52;;DISCOUNT_PCT;50;;DISCOUNT_PCT;40;;;;;;;;;;020.020.5430;;;;;;;;;;;;;;;;;;;;;;;ja;;;;;;;;;;;;;;;;;;ja;;;;;ja
Winkel-Abschlussprofil Aluminium hochglanzeloxiert silber 8 mm 250 cm;;;09628080;Dural GmbH;10000;11,14;;DISCOUNT_PCT;50;;DISCOUNT_PCT;40;;;;;;;;;;020.020.5440;;;;;;;;;;;;;;;;;;;;;;;ja;;;;;;;;;;;;;;;;;;ja;;;;;ja
Winkel-Abschlussprofil Aluminium gebürstet, hochglanzeloxiert silber 8 mm 250 cm;;;0962808030;Dural GmbH;10000;13,42;;DISCOUNT_PCT;50;;DISCOUNT_PCT;40;;;;;;;;;;020.020.5450;;;;;;;;;;;;;;;;;;;;;;;ja;;;;;;;;;;;;;;;;;;ja;;;;;ja
Winkel-Abschlussprofil Aluminium hochglanzeloxiert silber 10 mm 250 cm;;;09628100;Dural GmbH;10000;11,66;;DISCOUNT_PCT;50;;DISCOUNT_PCT;40;;;;;;;;;;020.020.5460;;;;;;;;;;;;;;;;;;;;;;;ja;;;;;;;;;;;;;;;;;;ja;;;;;ja
Winkel-Abschlussprofil Aluminium gebürstet, hochglanzeloxiert silber 10 mm 250 cm;;;0962810030;Dural GmbH;10000;13,96;;DISCOUNT_PCT;50;;DISCOUNT_PCT;40;;;;;;;;;;020.020.5470;;;;;;;;;;;;;;;;;;;;;;;ja;;;;;;;;;;;;;;;;;;ja;;;;;ja
Winkel-Abschlussprofil Aluminium hochglanzeloxiert silber 12,5 mm 250 cm;;;09628120;Dural GmbH;10000;12,68;;DISCOUNT_PCT;50;;DISCOUNT_PCT;40;;;;;;;;;;020.020.5480;;;;;;;;;;;;;;;;;;;;;;;ja;;;;;;;;;;;;;;;;;;ja;;;;;ja
Winkel-Abschlussprofil Aluminium gebürstet, hochglanzeloxiert silber 12,5 mm 250 cm;;;0962812030;Dural GmbH;10000;15,1;;DISCOUNT_PCT;50;;DISCOUNT_PCT;40;;;;;;;;;;020.020.5490;;;;;;;;;;;;;;;;;;;;;;;ja;;;;;;;;;;;;;;;;;;ja;;;;;ja
Winkel-Abschlussprofil Aluminium hochglanzeloxiert titan 8 mm 250 cm;;;09638080;Dural GmbH;10000;11,76;;DISCOUNT_PCT;50;;DISCOUNT_PCT;40;;;;;;;;;;020.020.5500;;;;;;;;;;;;;;;;;;;;;;;ja;;;;;;;;;;;;;;;;;;ja;;;;;ja
Winkel-Abschlussprofil Aluminium gebürstet, hochglanzeloxiert titan 8 mm 250 cm;;;0963808030;Dural GmbH;10000;13,8;;DISCOUNT_PCT;50;;DISCOUNT_PCT;40;;;;;;;;;;020.020.5510;;;;;;;;;;;;;;;;;;;;;;;ja;;;;;;;;;;;;;;;;;;ja;;;;;ja
Winkel-Abschlussprofil Aluminium hochglanzeloxiert titan 10 mm 250 cm;;;09638100;Dural GmbH;10000;12;;DISCOUNT_PCT;50;;DISCOUNT_PCT;40;;;;;;;;;;020.020.5520;;;;;;;;;;;;;;;;;;;;;;;ja;;;;;;;;;;;;;;;;;;ja;;;;;ja
Winkel-Abschlussprofil Aluminium gebürstet, hochglanzeloxiert titan 10 mm 250 cm;;;0963810030;Dural GmbH;10000;14,36;;DISCOUNT_PCT;50;;DISCOUNT_PCT;40;;;;;;;;;;020.020.5530;;;;;;;;;;;;;;;;;;;;;;;ja;;;;;;;;;;;;;;;;;;ja;;;;;ja
Winkel-Abschlussprofil Aluminium hochglanzeloxiert titan 12,5 mm 250 cm;;;09638120;Dural GmbH;10000;12,98;;DISCOUNT_PCT;50;;DISCOUNT_PCT;40;;;;;;;;;;020.020.5540;;;;;;;;;;;;;;;;;;;;;;;ja;;;;;;;;;;;;;;;;;;ja;;;;;ja
Winkel-Abschlussprofil Aluminium gebürstet, hochglanzeloxiert titan 12,5 mm 250 cm;;;0963812030;Dural GmbH;10000;15,56;;DISCOUNT_PCT;50;;DISCOUNT_PCT;40;;;;;;;;;;020.020.5550;;;;;;;;;;;;;;;;;;;;;;;ja;;;;;;;;;;;;;;;;;;ja;;;;;ja
Aussenecke Aluminium hochglanzeloxiert gold 10 mm Blister 2 Stück;;;10611001;Dural GmbH;10000;8,48;;DISCOUNT_PCT;50;;DISCOUNT_PCT;40;;;;;;;;;;020.010.5920;;;;;;;;;;;;;;;;;;;;;;;ja;;;;;;;;;;;;;;;;;;ja;;;;;ja
Innenecke Aluminium hochglanzeloxiert gold 10 mm Blister 2 Stück;;;10611004;Dural GmbH;10000;8,48;;DISCOUNT_PCT;50;;DISCOUNT_PCT;40;;;;;;;;;;020.010.5930;;;;;;;;;;;;;;;;;;;;;;;ja;;;;;;;;;;;;;;;;;;ja;;;;;ja
Viertelkreis-Abschlussprofil Aluminium hochglanzeloxiert gold 10 mm 250 cm;;;10618100;Dural GmbH;10000;14,66;;DISCOUNT_PCT;50;;DISCOUNT_PCT;40;;;;;;;;;;020.010.5940;;;;;;;;;;;;;;;;;;;;;;;ja;;;;;;;;;;;;;;;;;;ja;;;;;ja
Aussenecke Aluminium hochglanzeloxiert silber 6 mm Blister 2 Stück;;;10620601;Dural GmbH;10000;8,48;;DISCOUNT_PCT;50;;DISCOUNT_PCT;40;;;;;;;;;;020.010.5950;;;;;;;;;;;;;;;;;;;;;;;ja;;;;;;;;;;;;;;;;;;ja;;;;;ja
Innenecke Aluminium hochglanzeloxiert silber 6 mm Blister 2 Stück;;;10620604;Dural GmbH;10000;8,48;;DISCOUNT_PCT;50;;DISCOUNT_PCT;40;;;;;;;;;;020.010.5960;;;;;;;;;;;;;;;;;;;;;;;ja;;;;;;;;;;;;;;;;;;ja;;;;;ja
Aussenecke Aluminium hochglanzeloxiert silber 8 mm Blister 2 Stück;;;10620801;Dural GmbH;10000;8,48;;DISCOUNT_PCT;50;;DISCOUNT_PCT;40;;;;;;;;;;020.010.5970;;;;;;;;;;;;;;;;;;;;;;;ja;;;;;;;;;;;;;;;;;;ja;;;;;ja
Aussenecke Aluminium gebürstet hochglanzeloxiert silber 8 mm Blister 2 Stück;;;106208031;Dural GmbH;10000;11,14;;DISCOUNT_PCT;50;;DISCOUNT_PCT;40;;;;;;;;;;020.010.5980;;;;;;;;;;;;;;;;;;;;;;;ja;;;;;;;;;;;;;;;;;;ja;;;;;ja
Innenecke Aluminium gebürstet hochglanzeloxiert silber 8 mm Blister 2 Stück;;;106208033;Dural GmbH;10000;11,14;;DISCOUNT_PCT;50;;DISCOUNT_PCT;40;;;;;;;;;;020.010.5990;;;;;;;;;;;;;;;;;;;;;;;ja;;;;;;;;;;;;;;;;;;ja;;;;;ja
Innenecke Aluminium hochglanzeloxiert silber 8 mm Blister 2 Stück;;;10620804;Dural GmbH;10000;8,48;;DISCOUNT_PCT;50;;DISCOUNT_PCT;40;;;;;;;;;;020.010.6000;;;;;;;;;;;;;;;;;;;;;;;ja;;;;;;;;;;;;;;;;;;ja;;;;;ja
Aussenecke Aluminium hochglanzeloxiert silber 10 mm Blister 2 Stück;;;10621001;Dural GmbH;10000;8,48;;DISCOUNT_PCT;50;;DISCOUNT_PCT;40;;;;;;;;;;020.010.6010;;;;;;;;;;;;;;;;;;;;;;;ja;;;;;;;;;;;;;;;;;;ja;;;;;ja
Aussenecke Aluminium gebürstet hochglanzeloxiert silber 10 mm Blister 2 Stück;;;106210031;Dural GmbH;10000;11,14;;DISCOUNT_PCT;50;;DISCOUNT_PCT;40;;;;;;;;;;020.010.6020;;;;;;;;;;;;;;;;;;;;;;;ja;;;;;;;;;;;;;;;;;;ja;;;;;ja
Innenecke Aluminium gebürstet hochglanzeloxiert silber 10 mm Blister 2 Stück;;;106210033;Dural GmbH;10000;11,14;;DISCOUNT_PCT;50;;DISCOUNT_PCT;40;;;;;;;;;;020.010.6030;;;;;;;;;;;;;;;;;;;;;;;ja;;;;;;;;;;;;;;;;;;ja;;;;;ja
Innenecke Aluminium hochglanzeloxiert silber 10 mm Blister 2 Stück;;;10621004;Dural GmbH;10000;8,48;;DISCOUNT_PCT;50;;DISCOUNT_PCT;40;;;;;;;;;;020.010.6040;;;;;;;;;;;;;;;;;;;;;;;ja;;;;;;;;;;;;;;;;;;ja;;;;;ja
Aussenecke Aluminium hochglanzeloxiert silber 12,5 mm Blister 2 Stück;;;10621201;Dural GmbH;10000;8,48;;DISCOUNT_PCT;50;;DISCOUNT_PCT;40;;;;;;;;;;020.010.6050;;;;;;;;;;;;;;;;;;;;;;;ja;;;;;;;;;;;;;;;;;;ja;;;;;ja
Aussenecke Aluminium gebürstet hochglanzeloxiert silber 12,5 mm Blister 2 Stück;;;106212031;Dural GmbH;10000;11,14;;DISCOUNT_PCT;50;;DISCOUNT_PCT;40;;;;;;;;;;020.010.6060;;;;;;;;;;;;;;;;;;;;;;;ja;;;;;;;;;;;;;;;;;;ja;;;;;ja
Innenecke Aluminium gebürstet hochglanzeloxiert silber 12,5 mm Blister 2 Stück;;;106212033;Dural GmbH;10000;11,14;;DISCOUNT_PCT;50;;DISCOUNT_PCT;40;;;;;;;;;;020.010.6070;;;;;;;;;;;;;;;;;;;;;;;ja;;;;;;;;;;;;;;;;;;ja;;;;;ja
Innenecke Aluminium hochglanzeloxiert silber 12,5 mm Blister 2 Stück;;;10621204;Dural GmbH;10000;8,48;;DISCOUNT_PCT;50;;DISCOUNT_PCT;40;;;;;;;;;;020.010.6080;;;;;;;;;;;;;;;;;;;;;;;ja;;;;;;;;;;;;;;;;;;ja;;;;;ja
Viertelkreis-Abschlussprofil Aluminium hochglanzeloxiert silber 6 mm 300 cm;;;10622060;Dural GmbH;10000;11,58;;DISCOUNT_PCT;50;;DISCOUNT_PCT;40;;;;;;;;;;020.010.6090;;;;;;;;;;;;;;;;;;;;;;;ja;;;;;;;;;;;;;;;;;;ja;;;;;ja
Viertelkreis-Abschlussprofil Aluminium hochglanzeloxiert silber 8 mm 300 cm;;;10622080;Dural GmbH;10000;12,8;;DISCOUNT_PCT;50;;DISCOUNT_PCT;40;;;;;;;;;;020.010.6100;;;;;;;;;;;;;;;;;;;;;;;ja;;;;;;;;;;;;;;;;;;ja;;;;;ja
Viertelkreis-Abschlussprofil Aluminium gebürstet hochglanzeloxiert silber 8 mm 300 cm;;;1062208030;Dural GmbH;10000;14,92;;DISCOUNT_PCT;50;;DISCOUNT_PCT;40;;;;;;;;;;020.010.6110;;;;;;;;;;;;;;;;;;;;;;;ja;;;;;;;;;;;;;;;;;;ja;;;;;ja
Viertelkreis-Abschlussprofil Aluminium hochglanzeloxiert silber 10 mm 300 cm;;;10622100;Dural GmbH;10000;13,72;;DISCOUNT_PCT;50;;DISCOUNT_PCT;40;;;;;;;;;;020.010.6120;;;;;;;;;;;;;;;;;;;;;;;ja;;;;;;;;;;;;;;;;;;ja;;;;;ja
Viertelkreis-Abschlussprofil Aluminium gebürstet hochglanzeloxiert silber 10 mm 300 cm;;;1062210030;Dural GmbH;10000;16,06;;DISCOUNT_PCT;50;;DISCOUNT_PCT;40;;;;;;;;;;020.010.6130;;;;;;;;;;;;;;;;;;;;;;;ja;;;;;;;;;;;;;;;;;;ja;;;;;ja
Viertelkreis-Abschlussprofil Aluminium gebürstet hochglanzeloxiert silber 12,5 mm 300 cm;;;1062212030;Dural GmbH;10000;17,6;;DISCOUNT_PCT;50;;DISCOUNT_PCT;40;;;;;;;;;;020.010.6140;;;;;;;;;;;;;;;;;;;;;;;ja;;;;;;;;;;;;;;;;;;ja;;;;;ja
Viertelkreis-Abschlussprofil Aluminium hochglanzeloxiert silber 6 mm 250 cm;;;10628060;Dural GmbH;10000;11,8;;DISCOUNT_PCT;50;;DISCOUNT_PCT;40;;;;;;;;;;020.010.6150;;;;;;;;;;;;;;;;;;;;;;;ja;;;;;;;;;;;;;;;;;;ja;;;;;ja
Viertelkreis-Abschlussprofil Aluminium hochglanzeloxiert silber 8 mm 250 cm;;;10628080;Dural GmbH;10000;13,1;;DISCOUNT_PCT;50;;DISCOUNT_PCT;40;;;;;;;;;;020.010.6160;;;;;;;;;;;;;;;;;;;;;;;ja;;;;;;;;;;;;;;;;;;ja;;;;;ja
Viertelkreis-Abschlussprofil Aluminium gebürstet hochglanzeloxiert silber 8 mm 250 cm;;;1062808030;Dural GmbH;10000;15,66;;DISCOUNT_PCT;50;;DISCOUNT_PCT;40;;;;;;;;;;020.010.6170;;;;;;;;;;;;;;;;;;;;;;;ja;;;;;;;;;;;;;;;;;;ja;;;;;ja
Viertelkreis-Abschlussprofil Aluminium hochglanzeloxiert silber 10 mm 250 cm;;;10628100;Dural GmbH;10000;13,96;;DISCOUNT_PCT;50;;DISCOUNT_PCT;40;;;;;;;;;;020.010.6180;;;;;;;;;;;;;;;;;;;;;;;ja;;;;;;;;;;;;;;;;;;ja;;;;;ja
Viertelkreis-Abschlussprofil Aluminium gebürstet hochglanzeloxiert silber 10 mm 250 cm;;;1062810030;Dural GmbH;10000;16,86;;DISCOUNT_PCT;50;;DISCOUNT_PCT;40;;;;;;;;;;020.010.6190;;;;;;;;;;;;;;;;;;;;;;;ja;;;;;;;;;;;;;;;;;;ja;;;;;ja
Viertelkreis-Abschlussprofil Aluminium hochglanzeloxiert silber 12,5 mm 250 cm;;;10628120;Dural GmbH;10000;15,38;;DISCOUNT_PCT;50;;DISCOUNT_PCT;40;;;;;;;;;;020.010.6200;;;;;;;;;;;;;;;;;;;;;;;ja;;;;;;;;;;;;;;;;;;ja;;;;;ja
Viertelkreis-Abschlussprofil Aluminium gebürstet hochglanzeloxiert silber 12,5 mm 250 cm;;;1062812030;Dural GmbH;10000;18,46;;DISCOUNT_PCT;50;;DISCOUNT_PCT;40;;;;;;;;;;020.010.6210;;;;;;;;;;;;;;;;;;;;;;;ja;;;;;;;;;;;;;;;;;;ja;;;;;ja
Viertelkreis-Abschlussprofil Aluminium gebürstet hochglanzeloxiert titan 8 mm 250 cm;;;1063808030;Dural GmbH;10000;16,46;;DISCOUNT_PCT;50;;DISCOUNT_PCT;40;;;;;;;;;;020.010.6220;;;;;;;;;;;;;;;;;;;;;;;ja;;;;;;;;;;;;;;;;;;ja;;;;;ja
Aussenecke Aluminium gebürstet hochglanzeloxiert titan 8 mm Blister 2 Stück;;;1063808031;Dural GmbH;10000;12,02;;DISCOUNT_PCT;50;;DISCOUNT_PCT;40;;;;;;;;;;020.010.6230;;;;;;;;;;;;;;;;;;;;;;;ja;;;;;;;;;;;;;;;;;;ja;;;;;ja
Innenecke Aluminium gebürstet hochglanzeloxiert titan 8 mm Blister 2 Stück;;;1063808033;Dural GmbH;10000;12,02;;DISCOUNT_PCT;50;;DISCOUNT_PCT;40;;;;;;;;;;020.010.6240;;;;;;;;;;;;;;;;;;;;;;;ja;;;;;;;;;;;;;;;;;;ja;;;;;ja
Viertelkreis-Abschlussprofil Aluminium gebürstet hochglanzeloxiert titan 10 mm 250 cm;;;1063810030;Dural GmbH;10000;17,6;;DISCOUNT_PCT;50;;DISCOUNT_PCT;40;;;;;;;;;;020.010.6250;;;;;;;;;;;;;;;;;;;;;;;ja;;;;;;;;;;;;;;;;;;ja;;;;;ja
Aussenecke Aluminium gebürstet hochglanzeloxiert titan 10 mm Blister 2 Stück;;;1063810031;Dural GmbH;10000;12,02;;DISCOUNT_PCT;50;;DISCOUNT_PCT;40;;;;;;;;;;020.010.6260;;;;;;;;;;;;;;;;;;;;;;;ja;;;;;;;;;;;;;;;;;;ja;;;;;ja
Innenecke Aluminium gebürstet hochglanzeloxiert titan 10 mm Blister 2 Stück;;;1063810033;Dural GmbH;10000;12,02;;DISCOUNT_PCT;50;;DISCOUNT_PCT;40;;;;;;;;;;020.010.6270;;;;;;;;;;;;;;;;;;;;;;;ja;;;;;;;;;;;;;;;;;;ja;;;;;ja
Viertelkreis-Abschlussprofil Aluminium gebürstet hochglanzeloxiert titan 12,5 mm 250 cm;;;1063812030;Dural GmbH;10000;19,3;;DISCOUNT_PCT;50;;DISCOUNT_PCT;40;;;;;;;;;;020.010.6280;;;;;;;;;;;;;;;;;;;;;;;ja;;;;;;;;;;;;;;;;;;ja;;;;;ja
Aussenecke Aluminium gebürstet hochglanzeloxiert titan 12,5 mm Blister 2 Stück;;;1063812031;Dural GmbH;10000;12,02;;DISCOUNT_PCT;50;;DISCOUNT_PCT;40;;;;;;;;;;020.010.6290;;;;;;;;;;;;;;;;;;;;;;;ja;;;;;;;;;;;;;;;;;;ja;;;;;ja
Innenecke Aluminium gebürstet hochglanzeloxiert titan 12,5 mm Blister 2 Stück;;;1063812033;Dural GmbH;10000;12,02;;DISCOUNT_PCT;50;;DISCOUNT_PCT;40;;;;;;;;;;020.010.6300;;;;;;;;;;;;;;;;;;;;;;;ja;;;;;;;;;;;;;;;;;;ja;;;;;ja
Quadratisches Abschlussprofil Aluminium hochglanzeloxiert gold 7 mm Länge 250 cm für Wand- und Bodenbeläge;;;126180700;Dural GmbH;10000;17,64;;DISCOUNT_PCT;50;;DISCOUNT_PCT;40;;;;;;;;;;020.030.3590;;;;;;;;;;;;;;;;;;;;;;;ja;;;;;;;;;;;;;;;;;;ja;;;;;ja
Aussenecke für quadratisches Abschlussprofil Aluminium hochglanzeloxiert gold 7 mm Blister 2 Stück;;;126180705;Dural GmbH;10000;6,26;;DISCOUNT_PCT;50;;DISCOUNT_PCT;40;;;;;;;;;;020.030.3600;;;;;;;;;;;;;;;;;;;;;;;ja;;;;;;;;;;;;;;;;;;ja;;;;;ja
Quadratisches Abschlussprofil Aluminium hochglanzeloxiert gold 9 mm Länge 250 cm für Wand- und Bodenbeläge;;;126180900;Dural GmbH;10000;19,22;;DISCOUNT_PCT;50;;DISCOUNT_PCT;40;;;;;;;;;;020.030.3610;;;;;;;;;;;;;;;;;;;;;;;ja;;;;;;;;;;;;;;;;;;ja;;;;;ja
Aussenecke für quadratisches Abschlussprofil Aluminium hochglanzeloxiert gold 9 mm Blister 2 Stück;;;126180905;Dural GmbH;10000;6,26;;DISCOUNT_PCT;50;;DISCOUNT_PCT;40;;;;;;;;;;020.030.3620;;;;;;;;;;;;;;;;;;;;;;;ja;;;;;;;;;;;;;;;;;;ja;;;;;ja
Quadratisches Abschlussprofil Aluminium hochglanzeloxiert gold 10 mm Länge 250 cm für Wand- und Bodenbeläge;;;126181000;Dural GmbH;10000;20,02;;DISCOUNT_PCT;50;;DISCOUNT_PCT;40;;;;;;;;;;020.030.3630;;;;;;;;;;;;;;;;;;;;;;;ja;;;;;;;;;;;;;;;;;;ja;;;;;ja
Aussenecke für quadratisches Abschlussprofil Aluminium hochglanzeloxiert gold 10 mm Blister 2 Stück;;;126181005;Dural GmbH;10000;6,26;;DISCOUNT_PCT;50;;DISCOUNT_PCT;40;;;;;;;;;;020.030.3640;;;;;;;;;;;;;;;;;;;;;;;ja;;;;;;;;;;;;;;;;;;ja;;;;;ja
Quadratisches Abschlussprofil Aluminium hochglanzeloxiert gold 11 mm Länge 250 cm für Wand- und Bodenbeläge;;;126181100;Dural GmbH;10000;20,88;;DISCOUNT_PCT;50;;DISCOUNT_PCT;40;;;;;;;;;;020.030.3650;;;;;;;;;;;;;;;;;;;;;;;ja;;;;;;;;;;;;;;;;;;ja;;;;;ja
Aussenecke für quadratisches Abschlussprofil Aluminium hochglanzeloxiert gold 11 mm Blister 2 Stück;;;126181105;Dural GmbH;10000;6,26;;DISCOUNT_PCT;50;;DISCOUNT_PCT;40;;;;;;;;;;020.030.3660;;;;;;;;;;;;;;;;;;;;;;;ja;;;;;;;;;;;;;;;;;;ja;;;;;ja
Quadratisches Abschlussprofil Aluminium hochglanzeloxiert gold 12,5 mm Länge 250 cm für Wand- und Bodenbeläge;;;126181200;Dural GmbH;10000;22,5;;DISCOUNT_PCT;50;;DISCOUNT_PCT;40;;;;;;;;;;020.030.3670;;;;;;;;;;;;;;;;;;;;;;;ja;;;;;;;;;;;;;;;;;;ja;;;;;ja
Aussenecke für quadratisches Abschlussprofil Aluminium hochglanzeloxiert gold 12,5 mm Blister 2 Stück;;;126181205;Dural GmbH;10000;6,26;;DISCOUNT_PCT;50;;DISCOUNT_PCT;40;;;;;;;;;;020.030.3680;;;;;;;;;;;;;;;;;;;;;;;ja;;;;;;;;;;;;;;;;;;ja;;;;;ja
Quadratisches Abschlussprofil Aluminium hochglanzeloxiert silber 7 mm Länge 250 cm für Wand- und Bodenbeläge;;;126280700;Dural GmbH;10000;16,86;;DISCOUNT_PCT;50;;DISCOUNT_PCT;40;;;;;;;;;;020.030.3690;;;;;;;;;;;;;;;;;;;;;;;ja;;;;;;;;;;;;;;;;;;ja;;;;;ja
Quadratisches Abschlussprofil Aluminium hochglanzeloxiert silber 7 mm Länge 250 cm für Wand- und Bodenbeläge;;;1262807030;Dural GmbH;10000;20,32;;DISCOUNT_PCT;50;;DISCOUNT_PCT;40;;;;;;;;;;020.030.3700;;;;;;;;;;;;;;;;;;;;;;;ja;;;;;;;;;;;;;;;;;;ja;;;;;ja
Aussenecke für quadratisches Abschlussprofil Aluminium hochglanzeloxiert silber 7 mm Blister 2 Stück;;;1262807031;Dural GmbH;10000;8,54;;DISCOUNT_PCT;50;;DISCOUNT_PCT;40;;;;;;;;;;020.030.3710;;;;;;;;;;;;;;;;;;;;;;;ja;;;;;;;;;;;;;;;;;;ja;;;;;ja
Aussenecke für quadratisches Abschlussprofil Aluminium hochglanzeloxiert silber 7 mm Blister 2 Stück;;;126280706;Dural GmbH;10000;5,94;;DISCOUNT_PCT;50;;DISCOUNT_PCT;40;;;;;;;;;;020.030.3720;;;;;;;;;;;;;;;;;;;;;;;ja;;;;;;;;;;;;;;;;;;ja;;;;;ja
Quadratisches Abschlussprofil Aluminium hochglanzeloxiert silber 9 mm Länge 250 cm für Wand- und Bodenbeläge;;;126280900;Dural GmbH;10000;18,32;;DISCOUNT_PCT;50;;DISCOUNT_PCT;40;;;;;;;;;;020.030.3730;;;;;;;;;;;;;;;;;;;;;;;ja;;;;;;;;;;;;;;;;;;ja;;;;;ja
Quadratisches Abschlussprofil Aluminium hochglanzeloxiert silber 9 mm Länge 250 cm für Wand- und Bodenbeläge;;;1262809030;Dural GmbH;10000;22;;DISCOUNT_PCT;50;;DISCOUNT_PCT;40;;;;;;;;;;020.030.3740;;;;;;;;;;;;;;;;;;;;;;;ja;;;;;;;;;;;;;;;;;;ja;;;;;ja
Aussenecke für quadratisches Abschlussprofil Aluminium hochglanzeloxiert silber 9 mm Blister 2 Stück;;;1262809031;Dural GmbH;10000;8,54;;DISCOUNT_PCT;50;;DISCOUNT_PCT;40;;;;;;;;;;020.030.3750;;;;;;;;;;;;;;;;;;;;;;;ja;;;;;;;;;;;;;;;;;;ja;;;;;ja
Aussenecke für quadratisches Abschlussprofil Aluminium hochglanzeloxiert silber 9 mm Blister 2 Stück;;;126280906;Dural GmbH;10000;5,94;;DISCOUNT_PCT;50;;DISCOUNT_PCT;40;;;;;;;;;;020.030.3760;;;;;;;;;;;;;;;;;;;;;;;ja;;;;;;;;;;;;;;;;;;ja;;;;;ja
Quadratisches Abschlussprofil Aluminium hochglanzeloxiert silber 10 mm Länge 250 cm für Wand- und Bodenbeläge;;;126281000;Dural GmbH;10000;19,18;;DISCOUNT_PCT;50;;DISCOUNT_PCT;40;;;;;;;;;;020.030.3770;;;;;;;;;;;;;;;;;;;;;;;ja;;;;;;;;;;;;;;;;;;ja;;;;;ja
Quadratisches Abschlussprofil Aluminium gebürstet hochglanzeloxiert silber 10 mm Länge 250 cm für Wand- und Bodenbeläge;;;1262810030;Dural GmbH;10000;22,98;;DISCOUNT_PCT;50;;DISCOUNT_PCT;40;;;;;;;;;;020.030.3780;;;;;;;;;;;;;;;;;;;;;;;ja;;;;;;;;;;;;;;;;;;ja;;;;;ja
Aussenecke für Abschlussprofil gebürstet hochglanzeloxiert silber 10 mm Blister 2 Stück;;;1262810031;Dural GmbH;10000;8,54;;DISCOUNT_PCT;50;;DISCOUNT_PCT;40;;;;;;;;;;020.030.3790;;;;;;;;;;;;;;;;;;;;;;;ja;;;;;;;;;;;;;;;;;;ja;;;;;ja
Aussenecke für Abschlussprofil hochglanzeloxiert silber 10 mm Blister 2 Stück;;;126281006;Dural GmbH;10000;5,94;;DISCOUNT_PCT;50;;DISCOUNT_PCT;40;;;;;;;;;;020.030.3800;;;;;;;;;;;;;;;;;;;;;;;ja;;;;;;;;;;;;;;;;;;ja;;;;;ja
Quadratisches Abschlussprofil Aluminium hochglanzeloxiert silber 11 mm Länge 250 cm für Wand- und Bodenbeläge;;;126281100;Dural GmbH;10000;19,92;;DISCOUNT_PCT;50;;DISCOUNT_PCT;40;;;;;;;;;;020.030.3810;;;;;;;;;;;;;;;;;;;;;;;ja;;;;;;;;;;;;;;;;;;ja;;;;;ja
Quadratisches Abschlussprofil Aluminium gebürstet hochglanzeloxiert silber 11 mm Länge 250 cm für Wand- und Bodenbeläge;;;1262811030;Dural GmbH;10000;23,86;;DISCOUNT_PCT;50;;DISCOUNT_PCT;40;;;;;;;;;;020.030.3820;;;;;;;;;;;;;;;;;;;;;;;ja;;;;;;;;;;;;;;;;;;ja;;;;;ja
Aussenecke für Abschlussprofil gebürstet hochglanzeloxiert silber 11 mm Blister 2 Stück;;;1262811031;Dural GmbH;10000;8,54;;DISCOUNT_PCT;50;;DISCOUNT_PCT;40;;;;;;;;;;020.030.3830;;;;;;;;;;;;;;;;;;;;;;;ja;;;;;;;;;;;;;;;;;;ja;;;;;ja
Aussenecke für Abschlussprofil hochglanzeloxiert silber 11 mm Blister 2 Stück;;;126281106;Dural GmbH;10000;5,94;;DISCOUNT_PCT;50;;DISCOUNT_PCT;40;;;;;;;;;;020.030.3840;;;;;;;;;;;;;;;;;;;;;;;ja;;;;;;;;;;;;;;;;;;ja;;;;;ja
Quadratisches Abschlussprofil Aluminium hochglanzeloxiert silber 12,5 mm Länge 250 cm für Wand- und Bodenbeläge;;;126281200;Dural GmbH;10000;21,44;;DISCOUNT_PCT;50;;DISCOUNT_PCT;40;;;;;;;;;;020.030.3850;;;;;;;;;;;;;;;;;;;;;;;ja;;;;;;;;;;;;;;;;;;ja;;;;;ja
Quadratisches Abschlussprofil Aluminium gebürstet hochglanzeloxiert silber 12,5 mm Länge 250 cm für Wand- und Bodenbeläge;;;1262812030;Dural GmbH;10000;25,74;;DISCOUNT_PCT;50;;DISCOUNT_PCT;40;;;;;;;;;;020.030.3860;;;;;;;;;;;;;;;;;;;;;;;ja;;;;;;;;;;;;;;;;;;ja;;;;;ja
Aussenecke für Abschlussprofil gebürstet hochglanzeloxiert silber 12,5 mm Blister 2 Stück;;;1262812031;Dural GmbH;10000;8,54;;DISCOUNT_PCT;50;;DISCOUNT_PCT;40;;;;;;;;;;020.030.3870;;;;;;;;;;;;;;;;;;;;;;;ja;;;;;;;;;;;;;;;;;;ja;;;;;ja
Aussenecke für Abschlussprofil hochglanzeloxiert silber 12,5 mm Blister 2 Stück;;;126281206;Dural GmbH;10000;5,94;;DISCOUNT_PCT;50;;DISCOUNT_PCT;40;;;;;;;;;;020.030.3880;;;;;;;;;;;;;;;;;;;;;;;ja;;;;;;;;;;;;;;;;;;ja;;;;;ja
Quadratisches Abschlussprofil Aluminium hochglanzeloxiert titan 7 mm Länge 250 cm für Wand- und Bodenbeläge;;;1263800700;Dural GmbH;10000;16,86;;DISCOUNT_PCT;50;;DISCOUNT_PCT;40;;;;;;;;;;020.030.3890;;;;;;;;;;;;;;;;;;;;;;;ja;;;;;;;;;;;;;;;;;;ja;;;;;ja
Quadratisches Abschlussprofil Aluminium hochglanzeloxiert titan 9 mm Länge 250 cm für Wand- und Bodenbeläge;;;1263800900;Dural GmbH;10000;18,94;;DISCOUNT_PCT;50;;DISCOUNT_PCT;40;;;;;;;;;;020.030.3900;;;;;;;;;;;;;;;;;;;;;;;ja;;;;;;;;;;;;;;;;;;ja;;;;;ja
Quadratisches Abschlussprofil Aluminium gebürstet hochglanzeloxiert titan 7 mm Länge 250 cm für Wand- und Bodenbeläge;;;1263807030;Dural GmbH;10000;21,36;;DISCOUNT_PCT;50;;DISCOUNT_PCT;40;;;;;;;;;;020.030.3910;;;;;;;;;;;;;;;;;;;;;;;ja;;;;;;;;;;;;;;;;;;ja;;;;;ja
Aussenecke für Abschlussprofil gebürstet hochglanzeloxiert titan 7 mm Blister 2 Stück;;;1263807031;Dural GmbH;10000;8,54;;DISCOUNT_PCT;50;;DISCOUNT_PCT;40;;;;;;;;;;020.030.3920;;;;;;;;;;;;;;;;;;;;;;;ja;;;;;;;;;;;;;;;;;;ja;;;;;ja
Aussenecke für Abschlussprofil Aluminium hochglanzeloxiert titan 7 mm Blister 2 Stück;;;126380706;Dural GmbH;10000;6,26;;DISCOUNT_PCT;50;;DISCOUNT_PCT;40;;;;;;;;;;020.030.3930;;;;;;;;;;;;;;;;;;;;;;;ja;;;;;;;;;;;;;;;;;;ja;;;;;ja
Quadratisches Abschlussprofil Aluminium gebürstet hochglanzeloxiert titan 9 mm Länge 250 cm für Wand- und Bodenbeläge;;;1263809030;Dural GmbH;10000;23,08;;DISCOUNT_PCT;50;;DISCOUNT_PCT;40;;;;;;;;;;020.030.3940;;;;;;;;;;;;;;;;;;;;;;;ja;;;;;;;;;;;;;;;;;;ja;;;;;ja
Aussenecke für Abschlussprofil gebürstet hochglanzeloxiert titan 9 mm Blister 2 Stück;;;1263809031;Dural GmbH;10000;8,54;;DISCOUNT_PCT;50;;DISCOUNT_PCT;40;;;;;;;;;;020.030.3950;;;;;;;;;;;;;;;;;;;;;;;ja;;;;;;;;;;;;;;;;;;ja;;;;;ja
Aussenecke für Abschlussprofil Aluminium hochglanzeloxiert titan 9 mm Blister 2 Stück;;;126380906;Dural GmbH;10000;6,26;;DISCOUNT_PCT;50;;DISCOUNT_PCT;40;;;;;;;;;;020.030.3960;;;;;;;;;;;;;;;;;;;;;;;ja;;;;;;;;;;;;;;;;;;ja;;;;;ja
Quadratisches Abschlussprofil Aluminium hochglanzeloxiert titan 10 mm Länge 250 cm für Wand- und Bodenbeläge;;;1263810000;Dural GmbH;10000;19,92;;DISCOUNT_PCT;50;;DISCOUNT_PCT;40;;;;;;;;;;020.030.3970;;;;;;;;;;;;;;;;;;;;;;;ja;;;;;;;;;;;;;;;;;;ja;;;;;ja
Quadratisches Abschlussprofil Aluminium gebürstet hochglanzeloxiert titan 10 mm Länge 250 cm für Wand- und Bodenbeläge;;;1263810030;Dural GmbH;10000;23,48;;DISCOUNT_PCT;50;;DISCOUNT_PCT;40;;;;;;;;;;020.030.3980;;;;;;;;;;;;;;;;;;;;;;;ja;;;;;;;;;;;;;;;;;;ja;;;;;ja
Aussenecke für Abschlussprofil gebürstet hochglanzeloxiert titan 10 mm Blister 2 Stück;;;1263810031;Dural GmbH;10000;8,54;;DISCOUNT_PCT;50;;DISCOUNT_PCT;40;;;;;;;;;;020.030.3990;;;;;;;;;;;;;;;;;;;;;;;ja;;;;;;;;;;;;;;;;;;ja;;;;;ja
Aussenecke für Abschlussprofil Aluminium hochglanzeloxiert titan 10 mm Blister 2 Stück;;;126381006;Dural GmbH;10000;6,26;;DISCOUNT_PCT;50;;DISCOUNT_PCT;40;;;;;;;;;;020.030.4000;;;;;;;;;;;;;;;;;;;;;;;ja;;;;;;;;;;;;;;;;;;ja;;;;;ja
Quadratisches Abschlussprofil Aluminium hochglanzeloxiert titan 11 mm Länge 250 cm für Wand- und Bodenbeläge;;;1263811000;Dural GmbH;10000;20,88;;DISCOUNT_PCT;50;;DISCOUNT_PCT;40;;;;;;;;;;020.030.4010;;;;;;;;;;;;;;;;;;;;;;;ja;;;;;;;;;;;;;;;;;;ja;;;;;ja
Quadratisches Abschlussprofil Aluminium gebürstet hochglanzeloxiert titan 11 mm Länge 250 cm für Wand- und Bodenbeläge;;;1263811030;Dural GmbH;10000;23,86;;DISCOUNT_PCT;50;;DISCOUNT_PCT;40;;;;;;;;;;020.030.4020;;;;;;;;;;;;;;;;;;;;;;;ja;;;;;;;;;;;;;;;;;;ja;;;;;ja
Aussenecke für Abschlussprofil gebürstet hochglanzeloxiert titan 11 mm Blister 2 Stück;;;1263811031;Dural GmbH;10000;8,54;;DISCOUNT_PCT;50;;DISCOUNT_PCT;40;;;;;;;;;;020.030.4030;;;;;;;;;;;;;;;;;;;;;;;ja;;;;;;;;;;;;;;;;;;ja;;;;;ja
Aussenecke für Abschlussprofil Aluminium hochglanzeloxiert titan 11 mm Blister 2 Stück;;;126381106;Dural GmbH;10000;6,26;;DISCOUNT_PCT;50;;DISCOUNT_PCT;40;;;;;;;;;;020.030.4040;;;;;;;;;;;;;;;;;;;;;;;ja;;;;;;;;;;;;;;;;;;ja;;;;;ja
Quadratisches Abschlussprofil Aluminium hochglanzeloxiert titan 12,5 mm Länge 250 cm für Wand- und Bodenbeläge;;;1263812000;Dural GmbH;10000;22,5;;DISCOUNT_PCT;50;;DISCOUNT_PCT;40;;;;;;;;;;020.030.4050;;;;;;;;;;;;;;;;;;;;;;;ja;;;;;;;;;;;;;;;;;;ja;;;;;ja
Quadratisches Abschlussprofil Aluminium gebürstet hochglanzeloxiert titan 12,5 mm Länge 250 cm für Wand- und Bodenbeläge;;;1263812030;Dural GmbH;10000;26,98;;DISCOUNT_PCT;50;;DISCOUNT_PCT;40;;;;;;;;;;020.030.4060;;;;;;;;;;;;;;;;;;;;;;;ja;;;;;;;;;;;;;;;;;;ja;;;;;ja
Aussenecke für Abschlussprofil gebürstet hochglanzeloxiert titan 12,5 mm Blister 2 Stück;;;1263812031;Dural GmbH;10000;8,54;;DISCOUNT_PCT;50;;DISCOUNT_PCT;40;;;;;;;;;;020.030.4070;;;;;;;;;;;;;;;;;;;;;;;ja;;;;;;;;;;;;;;;;;;ja;;;;;ja
Aussenecke für Abschlussprofil Aluminium hochglanzeloxiert titan 12,5 mm Blister 2 Stück;;;126381206;Dural GmbH;10000;6,26;;DISCOUNT_PCT;50;;DISCOUNT_PCT;40;;;;;;;;;;020.030.4080;;;;;;;;;;;;;;;;;;;;;;;ja;;;;;;;;;;;;;;;;;;ja;;;;;ja
Dekorprofil Aluminium hochglanzeloxiert gold 8 mm, Breite 10 mm, Länge 250 cm für dekorative Trennlinien und Übergänge in Wand- und Bodenbelägen;;;16618010;Dural GmbH;10000;20,44;;DISCOUNT_PCT;50;;DISCOUNT_PCT;40;;;;;;;;;;020.110.0190;;;;;;;;;;;;;;;;;;;;;;;ja;;;;;;;;;;;;;;;;;;ja;;;;;ja
Dekorprofil Aluminium hochglanzeloxiert gold 8 mm, Breite 25 mm, Länge 250 cm für dekorative Trennlinien und Übergänge in Wand- und Bodenbelägen;;;16618025;Dural GmbH;10000;36,68;;DISCOUNT_PCT;50;;DISCOUNT_PCT;40;;;;;;;;;;020.110.0200;;;;;;;;;;;;;;;;;;;;;;;ja;;;;;;;;;;;;;;;;;;ja;;;;;ja
Dekorprofil Aluminium hochglanzeloxiert gold 8 mm, Breite 10 mm, Länge 250 cm für dekorative Trennlinien und Übergänge in Wand- und Bodenbelägen;;;166181000;Dural GmbH;10000;17,74;;DISCOUNT_PCT;50;;DISCOUNT_PCT;40;;;;;;;;;;020.110.0210;;;;;;;;;;;;;;;;;;;;;;;ja;;;;;;;;;;;;;;;;;;ja;;;;;ja
Dekorprofil Aluminium hochglanzeloxiert gold 8 mm, Breite 15 mm, Länge 250 cm für dekorative Trennlinien und Übergänge in Wand- und Bodenbelägen;;;166181500;Dural GmbH;10000;20,98;;DISCOUNT_PCT;50;;DISCOUNT_PCT;40;;;;;;;;;;020.110.0220;;;;;;;;;;;;;;;;;;;;;;;ja;;;;;;;;;;;;;;;;;;ja;;;;;ja
Dekorprofil Aluminium hochglanzeloxiert gold 8 mm, Breite 20 mm, Länge 250 cm für dekorative Trennlinien und Übergänge in Wand- und Bodenbelägen;;;166182000;Dural GmbH;10000;25,18;;DISCOUNT_PCT;50;;DISCOUNT_PCT;40;;;;;;;;;;020.110.0230;;;;;;;;;;;;;;;;;;;;;;;ja;;;;;;;;;;;;;;;;;;ja;;;;;ja
Dekorprofil Aluminium hochglanzeloxiert silber 8 mm, Breite 10 mm, Länge 250 cm für dekorative Trennlinien und Übergänge in Wand- und Bodenbelägen;;;16628010;Dural GmbH;10000;19,48;;DISCOUNT_PCT;50;;DISCOUNT_PCT;40;;;;;;;;;;020.110.0240;;;;;;;;;;;;;;;;;;;;;;;ja;;;;;;;;;;;;;;;;;;ja;;;;;ja
Dekorprofil Aluminium hochglanzeloxiert silber 8 mm, Breite 25 mm, Länge 250 cm für dekorative Trennlinien und Übergänge in Wand- und Bodenbelägen;;;16628025;Dural GmbH;10000;34,94;;DISCOUNT_PCT;50;;DISCOUNT_PCT;40;;;;;;;;;;020.110.0250;;;;;;;;;;;;;;;;;;;;;;;ja;;;;;;;;;;;;;;;;;;ja;;;;;ja
Dekorprofil Aluminium hochglanzeloxiert silber 8 mm, Breite 10 mm, Länge 250 cm für dekorative Trennlinien und Übergänge in Wand- und Bodenbelägen;;;166281000;Dural GmbH;10000;16,9;;DISCOUNT_PCT;50;;DISCOUNT_PCT;40;;;;;;;;;;020.110.0260;;;;;;;;;;;;;;;;;;;;;;;ja;;;;;;;;;;;;;;;;;;ja;;;;;ja
Dekorprofil Aluminium gebürstet, hochglanzeloxiert silber 8 mm, Breite 10 mm, Länge 250 cm;;;16628100030;Dural GmbH;10000;21,92;;DISCOUNT_PCT;50;;DISCOUNT_PCT;40;;;;;;;;;;020.110.0270;;;;;;;;;;;;;;;;;;;;;;;ja;;;;;;;;;;;;;;;;;;ja;;;;;ja
Dekorprofil Aluminium hochglanzeloxiert silber 8 mm, Breite 15 mm, Länge 250 cm für dekorative Trennlinien und Übergänge in Wand- und Bodenbelägen;;;166281500;Dural GmbH;10000;20,1;;DISCOUNT_PCT;50;;DISCOUNT_PCT;40;;;;;;;;;;020.110.0280;;;;;;;;;;;;;;;;;;;;;;;ja;;;;;;;;;;;;;;;;;;ja;;;;;ja
Dekorprofil Aluminium gebürstet, hochglanzeloxiert silber 8 mm, Breite 15 mm, Länge 250 cm;;;16628150030;Dural GmbH;10000;26;;DISCOUNT_PCT;50;;DISCOUNT_PCT;40;;;;;;;;;;020.110.0290;;;;;;;;;;;;;;;;;;;;;;;ja;;;;;;;;;;;;;;;;;;ja;;;;;ja
Dekorprofil Aluminium hochglanzeloxiert silber 8 mm, Breite 20 mm, Länge 250 cm für dekorative Trennlinien und Übergänge in Wand- und Bodenbelägen;;;166282000;Dural GmbH;10000;23,9;;DISCOUNT_PCT;50;;DISCOUNT_PCT;40;;;;;;;;;;020.110.0300;;;;;;;;;;;;;;;;;;;;;;;ja;;;;;;;;;;;;;;;;;;ja;;;;;ja
Dekorprofil Aluminium gebürstet, hochglanzeloxiert silber 8 mm, Breite 20 mm, Länge 250 cm;;;16628200030;Dural GmbH;10000;31,06;;DISCOUNT_PCT;50;;DISCOUNT_PCT;40;;;;;;;;;;020.110.0310;;;;;;;;;;;;;;;;;;;;;;;ja;;;;;;;;;;;;;;;;;;ja;;;;;ja
Dekorprofil Aluminium gebürstet, hochglanzeloxiert titan 8 mm, Breite 10 mm, Länge 250 cm;;;16638100030;Dural GmbH;10000;23,04;;DISCOUNT_PCT;50;;DISCOUNT_PCT;40;;;;;;;;;;020.110.0320;;;;;;;;;;;;;;;;;;;;;;;ja;;;;;;;;;;;;;;;;;;ja;;;;;ja
Dekorprofil Aluminium hochglanzeloxiert titan 8 mm, Breite 15 mm, Länge 250 cm für dekorative Trennlinien und Übergänge in Wand- und Bodenbelägen;;;166381500;Dural GmbH;10000;20,98;;DISCOUNT_PCT;50;;DISCOUNT_PCT;40;;;;;;;;;;020.110.0330;;;;;;;;;;;;;;;;;;;;;;;ja;;;;;;;;;;;;;;;;;;ja;;;;;ja
Dekorprofil Aluminium gebürstet, hochglanzeloxiert titan 8 mm, Breite 15 mm, Länge 250 cm;;;16638150030;Dural GmbH;10000;27,22;;DISCOUNT_PCT;50;;DISCOUNT_PCT;40;;;;;;;;;;020.110.0340;;;;;;;;;;;;;;;;;;;;;;;ja;;;;;;;;;;;;;;;;;;ja;;;;;ja
Dekorprofil Aluminium hochglanzeloxiert titan 8 mm, Breite 20 mm, Länge 250 cm für dekorative Trennlinien und Übergänge in Wand- und Bodenbelägen;;;166382000;Dural GmbH;10000;25,18;;DISCOUNT_PCT;50;;DISCOUNT_PCT;40;;;;;;;;;;020.110.0350;;;;;;;;;;;;;;;;;;;;;;;ja;;;;;;;;;;;;;;;;;;ja;;;;;ja
Dekorprofil Aluminium gebürstet, hochglanzeloxiert titan 8 mm, Breite 20 mm, Länge 250 cm;;;16638200030;Dural GmbH;10000;32,6;;DISCOUNT_PCT;50;;DISCOUNT_PCT;40;;;;;;;;;;020.110.0360;;;;;;;;;;;;;;;;;;;;;;;ja;;;;;;;;;;;;;;;;;;ja;;;;;ja
Wand-Boden-Anschlussprofil Aluminium hochglanzeloxiert silber 12 mm Länge 250 cm;;;18628120;Dural GmbH;10000;13,2;;DISCOUNT_PCT;50;;DISCOUNT_PCT;40;;;;;;;;;;020.090.0830;;;;;;;;;;;;;;;;;;;;;;;ja;;;;;;;;;;;;;;;;;;ja;;;;;ja
Aussenecke für Wand-Boden-Anschlussprofil Metalldruckguss hochglanzeloxiert silber für 12 mm 2 Stück;;;18628121;Dural GmbH;10000;6,02;;DISCOUNT_PCT;50;;DISCOUNT_PCT;40;;;;;;;;;;020.090.0840;;;;;;;;;;;;;;;;;;;;;;;ja;;;;;;;;;;;;;;;;;;ja;;;;;ja
Innenecke für Wand-Boden-Anschlussprofil Metalldruckguss hochglanzeloxiert silber für 12 mm 2 Stück;;;18628122;Dural GmbH;10000;6,02;;DISCOUNT_PCT;50;;DISCOUNT_PCT;40;;;;;;;;;;020.090.0850;;;;;;;;;;;;;;;;;;;;;;;ja;;;;;;;;;;;;;;;;;;ja;;;;;ja
Innenecke 3 Anschlüsse für Wand-Boden-Anschlussprofil Metalldruckguss hochglanzeloxiert silber für 12 mm 2 Stück;;;18628123;Dural GmbH;10000;6,02;;DISCOUNT_PCT;50;;DISCOUNT_PCT;40;;;;;;;;;;020.090.0860;;;;;;;;;;;;;;;;;;;;;;;ja;;;;;;;;;;;;;;;;;;ja;;;;;ja
Endkappe links für Wand-Boden-Anschlussprofil Metalldruckguss hochglanzeloxiert silber für 12 mm 2 Stück;;;18628124;Dural GmbH;10000;6,02;;DISCOUNT_PCT;50;;DISCOUNT_PCT;40;;;;;;;;;;020.090.0870;;;;;;;;;;;;;;;;;;;;;;;ja;;;;;;;;;;;;;;;;;;ja;;;;;ja
Endkappe rechts für Wand-Boden-Anschlussprofil Metalldruckguss hochglanzeloxiert silber für 12 mm 2 Stück;;;18628125;Dural GmbH;10000;6,02;;DISCOUNT_PCT;50;;DISCOUNT_PCT;40;;;;;;;;;;020.090.0880;;;;;;;;;;;;;;;;;;;;;;;ja;;;;;;;;;;;;;;;;;;ja;;;;;ja
Wand-Boden-Anschlussprofil Aluminium hochglanzeloxiert silber 16 mm Länge 250 cm;;;18628160;Dural GmbH;10000;17,5;;DISCOUNT_PCT;50;;DISCOUNT_PCT;40;;;;;;;;;;020.090.0890;;;;;;;;;;;;;;;;;;;;;;;ja;;;;;;;;;;;;;;;;;;ja;;;;;ja
Aussenecke für Wand-Boden-Anschlussprofil Metalldruckguss hochglanzeloxiert silber für 16 mm 2 Stück;;;18628161;Dural GmbH;10000;6,02;;DISCOUNT_PCT;50;;DISCOUNT_PCT;40;;;;;;;;;;020.090.0900;;;;;;;;;;;;;;;;;;;;;;;ja;;;;;;;;;;;;;;;;;;ja;;;;;ja
Innenecke für Wand-Boden-Anschlussprofil Metalldruckguss hochglanzeloxiert silber für 16 mm 2 Stück;;;18628162;Dural GmbH;10000;6,02;;DISCOUNT_PCT;50;;DISCOUNT_PCT;40;;;;;;;;;;020.090.0910;;;;;;;;;;;;;;;;;;;;;;;ja;;;;;;;;;;;;;;;;;;ja;;;;;ja
Innenecke 3 Anschlüsse für Wand-Boden-Anschlussprofil Metalldruckguss hochglanzeloxiert silber für 16 mm 2 Stück;;;18628163;Dural GmbH;10000;6,02;;DISCOUNT_PCT;50;;DISCOUNT_PCT;40;;;;;;;;;;020.090.0920;;;;;;;;;;;;;;;;;;;;;;;ja;;;;;;;;;;;;;;;;;;ja;;;;;ja
Endkappe links für Wand-Boden-Anschlussprofil Metalldruckguss hochglanzeloxiert silber für 16 mm 2 Stück;;;18628164;Dural GmbH;10000;6,02;;DISCOUNT_PCT;50;;DISCOUNT_PCT;40;;;;;;;;;;020.090.0930;;;;;;;;;;;;;;;;;;;;;;;ja;;;;;;;;;;;;;;;;;;ja;;;;;ja
Endkappe rechts für Wand-Boden-Anschlussprofil Metalldruckguss hochglanzeloxiert silber für 16 mm 2 Stück;;;18628165;Dural GmbH;10000;6,02;;DISCOUNT_PCT;50;;DISCOUNT_PCT;40;;;;;;;;;;020.090.0940;;;;;;;;;;;;;;;;;;;;;;;ja;;;;;;;;;;;;;;;;;;ja;;;;;ja
Wand-Boden-Anschlussprofil Aluminium hochglanzeloxiert silber 22 mm Länge 250 cm;;;18628220;Dural GmbH;10000;21,88;;DISCOUNT_PCT;50;;DISCOUNT_PCT;40;;;;;;;;;;020.090.0950;;;;;;;;;;;;;;;;;;;;;;;ja;;;;;;;;;;;;;;;;;;ja;;;;;ja
Aussenecke für Wand-Boden-Anschlussprofil Metalldruckguss hochglanzeloxiert silber für 22 mm 2 Stück;;;18628221;Dural GmbH;10000;6,02;;DISCOUNT_PCT;50;;DISCOUNT_PCT;40;;;;;;;;;;020.090.0960;;;;;;;;;;;;;;;;;;;;;;;ja;;;;;;;;;;;;;;;;;;ja;;;;;ja
Innenecke für Wand-Boden-Anschlussprofil Metalldruckguss hochglanzeloxiert silber für 22 mm 2 Stück;;;18628222;Dural GmbH;10000;6,02;;DISCOUNT_PCT;50;;DISCOUNT_PCT;40;;;;;;;;;;020.090.0970;;;;;;;;;;;;;;;;;;;;;;;ja;;;;;;;;;;;;;;;;;;ja;;;;;ja
Innenecke 3 Anschlüsse für Wand-Boden-Anschlussprofil Metalldruckguss hochglanzeloxiert silber für 22 mm 2 Stück;;;18628223;Dural GmbH;10000;6,02;;DISCOUNT_PCT;50;;DISCOUNT_PCT;40;;;;;;;;;;020.090.0980;;;;;;;;;;;;;;;;;;;;;;;ja;;;;;;;;;;;;;;;;;;ja;;;;;ja
Endkappe links für Wand-Boden-Anschlussprofil Metalldruckguss hochglanzeloxiert silber für 22 mm 2 Stück;;;18628224;Dural GmbH;10000;6,02;;DISCOUNT_PCT;50;;DISCOUNT_PCT;40;;;;;;;;;;020.090.0990;;;;;;;;;;;;;;;;;;;;;;;ja;;;;;;;;;;;;;;;;;;ja;;;;;ja
Endkappe rechts für Wand-Boden-Anschlussprofil Metalldruckguss hochglanzeloxiert silber für 22 mm 2 Stück;;;18628225;Dural GmbH;10000;6,02;;DISCOUNT_PCT;50;;DISCOUNT_PCT;40;;;;;;;;;;020.090.1000;;;;;;;;;;;;;;;;;;;;;;;ja;;;;;;;;;;;;;;;;;;ja;;;;;ja
Winkelabschlussprofil Aluminium hochglanzeloxiert gold 8 mm Länge 250 cm;;;9618080;Dural GmbH;10000;11,76;;DISCOUNT_PCT;50;;DISCOUNT_PCT;40;;;;;;;;;;020.020.5560;;;;;;;;;;;;;;;;;;;;;;;ja;;;;;;;;;;;;;;;;;;ja;;;;;ja
Winkelabschlussprofil Aluminium hochglanzeloxiert gold 10 mm Länge 250 cm;;;9618100;Dural GmbH;10000;12;;DISCOUNT_PCT;50;;DISCOUNT_PCT;40;;;;;;;;;;020.020.5570;;;;;;;;;;;;;;;;;;;;;;;ja;;;;;;;;;;;;;;;;;;ja;;;;;ja
Winkelabschlussprofil Aluminium hochglanzeloxiert gold 11 mm Länge 250 cm;;;9618110;Dural GmbH;10000;12,46;;DISCOUNT_PCT;50;;DISCOUNT_PCT;40;;;;;;;;;;020.020.5580;;;;;;;;;;;;;;;;;;;;;;;ja;;;;;;;;;;;;;;;;;;ja;;;;;ja
Winkelabschlussprofil Aluminium hochglanzeloxiert gold 12,5 mm Länge 250 cm;;;9618125;Dural GmbH;10000;12,98;;DISCOUNT_PCT;50;;DISCOUNT_PCT;40;;;;;;;;;;020.020.5590;;;;;;;;;;;;;;;;;;;;;;;ja;;;;;;;;;;;;;;;;;;ja;;;;;ja
Profil PVC weiss 20 mm 250 cm;;;093082020;Dural GmbH;10000;4,3;;DISCOUNT_PCT;50;;DISCOUNT_PCT;40;;;;;;;;;;020.080.0440;;;;;;;;;;;;;;;;;;;;;;;ja;;;;;;;;;;;;;;;;;;ja;;;;;ja
Profil PVC weiss 25 mm 250 cm;;;093082525;Dural GmbH;10000;4,96;;DISCOUNT_PCT;50;;DISCOUNT_PCT;40;;;;;;;;;;020.080.0450;;;;;;;;;;;;;;;;;;;;;;;ja;;;;;;;;;;;;;;;;;;ja;;;;;ja
Profil PVC weiss 30 mm 250 cm;;;093083030;Dural GmbH;10000;5,58;;DISCOUNT_PCT;50;;DISCOUNT_PCT;40;;;;;;;;;;020.080.0460;;;;;;;;;;;;;;;;;;;;;;;ja;;;;;;;;;;;;;;;;;;ja;;;;;ja
Aussenecke PVC weiss Blister 2 Stück;;;103010119;Dural GmbH;10000;3,04;;DISCOUNT_PCT;50;;DISCOUNT_PCT;40;;;;;;;;;;020.010.6310;;;;;;;;;;;;;;;;;;;;;;;ja;;;;;;;;;;;;;;;;;;ja;;;;;ja
Innenecke PVC weiss Blister 2 Stück;;;103010139;Dural GmbH;10000;3,04;;DISCOUNT_PCT;50;;DISCOUNT_PCT;40;;;;;;;;;;020.010.6320;;;;;;;;;;;;;;;;;;;;;;;ja;;;;;;;;;;;;;;;;;;ja;;;;;ja
Aussenecke PVC weiss Blister 2 Stück;;;103011119;Dural GmbH;10000;3,04;;DISCOUNT_PCT;50;;DISCOUNT_PCT;40;;;;;;;;;;020.010.6330;;;;;;;;;;;;;;;;;;;;;;;ja;;;;;;;;;;;;;;;;;;ja;;;;;ja
Innenecke PVC weiss Blister 2 Stück;;;103011139;Dural GmbH;10000;3,04;;DISCOUNT_PCT;50;;DISCOUNT_PCT;40;;;;;;;;;;020.010.6340;;;;;;;;;;;;;;;;;;;;;;;ja;;;;;;;;;;;;;;;;;;ja;;;;;ja
Aussenecke PVC weiss Blister 2 Stück;;;103012119;Dural GmbH;10000;3,04;;DISCOUNT_PCT;50;;DISCOUNT_PCT;40;;;;;;;;;;020.010.6350;;;;;;;;;;;;;;;;;;;;;;;ja;;;;;;;;;;;;;;;;;;ja;;;;;ja
Innenecke PVC weiss Blister 2 Stück;;;103012139;Dural GmbH;10000;3,04;;DISCOUNT_PCT;50;;DISCOUNT_PCT;40;;;;;;;;;;020.010.6360;;;;;;;;;;;;;;;;;;;;;;;ja;;;;;;;;;;;;;;;;;;ja;;;;;ja
Viertelkreis-Abschlussprofil PVC weiss 8 mm 300 cm;;;10302080;Dural GmbH;10000;4,6;;DISCOUNT_PCT;50;;DISCOUNT_PCT;40;;;;;;;;;;020.010.6370;;;;;;;;;;;;;;;;;;;;;;;ja;;;;;;;;;;;;;;;;;;ja;;;;;ja
Viertelkreis-Abschlussprofil PVC weiss 300 cm;;;10302100;Dural GmbH;10000;4,88;;DISCOUNT_PCT;50;;DISCOUNT_PCT;40;;;;;;;;;;020.010.6380;;;;;;;;;;;;;;;;;;;;;;;ja;;;;;;;;;;;;;;;;;;ja;;;;;ja
Viertelkreis-Abschlussprofil PVC weiss 300 cm;;;10302120;Dural GmbH;10000;5,28;;DISCOUNT_PCT;50;;DISCOUNT_PCT;40;;;;;;;;;;020.010.6390;;;;;;;;;;;;;;;;;;;;;;;ja;;;;;;;;;;;;;;;;;;ja;;;;;ja
Aussenecke PVC weiss 6 mm Blister 2 Stück;;;103060119;Dural GmbH;10000;3,04;;DISCOUNT_PCT;50;;DISCOUNT_PCT;40;;;;;;;;;;020.010.6400;;;;;;;;;;;;;;;;;;;;;;;ja;;;;;;;;;;;;;;;;;;ja;;;;;ja
Innenecke PVC weiss 6 mm Blister 2 Stück;;;103060139;Dural GmbH;10000;3,04;;DISCOUNT_PCT;50;;DISCOUNT_PCT;40;;;;;;;;;;020.010.6410;;;;;;;;;;;;;;;;;;;;;;;ja;;;;;;;;;;;;;;;;;;ja;;;;;ja
Aussenecke PVC weiss 8 mm Blister 2 Stück;;;103080119;Dural GmbH;10000;3,04;;DISCOUNT_PCT;50;;DISCOUNT_PCT;40;;;;;;;;;;020.010.6420;;;;;;;;;;;;;;;;;;;;;;;ja;;;;;;;;;;;;;;;;;;ja;;;;;ja
Innenecke PVC weiss 8 mm Blister 2 Stück;;;103080139;Dural GmbH;10000;3,04;;DISCOUNT_PCT;50;;DISCOUNT_PCT;40;;;;;;;;;;020.010.6430;;;;;;;;;;;;;;;;;;;;;;;ja;;;;;;;;;;;;;;;;;;ja;;;;;ja
Viertelkreis-Abschlussprofil PVC weiss 6 mm 250 cm;;;10308060;Dural GmbH;10000;4,1;;DISCOUNT_PCT;50;;DISCOUNT_PCT;40;;;;;;;;;;020.010.6440;;;;;;;;;;;;;;;;;;;;;;;ja;;;;;;;;;;;;;;;;;;ja;;;;;ja
Viertelkreis-Abschlussprofil PVC weiss 8 mm 250 cm;;;10308080;Dural GmbH;10000;4,6;;DISCOUNT_PCT;50;;DISCOUNT_PCT;40;;;;;;;;;;020.010.6450;;;;;;;;;;;;;;;;;;;;;;;ja;;;;;;;;;;;;;;;;;;ja;;;;;ja
Viertelkreis-Abschlussprofil PVC weiss 250 cm;;;10308100;Dural GmbH;10000;4,88;;DISCOUNT_PCT;50;;DISCOUNT_PCT;40;;;;;;;;;;020.010.6460;;;;;;;;;;;;;;;;;;;;;;;ja;;;;;;;;;;;;;;;;;;ja;;;;;ja
Viertelkreis-Abschlussprofil PVC weiss 250 cm;;;10308110;Dural GmbH;10000;5,08;;DISCOUNT_PCT;50;;DISCOUNT_PCT;40;;;;;;;;;;020.010.6470;;;;;;;;;;;;;;;;;;;;;;;ja;;;;;;;;;;;;;;;;;;ja;;;;;ja
Viertelkreis-Abschlussprofil PVC weiss 250 cm;;;10308120;Dural GmbH;10000;5,28;;DISCOUNT_PCT;50;;DISCOUNT_PCT;40;;;;;;;;;;020.010.6480;;;;;;;;;;;;;;;;;;;;;;;ja;;;;;;;;;;;;;;;;;;ja;;;;;ja
Aussenecke PVC schwarz Blister 2 Stück;;;103310119;Dural GmbH;10000;3,04;;DISCOUNT_PCT;50;;DISCOUNT_PCT;40;;;;;;;;;;020.010.6490;;;;;;;;;;;;;;;;;;;;;;;ja;;;;;;;;;;;;;;;;;;ja;;;;;ja
Innenecke PVC schwarz Blister 2 Stück;;;103310139;Dural GmbH;10000;3,04;;DISCOUNT_PCT;50;;DISCOUNT_PCT;40;;;;;;;;;;020.010.6500;;;;;;;;;;;;;;;;;;;;;;;ja;;;;;;;;;;;;;;;;;;ja;;;;;ja
Aussenecke PVC schwarz Blister 2 Stück;;;103311119;Dural GmbH;10000;3,04;;DISCOUNT_PCT;50;;DISCOUNT_PCT;40;;;;;;;;;;020.010.6510;;;;;;;;;;;;;;;;;;;;;;;ja;;;;;;;;;;;;;;;;;;ja;;;;;ja
Innenecke PVC schwarz Blister 2 Stück;;;103311139;Dural GmbH;10000;3,04;;DISCOUNT_PCT;50;;DISCOUNT_PCT;40;;;;;;;;;;020.010.6520;;;;;;;;;;;;;;;;;;;;;;;ja;;;;;;;;;;;;;;;;;;ja;;;;;ja
Aussenecke PVC schwarz Blister 2 Stück;;;103312119;Dural GmbH;10000;3,04;;DISCOUNT_PCT;50;;DISCOUNT_PCT;40;;;;;;;;;;020.010.6530;;;;;;;;;;;;;;;;;;;;;;;ja;;;;;;;;;;;;;;;;;;ja;;;;;ja
Innenecke PVC schwarz Blister 2 Stück;;;103312139;Dural GmbH;10000;3,04;;DISCOUNT_PCT;50;;DISCOUNT_PCT;40;;;;;;;;;;020.010.6540;;;;;;;;;;;;;;;;;;;;;;;ja;;;;;;;;;;;;;;;;;;ja;;;;;ja
Aussenecke PVC schwarz 6 mm Blister 2 Stück;;;103360119;Dural GmbH;10000;3,04;;DISCOUNT_PCT;50;;DISCOUNT_PCT;40;;;;;;;;;;020.010.6550;;;;;;;;;;;;;;;;;;;;;;;ja;;;;;;;;;;;;;;;;;;ja;;;;;ja
Innenecke PVC schwarz 6 mm Blister 2 Stück;;;103360139;Dural GmbH;10000;3,04;;DISCOUNT_PCT;50;;DISCOUNT_PCT;40;;;;;;;;;;020.010.6560;;;;;;;;;;;;;;;;;;;;;;;ja;;;;;;;;;;;;;;;;;;ja;;;;;ja
Aussenecke PVC schwarz 8 mm Blister 2 Stück;;;103380119;Dural GmbH;10000;3,04;;DISCOUNT_PCT;50;;DISCOUNT_PCT;40;;;;;;;;;;020.010.6570;;;;;;;;;;;;;;;;;;;;;;;ja;;;;;;;;;;;;;;;;;;ja;;;;;ja
Innenecke PVC schwarz 8 mm Blister 2 Stück;;;103380139;Dural GmbH;10000;3,04;;DISCOUNT_PCT;50;;DISCOUNT_PCT;40;;;;;;;;;;020.010.6580;;;;;;;;;;;;;;;;;;;;;;;ja;;;;;;;;;;;;;;;;;;ja;;;;;ja
Viertelkreis-Abschlussprofil PVC schwarz 6 mm 250 cm;;;10338060;Dural GmbH;10000;4,1;;DISCOUNT_PCT;50;;DISCOUNT_PCT;40;;;;;;;;;;020.010.6590;;;;;;;;;;;;;;;;;;;;;;;ja;;;;;;;;;;;;;;;;;;ja;;;;;ja
Viertelkreis-Abschlussprofil PVC schwarz 8 mm 250 cm;;;10338080;Dural GmbH;10000;4,6;;DISCOUNT_PCT;50;;DISCOUNT_PCT;40;;;;;;;;;;020.010.6600;;;;;;;;;;;;;;;;;;;;;;;ja;;;;;;;;;;;;;;;;;;ja;;;;;ja
Viertelkreis-Abschlussprofil PVC schwarz 250 cm;;;10338100;Dural GmbH;10000;4,88;;DISCOUNT_PCT;50;;DISCOUNT_PCT;40;;;;;;;;;;020.010.6610;;;;;;;;;;;;;;;;;;;;;;;ja;;;;;;;;;;;;;;;;;;ja;;;;;ja
Viertelkreis-Abschlussprofil PVC schwarz 250 cm;;;10338110;Dural GmbH;10000;5,08;;DISCOUNT_PCT;50;;DISCOUNT_PCT;40;;;;;;;;;;020.010.6620;;;;;;;;;;;;;;;;;;;;;;;ja;;;;;;;;;;;;;;;;;;ja;;;;;ja
Viertelkreis-Abschlussprofil PVC schwarz 12,5 mm 250 cm;;;10338120;Dural GmbH;10000;5,28;;DISCOUNT_PCT;50;;DISCOUNT_PCT;40;;;;;;;;;;020.010.6630;;;;;;;;;;;;;;;;;;;;;;;ja;;;;;;;;;;;;;;;;;;ja;;;;;ja
Aussenecke PVC silbergrau 10 mm Blister 2 Stück;;;105110119;Dural GmbH;10000;3,04;;DISCOUNT_PCT;50;;DISCOUNT_PCT;40;;;;;;;;;;020.010.6640;;;;;;;;;;;;;;;;;;;;;;;ja;;;;;;;;;;;;;;;;;;ja;;;;;ja
Innenecke PVC silbergrau 10 mm Blister 2 Stück;;;105110139;Dural GmbH;10000;3,04;;DISCOUNT_PCT;50;;DISCOUNT_PCT;40;;;;;;;;;;020.010.6650;;;;;;;;;;;;;;;;;;;;;;;ja;;;;;;;;;;;;;;;;;;ja;;;;;ja
Aussenecke PVC silbergrau 11 mm Blister 2 Stück;;;105111119;Dural GmbH;10000;3,04;;DISCOUNT_PCT;50;;DISCOUNT_PCT;40;;;;;;;;;;020.010.6660;;;;;;;;;;;;;;;;;;;;;;;ja;;;;;;;;;;;;;;;;;;ja;;;;;ja
Innenecke PVC silbergrau 11 mm Blister 2 Stück;;;105111139;Dural GmbH;10000;3,04;;DISCOUNT_PCT;50;;DISCOUNT_PCT;40;;;;;;;;;;020.010.6670;;;;;;;;;;;;;;;;;;;;;;;ja;;;;;;;;;;;;;;;;;;ja;;;;;ja
Aussenecke PVC silbergrau 12,5 mm Blister 2 Stück;;;105112119;Dural GmbH;10000;3,04;;DISCOUNT_PCT;50;;DISCOUNT_PCT;40;;;;;;;;;;020.010.6680;;;;;;;;;;;;;;;;;;;;;;;ja;;;;;;;;;;;;;;;;;;ja;;;;;ja
Innenecke PVC silbergrau 12,5 mm Blister 2 Stück;;;105112139;Dural GmbH;10000;3,04;;DISCOUNT_PCT;50;;DISCOUNT_PCT;40;;;;;;;;;;020.010.6690;;;;;;;;;;;;;;;;;;;;;;;ja;;;;;;;;;;;;;;;;;;ja;;;;;ja
Aussenecke PVC silbergrau 6 mm Blister 2 Stück;;;105160119;Dural GmbH;10000;3,04;;DISCOUNT_PCT;50;;DISCOUNT_PCT;40;;;;;;;;;;020.010.6700;;;;;;;;;;;;;;;;;;;;;;;ja;;;;;;;;;;;;;;;;;;ja;;;;;ja
Innenecke PVC silbergrau 6 mm Blister 2 Stück;;;105160139;Dural GmbH;10000;3,04;;DISCOUNT_PCT;50;;DISCOUNT_PCT;40;;;;;;;;;;020.010.6710;;;;;;;;;;;;;;;;;;;;;;;ja;;;;;;;;;;;;;;;;;;ja;;;;;ja
Aussenecke PVC silbergrau 8 mm Blister 2 Stück;;;105180119;Dural GmbH;10000;3,04;;DISCOUNT_PCT;50;;DISCOUNT_PCT;40;;;;;;;;;;020.010.6720;;;;;;;;;;;;;;;;;;;;;;;ja;;;;;;;;;;;;;;;;;;ja;;;;;ja
Innenecke PVC silbergrau 8 mm Blister 2 Stück;;;105180139;Dural GmbH;10000;3,04;;DISCOUNT_PCT;50;;DISCOUNT_PCT;40;;;;;;;;;;020.010.6730;;;;;;;;;;;;;;;;;;;;;;;ja;;;;;;;;;;;;;;;;;;ja;;;;;ja
Viertelkreis-Abschlussprofil PVC silbergrau 6 mm 250 cm;;;10518060;Dural GmbH;10000;4,1;;DISCOUNT_PCT;50;;DISCOUNT_PCT;40;;;;;;;;;;020.010.6740;;;;;;;;;;;;;;;;;;;;;;;ja;;;;;;;;;;;;;;;;;;ja;;;;;ja
Viertelkreis-Abschlussprofil PVC silbergrau 8 mm 250 cm;;;10518080;Dural GmbH;10000;4,6;;DISCOUNT_PCT;50;;DISCOUNT_PCT;40;;;;;;;;;;020.010.6750;;;;;;;;;;;;;;;;;;;;;;;ja;;;;;;;;;;;;;;;;;;ja;;;;;ja
Viertelkreis-Abschlussprofil PVC silbergrau 10 mm 250 cm;;;10518100;Dural GmbH;10000;4,88;;DISCOUNT_PCT;50;;DISCOUNT_PCT;40;;;;;;;;;;020.010.6760;;;;;;;;;;;;;;;;;;;;;;;ja;;;;;;;;;;;;;;;;;;ja;;;;;ja
Viertelkreis-Abschlussprofil PVC silbergrau 11 mm 250 cm;;;10518110;Dural GmbH;10000;5,08;;DISCOUNT_PCT;50;;DISCOUNT_PCT;40;;;;;;;;;;020.010.6770;;;;;;;;;;;;;;;;;;;;;;;ja;;;;;;;;;;;;;;;;;;ja;;;;;ja
Viertelkreis-Abschlussprofil PVC silbergrau 12,5 mm 250 cm;;;10518120;Dural GmbH;10000;5,28;;DISCOUNT_PCT;50;;DISCOUNT_PCT;40;;;;;;;;;;020.010.6780;;;;;;;;;;;;;;;;;;;;;;;ja;;;;;;;;;;;;;;;;;;ja;;;;;ja
Aussenecke für quadratisches Abschlussprofil PVC weiss 7 mm Blister 2 Stück;;;12300700;Dural GmbH;10000;3,04;;DISCOUNT_PCT;50;;DISCOUNT_PCT;40;;;;;;;;;;020.030.4090;;;;;;;;;;;;;;;;;;;;;;;ja;;;;;;;;;;;;;;;;;;ja;;;;;ja
Aussenecke für quadratisches Abschlussprofil PVC weiss 9 mm Blister 2 Stück;;;12300900;Dural GmbH;10000;3,04;;DISCOUNT_PCT;50;;DISCOUNT_PCT;40;;;;;;;;;;020.030.4100;;;;;;;;;;;;;;;;;;;;;;;ja;;;;;;;;;;;;;;;;;;ja;;;;;ja
Aussenecke für quadratisches Abschlussprofil PVC weiss 11 mm Blister 2 Stück;;;12301100;Dural GmbH;10000;3,04;;DISCOUNT_PCT;50;;DISCOUNT_PCT;40;;;;;;;;;;020.030.4110;;;;;;;;;;;;;;;;;;;;;;;ja;;;;;;;;;;;;;;;;;;ja;;;;;ja
Quadratisches Abschlussprofil PVC weiss 7 mm Länge 250 cm für Wand- und Bodenbeläge;;;123080700;Dural GmbH;10000;4,1;;DISCOUNT_PCT;50;;DISCOUNT_PCT;40;;;;;;;;;;020.030.4120;;;;;;;;;;;;;;;;;;;;;;;ja;;;;;;;;;;;;;;;;;;ja;;;;;ja
Quadratisches Abschlussprofil PVC weiss 9 mm Länge 250 cm für Wand- und Bodenbeläge;;;123080900;Dural GmbH;10000;4,6;;DISCOUNT_PCT;50;;DISCOUNT_PCT;40;;;;;;;;;;020.030.4130;;;;;;;;;;;;;;;;;;;;;;;ja;;;;;;;;;;;;;;;;;;ja;;;;;ja
Quadratisches Abschlussprofil PVC weiss 11 mm Länge 250 cm für Wand- und Bodenbeläge;;;123081100;Dural GmbH;10000;4,88;;DISCOUNT_PCT;50;;DISCOUNT_PCT;40;;;;;;;;;;020.030.4140;;;;;;;;;;;;;;;;;;;;;;;ja;;;;;;;;;;;;;;;;;;ja;;;;;ja
Aussenecke für quadratisches Abschlussprofil PVC schwarz 7 mm Blister 2 Stück;;;12330700;Dural GmbH;10000;3,04;;DISCOUNT_PCT;50;;DISCOUNT_PCT;40;;;;;;;;;;020.030.4150;;;;;;;;;;;;;;;;;;;;;;;ja;;;;;;;;;;;;;;;;;;ja;;;;;ja
Aussenecke für quadratisches Abschlussprofil PVC schwarz 9 mm Blister 2 Stück;;;12330900;Dural GmbH;10000;3,04;;DISCOUNT_PCT;50;;DISCOUNT_PCT;40;;;;;;;;;;020.030.4160;;;;;;;;;;;;;;;;;;;;;;;ja;;;;;;;;;;;;;;;;;;ja;;;;;ja
Aussenecke für quadratisches Abschlussprofil PVC schwarz 11 mm Blister 2 Stück;;;12331100;Dural GmbH;10000;3,04;;DISCOUNT_PCT;50;;DISCOUNT_PCT;40;;;;;;;;;;020.030.4170;;;;;;;;;;;;;;;;;;;;;;;ja;;;;;;;;;;;;;;;;;;ja;;;;;ja
Quadratisches Abschlussprofil PVC schwarz 7 mm Länge 250 cm für Wand- und Bodenbeläge;;;123380700;Dural GmbH;10000;4,1;;DISCOUNT_PCT;50;;DISCOUNT_PCT;40;;;;;;;;;;020.030.4180;;;;;;;;;;;;;;;;;;;;;;;ja;;;;;;;;;;;;;;;;;;ja;;;;;ja
Quadratisches Abschlussprofil PVC schwarz 9 mm Länge 250 cm für Wand- und Bodenbeläge;;;123380900;Dural GmbH;10000;4,6;;DISCOUNT_PCT;50;;DISCOUNT_PCT;40;;;;;;;;;;020.030.4190;;;;;;;;;;;;;;;;;;;;;;;ja;;;;;;;;;;;;;;;;;;ja;;;;;ja
Quadratisches Abschlussprofil PVC schwarz 11 mm Länge 250 cm für Wand- und Bodenbeläge;;;123381100;Dural GmbH;10000;4,88;;DISCOUNT_PCT;50;;DISCOUNT_PCT;40;;;;;;;;;;020.030.4200;;;;;;;;;;;;;;;;;;;;;;;ja;;;;;;;;;;;;;;;;;;ja;;;;;ja
Aussenecke für quadratisches Abschlussprofil PVC eloxiert silbergrau 7 mm Blister 2 Stück;;;12510700;Dural GmbH;10000;3,04;;DISCOUNT_PCT;50;;DISCOUNT_PCT;40;;;;;;;;;;020.030.4210;;;;;;;;;;;;;;;;;;;;;;;ja;;;;;;;;;;;;;;;;;;ja;;;;;ja
Aussenecke für quadratisches Abschlussprofil PVC eloxiert silbergrau 9 mm Blister 2 Stück;;;12510900;Dural GmbH;10000;3,04;;DISCOUNT_PCT;50;;DISCOUNT_PCT;40;;;;;;;;;;020.030.4220;;;;;;;;;;;;;;;;;;;;;;;ja;;;;;;;;;;;;;;;;;;ja;;;;;ja
Aussenecke für quadratisches Abschlussprofil PVC eloxiert silbergrau 11 mm Blister 2 Stück;;;12511100;Dural GmbH;10000;3,04;;DISCOUNT_PCT;50;;DISCOUNT_PCT;40;;;;;;;;;;020.030.4230;;;;;;;;;;;;;;;;;;;;;;;ja;;;;;;;;;;;;;;;;;;ja;;;;;ja
Quadratisches Abschlussprofil PVC eloxiert silbergrau 7 mm Länge 250 cm für Wand- und Bodenbeläge;;;125180700;Dural GmbH;10000;4,1;;DISCOUNT_PCT;50;;DISCOUNT_PCT;40;;;;;;;;;;020.030.4240;;;;;;;;;;;;;;;;;;;;;;;ja;;;;;;;;;;;;;;;;;;ja;;;;;ja
Quadratisches Abschlussprofil PVC eloxiert silbergrau 9 mm Länge 250 cm für Wand- und Bodenbeläge;;;125180900;Dural GmbH;10000;4,6;;DISCOUNT_PCT;50;;DISCOUNT_PCT;40;;;;;;;;;;020.030.4250;;;;;;;;;;;;;;;;;;;;;;;ja;;;;;;;;;;;;;;;;;;ja;;;;;ja
Quadratisches Abschlussprofil PVC eloxiert silbergrau 11 mm Länge 250 cm für Wand- und Bodenbeläge;;;125181100;Dural GmbH;10000;4,88;;DISCOUNT_PCT;50;;DISCOUNT_PCT;40;;;;;;;;;;020.030.4260;;;;;;;;;;;;;;;;;;;;;;;ja;;;;;;;;;;;;;;;;;;ja;;;;;ja
Hohlkehlprofil Silikon Breite 23,5 mm Länge 366 cm für Wand-Boden-Anschlüsse;;;13200000;Dural GmbH;10000;12,84;;DISCOUNT_PCT;50;;DISCOUNT_PCT;40;;;;;;;;;;020.090.1010;;;;;;;;;;;;;;;;;;;;;;;ja;;;;;;;;;;;;;;;;;;ja;;;;;ja
Sanitäranschlussprofil PVC weiss 10 mm Länge 350 cm für Wand-Boden-Anschlüsse;;;13300001;Dural GmbH;10000;5,46;;DISCOUNT_PCT;50;;DISCOUNT_PCT;40;;;;;;;;;;020.090.1020;;;;;;;;;;;;;;;;;;;;;;;ja;;;;;;;;;;;;;;;;;;ja;;;;;ja
Sanitäranschlussprofil PVC weiss 17 mm Länge 350 cm für Wand-Boden-Anschlüsse;;;13300002;Dural GmbH;10000;8,22;;DISCOUNT_PCT;50;;DISCOUNT_PCT;40;;;;;;;;;;020.090.1030;;;;;;;;;;;;;;;;;;;;;;;ja;;;;;;;;;;;;;;;;;;ja;;;;;ja
Sanitäranschlussprofil PVC weiss 17 mm Länge 50 m für Wand-Boden-Anschlüsse;;;13300005;Dural GmbH;10000;4,68;;DISCOUNT_PCT;50;;DISCOUNT_PCT;40;;;;;;;;;;020.090.1040;;;;;;;;;;;;;;;;;;;;;;;ja;;;;;;;;;;;;;;;;;;ja;;;;;ja
Sanitäranschlussprofil PVC weiss 10 mm Länge 50 m für Wand-Boden-Anschlüsse;;;13300006;Dural GmbH;10000;3,96;;DISCOUNT_PCT;50;;DISCOUNT_PCT;40;;;;;;;;;;020.090.1050;;;;;;;;;;;;;;;;;;;;;;;ja;;;;;;;;;;;;;;;;;;ja;;;;;ja
Hohlkehlprofil PVC weiss 38,5 mm Breite 23 mm Länge 183 cm für Wand-Boden-Anschlüsse;;;13305000;Dural GmbH;10000;12,2;;DISCOUNT_PCT;50;;DISCOUNT_PCT;40;;;;;;;;;;020.090.1060;;;;;;;;;;;;;;;;;;;;;;;ja;;;;;;;;;;;;;;;;;;ja;;;;;ja
Hohlkehlprofil PVC weiss 5 mm Breite 23 mm Länge 183 cm für Wand-Boden-Anschlüsse;;;13305001;Dural GmbH;10000;8,22;;DISCOUNT_PCT;50;;DISCOUNT_PCT;40;;;;;;;;;;020.090.1070;;;;;;;;;;;;;;;;;;;;;;;ja;;;;;;;;;;;;;;;;;;ja;;;;;ja
Hohlkehlprofil PVC weiss Breite 32 mm Länge 183 cm für Wand-Boden-Anschlüsse;;;13305030;Dural GmbH;10000;6,26;;DISCOUNT_PCT;50;;DISCOUNT_PCT;40;;;;;;;;;;020.090.1080;;;;;;;;;;;;;;;;;;;;;;;ja;;;;;;;;;;;;;;;;;;ja;;;;;ja
Endkappe für Hohlkehlprofil PVC weiss Blister 4 Stück;;;13305031;Dural GmbH;10000;3,6;;DISCOUNT_PCT;50;;DISCOUNT_PCT;40;;;;;;;;;;020.090.1090;;;;;;;;;;;;;;;;;;;;;;;ja;;;;;;;;;;;;;;;;;;ja;;;;;ja
Hohlkehlprofil PVC grau Breite 32 mm Länge 183 cm für Wand-Boden-Anschlüsse;;;13385030;Dural GmbH;10000;6,26;;DISCOUNT_PCT;50;;DISCOUNT_PCT;40;;;;;;;;;;020.090.1100;;;;;;;;;;;;;;;;;;;;;;;ja;;;;;;;;;;;;;;;;;;ja;;;;;ja
Endkappe für Hohlkehlprofil PVC grau Blister 4 Stück;;;13385031;Dural GmbH;10000;3,6;;DISCOUNT_PCT;50;;DISCOUNT_PCT;40;;;;;;;;;;020.090.1110;;;;;;;;;;;;;;;;;;;;;;;ja;;;;;;;;;;;;;;;;;;ja;;;;;ja
Aussenecke für Hohlkehlprofil PVC weiss für 7 mm 2 Stück;;;183080707XA;Dural GmbH;10000;3,46;;DISCOUNT_PCT;50;;DISCOUNT_PCT;40;;;;;;;;;;020.090.1120;;;;;;;;;;;;;;;;;;;;;;;ja;;;;;;;;;;;;;;;;;;ja;;;;;ja
Innenecke für Hohlkehlprofil PVC weiss für 7 mm 2 Stück;;;183080707XI;Dural GmbH;10000;3,46;;DISCOUNT_PCT;50;;DISCOUNT_PCT;40;;;;;;;;;;020.090.1130;;;;;;;;;;;;;;;;;;;;;;;ja;;;;;;;;;;;;;;;;;;ja;;;;;ja
Hohlkehlprofil PVC PVC weiss 9 mm Breite 20 mm Länge 250 cm;;;183080909;Dural GmbH;10000;10,14;;DISCOUNT_PCT;50;;DISCOUNT_PCT;40;;;;;;;;;;020.090.1140;;;;;;;;;;;;;;;;;;;;;;;ja;;;;;;;;;;;;;;;;;;ja;;;;;ja
Hohlkehlprofil PVC PVC weiss 11 mm Breite 20 mm Länge 250 cm;;;183081109;Dural GmbH;10000;10,52;;DISCOUNT_PCT;50;;DISCOUNT_PCT;40;;;;;;;;;;020.090.1150;;;;;;;;;;;;;;;;;;;;;;;ja;;;;;;;;;;;;;;;;;;ja;;;;;ja
Treppenprofil mit Einlage Edelstahl V2A unbehandelt natur 11 mm Breite 25 mm Länge 250 cm für Fliesenstufen;;;14028113;Dural GmbH;10000;24,14;;DISCOUNT_PCT;50;;DISCOUNT_PCT;20;;;;;;;;;;040.020.0010;;;;;;;;;;;;;;;;;;;;;;;ja;;;;;;;;;;;;;;;;;;ja;;;;;ja
Treppenprofil mit Einlage Aluminium, PVC eloxiert silber 9 mm Länge 250 cm für Fliesenstufen;;;141068090;Dural GmbH;10000;24,2;;DISCOUNT_PCT;50;;DISCOUNT_PCT;20;;;;;;;;;;040.020.0020;;;;;;;;;;;;;;;;;;;;;;;ja;;;;;;;;;;;;;;;;;;ja;;;;;ja
Treppenprofil mit Einlage Aluminium, PVC eloxiert silber 11 mm Länge 250 cm für Fliesenstufen;;;141068110;Dural GmbH;10000;24,9;;DISCOUNT_PCT;50;;DISCOUNT_PCT;20;;;;;;;;;;040.020.0030;;;;;;;;;;;;;;;;;;;;;;;ja;;;;;;;;;;;;;;;;;;ja;;;;;ja
Treppenprofil mit Einlage Edelstahl V2A, PVC unbehandelt natur 11 mm Breite 25 mm Länge 250 cm für Fliesenstufen;;;141068113;Dural GmbH;10000;37,34;;DISCOUNT_PCT;50;;DISCOUNT_PCT;20;;;;;;;;;;040.020.0040;;;;;;;;;;;;;;;;;;;;;;;ja;;;;;;;;;;;;;;;;;;ja;;;;;ja
Treppenprofil mit Einlage Aluminium, PVC eloxiert silber 9 mm Länge 250 cm für Fliesenstufen;;;141078090;Dural GmbH;10000;24,2;;DISCOUNT_PCT;50;;DISCOUNT_PCT;20;;;;;;;;;;040.020.0050;;;;;;;;;;;;;;;;;;;;;;;ja;;;;;;;;;;;;;;;;;;ja;;;;;ja
Treppenprofil mit Einlage Aluminium, PVC eloxiert silber 11 mm Länge 250 cm für Fliesenstufen;;;141078110;Dural GmbH;10000;24,9;;DISCOUNT_PCT;50;;DISCOUNT_PCT;20;;;;;;;;;;040.020.0060;;;;;;;;;;;;;;;;;;;;;;;ja;;;;;;;;;;;;;;;;;;ja;;;;;ja
Treppenprofil mit Einlage Edelstahl V2A, PVC unbehandelt natur 11 mm Breite 25 mm Länge 250 cm für Fliesenstufen;;;141078113;Dural GmbH;10000;37,34;;DISCOUNT_PCT;50;;DISCOUNT_PCT;20;;;;;;;;;;040.020.0070;;;;;;;;;;;;;;;;;;;;;;;ja;;;;;;;;;;;;;;;;;;ja;;;;;ja
Treppenprofil mit Einlage Aluminium, PVC eloxiert silber 9 mm Länge 250 cm für Fliesenstufen;;;141098090;Dural GmbH;10000;24,2;;DISCOUNT_PCT;50;;DISCOUNT_PCT;20;;;;;;;;;;040.020.0080;;;;;;;;;;;;;;;;;;;;;;;ja;;;;;;;;;;;;;;;;;;ja;;;;;ja
Treppenprofil mit Einlage Aluminium, PVC eloxiert silber 11 mm Länge 250 cm für Fliesenstufen;;;141098110;Dural GmbH;10000;24,9;;DISCOUNT_PCT;50;;DISCOUNT_PCT;20;;;;;;;;;;040.020.0090;;;;;;;;;;;;;;;;;;;;;;;ja;;;;;;;;;;;;;;;;;;ja;;;;;ja
Treppenprofil mit Einlage Edelstahl V2A, PVC unbehandelt natur 11 mm Breite 25 mm Länge 250 cm für Fliesenstufen;;;141098113;Dural GmbH;10000;37,34;;DISCOUNT_PCT;50;;DISCOUNT_PCT;20;;;;;;;;;;040.020.0100;;;;;;;;;;;;;;;;;;;;;;;ja;;;;;;;;;;;;;;;;;;ja;;;;;ja
Treppenprofil mit Einlage Aluminium, PVC eloxiert silber 9 mm Länge 250 cm für Fliesenstufen;;;141108090;Dural GmbH;10000;24,2;;DISCOUNT_PCT;50;;DISCOUNT_PCT;20;;;;;;;;;;040.020.0110;;;;;;;;;;;;;;;;;;;;;;;ja;;;;;;;;;;;;;;;;;;ja;;;;;ja
Treppenprofil mit Einlage Aluminium, PVC eloxiert silber 11 mm Länge 250 cm für Fliesenstufen;;;141108110;Dural GmbH;10000;24,9;;DISCOUNT_PCT;50;;DISCOUNT_PCT;20;;;;;;;;;;040.020.0120;;;;;;;;;;;;;;;;;;;;;;;ja;;;;;;;;;;;;;;;;;;ja;;;;;ja
Treppenprofil mit Einlage Edelstahl V2A, PVC unbehandelt natur 11 mm Breite 25 mm Länge 250 cm für Fliesenstufen;;;141108113;Dural GmbH;10000;37,34;;DISCOUNT_PCT;50;;DISCOUNT_PCT;20;;;;;;;;;;040.020.0130;;;;;;;;;;;;;;;;;;;;;;;ja;;;;;;;;;;;;;;;;;;ja;;;;;ja
Treppenprofil mit Einlage Aluminium, PVC eloxiert silber 9 mm Länge 250 cm für Fliesenstufen;;;141138090;Dural GmbH;10000;24,2;;DISCOUNT_PCT;50;;DISCOUNT_PCT;20;;;;;;;;;;040.020.0140;;;;;;;;;;;;;;;;;;;;;;;ja;;;;;;;;;;;;;;;;;;ja;;;;;ja
Treppenprofil mit Einlage Aluminium, PVC eloxiert silber 11 mm Länge 250 cm für Fliesenstufen;;;141138110;Dural GmbH;10000;24,9;;DISCOUNT_PCT;50;;DISCOUNT_PCT;20;;;;;;;;;;040.020.0150;;;;;;;;;;;;;;;;;;;;;;;ja;;;;;;;;;;;;;;;;;;ja;;;;;ja
Treppenprofil mit Einlage Edelstahl V2A, PVC unbehandelt natur 11 mm Breite 25 mm Länge 250 cm für Fliesenstufen;;;141138113;Dural GmbH;10000;37,34;;DISCOUNT_PCT;50;;DISCOUNT_PCT;20;;;;;;;;;;040.020.0160;;;;;;;;;;;;;;;;;;;;;;;ja;;;;;;;;;;;;;;;;;;ja;;;;;ja
Treppenprofil mit Einlage Aluminium eloxiert silber 9 mm Länge 250 cm für Fliesenstufen;;;14118090;Dural GmbH;10000;11,72;;DISCOUNT_PCT;50;;DISCOUNT_PCT;20;;;;;;;;;;040.020.0170;;;;;;;;;;;;;;;;;;;;;;;ja;;;;;;;;;;;;;;;;;;ja;;;;;ja
Endkappe links für Treppenprofil ABS eloxiert silber 9 mm Blister 2 Stück für Fliesenstufen;;;1411809001;Dural GmbH;10000;3,14;;DISCOUNT_PCT;50;;DISCOUNT_PCT;20;;;;;;;;;;040.020.0180;;;;;;;;;;;;;;;;;;;;;;;ja;;;;;;;;;;;;;;;;;;ja;;;;;ja
Endkappe rechts für Treppenprofil ABS eloxiert silber 9 mm Blister 2 Stück für Fliesenstufen;;;1411809002;Dural GmbH;10000;3,14;;DISCOUNT_PCT;50;;DISCOUNT_PCT;20;;;;;;;;;;040.020.0190;;;;;;;;;;;;;;;;;;;;;;;ja;;;;;;;;;;;;;;;;;;ja;;;;;ja
Endkappe links für Treppenprofil ABS eloxiert silber 9 mm Beutel 20 Stück für Fliesenstufen;;;1411809003;Dural GmbH;10000;2,34;;DISCOUNT_PCT;50;;DISCOUNT_PCT;20;;;;;;;;;;040.020.0200;;;;;;;;;;;;;;;;;;;;;;;ja;;;;;;;;;;;;;;;;;;ja;;;;;ja
Endkappe rechts für Treppenprofil ABS eloxiert silber 9 mm Beutel 20 Stück für Fliesenstufen;;;1411809004;Dural GmbH;10000;2,34;;DISCOUNT_PCT;50;;DISCOUNT_PCT;20;;;;;;;;;;040.020.0210;;;;;;;;;;;;;;;;;;;;;;;ja;;;;;;;;;;;;;;;;;;ja;;;;;ja
Treppenprofil mit Einlage Aluminium eloxiert silber 9 mm Breite 42 mm Länge 250 cm für Fliesenstufen;;;1411809042;Dural GmbH;10000;15,18;;DISCOUNT_PCT;50;;DISCOUNT_PCT;20;;;;;;;;;;040.020.0220;;;;;;;;;;;;;;;;;;;;;;;ja;;;;;;;;;;;;;;;;;;ja;;;;;ja
Treppenprofil mit Einlage Aluminium eloxiert silber 11 mm Länge 250 cm für Fliesenstufen;;;14118110;Dural GmbH;10000;12,38;;DISCOUNT_PCT;50;;DISCOUNT_PCT;20;;;;;;;;;;040.020.0230;;;;;;;;;;;;;;;;;;;;;;;ja;;;;;;;;;;;;;;;;;;ja;;;;;ja
Endkappe links für Treppenprofil ABS eloxiert silber 11 mm Blister 2 Stück für Fliesenstufen;;;1411811001;Dural GmbH;10000;3,14;;DISCOUNT_PCT;50;;DISCOUNT_PCT;20;;;;;;;;;;040.020.0240;;;;;;;;;;;;;;;;;;;;;;;ja;;;;;;;;;;;;;;;;;;ja;;;;;ja
Endkappe rechts für Treppenprofil ABS eloxiert silber 11 mm Blister 2 Stück für Fliesenstufen;;;1411811002;Dural GmbH;10000;3,14;;DISCOUNT_PCT;50;;DISCOUNT_PCT;20;;;;;;;;;;040.020.0250;;;;;;;;;;;;;;;;;;;;;;;ja;;;;;;;;;;;;;;;;;;ja;;;;;ja
Endkappe links für Treppenprofil ABS eloxiert silber 11 mm Beutel 20 Stück für Fliesenstufen;;;1411811003;Dural GmbH;10000;2,34;;DISCOUNT_PCT;50;;DISCOUNT_PCT;20;;;;;;;;;;040.020.0260;;;;;;;;;;;;;;;;;;;;;;;ja;;;;;;;;;;;;;;;;;;ja;;;;;ja
Endkappe rechts für Treppenprofil ABS eloxiert silber 11 mm Beutel 20 Stück für Fliesenstufen;;;1411811004;Dural GmbH;10000;2,34;;DISCOUNT_PCT;50;;DISCOUNT_PCT;20;;;;;;;;;;040.020.0270;;;;;;;;;;;;;;;;;;;;;;;ja;;;;;;;;;;;;;;;;;;ja;;;;;ja
Treppenprofil mit Einlage Aluminium eloxiert silber 11 mm Breite 42 mm Länge 250 cm für Fliesenstufen;;;1411811042;Dural GmbH;10000;15,92;;DISCOUNT_PCT;50;;DISCOUNT_PCT;20;;;;;;;;;;040.020.0280;;;;;;;;;;;;;;;;;;;;;;;ja;;;;;;;;;;;;;;;;;;ja;;;;;ja
Treppenstufenprofil Edelstahl V2A Breite 54 mm, Höhe 25 mm, Länge 250 cm für Sicherheitseinlage;;;820022502554;Dural GmbH;10000;20,02;;DISCOUNT_PCT;50;;DISCOUNT_PCT;20;;;;;;;;;;040.020.0290;;;;;;;;;;;;;;;;;;;;;;;ja;;;;;;;;;;;;;;;;;;ja;;;;;ja
Treppenstufenprofil Aluminium eloxiert silber Breite 45 mm, Höhe 4 mm, Länge 250 cm für Sicherheitseinlage;;;820112500045;Dural GmbH;10000;10,84;;DISCOUNT_PCT;50;;DISCOUNT_PCT;20;;;;;;;;;;040.020.0300;;;;;;;;;;;;;;;;;;;;;;;ja;;;;;;;;;;;;;;;;;;ja;;;;;ja
Treppenstufenprofil Aluminium eloxiert silber Breite 28 mm, Höhe 9 mm, Länge 250 cm für Sicherheitseinlage;;;820112500928;Dural GmbH;10000;9,12;;DISCOUNT_PCT;50;;DISCOUNT_PCT;20;;;;;;;;;;040.020.0310;;;;;;;;;;;;;;;;;;;;;;;ja;;;;;;;;;;;;;;;;;;ja;;;;;ja
Treppenstufenprofil Aluminium eloxiert silber Breite 50 mm, Höhe 24 mm, Länge 250 cm für Sicherheitseinlage;;;820112502450;Dural GmbH;10000;12,98;;DISCOUNT_PCT;50;;DISCOUNT_PCT;20;;;;;;;;;;040.020.0320;;;;;;;;;;;;;;;;;;;;;;;ja;;;;;;;;;;;;;;;;;;ja;;;;;ja
Treppenstufenprofil Aluminium eloxiert silber Breite 58 mm, Höhe 24 mm, Länge 250 cm für Sicherheitseinlage;;;820112502458;Dural GmbH;10000;12,46;;DISCOUNT_PCT;50;;DISCOUNT_PCT;20;;;;;;;;;;040.020.0330;;;;;;;;;;;;;;;;;;;;;;;ja;;;;;;;;;;;;;;;;;;ja;;;;;ja
Treppenstufenprofil Aluminium eloxiert silber Breite 51 mm, Höhe 26 mm, Länge 250 cm für Sicherheitseinlage;;;820112502651;Dural GmbH;10000;13,42;;DISCOUNT_PCT;50;;DISCOUNT_PCT;20;;;;;;;;;;040.020.0340;;;;;;;;;;;;;;;;;;;;;;;ja;;;;;;;;;;;;;;;;;;ja;;;;;ja
Treppenstufenprofil Aluminium eloxiert silber Breite 32 mm, Höhe 3 mm, Länge 250 cm für Sicherheitseinlage;;;820112503203;Dural GmbH;10000;8,58;;DISCOUNT_PCT;50;;DISCOUNT_PCT;20;;;;;;;;;;040.020.0350;;;;;;;;;;;;;;;;;;;;;;;ja;;;;;;;;;;;;;;;;;;ja;;;;;ja
Treppenstufenprofil Aluminium eloxiert silber Breite 57 mm, Höhe 44 mm, Länge 250 cm für Sicherheitseinlage;;;820112504457;Dural GmbH;10000;15,6;;DISCOUNT_PCT;50;;DISCOUNT_PCT;20;;;;;;;;;;040.020.0360;;;;;;;;;;;;;;;;;;;;;;;ja;;;;;;;;;;;;;;;;;;ja;;;;;ja
Treppenstufenprofil Aluminium eloxiert silber Breite 58 mm, Höhe 44 mm, Länge 250 cm für Sicherheitseinlage;;;820112505744;Dural GmbH;10000;12,98;;DISCOUNT_PCT;50;;DISCOUNT_PCT;20;;;;;;;;;;040.020.0370;;;;;;;;;;;;;;;;;;;;;;;ja;;;;;;;;;;;;;;;;;;ja;;;;;ja
Treppenstufenprofil Aluminium eloxiert silber Breite 92 mm, Höhe 24 mm, Länge 250 cm für Sicherheitseinlage;;;820112509024;Dural GmbH;10000;16,12;;DISCOUNT_PCT;50;;DISCOUNT_PCT;20;;;;;;;;;;040.020.0380;;;;;;;;;;;;;;;;;;;;;;;ja;;;;;;;;;;;;;;;;;;ja;;;;;ja
Treppenstufenprofil Aluminium eloxiert silber Breite 92 mm, Höhe 44 mm, Länge 250 cm für Sicherheitseinlage;;;820112509244;Dural GmbH;10000;16,6;;DISCOUNT_PCT;50;;DISCOUNT_PCT;20;;;;;;;;;;040.020.0390;;;;;;;;;;;;;;;;;;;;;;;ja;;;;;;;;;;;;;;;;;;ja;;;;;ja
Treppeneinlage PVC rutschhemmend sicherheitsweiss Breite 13 mm, Länge 25 m;;;820302500013;Dural GmbH;10000;9,82;;DISCOUNT_PCT;50;;DISCOUNT_PCT;20;;;;;;;;;;040.020.0400;;;;;;;;;;;;;;;;;;;;;;;ja;;;;;;;;;;;;;;;;;;ja;;;;;ja
Treppeneinlage PVC rutschhemmend sicherheitsweiss Breite 37 mm, Länge 25 m;;;820302500037;Dural GmbH;10000;19,66;;DISCOUNT_PCT;50;;DISCOUNT_PCT;20;;;;;;;;;;040.020.0410;;;;;;;;;;;;;;;;;;;;;;;ja;;;;;;;;;;;;;;;;;;ja;;;;;ja
Treppeneinlage PVC rutschhemmend sicherheitsweiss Breite 43 mm, Länge 25 m;;;820302500043;Dural GmbH;10000;24,12;;DISCOUNT_PCT;50;;DISCOUNT_PCT;20;;;;;;;;;;040.020.0420;;;;;;;;;;;;;;;;;;;;;;;ja;;;;;;;;;;;;;;;;;;ja;;;;;ja
Treppeneinlage PVC rutschhemmend sicherheitsweiss Breite 13 mm, Länge 250 cm;;;82030250013;Dural GmbH;10000;9,96;;DISCOUNT_PCT;50;;DISCOUNT_PCT;20;;;;;;;;;;040.020.0430;;;;;;;;;;;;;;;;;;;;;;;ja;;;;;;;;;;;;;;;;;;ja;;;;;ja
Treppeneinlage PVC rutschhemmend sicherheitsweiss Breite 37 mm, Länge 250 cm;;;82030250037;Dural GmbH;10000;19,9;;DISCOUNT_PCT;50;;DISCOUNT_PCT;20;;;;;;;;;;040.020.0440;;;;;;;;;;;;;;;;;;;;;;;ja;;;;;;;;;;;;;;;;;;ja;;;;;ja
Treppeneinlage PVC rutschhemmend sicherheitsweiss Breite 43 mm, Länge 250 cm;;;82030250043;Dural GmbH;10000;24,24;;DISCOUNT_PCT;50;;DISCOUNT_PCT;20;;;;;;;;;;040.020.0450;;;;;;;;;;;;;;;;;;;;;;;ja;;;;;;;;;;;;;;;;;;ja;;;;;ja
Treppeneinlage PVC rutschhemmend kittgrau Breite 13 mm, Länge 25 m;;;820322500013;Dural GmbH;10000;9,82;;DISCOUNT_PCT;50;;DISCOUNT_PCT;20;;;;;;;;;;040.020.0460;;;;;;;;;;;;;;;;;;;;;;;ja;;;;;;;;;;;;;;;;;;ja;;;;;ja
Treppeneinlage PVC rutschhemmend kittgrau Breite 37 mm, Länge 25 m;;;820322500037;Dural GmbH;10000;19,66;;DISCOUNT_PCT;50;;DISCOUNT_PCT;20;;;;;;;;;;040.020.0470;;;;;;;;;;;;;;;;;;;;;;;ja;;;;;;;;;;;;;;;;;;ja;;;;;ja
Treppeneinlage PVC rutschhemmend kittgrau Breite 43 mm, Länge 25 m;;;820322500043;Dural GmbH;10000;24,12;;DISCOUNT_PCT;50;;DISCOUNT_PCT;20;;;;;;;;;;040.020.0480;;;;;;;;;;;;;;;;;;;;;;;ja;;;;;;;;;;;;;;;;;;ja;;;;;ja
Treppeneinlage PVC rutschhemmend kittgrau Breite 13 mm, Länge 250 cm;;;82032250013;Dural GmbH;10000;9,96;;DISCOUNT_PCT;50;;DISCOUNT_PCT;20;;;;;;;;;;040.020.0490;;;;;;;;;;;;;;;;;;;;;;;ja;;;;;;;;;;;;;;;;;;ja;;;;;ja
Treppeneinlage PVC rutschhemmend kittgrau Breite 37 mm, Länge 250 cm;;;82032250037;Dural GmbH;10000;19,9;;DISCOUNT_PCT;50;;DISCOUNT_PCT;20;;;;;;;;;;040.020.0500;;;;;;;;;;;;;;;;;;;;;;;ja;;;;;;;;;;;;;;;;;;ja;;;;;ja
Treppeneinlage PVC rutschhemmend kittgrau Breite 43 mm, Länge 250 cm;;;82032250043;Dural GmbH;10000;24,24;;DISCOUNT_PCT;50;;DISCOUNT_PCT;20;;;;;;;;;;040.020.0510;;;;;;;;;;;;;;;;;;;;;;;ja;;;;;;;;;;;;;;;;;;ja;;;;;ja
Treppeneinlage PVC rutschhemmend neutral schwarz Breite 13 mm, Länge 25 m;;;820332500013;Dural GmbH;10000;9,82;;DISCOUNT_PCT;50;;DISCOUNT_PCT;20;;;;;;;;;;040.020.0520;;;;;;;;;;;;;;;;;;;;;;;ja;;;;;;;;;;;;;;;;;;ja;;;;;ja
Treppeneinlage PVC rutschhemmend neutral schwarz Breite 37 mm, Länge 25 m;;;820332500037;Dural GmbH;10000;19,66;;DISCOUNT_PCT;50;;DISCOUNT_PCT;20;;;;;;;;;;040.020.0530;;;;;;;;;;;;;;;;;;;;;;;ja;;;;;;;;;;;;;;;;;;ja;;;;;ja
Treppeneinlage PVC rutschhemmend neutral schwarz Breite 43 mm, Länge 25 m;;;820332500043;Dural GmbH;10000;24,12;;DISCOUNT_PCT;50;;DISCOUNT_PCT;20;;;;;;;;;;040.020.0540;;;;;;;;;;;;;;;;;;;;;;;ja;;;;;;;;;;;;;;;;;;ja;;;;;ja
Treppeneinlage PVC rutschhemmend neutral schwarz Breite 13 mm, Länge 250 cm;;;82033250013;Dural GmbH;10000;9,96;;DISCOUNT_PCT;50;;DISCOUNT_PCT;20;;;;;;;;;;040.020.0550;;;;;;;;;;;;;;;;;;;;;;;ja;;;;;;;;;;;;;;;;;;ja;;;;;ja
Treppeneinlage PVC rutschhemmend neutral schwarz Breite 37 mm, Länge 250 cm;;;82033250037;Dural GmbH;10000;19,9;;DISCOUNT_PCT;50;;DISCOUNT_PCT;20;;;;;;;;;;040.020.0560;;;;;;;;;;;;;;;;;;;;;;;ja;;;;;;;;;;;;;;;;;;ja;;;;;ja
Treppeneinlage PVC rutschhemmend neutral schwarz Breite 43 mm, Länge 250 cm;;;82033250043;Dural GmbH;10000;24,24;;DISCOUNT_PCT;50;;DISCOUNT_PCT;20;;;;;;;;;;040.020.0570;;;;;;;;;;;;;;;;;;;;;;;ja;;;;;;;;;;;;;;;;;;ja;;;;;ja
Treppeneinlage PVC rutschhemmend sattbraun Breite 13 mm, Länge 25 m;;;820352500013;Dural GmbH;10000;9,82;;DISCOUNT_PCT;50;;DISCOUNT_PCT;20;;;;;;;;;;040.020.0580;;;;;;;;;;;;;;;;;;;;;;;ja;;;;;;;;;;;;;;;;;;ja;;;;;ja
Treppeneinlage PVC rutschhemmend sattbraun Breite 37 mm, Länge 25 m;;;820352500037;Dural GmbH;10000;19,66;;DISCOUNT_PCT;50;;DISCOUNT_PCT;20;;;;;;;;;;040.020.0590;;;;;;;;;;;;;;;;;;;;;;;ja;;;;;;;;;;;;;;;;;;ja;;;;;ja
Treppeneinlage PVC rutschhemmend sattbraun Breite 43 mm, Länge 25 m;;;820352500043;Dural GmbH;10000;24,12;;DISCOUNT_PCT;50;;DISCOUNT_PCT;20;;;;;;;;;;040.020.0600;;;;;;;;;;;;;;;;;;;;;;;ja;;;;;;;;;;;;;;;;;;ja;;;;;ja
Treppeneinlage PVC rutschhemmend sattbraun Breite 13 mm, Länge 250 cm;;;82035250013;Dural GmbH;10000;9,96;;DISCOUNT_PCT;50;;DISCOUNT_PCT;20;;;;;;;;;;040.020.0610;;;;;;;;;;;;;;;;;;;;;;;ja;;;;;;;;;;;;;;;;;;ja;;;;;ja
Treppeneinlage PVC rutschhemmend sattbraun Breite 37 mm, Länge 250 cm;;;82035250037;Dural GmbH;10000;19,9;;DISCOUNT_PCT;50;;DISCOUNT_PCT;20;;;;;;;;;;040.020.0620;;;;;;;;;;;;;;;;;;;;;;;ja;;;;;;;;;;;;;;;;;;ja;;;;;ja
Treppeneinlage PVC rutschhemmend sattbraun Breite 43 mm, Länge 250 cm;;;82035250043;Dural GmbH;10000;24,24;;DISCOUNT_PCT;50;;DISCOUNT_PCT;20;;;;;;;;;;040.020.0630;;;;;;;;;;;;;;;;;;;;;;;ja;;;;;;;;;;;;;;;;;;ja;;;;;ja
Treppeneinlage PVC rutschhemmend mittelgrau Breite 13 mm, Länge 25 m;;;820382500013;Dural GmbH;10000;9,82;;DISCOUNT_PCT;50;;DISCOUNT_PCT;20;;;;;;;;;;040.020.0640;;;;;;;;;;;;;;;;;;;;;;;ja;;;;;;;;;;;;;;;;;;ja;;;;;ja
Treppeneinlage PVC rutschhemmend mittelgrau Breite 37 mm, Länge 25 m;;;820382500037;Dural GmbH;10000;19,66;;DISCOUNT_PCT;50;;DISCOUNT_PCT;20;;;;;;;;;;040.020.0650;;;;;;;;;;;;;;;;;;;;;;;ja;;;;;;;;;;;;;;;;;;ja;;;;;ja
Treppeneinlage PVC rutschhemmend mittelgrau Breite 43 mm, Länge 25 m;;;820382500043;Dural GmbH;10000;24,12;;DISCOUNT_PCT;50;;DISCOUNT_PCT;20;;;;;;;;;;040.020.0660;;;;;;;;;;;;;;;;;;;;;;;ja;;;;;;;;;;;;;;;;;;ja;;;;;ja
Treppeneinlage PVC rutschhemmend mittelgrau Breite 13 mm, Länge 250 cm;;;82038250013;Dural GmbH;10000;9,96;;DISCOUNT_PCT;50;;DISCOUNT_PCT;20;;;;;;;;;;040.020.0670;;;;;;;;;;;;;;;;;;;;;;;ja;;;;;;;;;;;;;;;;;;ja;;;;;ja
Treppeneinlage PVC rutschhemmend mittelgrau Breite 37 mm, Länge 250 cm;;;82038250037;Dural GmbH;10000;19,9;;DISCOUNT_PCT;50;;DISCOUNT_PCT;20;;;;;;;;;;040.020.0680;;;;;;;;;;;;;;;;;;;;;;;ja;;;;;;;;;;;;;;;;;;ja;;;;;ja
Treppeneinlage PVC rutschhemmend mittelgrau Breite 43 mm, Länge 250 cm;;;82038250043;Dural GmbH;10000;24,24;;DISCOUNT_PCT;50;;DISCOUNT_PCT;20;;;;;;;;;;040.020.0690;;;;;;;;;;;;;;;;;;;;;;;ja;;;;;;;;;;;;;;;;;;ja;;;;;ja
Treppeneinlage PVC rutschhemmend hellgrau Breite 37 mm, Länge 25 m;;;82051200037;Dural GmbH;10000;19,66;;DISCOUNT_PCT;50;;DISCOUNT_PCT;20;;;;;;;;;;040.020.0700;;;;;;;;;;;;;;;;;;;;;;;ja;;;;;;;;;;;;;;;;;;ja;;;;;ja
Treppeneinlage PVC rutschhemmend hellgrau Breite 13 mm, Länge 25 m;;;820512500013;Dural GmbH;10000;9,82;;DISCOUNT_PCT;50;;DISCOUNT_PCT;20;;;;;;;;;;040.020.0710;;;;;;;;;;;;;;;;;;;;;;;ja;;;;;;;;;;;;;;;;;;ja;;;;;ja
Treppeneinlage PVC rutschhemmend hellgrau Breite 43 mm, Länge 25 m;;;820512500043;Dural GmbH;10000;24,12;;DISCOUNT_PCT;50;;DISCOUNT_PCT;20;;;;;;;;;;040.020.0720;;;;;;;;;;;;;;;;;;;;;;;ja;;;;;;;;;;;;;;;;;;ja;;;;;ja
Treppeneinlage PVC rutschhemmend hellgrau Breite 13 mm, Länge 250 cm;;;82051250013;Dural GmbH;10000;9,96;;DISCOUNT_PCT;50;;DISCOUNT_PCT;20;;;;;;;;;;040.020.0730;;;;;;;;;;;;;;;;;;;;;;;ja;;;;;;;;;;;;;;;;;;ja;;;;;ja
Treppeneinlage PVC rutschhemmend hellgrau Breite 37 mm, Länge 250 cm;;;82051250037;Dural GmbH;10000;19,9;;DISCOUNT_PCT;50;;DISCOUNT_PCT;20;;;;;;;;;;040.020.0740;;;;;;;;;;;;;;;;;;;;;;;ja;;;;;;;;;;;;;;;;;;ja;;;;;ja
Treppeneinlage PVC rutschhemmend hellgrau Breite 43 mm, Länge 250 cm;;;82051250043;Dural GmbH;10000;24,24;;DISCOUNT_PCT;50;;DISCOUNT_PCT;20;;;;;;;;;;040.020.0750;;;;;;;;;;;;;;;;;;;;;;;ja;;;;;;;;;;;;;;;;;;ja;;;;;ja
Treppeneinlage PVC rutschhemmend lumitred Breite 13 mm, Länge 25 m;;;821202500013;Dural GmbH;10000;42,82;;DISCOUNT_PCT;50;;DISCOUNT_PCT;20;;;;;;;;;;040.020.0760;;;;;;;;;;;;;;;;;;;;;;;ja;;;;;;;;;;;;;;;;;;ja;;;;;ja
Treppeneinlage PVC rutschhemmend lumitred Breite 37 mm, Länge 25 m;;;821202500037;Dural GmbH;10000;89,24;;DISCOUNT_PCT;50;;DISCOUNT_PCT;20;;;;;;;;;;040.020.0770;;;;;;;;;;;;;;;;;;;;;;;ja;;;;;;;;;;;;;;;;;;ja;;;;;ja
Treppeneinlage PVC rutschhemmend lumitred Breite 43 mm, Länge 25 m;;;821202500043;Dural GmbH;10000;97,48;;DISCOUNT_PCT;50;;DISCOUNT_PCT;20;;;;;;;;;;040.020.0780;;;;;;;;;;;;;;;;;;;;;;;ja;;;;;;;;;;;;;;;;;;ja;;;;;ja
Treppeneinlage PVC rutschhemmend lumitred Breite 13 mm, Länge 250 cm;;;82120250013;Dural GmbH;10000;44,94;;DISCOUNT_PCT;50;;DISCOUNT_PCT;20;;;;;;;;;;040.020.0790;;;;;;;;;;;;;;;;;;;;;;;ja;;;;;;;;;;;;;;;;;;ja;;;;;ja
Treppeneinlage PVC rutschhemmend lumitred Breite 37 mm, Länge 250 cm;;;82120250037;Dural GmbH;10000;124,96;;DISCOUNT_PCT;50;;DISCOUNT_PCT;20;;;;;;;;;;040.020.0800;;;;;;;;;;;;;;;;;;;;;;;ja;;;;;;;;;;;;;;;;;;ja;;;;;ja
Treppeneinlage PVC rutschhemmend lumitred Breite 43 mm, Länge 25 m;;;82120250043;Dural GmbH;10000;136,46;;DISCOUNT_PCT;50;;DISCOUNT_PCT;20;;;;;;;;;;040.020.0810;;;;;;;;;;;;;;;;;;;;;;;ja;;;;;;;;;;;;;;;;;;ja;;;;;ja
Treppeneinlage PVC rutschhemmend chevron safety yellow Breite 37 mm, Länge 25 m;;;821212500037;Dural GmbH;10000;81,24;;DISCOUNT_PCT;50;;DISCOUNT_PCT;20;;;;;;;;;;040.020.0820;;;;;;;;;;;;;;;;;;;;;;;ja;;;;;;;;;;;;;;;;;;ja;;;;;ja
Treppeneinlage PVC rutschhemmend chevron safety yellow Breite 43 mm, Länge 25 m;;;821212500043;Dural GmbH;10000;93,68;;DISCOUNT_PCT;50;;DISCOUNT_PCT;20;;;;;;;;;;040.020.0830;;;;;;;;;;;;;;;;;;;;;;;ja;;;;;;;;;;;;;;;;;;ja;;;;;ja
Treppeneinlage PVC rutschhemmend chevron safety yellow Breite 37 mm, Länge 250 cm;;;82121250037;Dural GmbH;10000;81,98;;DISCOUNT_PCT;50;;DISCOUNT_PCT;20;;;;;;;;;;040.020.0840;;;;;;;;;;;;;;;;;;;;;;;ja;;;;;;;;;;;;;;;;;;ja;;;;;ja
Treppeneinlage PVC rutschhemmend chevron safety yellow Breite 43 mm, Länge 250 cm;;;82121250043;Dural GmbH;10000;94,58;;DISCOUNT_PCT;50;;DISCOUNT_PCT;20;;;;;;;;;;040.020.0850;;;;;;;;;;;;;;;;;;;;;;;ja;;;;;;;;;;;;;;;;;;ja;;;;;ja
Treppeneinlage PVC rutschhemmend charcoal grey Breite 13 mm, Länge 25 m;;;821332500013;Dural GmbH;10000;9,82;;DISCOUNT_PCT;50;;DISCOUNT_PCT;20;;;;;;;;;;040.020.0860;;;;;;;;;;;;;;;;;;;;;;;ja;;;;;;;;;;;;;;;;;;ja;;;;;ja
Treppeneinlage PVC rutschhemmend charcoal grey Breite 37 mm, Länge 25 m;;;821332500037;Dural GmbH;10000;19,66;;DISCOUNT_PCT;50;;DISCOUNT_PCT;20;;;;;;;;;;040.020.0870;;;;;;;;;;;;;;;;;;;;;;;ja;;;;;;;;;;;;;;;;;;ja;;;;;ja
Treppeneinlage PVC rutschhemmend charcoal grey Breite 43 mm, Länge 25 m;;;821332500043;Dural GmbH;10000;24,12;;DISCOUNT_PCT;50;;DISCOUNT_PCT;20;;;;;;;;;;040.020.0880;;;;;;;;;;;;;;;;;;;;;;;ja;;;;;;;;;;;;;;;;;;ja;;;;;ja
Treppeneinlage PVC rutschhemmend charcoal grey Breite 13 mm, Länge 250 cm;;;82133250013;Dural GmbH;10000;9,96;;DISCOUNT_PCT;50;;DISCOUNT_PCT;20;;;;;;;;;;040.020.0890;;;;;;;;;;;;;;;;;;;;;;;ja;;;;;;;;;;;;;;;;;;ja;;;;;ja
Treppeneinlage PVC rutschhemmend charcoal grey Breite 37 mm, Länge 250 cm;;;82133250037;Dural GmbH;10000;19,9;;DISCOUNT_PCT;50;;DISCOUNT_PCT;20;;;;;;;;;;040.020.0900;;;;;;;;;;;;;;;;;;;;;;;ja;;;;;;;;;;;;;;;;;;ja;;;;;ja
Treppeneinlage PVC rutschhemmend charcoal grey Breite 43 mm, Länge 250 cm;;;82133250043;Dural GmbH;10000;24,24;;DISCOUNT_PCT;50;;DISCOUNT_PCT;20;;;;;;;;;;040.020.0910;;;;;;;;;;;;;;;;;;;;;;;ja;;;;;;;;;;;;;;;;;;ja;;;;;ja
Dichtband Polyethylen, Polypropylen gelb, Breite 15 mm, Länge 3 m;;;95000003WP;Dural GmbH;10000;10,88;;DISCOUNT_PCT;50;;DISCOUNT_PCT;25;;;;;;;;;;060.010.0010;;;;;;;;;;;;;;;;;;;;;;;ja;;;;;;;;;;;;;;;;;;ja;;;;;ja
Dichtband Polyethylen, Polypropylen gelb, Breite 15 mm, Länge 5 m;;;95000005WP;Dural GmbH;10000;7,26;;DISCOUNT_PCT;50;;DISCOUNT_PCT;25;;;;;;;;;;060.010.0020;;;;;;;;;;;;;;;;;;;;;;;ja;;;;;;;;;;;;;;;;;;ja;;;;;ja
Entkopplungsmatte Polyethylen gelb, Höhe 4 mm, Länge 10 cm;;;9500000CI31;Dural GmbH;10000;33,32;;DISCOUNT_PCT;50;;DISCOUNT_PCT;25;;;;;;;;;;060.030.0010;;;;;;;;;;;;;;;;;;;;;;;ja;;;;;;;;;;;;;;;;;;ja;;;;;ja
Entkopplungsmatte für elektrische Fussbodenheizung Polyethylen gelb, Länge 1 cm;;;9500001CIH;Dural GmbH;10000;24;;DISCOUNT_PCT;50;;DISCOUNT_PCT;25;;;;;;;;;;060.020.0010;;;;;;;;;;;;;;;;;;;;;;;ja;;;;;;;;;;;;;;;;;;ja;;;;;ja
Entkopplungsmatte für elektrische Fussbodenheizung Polyethylen gelb, Länge 1 cm;;;9500001CIH40;Dural GmbH;10000;23;;DISCOUNT_PCT;50;;DISCOUNT_PCT;25;;;;;;;;;;060.020.0020;;;;;;;;;;;;;;;;;;;;;;;ja;;;;;;;;;;;;;;;;;;ja;;;;;ja
Dichtband Polyethylen, Polypropylen gelb, Breite 15 mm, Länge 30 m;;;95000030WP;Dural GmbH;10000;6,08;;DISCOUNT_PCT;50;;DISCOUNT_PCT;25;;;;;;;;;;060.010.0030;;;;;;;;;;;;;;;;;;;;;;;ja;;;;;;;;;;;;;;;;;;ja;;;;;ja
Entkopplungsmatte Polyethylen gelb, Höhe 4 mm, Länge 5 cm;;;9500005CI31;Dural GmbH;10000;33,66;;DISCOUNT_PCT;50;;DISCOUNT_PCT;25;;;;;;;;;;060.030.0020;;;;;;;;;;;;;;;;;;;;;;;ja;;;;;;;;;;;;;;;;;;ja;;;;;ja
Entkopplungsmatte für elektrische Fussbodenheizung Polyethylen gelb, Länge 5 cm;;;9500005CIH;Dural GmbH;10000;22;;DISCOUNT_PCT;50;;DISCOUNT_PCT;25;;;;;;;;;;060.020.0030;;;;;;;;;;;;;;;;;;;;;;;ja;;;;;;;;;;;;;;;;;;ja;;;;;ja
Entkopplungsmatte für elektrische Fussbodenheizung Polyethylen gelb, Länge 5 cm;;;9500005CIH15;Dural GmbH;10000;21;;DISCOUNT_PCT;50;;DISCOUNT_PCT;25;;;;;;;;;;060.020.0040;;;;;;;;;;;;;;;;;;;;;;;ja;;;;;;;;;;;;;;;;;;ja;;;;;ja
Dichtband Polyesterträgergewebe, TPE gelb, Breite 12 mm, Länge 5 m;;;9500005FL;Dural GmbH;10000;27,22;;DISCOUNT_PCT;50;;DISCOUNT_PCT;25;;;;;;;;;;060.010.0040;;;;;;;;;;;;;;;;;;;;;;;ja;;;;;;;;;;;;;;;;;;ja;;;;;ja
Abdichtungsbahn Polypropylen gelb, Breite 100 cm, 5 m²;;;9500005WPD;Dural GmbH;10000;31,14;;DISCOUNT_PCT;50;;DISCOUNT_PCT;25;;;;;;;;;;060.010.0050;;;;;;;;;;;;;;;;;;;;;;;ja;;;;;;;;;;;;;;;;;;ja;;;;;ja
Aussenecke Polypropylen, TPE gelb, 1 Stück;;;950000FLA;Dural GmbH;10000;12,34;;DISCOUNT_PCT;50;;DISCOUNT_PCT;25;;;;;;;;;;060.010.0060;;;;;;;;;;;;;;;;;;;;;;;ja;;;;;;;;;;;;;;;;;;ja;;;;;ja
Innenecke Polypropylen, TPE gelb, 1 Stück;;;950000FLI;Dural GmbH;10000;12,34;;DISCOUNT_PCT;50;;DISCOUNT_PCT;25;;;;;;;;;;060.010.0070;;;;;;;;;;;;;;;;;;;;;;;ja;;;;;;;;;;;;;;;;;;ja;;;;;ja
Dichtband Polyesterträgergewebe, TPE gelb, Breite 12 mm, Länge 10 m;;;9500010FL;Dural GmbH;10000;5,2;;DISCOUNT_PCT;50;;DISCOUNT_PCT;25;;;;;;;;;;060.010.0080;;;;;;;;;;;;;;;;;;;;;;;ja;;;;;;;;;;;;;;;;;;ja;;;;;ja
Abdichtungsbahn Polypropylen gelb, Breite 100 cm, 10 m²;;;9500010WPD;Dural GmbH;10000;30,92;;DISCOUNT_PCT;50;;DISCOUNT_PCT;25;;;;;;;;;;060.010.0090;;;;;;;;;;;;;;;;;;;;;;;ja;;;;;;;;;;;;;;;;;;ja;;;;;ja
Entkopplungsmatte für elektrische Fussbodenheizung Polyethylen gelb, Länge 15 cm;;;9500015CIH;Dural GmbH;10000;20;;DISCOUNT_PCT;50;;DISCOUNT_PCT;25;;;;;;;;;;060.020.0050;;;;;;;;;;;;;;;;;;;;;;;ja;;;;;;;;;;;;;;;;;;ja;;;;;ja
Entkopplungsmatte für elektrische Fussbodenheizung Polyethylen gelb, Länge 15 cm;;;9500015CIH9;Dural GmbH;10000;19;;DISCOUNT_PCT;50;;DISCOUNT_PCT;25;;;;;;;;;;060.020.0060;;;;;;;;;;;;;;;;;;;;;;;ja;;;;;;;;;;;;;;;;;;ja;;;;;ja
Abdichtungsbahn mit erhöhter Reissfestigkeit Polyethylen, Polypropylen gelb, Breite 100 cm, 15 m²;;;9500015WPD;Dural GmbH;10000;31,84;;DISCOUNT_PCT;50;;DISCOUNT_PCT;25;;;;;;;;;;060.010.0100;;;;;;;;;;;;;;;;;;;;;;;ja;;;;;;;;;;;;;;;;;;ja;;;;;ja
Entkopplungsmatte für elektrische Fussbodenheizung Polyethylen gelb, Länge 2,5 cm;;;9500025CIH;Dural GmbH;10000;23;;DISCOUNT_PCT;50;;DISCOUNT_PCT;25;;;;;;;;;;060.020.0070;;;;;;;;;;;;;;;;;;;;;;;ja;;;;;;;;;;;;;;;;;;ja;;;;;ja
Entkopplungsmatte für elektrische Fussbodenheizung Polyethylen gelb, Länge 2,5 cm;;;9500025CIH32;Dural GmbH;10000;22;;DISCOUNT_PCT;50;;DISCOUNT_PCT;25;;;;;;;;;;060.020.0080;;;;;;;;;;;;;;;;;;;;;;;ja;;;;;;;;;;;;;;;;;;ja;;;;;ja
Aussenecke Polypropylen, TPE gelb, 2 Stück;;;950002FLA;Dural GmbH;10000;13;;DISCOUNT_PCT;50;;DISCOUNT_PCT;25;;;;;;;;;;060.010.0110;;;;;;;;;;;;;;;;;;;;;;;ja;;;;;;;;;;;;;;;;;;ja;;;;;ja
Innenecke Polypropylen, TPE gelb, 2 Stück;;;950002FLI;Dural GmbH;10000;13;;DISCOUNT_PCT;50;;DISCOUNT_PCT;25;;;;;;;;;;060.010.0120;;;;;;;;;;;;;;;;;;;;;;;ja;;;;;;;;;;;;;;;;;;ja;;;;;ja
Entkopplungsmatte Polyethylen gelb, Höhe 4 mm, Länge 30 cm;;;9500030CI31;Dural GmbH;10000;29,32;;DISCOUNT_PCT;50;;DISCOUNT_PCT;25;;;;;;;;;;060.030.0030;;;;;;;;;;;;;;;;;;;;;;;ja;;;;;;;;;;;;;;;;;;ja;;;;;ja
Abdichtungsbahn Polypropylen gelb, Breite 100 cm, 30 m²;;;9500030WPD;Dural GmbH;10000;28,06;;DISCOUNT_PCT;50;;DISCOUNT_PCT;25;;;;;;;;;;060.010.0130;;;;;;;;;;;;;;;;;;;;;;;ja;;;;;;;;;;;;;;;;;;ja;;;;;ja
Dichtband Polyesterträgergewebe, TPE gelb, Breite 12 mm, Länge 50 m;;;9500050FL;Dural GmbH;10000;4,64;;DISCOUNT_PCT;50;;DISCOUNT_PCT;25;;;;;;;;;;060.010.0140;;;;;;;;;;;;;;;;;;;;;;;ja;;;;;;;;;;;;;;;;;;ja;;;;;ja
Entkopplungsmatte Polyethylen gelb, Höhe 4 mm, Länge 30 cm;;;95000630CI31;Dural GmbH;10000;27,22;;DISCOUNT_PCT;50;;DISCOUNT_PCT;25;;;;;;;;;;060.030.0040;;;;;;;;;;;;;;;;;;;;;;;ja;;;;;;;;;;;;;;;;;;ja;;;;;ja
Entkopplungsmatte für elektrische Fussbodenheizung Polyethylen gelb, Länge 7,5 cm;;;9500075CIH;Dural GmbH;10000;21;;DISCOUNT_PCT;50;;DISCOUNT_PCT;25;;;;;;;;;;060.020.0090;;;;;;;;;;;;;;;;;;;;;;;ja;;;;;;;;;;;;;;;;;;ja;;;;;ja
Entkopplungsmatte für elektrische Fussbodenheizung Polyethylen gelb, Länge 7,5 cm;;;9500075CIH12;Dural GmbH;10000;20;;DISCOUNT_PCT;50;;DISCOUNT_PCT;25;;;;;;;;;;060.020.0100;;;;;;;;;;;;;;;;;;;;;;;ja;;;;;;;;;;;;;;;;;;ja;;;;;ja
Dichtmanschette Polypropylen, TPE gelb, 1 Stück;;;95000DMB;Dural GmbH;10000;54,22;;DISCOUNT_PCT;50;;DISCOUNT_PCT;25;;;;;;;;;;060.010.0150;;;;;;;;;;;;;;;;;;;;;;;ja;;;;;;;;;;;;;;;;;;ja;;;;;ja
Dichtmanschette Polypropylen, TPE gelb, 1 Stück;;;95000DMW;Dural GmbH;10000;9,82;;DISCOUNT_PCT;50;;DISCOUNT_PCT;25;;;;;;;;;;060.010.0160;;;;;;;;;;;;;;;;;;;;;;;ja;;;;;;;;;;;;;;;;;;ja;;;;;ja
Drainagematte HDPE, PP grau, Länge 15 cm;;;9500100DR;Dural GmbH;10000;25,48;;DISCOUNT_PCT;50;;DISCOUNT_PCT;25;;;;;;;;;;060.040.0010;;;;;;;;;;;;;;;;;;;;;;;ja;;;;;;;;;;;;;;;;;;ja;;;;;ja
Schalldämmmatte Synthetikfaser grau, Länge 10 cm;;;9500101EMS;Dural GmbH;10000;37,4;;DISCOUNT_PCT;50;;DISCOUNT_PCT;25;;;;;;;;;;060.050.0010;;;;;;;;;;;;;;;;;;;;;;;ja;;;;;;;;;;;;;;;;;;ja;;;;;ja
Schalldämmmatte Synthetikfaser grau, Länge 10 cm;;;95001028EMS;Dural GmbH;10000;35,52;;DISCOUNT_PCT;50;;DISCOUNT_PCT;25;;;;;;;;;;060.050.0020;;;;;;;;;;;;;;;;;;;;;;;ja;;;;;;;;;;;;;;;;;;ja;;;;;ja
Drainagematte HDPE, PP grau, Länge 15 cm;;;9500109DR;Dural GmbH;10000;23,88;;DISCOUNT_PCT;50;;DISCOUNT_PCT;25;;;;;;;;;;060.040.0020;;;;;;;;;;;;;;;;;;;;;;;ja;;;;;;;;;;;;;;;;;;ja;;;;;ja
Wannendichtband Polyethylen, Polypropylen gelb, Breite 12 mm, Länge 5 m;;;95001205SK;Dural GmbH;10000;6,94;;DISCOUNT_PCT;50;;DISCOUNT_PCT;25;;;;;;;;;;060.010.0170;;;;;;;;;;;;;;;;;;;;;;;ja;;;;;;;;;;;;;;;;;;ja;;;;;ja
Dichtband Polyethylen, Polypropylen gelb, Breite 12 mm, Länge 5 m;;;95001205WP;Dural GmbH;10000;6,5;;DISCOUNT_PCT;50;;DISCOUNT_PCT;25;;;;;;;;;;060.010.0180;;;;;;;;;;;;;;;;;;;;;;;ja;;;;;;;;;;;;;;;;;;ja;;;;;ja
Abdichtungsbahn mit erhöhter Reissfestigkeit Polyethylen, Polypropylen gelb, Breite 100 cm, 15 m²;;;95001501WPD;Dural GmbH;10000;29,32;;DISCOUNT_PCT;50;;DISCOUNT_PCT;25;;;;;;;;;;060.010.0190;;;;;;;;;;;;;;;;;;;;;;;ja;;;;;;;;;;;;;;;;;;ja;;;;;ja
Entkopplungsmatte Polyethylen gelb, Höhe 4 mm, Länge 10 cm;;;95001610CI31;Dural GmbH;10000;30,94;;DISCOUNT_PCT;50;;DISCOUNT_PCT;25;;;;;;;;;;060.030.0050;;;;;;;;;;;;;;;;;;;;;;;ja;;;;;;;;;;;;;;;;;;ja;;;;;ja
Abdichtungsbahn Polypropylen gelb, Breite 100 cm, 5 m²;;;9500250WPD;Dural GmbH;10000;29,32;;DISCOUNT_PCT;50;;DISCOUNT_PCT;25;;;;;;;;;;060.010.0200;;;;;;;;;;;;;;;;;;;;;;;ja;;;;;;;;;;;;;;;;;;ja;;;;;ja
Dichtmanschette Polypropylen, TPE gelb, 1 Stück;;;95002DMW;Dural GmbH;10000;10,28;;DISCOUNT_PCT;50;;DISCOUNT_PCT;25;;;;;;;;;;060.010.0210;;;;;;;;;;;;;;;;;;;;;;;ja;;;;;;;;;;;;;;;;;;ja;;;;;ja
Abdichtbahn Polypropylen gelb 100 cm x 30 m;;;9500301WPD;Dural GmbH;10000;26,34;;DISCOUNT_PCT;50;;DISCOUNT_PCT;25;;;;;;;;;;060.010.0220;;;;;;;;;;;;;;;;;;;;;;;ja;;;;;;;;;;;;;;;;;;ja;;;;;ja
Entkopplungsmatte Polyethylen gelb 100 cm x 5 m;;;9500305CI31;Dural GmbH;10000;31,18;;DISCOUNT_PCT;50;;DISCOUNT_PCT;25;;;;;;;;;;060.030.0060;;;;;;;;;;;;;;;;;;;;;;;ja;;;;;;;;;;;;;;;;;;ja;;;;;ja
Dichtband Polyethylen, Polypropylen gelb 120 mm 10 m;;;95012010WP;Dural GmbH;10000;5,48;;DISCOUNT_PCT;50;;DISCOUNT_PCT;25;;;;;;;;;;060.010.0230;;;;;;;;;;;;;;;;;;;;;;;ja;;;;;;;;;;;;;;;;;;ja;;;;;ja
Dichtband Polyethylen, Polypropylen gelb 120 mm 30 m;;;95012030WP;Dural GmbH;10000;5,32;;DISCOUNT_PCT;50;;DISCOUNT_PCT;25;;;;;;;;;;060.010.0240;;;;;;;;;;;;;;;;;;;;;;;ja;;;;;;;;;;;;;;;;;;ja;;;;;ja
Abdichtbahn Polypropylen gelb 100 cm x 10 m;;;9505010WPD;Dural GmbH;10000;29,1;;DISCOUNT_PCT;50;;DISCOUNT_PCT;25;;;;;;;;;;060.010.0250;;;;;;;;;;;;;;;;;;;;;;;ja;;;;;;;;;;;;;;;;;;ja;;;;;ja
Aussenecke Polyethylen, Polypropylen gelb 2 Stück;;;951002FLA;Dural GmbH;10000;14,02;;DISCOUNT_PCT;50;;DISCOUNT_PCT;25;;;;;;;;;;060.010.0260;;;;;;;;;;;;;;;;;;;;;;;ja;;;;;;;;;;;;;;;;;;ja;;;;;ja
Innenecke Polyethylen, Polypropylen gelb 2 Stück;;;951002FLI;Dural GmbH;10000;14,02;;DISCOUNT_PCT;50;;DISCOUNT_PCT;25;;;;;;;;;;060.010.0270;;;;;;;;;;;;;;;;;;;;;;;ja;;;;;;;;;;;;;;;;;;ja;;;;;ja
Armierungsmatte Glasfaser gelb 100 cm x 30 m;;;951003018FGT;Dural GmbH;10000;22,22;;DISCOUNT_PCT;50;;DISCOUNT_PCT;25;;;;;;;;;;060.060.0010;;;;;;;;;;;;;;;;;;;;;;;ja;;;;;;;;;;;;;;;;;;ja;;;;;ja
Abdichtbahn Polyethylen, Polypropylen gelb 30 m²;;;9510030ETS;Dural GmbH;10000;28,62;;DISCOUNT_PCT;50;;DISCOUNT_PCT;25;;;;;;;;;;060.010.0280;;;;;;;;;;;;;;;;;;;;;;;ja;;;;;;;;;;;;;;;;;;ja;;;;;ja
Armierungsmatte Glasfaser gelb 30 m²;;;9510030FGT;Dural GmbH;10000;23,36;;DISCOUNT_PCT;50;;DISCOUNT_PCT;25;;;;;;;;;;060.060.0020;;;;;;;;;;;;;;;;;;;;;;;ja;;;;;;;;;;;;;;;;;;ja;;;;;ja
Dichtmanschette Polyethylen, Polypropylen gelb 1 Stück;;;95100DMWL;Dural GmbH;10000;24,16;;DISCOUNT_PCT;50;;DISCOUNT_PCT;25;;;;;;;;;;060.010.0290;;;;;;;;;;;;;;;;;;;;;;;ja;;;;;;;;;;;;;;;;;;ja;;;;;ja
Dichtband Polyethylen, Polypropylen gelb 120 mm 50 m;;;9510120501ETS;Dural GmbH;10000;6,68;;DISCOUNT_PCT;50;;DISCOUNT_PCT;25;;;;;;;;;;060.010.0300;;;;;;;;;;;;;;;;;;;;;;;ja;;;;;;;;;;;;;;;;;;ja;;;;;ja
Dichtband Polyethylen, Polypropylen gelb 120 mm 50 m;;;95101205025ETS;Dural GmbH;10000;6,32;;DISCOUNT_PCT;50;;DISCOUNT_PCT;25;;;;;;;;;;060.010.0310;;;;;;;;;;;;;;;;;;;;;;;ja;;;;;;;;;;;;;;;;;;ja;;;;;ja
Wannendichtband Polyethylen, Polypropylen gelb 120 mm 10 m;;;9510120525SK;Dural GmbH;10000;12,18;;DISCOUNT_PCT;50;;DISCOUNT_PCT;25;;;;;;;;;;060.010.0320;;;;;;;;;;;;;;;;;;;;;;;ja;;;;;;;;;;;;;;;;;;ja;;;;;ja
Wannendichtband Polyethylen, Polypropylen gelb 120 mm 10 m;;;95101205SK;Dural GmbH;10000;12,82;;DISCOUNT_PCT;50;;DISCOUNT_PCT;25;;;;;;;;;;060.010.0330;;;;;;;;;;;;;;;;;;;;;;;ja;;;;;;;;;;;;;;;;;;ja;;;;;ja
Dichtmanschette Polyethylen, Polypropylen gelb 2 Stück;;;95102DMWM;Dural GmbH;10000;17,12;;DISCOUNT_PCT;50;;DISCOUNT_PCT;25;;;;;;;;;;060.010.0340;;;;;;;;;;;;;;;;;;;;;;;ja;;;;;;;;;;;;;;;;;;ja;;;;;ja
Dichtmanschette Polyethylen, Polypropylen gelb 2 Stück;;;95102DMWS;Dural GmbH;10000;12,9;;DISCOUNT_PCT;50;;DISCOUNT_PCT;25;;;;;;;;;;060.010.0350;;;;;;;;;;;;;;;;;;;;;;;ja;;;;;;;;;;;;;;;;;;ja;;;;;ja
Aussenecke Polyethylen, Polypropylen gelb 2 Stück;;;95102FLAW;Dural GmbH;10000;12,56;;DISCOUNT_PCT;50;;DISCOUNT_PCT;25;;;;;;;;;;060.010.0360;;;;;;;;;;;;;;;;;;;;;;;ja;;;;;;;;;;;;;;;;;;ja;;;;;ja
Innenecke Polyethylen, Polypropylen gelb 2 Stück;;;95102FLIW;Dural GmbH;10000;11,96;;DISCOUNT_PCT;50;;DISCOUNT_PCT;25;;;;;;;;;;060.010.0370;;;;;;;;;;;;;;;;;;;;;;;ja;;;;;;;;;;;;;;;;;;ja;;;;;ja
Abdichtbahn Polyethylen, Polypropylen gelb;;;95102FXDL;Dural GmbH;10000;14,52;;DISCOUNT_PCT;50;;DISCOUNT_PCT;25;;;;;;;;;;060.010.0380;;;;;;;;;;;;;;;;;;;;;;;ja;;;;;;;;;;;;;;;;;;ja;;;;;ja
Abdichtbahn Polyethylen, Polypropylen gelb;;;95102FXDR;Dural GmbH;10000;14,52;;DISCOUNT_PCT;50;;DISCOUNT_PCT;25;;;;;;;;;;060.010.0390;;;;;;;;;;;;;;;;;;;;;;;ja;;;;;;;;;;;;;;;;;;ja;;;;;ja
Abdichtbahn Polyethylen, Polypropylen gelb 100 cm x 30 m;;;9510301ETS;Dural GmbH;10000;27,12;;DISCOUNT_PCT;50;;DISCOUNT_PCT;25;;;;;;;;;;060.010.0400;;;;;;;;;;;;;;;;;;;;;;;ja;;;;;;;;;;;;;;;;;;ja;;;;;ja
Abdichtbahn Polyamid, Aramid gelb 5 cm x 10 m;;;9510CS5010;Dural GmbH;10000;33,94;;DISCOUNT_PCT;50;;DISCOUNT_PCT;25;;;;;;;;;;060.010.0410;;;;;;;;;;;;;;;;;;;;;;;ja;;;;;;;;;;;;;;;;;;ja;;;;;ja
Abdichtbahn Polyamid, Aramid gelb 5 cm x 10 m;;;9510CS501025;Dural GmbH;10000;32,24;;DISCOUNT_PCT;50;;DISCOUNT_PCT;25;;;;;;;;;;060.010.0420;;;;;;;;;;;;;;;;;;;;;;;ja;;;;;;;;;;;;;;;;;;ja;;;;;ja
Abdichtbahn Polyethylen weiss 3 cm x 20 m;;;9510DS3020;Dural GmbH;10000;4,36;;DISCOUNT_PCT;50;;DISCOUNT_PCT;25;;;;;;;;;;060.010.0430;;;;;;;;;;;;;;;;;;;;;;;ja;;;;;;;;;;;;;;;;;;ja;;;;;ja
Abdichtbahn Polyethylen weiss 3 cm x 20 m;;;9510DS302010;Dural GmbH;10000;4,14;;DISCOUNT_PCT;50;;DISCOUNT_PCT;25;;;;;;;;;;060.010.0440;;;;;;;;;;;;;;;;;;;;;;;ja;;;;;;;;;;;;;;;;;;ja;;;;;ja
Dichtmanschette Polypropylen, TPE gelb 25 Stück;;;9515025DMW;Dural GmbH;10000;13,18;;DISCOUNT_PCT;50;;DISCOUNT_PCT;25;;;;;;;;;;060.010.0450;;;;;;;;;;;;;;;;;;;;;;;ja;;;;;;;;;;;;;;;;;;ja;;;;;ja
Dichtmanschette Polypropylen, TPE gelb 25 Stück;;;9520025DMW;Dural GmbH;10000;18,12;;DISCOUNT_PCT;50;;DISCOUNT_PCT;25;;;;;;;;;;060.010.0460;;;;;;;;;;;;;;;;;;;;;;;ja;;;;;;;;;;;;;;;;;;ja;;;;;ja
Drainagematte HDPE schwarz 12,5 m²;;;95310000DR;Dural GmbH;10000;29,2;;DISCOUNT_PCT;50;;DISCOUNT_PCT;25;;;;;;;;;;060.040.0030;;;;;;;;;;;;;;;;;;;;;;;ja;;;;;;;;;;;;;;;;;;ja;;;;;ja
Drainagematte HDPE schwarz 100 cm x 12,5 m;;;95310009DR;Dural GmbH;10000;27,38;;DISCOUNT_PCT;50;;DISCOUNT_PCT;25;;;;;;;;;;060.040.0040;;;;;;;;;;;;;;;;;;;;;;;ja;;;;;;;;;;;;;;;;;;ja;;;;;ja
Dichtmanschette Polyethylen, Polypropylen gelb 20 Stück;;;ETSAK34320020;Dural GmbH;10000;22,96;;DISCOUNT_PCT;50;;DISCOUNT_PCT;25;;;;;;;;;;060.010.0470;;;;;;;;;;;;;;;;;;;;;;;ja;;;;;;;;;;;;;;;;;;ja;;;;;ja
Dichtmanschette Polyethylen, Polypropylen gelb 20 Stück;;;ETSAK34415020;Dural GmbH;10000;16,26;;DISCOUNT_PCT;50;;DISCOUNT_PCT;25;;;;;;;;;;060.010.0480;;;;;;;;;;;;;;;;;;;;;;;ja;;;;;;;;;;;;;;;;;;ja;;;;;ja
Dichtmanschette Polyethylen, Polypropylen gelb 20 Stück;;;ETSAK34512020;Dural GmbH;10000;12,28;;DISCOUNT_PCT;50;;DISCOUNT_PCT;25;;;;;;;;;;060.010.0490;;;;;;;;;;;;;;;;;;;;;;;ja;;;;;;;;;;;;;;;;;;ja;;;;;ja
Aussenecke Polyethylen, Polypropylen gelb 20 Stück;;;ETSAK346A10;Dural GmbH;10000;13,32;;DISCOUNT_PCT;50;;DISCOUNT_PCT;25;;;;;;;;;;060.010.0500;;;;;;;;;;;;;;;;;;;;;;;ja;;;;;;;;;;;;;;;;;;ja;;;;;ja
Innenecke Polyethylen, Polypropylen gelb 20 Stück;;;ETSAK347I20;Dural GmbH;10000;13,32;;DISCOUNT_PCT;50;;DISCOUNT_PCT;25;;;;;;;;;;060.010.0510;;;;;;;;;;;;;;;;;;;;;;;ja;;;;;;;;;;;;;;;;;;ja;;;;;ja
Abdichtbahn Polyethylen, Polypropylen gelb;;;ETSAK348A10;Dural GmbH;10000;11,92;;DISCOUNT_PCT;50;;DISCOUNT_PCT;25;;;;;;;;;;060.010.0520;;;;;;;;;;;;;;;;;;;;;;;ja;;;;;;;;;;;;;;;;;;ja;;;;;ja
Abdichtbahn Polyethylen, Polypropylen gelb;;;ETSAK349I10;Dural GmbH;10000;11,34;;DISCOUNT_PCT;50;;DISCOUNT_PCT;25;;;;;;;;;;060.010.0530;;;;;;;;;;;;;;;;;;;;;;;ja;;;;;;;;;;;;;;;;;;ja;;;;;ja
Abdichtbahn Polyethylen, Polypropylen gelb;;;ETSAK3503DL10;Dural GmbH;10000;13,8;;DISCOUNT_PCT;50;;DISCOUNT_PCT;25;;;;;;;;;;060.010.0540;;;;;;;;;;;;;;;;;;;;;;;ja;;;;;;;;;;;;;;;;;;ja;;;;;ja
Abdichtbahn Polyethylen, Polypropylen gelb;;;ETSAK3513DR10;Dural GmbH;10000;13,8;;DISCOUNT_PCT;50;;DISCOUNT_PCT;25;;;;;;;;;;060.010.0550;;;;;;;;;;;;;;;;;;;;;;;ja;;;;;;;;;;;;;;;;;;ja;;;;;ja
Touch-Thermostat weiss für elektrische Fussbodenheizung;;;195000002;Dural GmbH;10000;200;;DISCOUNT_PCT;50;;DISCOUNT_PCT;25;;;;;;;;;;060.020.0110;;;;;;;;;;;;;;;;;;;;;;;ja;;;;;;;;;;;;;;;;;;ja;;;;;ja
Thermostat weiss für elektrische Fussbodenheizung;;;195000003;Dural GmbH;10000;160;;DISCOUNT_PCT;50;;DISCOUNT_PCT;25;;;;;;;;;;060.020.0120;;;;;;;;;;;;;;;;;;;;;;;ja;;;;;;;;;;;;;;;;;;ja;;;;;ja
Heizleitung für elektrische Fussbodenheizung;;;195000004;Dural GmbH;10000;25;;DISCOUNT_PCT;50;;DISCOUNT_PCT;25;;;;;;;;;;060.020.0130;;;;;;;;;;;;;;;;;;;;;;;ja;;;;;;;;;;;;;;;;;;ja;;;;;ja
Thermostat weiss für elektrische Fussbodenheizung;;;195000005;Dural GmbH;10000;130;;DISCOUNT_PCT;50;;DISCOUNT_PCT;25;;;;;;;;;;060.020.0140;;;;;;;;;;;;;;;;;;;;;;;ja;;;;;;;;;;;;;;;;;;ja;;;;;ja
Touch-Thermostat weiss für elektrische Fussbodenheizung;;;195000006;Dural GmbH;10000;200;;DISCOUNT_PCT;50;;DISCOUNT_PCT;25;;;;;;;;;;060.020.0150;;;;;;;;;;;;;;;;;;;;;;;ja;;;;;;;;;;;;;;;;;;ja;;;;;ja
Heizleitung für elektrische Fussbodenheizung 100 W 10 m;;;195000100;Dural GmbH;10000;120;;DISCOUNT_PCT;50;;DISCOUNT_PCT;25;;;;;;;;;;060.020.0160;;;;;;;;;;;;;;;;;;;;;;;ja;;;;;;;;;;;;;;;;;;ja;;;;;ja
Heizleitung für elektrische Fussbodenheizung 200 W 20 m;;;195000200;Dural GmbH;10000;164;;DISCOUNT_PCT;50;;DISCOUNT_PCT;25;;;;;;;;;;060.020.0170;;;;;;;;;;;;;;;;;;;;;;;ja;;;;;;;;;;;;;;;;;;ja;;;;;ja
Heizleitung für elektrische Fussbodenheizung 300 W 28 m;;;195000300;Dural GmbH;10000;212,8;;DISCOUNT_PCT;50;;DISCOUNT_PCT;25;;;;;;;;;;060.020.0180;;;;;;;;;;;;;;;;;;;;;;;ja;;;;;;;;;;;;;;;;;;ja;;;;;ja
Heizleitung für elektrische Fussbodenheizung 400 W 41 m;;;195000400;Dural GmbH;10000;282,9;;DISCOUNT_PCT;50;;DISCOUNT_PCT;25;;;;;;;;;;060.020.0190;;;;;;;;;;;;;;;;;;;;;;;ja;;;;;;;;;;;;;;;;;;ja;;;;;ja
Heizleitung für elektrische Fussbodenheizung 500 W 50 m;;;195000500;Dural GmbH;10000;340;;DISCOUNT_PCT;50;;DISCOUNT_PCT;25;;;;;;;;;;060.020.0200;;;;;;;;;;;;;;;;;;;;;;;ja;;;;;;;;;;;;;;;;;;ja;;;;;ja
Heizleitung für elektrische Fussbodenheizung 600 W 57 m;;;195000600;Dural GmbH;10000;370,5;;DISCOUNT_PCT;50;;DISCOUNT_PCT;25;;;;;;;;;;060.020.0210;;;;;;;;;;;;;;;;;;;;;;;ja;;;;;;;;;;;;;;;;;;ja;;;;;ja
Heizleitung für elektrische Fussbodenheizung 700 W 70 m;;;195000700;Dural GmbH;10000;441;;DISCOUNT_PCT;50;;DISCOUNT_PCT;25;;;;;;;;;;060.020.0220;;;;;;;;;;;;;;;;;;;;;;;ja;;;;;;;;;;;;;;;;;;ja;;;;;ja
Heizleitung für elektrische Fussbodenheizung 800 W 81 m;;;195000800;Dural GmbH;10000;502,42;;DISCOUNT_PCT;50;;DISCOUNT_PCT;25;;;;;;;;;;060.020.0230;;;;;;;;;;;;;;;;;;;;;;;ja;;;;;;;;;;;;;;;;;;ja;;;;;ja
Heizleitung für elektrische Fussbodenheizung 900 W 90 m;;;195000900;Dural GmbH;10000;558;;DISCOUNT_PCT;50;;DISCOUNT_PCT;25;;;;;;;;;;060.020.0240;;;;;;;;;;;;;;;;;;;;;;;ja;;;;;;;;;;;;;;;;;;ja;;;;;ja
Heizleitung für elektrische Fussbodenheizung 1000 W 100 m;;;195001000;Dural GmbH;10000;610;;DISCOUNT_PCT;50;;DISCOUNT_PCT;25;;;;;;;;;;060.020.0250;;;;;;;;;;;;;;;;;;;;;;;ja;;;;;;;;;;;;;;;;;;ja;;;;;ja
Heizleitung für elektrische Fussbodenheizung 1250 W 129 m;;;195001250;Dural GmbH;10000;748,2;;DISCOUNT_PCT;50;;DISCOUNT_PCT;25;;;;;;;;;;060.020.0260;;;;;;;;;;;;;;;;;;;;;;;ja;;;;;;;;;;;;;;;;;;ja;;;;;ja
Heizleitung für elektrische Fussbodenheizung 1400 W 142 m;;;195001400;Dural GmbH;10000;809,4;;DISCOUNT_PCT;50;;DISCOUNT_PCT;25;;;;;;;;;;060.020.0270;;;;;;;;;;;;;;;;;;;;;;;ja;;;;;;;;;;;;;;;;;;ja;;;;;ja
Heizleitung für elektrische Fussbodenheizung 1700 W 170 m;;;195001700;Dural GmbH;10000;969;;DISCOUNT_PCT;50;;DISCOUNT_PCT;25;;;;;;;;;;060.020.0280;;;;;;;;;;;;;;;;;;;;;;;ja;;;;;;;;;;;;;;;;;;ja;;;;;ja
Bodenablaufdeckel Edelstahl V2A natur 150 x 15 mm;;;2202151508;Dural GmbH;10000;108,02;;DISCOUNT_PCT;50;;DISCOUNT_PCT;0;;;;;;;;;;070.020.0010;;;;;;;;;;;;;;;;;;;;;;;ja;;;;;;;;;;;;;;;;;;ja;;;;;ja
Bodenablaufdeckel Edelstahl V2A natur 150 x 15 mm;;;2202151510;Dural GmbH;10000;110,72;;DISCOUNT_PCT;50;;DISCOUNT_PCT;0;;;;;;;;;;070.020.0020;;;;;;;;;;;;;;;;;;;;;;;ja;;;;;;;;;;;;;;;;;;ja;;;;;ja
Bodenablaufdeckel Edelstahl V2A natur 200 x 20 mm;;;2202202008;Dural GmbH;10000;118,14;;DISCOUNT_PCT;50;;DISCOUNT_PCT;0;;;;;;;;;;070.020.0030;;;;;;;;;;;;;;;;;;;;;;;ja;;;;;;;;;;;;;;;;;;ja;;;;;ja
Bodenablaufdeckel Edelstahl V2A natur 200 x 20 mm;;;2202202010;Dural GmbH;10000;124,08;;DISCOUNT_PCT;50;;DISCOUNT_PCT;0;;;;;;;;;;070.020.0040;;;;;;;;;;;;;;;;;;;;;;;ja;;;;;;;;;;;;;;;;;;ja;;;;;ja
Wandnische Edelstahl V2A gebürstet natur 150 x 300 x 100 mm;;;3715301002;Dural GmbH;10000;380,8;;DISCOUNT_PCT;50;;DISCOUNT_PCT;0;;;;;;;;;;070.030.0010;;;;;;;;;;;;;;;;;;;;;;;ja;;;;;;;;;;;;;;;;;;ja;;;;;ja
Wandnische Edelstahl V2A pulverbeschichtet schwarz matt (RAL 9005) 150 x 300 x 100 mm;;;3715301011;Dural GmbH;10000;418,88;;DISCOUNT_PCT;50;;DISCOUNT_PCT;0;;;;;;;;;;070.030.0020;;;;;;;;;;;;;;;;;;;;;;;ja;;;;;;;;;;;;;;;;;;ja;;;;;ja
Wandnische Edelstahl V2A pulverbeschichtet weiss matt (RAL 9003) 150 x 300 x 100 mm;;;3715301012;Dural GmbH;10000;418,88;;DISCOUNT_PCT;50;;DISCOUNT_PCT;0;;;;;;;;;;070.030.0030;;;;;;;;;;;;;;;;;;;;;;;ja;;;;;;;;;;;;;;;;;;ja;;;;;ja
Wandnische Edelstahl V2A gebürstet natur 300 x 300 x 100 mm;;;3730301002;Dural GmbH;10000;407,54;;DISCOUNT_PCT;50;;DISCOUNT_PCT;0;;;;;;;;;;070.030.0040;;;;;;;;;;;;;;;;;;;;;;;ja;;;;;;;;;;;;;;;;;;ja;;;;;ja
Wandnische Edelstahl V2A pulverbeschichtet schwarz matt (RAL 9005) 300 x 300 x 100 mm;;;3730301011;Dural GmbH;10000;448,2;;DISCOUNT_PCT;50;;DISCOUNT_PCT;0;;;;;;;;;;070.030.0050;;;;;;;;;;;;;;;;;;;;;;;ja;;;;;;;;;;;;;;;;;;ja;;;;;ja
Wandnische Edelstahl V2A pulverbeschichtet weiss matt (RAL 9003) 300 x 300 x 100 mm;;;3730301012;Dural GmbH;10000;448,2;;DISCOUNT_PCT;50;;DISCOUNT_PCT;0;;;;;;;;;;070.030.0060;;;;;;;;;;;;;;;;;;;;;;;ja;;;;;;;;;;;;;;;;;;ja;;;;;ja
Befliesbares Nischenelement XPS 33 x 33 cm;;;37333300;Dural GmbH;10000;82,66;;DISCOUNT_PCT;50;;DISCOUNT_PCT;0;;;;;;;;;;070.030.0070;;;;;;;;;;;;;;;;;;;;;;;ja;;;;;;;;;;;;;;;;;;ja;;;;;ja
Wandnische Edelstahl V2A gebürstet natur 600 x 300 x 100 mm;;;3760301002;Dural GmbH;10000;552;;DISCOUNT_PCT;50;;DISCOUNT_PCT;0;;;;;;;;;;070.030.0080;;;;;;;;;;;;;;;;;;;;;;;ja;;;;;;;;;;;;;;;;;;ja;;;;;ja
Wandnische Edelstahl V2A pulverbeschichtet schwarz matt (RAL 9005) 600 x 300 x 100 mm;;;3760301011;Dural GmbH;10000;598;;DISCOUNT_PCT;50;;DISCOUNT_PCT;0;;;;;;;;;;070.030.0090;;;;;;;;;;;;;;;;;;;;;;;ja;;;;;;;;;;;;;;;;;;ja;;;;;ja
Wandnische Edelstahl V2A pulverbeschichtet weiss matt (RAL 9003) 600 x 300 x 100 mm;;;3760301012;Dural GmbH;10000;598;;DISCOUNT_PCT;50;;DISCOUNT_PCT;0;;;;;;;;;;070.030.0100;;;;;;;;;;;;;;;;;;;;;;;ja;;;;;;;;;;;;;;;;;;ja;;;;;ja
Befliesbares Nischenelement XPS 63 x 33 cm;;;37633300;Dural GmbH;10000;135,44;;DISCOUNT_PCT;50;;DISCOUNT_PCT;0;;;;;;;;;;070.030.0110;;;;;;;;;;;;;;;;;;;;;;;ja;;;;;;;;;;;;;;;;;;ja;;;;;ja
Ablaufkörper vertikal für Duschrinne Kunststoff;;;44000048;Dural GmbH;10000;52,72;;DISCOUNT_PCT;50;;DISCOUNT_PCT;0;;;;;;;;;;070.010.0010;;;;;;;;;;;;;;;;;;;;;;;ja;;;;;;;;;;;;;;;;;;ja;;;;;ja
Ablaufkörper horizontal für Duschrinne Kunststoff 60 l, min;;;44006080;Dural GmbH;10000;70,94;;DISCOUNT_PCT;50;;DISCOUNT_PCT;0;;;;;;;;;;070.010.0020;;;;;;;;;;;;;;;;;;;;;;;ja;;;;;;;;;;;;;;;;;;ja;;;;;ja
Ultraflache Duschrinne Komplettset Edelstahl V2A Rost Square Länge 60 cm;;;44060055;Dural GmbH;10000;448,2;;DISCOUNT_PCT;50;;DISCOUNT_PCT;0;;;;;;;;;;070.010.0030;;;;;;;;;;;;;;;;;;;;;;;ja;;;;;;;;;;;;;;;;;;ja;;;;;ja
Ultraflache Duschrinne Komplettset Edelstahl V2A Rost Square Länge 70 cm;;;44070055;Dural GmbH;10000;473,02;;DISCOUNT_PCT;50;;DISCOUNT_PCT;0;;;;;;;;;;070.010.0040;;;;;;;;;;;;;;;;;;;;;;;ja;;;;;;;;;;;;;;;;;;ja;;;;;ja
Ultraflache Duschrinne Komplettset Edelstahl V2A Rost Square Länge 80 cm;;;44080055;Dural GmbH;10000;500,02;;DISCOUNT_PCT;50;;DISCOUNT_PCT;0;;;;;;;;;;070.010.0050;;;;;;;;;;;;;;;;;;;;;;;ja;;;;;;;;;;;;;;;;;;ja;;;;;ja
Ultraflache Duschrinne Komplettset Edelstahl V2A Rost Square Länge 90 cm;;;44090055;Dural GmbH;10000;527,06;;DISCOUNT_PCT;50;;DISCOUNT_PCT;0;;;;;;;;;;070.010.0060;;;;;;;;;;;;;;;;;;;;;;;ja;;;;;;;;;;;;;;;;;;ja;;;;;ja
Ultraflache Duschrinne Komplettset Edelstahl V2A Rost Square Länge 100 cm;;;44100055;Dural GmbH;10000;554,08;;DISCOUNT_PCT;50;;DISCOUNT_PCT;0;;;;;;;;;;070.010.0070;;;;;;;;;;;;;;;;;;;;;;;ja;;;;;;;;;;;;;;;;;;ja;;;;;ja
Duschrinne Basis-Set Edelstahl V2A mit EPS-Träger Länge 60 cm;;;441000602;Dural GmbH;10000;198,92;;DISCOUNT_PCT;50;;DISCOUNT_PCT;0;;;;;;;;;;070.010.0080;;;;;;;;;;;;;;;;;;;;;;;ja;;;;;;;;;;;;;;;;;;ja;;;;;ja
Duschrinne Basis-Set Edelstahl V2A mit EPS-Träger Länge 70 cm;;;441000702;Dural GmbH;10000;209,38;;DISCOUNT_PCT;50;;DISCOUNT_PCT;0;;;;;;;;;;070.010.0090;;;;;;;;;;;;;;;;;;;;;;;ja;;;;;;;;;;;;;;;;;;ja;;;;;ja
Duschrinne Basis-Set Edelstahl V2A mit EPS-Träger Länge 80 cm;;;441000802;Dural GmbH;10000;223,34;;DISCOUNT_PCT;50;;DISCOUNT_PCT;0;;;;;;;;;;070.010.0100;;;;;;;;;;;;;;;;;;;;;;;ja;;;;;;;;;;;;;;;;;;ja;;;;;ja
Duschrinne Basis-Set Edelstahl V2A mit EPS-Träger Länge 90 cm;;;441000902;Dural GmbH;10000;233,8;;DISCOUNT_PCT;50;;DISCOUNT_PCT;0;;;;;;;;;;070.010.0110;;;;;;;;;;;;;;;;;;;;;;;ja;;;;;;;;;;;;;;;;;;ja;;;;;ja
Duschrinne Basis-Set Edelstahl V2A mit EPS-Träger Länge 100 cm;;;441001002;Dural GmbH;10000;244,28;;DISCOUNT_PCT;50;;DISCOUNT_PCT;0;;;;;;;;;;070.010.0120;;;;;;;;;;;;;;;;;;;;;;;ja;;;;;;;;;;;;;;;;;;ja;;;;;ja
Ultraflache Duschrinne Komplettset Edelstahl V2A Rost Square Länge 110 cm;;;44110055;Dural GmbH;10000;581,1;;DISCOUNT_PCT;50;;DISCOUNT_PCT;0;;;;;;;;;;070.010.0130;;;;;;;;;;;;;;;;;;;;;;;ja;;;;;;;;;;;;;;;;;;ja;;;;;ja
Ultraflache Duschrinne Komplettset Edelstahl V2A Rost Square Länge 120 cm;;;44120055;Dural GmbH;10000;608,12;;DISCOUNT_PCT;50;;DISCOUNT_PCT;0;;;;;;;;;;070.010.0140;;;;;;;;;;;;;;;;;;;;;;;ja;;;;;;;;;;;;;;;;;;ja;;;;;ja
Designabdeckung Doubleface Edelstahl V2A gebürstet natur Länge 60 cm;;;442006002;Dural GmbH;10000;162,76;;DISCOUNT_PCT;50;;DISCOUNT_PCT;0;;;;;;;;;;070.010.0150;;;;;;;;;;;;;;;;;;;;;;;ja;;;;;;;;;;;;;;;;;;ja;;;;;ja
Designabdeckung Doubleface Edelstahl V2A strukturbeschichtet schwarz matt (RAL 9005) Länge 60 cm;;;442006011;Dural GmbH;10000;203,44;;DISCOUNT_PCT;50;;DISCOUNT_PCT;0;;;;;;;;;;070.010.0160;;;;;;;;;;;;;;;;;;;;;;;ja;;;;;;;;;;;;;;;;;;ja;;;;;ja
Designabdeckung Penta Edelstahl V2A gebürstet natur Länge 60 cm;;;442006012;Dural GmbH;10000;203,44;;DISCOUNT_PCT;50;;DISCOUNT_PCT;0;;;;;;;;;;070.010.0170;;;;;;;;;;;;;;;;;;;;;;;ja;;;;;;;;;;;;;;;;;;ja;;;;;ja
Designabdeckung Line Edelstahl V2A gebürstet natur Länge 60 cm;;;442006022;Dural GmbH;10000;187,16;;DISCOUNT_PCT;50;;DISCOUNT_PCT;0;;;;;;;;;;070.010.0180;;;;;;;;;;;;;;;;;;;;;;;ja;;;;;;;;;;;;;;;;;;ja;;;;;ja
Designabdeckung Doubleface Edelstahl V2A strukturbeschichtet betongrau RAL 0006500 Länge 60 cm;;;442006065;Dural GmbH;10000;203,44;;DISCOUNT_PCT;50;;DISCOUNT_PCT;0;;;;;;;;;;070.010.0190;;;;;;;;;;;;;;;;;;;;;;;ja;;;;;;;;;;;;;;;;;;ja;;;;;ja
Designabdeckung Doubleface Edelstahl V2A strukturbeschichtet sand (RAL 0808005) Länge 60 cm;;;442006080;Dural GmbH;10000;203,44;;DISCOUNT_PCT;50;;DISCOUNT_PCT;0;;;;;;;;;;070.010.0200;;;;;;;;;;;;;;;;;;;;;;;ja;;;;;;;;;;;;;;;;;;ja;;;;;ja
Designabdeckung Penta Edelstahl V2A strukturbeschichtet schwarz matt (RAL 9005) Länge 60 cm;;;442006211;Dural GmbH;10000;254,3;;DISCOUNT_PCT;50;;DISCOUNT_PCT;0;;;;;;;;;;070.010.0210;;;;;;;;;;;;;;;;;;;;;;;ja;;;;;;;;;;;;;;;;;;ja;;;;;ja
Designabdeckung Penta Edelstahl V2A strukturbeschichtet betongrau RAL 0006500 Länge 60 cm;;;442006265;Dural GmbH;10000;254,3;;DISCOUNT_PCT;50;;DISCOUNT_PCT;0;;;;;;;;;;070.010.0220;;;;;;;;;;;;;;;;;;;;;;;ja;;;;;;;;;;;;;;;;;;ja;;;;;ja
Designabdeckung Penta Edelstahl V2A strukturbeschichtet sand (RAL 0808005) Länge 60 cm;;;442006280;Dural GmbH;10000;254,3;;DISCOUNT_PCT;50;;DISCOUNT_PCT;0;;;;;;;;;;070.010.0230;;;;;;;;;;;;;;;;;;;;;;;ja;;;;;;;;;;;;;;;;;;ja;;;;;ja
Designabdeckung Line Edelstahl V2A strukturbeschichtet schwarz matt (RAL 9005) Länge 60 cm;;;442006311;Dural GmbH;10000;233,96;;DISCOUNT_PCT;50;;DISCOUNT_PCT;0;;;;;;;;;;070.010.0240;;;;;;;;;;;;;;;;;;;;;;;ja;;;;;;;;;;;;;;;;;;ja;;;;;ja
Designabdeckung Line Edelstahl V2A strukturbeschichtet betongrau RAL 0006500 Länge 60 cm;;;442006365;Dural GmbH;10000;233,96;;DISCOUNT_PCT;50;;DISCOUNT_PCT;0;;;;;;;;;;070.010.0250;;;;;;;;;;;;;;;;;;;;;;;ja;;;;;;;;;;;;;;;;;;ja;;;;;ja
Designabdeckung Line Edelstahl V2A strukturbeschichtet sand (RAL 0808005) Länge 60 cm;;;442006380;Dural GmbH;10000;233,96;;DISCOUNT_PCT;50;;DISCOUNT_PCT;0;;;;;;;;;;070.010.0260;;;;;;;;;;;;;;;;;;;;;;;ja;;;;;;;;;;;;;;;;;;ja;;;;;ja
Designabdeckung Doubleface Edelstahl V2A gebürstet natur Länge 70 cm;;;442007002;Dural GmbH;10000;171,34;;DISCOUNT_PCT;50;;DISCOUNT_PCT;0;;;;;;;;;;070.010.0270;;;;;;;;;;;;;;;;;;;;;;;ja;;;;;;;;;;;;;;;;;;ja;;;;;ja
Designabdeckung Doubleface Edelstahl V2A strukturbeschichtet schwarz matt (RAL 9005) Länge 70 cm;;;442007011;Dural GmbH;10000;214,16;;DISCOUNT_PCT;50;;DISCOUNT_PCT;0;;;;;;;;;;070.010.0280;;;;;;;;;;;;;;;;;;;;;;;ja;;;;;;;;;;;;;;;;;;ja;;;;;ja
Designabdeckung Penta Edelstahl V2A gebürstet natur Länge 70 cm;;;442007012;Dural GmbH;10000;214,16;;DISCOUNT_PCT;50;;DISCOUNT_PCT;0;;;;;;;;;;070.010.0290;;;;;;;;;;;;;;;;;;;;;;;ja;;;;;;;;;;;;;;;;;;ja;;;;;ja
Designabdeckung Line Edelstahl V2A gebürstet natur Länge 70 cm;;;442007022;Dural GmbH;10000;197,02;;DISCOUNT_PCT;50;;DISCOUNT_PCT;0;;;;;;;;;;070.010.0300;;;;;;;;;;;;;;;;;;;;;;;ja;;;;;;;;;;;;;;;;;;ja;;;;;ja
Designabdeckung Doubleface Edelstahl V2A strukturbeschichtet betongrau RAL 0006500 Länge 70 cm;;;442007065;Dural GmbH;10000;214,16;;DISCOUNT_PCT;50;;DISCOUNT_PCT;0;;;;;;;;;;070.010.0310;;;;;;;;;;;;;;;;;;;;;;;ja;;;;;;;;;;;;;;;;;;ja;;;;;ja
Designabdeckung Doubleface Edelstahl V2A strukturbeschichtet sand (RAL 0808005) Länge 70 cm;;;442007080;Dural GmbH;10000;214,16;;DISCOUNT_PCT;50;;DISCOUNT_PCT;0;;;;;;;;;;070.010.0320;;;;;;;;;;;;;;;;;;;;;;;ja;;;;;;;;;;;;;;;;;;ja;;;;;ja
Designabdeckung Penta Edelstahl V2A strukturbeschichtet schwarz matt (RAL 9005) Länge 70 cm;;;442007211;Dural GmbH;10000;267,68;;DISCOUNT_PCT;50;;DISCOUNT_PCT;0;;;;;;;;;;070.010.0330;;;;;;;;;;;;;;;;;;;;;;;ja;;;;;;;;;;;;;;;;;;ja;;;;;ja
Designabdeckung Penta Edelstahl V2A strukturbeschichtet betongrau RAL 0006500 Länge 70 cm;;;442007265;Dural GmbH;10000;267,68;;DISCOUNT_PCT;50;;DISCOUNT_PCT;0;;;;;;;;;;070.010.0340;;;;;;;;;;;;;;;;;;;;;;;ja;;;;;;;;;;;;;;;;;;ja;;;;;ja
Designabdeckung Penta Edelstahl V2A strukturbeschichtet sand (RAL 0808005) Länge 70 cm;;;442007280;Dural GmbH;10000;267,68;;DISCOUNT_PCT;50;;DISCOUNT_PCT;0;;;;;;;;;;070.010.0350;;;;;;;;;;;;;;;;;;;;;;;ja;;;;;;;;;;;;;;;;;;ja;;;;;ja
Designabdeckung Line Edelstahl V2A strukturbeschichtet schwarz matt (RAL 9005) Länge 70 cm;;;442007311;Dural GmbH;10000;246,28;;DISCOUNT_PCT;50;;DISCOUNT_PCT;0;;;;;;;;;;070.010.0360;;;;;;;;;;;;;;;;;;;;;;;ja;;;;;;;;;;;;;;;;;;ja;;;;;ja
Designabdeckung Line Edelstahl V2A strukturbeschichtet betongrau RAL 0006500 Länge 70 cm;;;442007365;Dural GmbH;10000;246,28;;DISCOUNT_PCT;50;;DISCOUNT_PCT;0;;;;;;;;;;070.010.0370;;;;;;;;;;;;;;;;;;;;;;;ja;;;;;;;;;;;;;;;;;;ja;;;;;ja
Designabdeckung Line Edelstahl V2A strukturbeschichtet sand (RAL 0808005) Länge 70 cm;;;442007380;Dural GmbH;10000;246,28;;DISCOUNT_PCT;50;;DISCOUNT_PCT;0;;;;;;;;;;070.010.0380;;;;;;;;;;;;;;;;;;;;;;;ja;;;;;;;;;;;;;;;;;;ja;;;;;ja
Designabdeckung Doubleface Edelstahl V2A strukturbeschichtet schwarz matt (RAL 9005) Länge 80 cm;;;442008011;Dural GmbH;10000;228,42;;DISCOUNT_PCT;50;;DISCOUNT_PCT;0;;;;;;;;;;070.010.0390;;;;;;;;;;;;;;;;;;;;;;;ja;;;;;;;;;;;;;;;;;;ja;;;;;ja
Designabdeckung Penta Edelstahl V2A gebürstet natur Länge 80 cm;;;442008012;Dural GmbH;10000;228,42;;DISCOUNT_PCT;50;;DISCOUNT_PCT;0;;;;;;;;;;070.010.0400;;;;;;;;;;;;;;;;;;;;;;;ja;;;;;;;;;;;;;;;;;;ja;;;;;ja
Designabdeckung Doubleface Edelstahl V2A gebürstet natur Länge 80 cm;;;442008022;Dural GmbH;10000;182,74;;DISCOUNT_PCT;50;;DISCOUNT_PCT;0;;;;;;;;;;070.010.0410;;;;;;;;;;;;;;;;;;;;;;;ja;;;;;;;;;;;;;;;;;;ja;;;;;ja
Designabdeckung Line Edelstahl V2A gebürstet natur Länge 80 cm;;;442008024;Dural GmbH;10000;210,14;;DISCOUNT_PCT;50;;DISCOUNT_PCT;0;;;;;;;;;;070.010.0420;;;;;;;;;;;;;;;;;;;;;;;ja;;;;;;;;;;;;;;;;;;ja;;;;;ja
Designabdeckung Doubleface Edelstahl V2A strukturbeschichtet betongrau RAL 0006500 Länge 80 cm;;;442008065;Dural GmbH;10000;228,42;;DISCOUNT_PCT;50;;DISCOUNT_PCT;0;;;;;;;;;;070.010.0430;;;;;;;;;;;;;;;;;;;;;;;ja;;;;;;;;;;;;;;;;;;ja;;;;;ja
Designabdeckung Doubleface Edelstahl V2A strukturbeschichtet sand (RAL 0808005) Länge 80 cm;;;442008080;Dural GmbH;10000;228,42;;DISCOUNT_PCT;50;;DISCOUNT_PCT;0;;;;;;;;;;070.010.0440;;;;;;;;;;;;;;;;;;;;;;;ja;;;;;;;;;;;;;;;;;;ja;;;;;ja
Designabdeckung Penta Edelstahl V2A strukturbeschichtet schwarz matt (RAL 9005) Länge 80 cm;;;442008211;Dural GmbH;10000;285,52;;DISCOUNT_PCT;50;;DISCOUNT_PCT;0;;;;;;;;;;070.010.0450;;;;;;;;;;;;;;;;;;;;;;;ja;;;;;;;;;;;;;;;;;;ja;;;;;ja
Designabdeckung Doubleface Edelstahl V2A strukturbeschichtet weiss matt (RAL 9003) Länge 80 cm;;;442008212;Dural GmbH;10000;228,42;;DISCOUNT_PCT;50;;DISCOUNT_PCT;0;;;;;;;;;;070.010.0460;;;;;;;;;;;;;;;;;;;;;;;ja;;;;;;;;;;;;;;;;;;ja;;;;;ja
Designabdeckung Penta Edelstahl V2A strukturbeschichtet weiss matt (RAL 9003) Länge 80 cm;;;442008222;Dural GmbH;10000;285,52;;DISCOUNT_PCT;50;;DISCOUNT_PCT;0;;;;;;;;;;070.010.0470;;;;;;;;;;;;;;;;;;;;;;;ja;;;;;;;;;;;;;;;;;;ja;;;;;ja
Designabdeckung Penta Edelstahl V2A strukturbeschichtet betongrau RAL 0006500 Länge 80 cm;;;442008265;Dural GmbH;10000;285,52;;DISCOUNT_PCT;50;;DISCOUNT_PCT;0;;;;;;;;;;070.010.0480;;;;;;;;;;;;;;;;;;;;;;;ja;;;;;;;;;;;;;;;;;;ja;;;;;ja
Designabdeckung Penta Edelstahl V2A strukturbeschichtet sand (RAL 0808005) Länge 80 cm;;;442008280;Dural GmbH;10000;285,52;;DISCOUNT_PCT;50;;DISCOUNT_PCT;0;;;;;;;;;;070.010.0490;;;;;;;;;;;;;;;;;;;;;;;ja;;;;;;;;;;;;;;;;;;ja;;;;;ja
Designabdeckung Line Edelstahl V2A strukturbeschichtet schwarz matt (RAL 9005) Länge 80 cm;;;442008311;Dural GmbH;10000;262,66;;DISCOUNT_PCT;50;;DISCOUNT_PCT;0;;;;;;;;;;070.010.0500;;;;;;;;;;;;;;;;;;;;;;;ja;;;;;;;;;;;;;;;;;;ja;;;;;ja
Designabdeckung Line Edelstahl V2A strukturbeschichtet weiss matt (RAL 9003) Länge 80 cm;;;442008312;Dural GmbH;10000;262,66;;DISCOUNT_PCT;50;;DISCOUNT_PCT;0;;;;;;;;;;070.010.0510;;;;;;;;;;;;;;;;;;;;;;;ja;;;;;;;;;;;;;;;;;;ja;;;;;ja
Designabdeckung Line Edelstahl V2A strukturbeschichtet betongrau RAL 0006500 Länge 80 cm;;;442008365;Dural GmbH;10000;262,66;;DISCOUNT_PCT;50;;DISCOUNT_PCT;0;;;;;;;;;;070.010.0520;;;;;;;;;;;;;;;;;;;;;;;ja;;;;;;;;;;;;;;;;;;ja;;;;;ja
Designabdeckung Line Edelstahl V2A strukturbeschichtet sand (RAL 0808005) Länge 80 cm;;;442008380;Dural GmbH;10000;262,66;;DISCOUNT_PCT;50;;DISCOUNT_PCT;0;;;;;;;;;;070.010.0530;;;;;;;;;;;;;;;;;;;;;;;ja;;;;;;;;;;;;;;;;;;ja;;;;;ja
Designabdeckung Doubleface Edelstahl V2A strukturbeschichtet schwarz matt (RAL 9005) Länge 90 cm;;;442009011;Dural GmbH;10000;239,1;;DISCOUNT_PCT;50;;DISCOUNT_PCT;0;;;;;;;;;;070.010.0540;;;;;;;;;;;;;;;;;;;;;;;ja;;;;;;;;;;;;;;;;;;ja;;;;;ja
Designabdeckung Penta Edelstahl V2A gebürstet natur Länge 90 cm;;;442009012;Dural GmbH;10000;239,1;;DISCOUNT_PCT;50;;DISCOUNT_PCT;0;;;;;;;;;;070.010.0550;;;;;;;;;;;;;;;;;;;;;;;ja;;;;;;;;;;;;;;;;;;ja;;;;;ja
Designabdeckung Doubleface Edelstahl V2A gebürstet natur Länge 90 cm;;;442009022;Dural GmbH;10000;191,3;;DISCOUNT_PCT;50;;DISCOUNT_PCT;0;;;;;;;;;;070.010.0560;;;;;;;;;;;;;;;;;;;;;;;ja;;;;;;;;;;;;;;;;;;ja;;;;;ja
Designabdeckung Line Edelstahl V2A gebürstet natur Länge 90 cm;;;442009024;Dural GmbH;10000;219,98;;DISCOUNT_PCT;50;;DISCOUNT_PCT;0;;;;;;;;;;070.010.0570;;;;;;;;;;;;;;;;;;;;;;;ja;;;;;;;;;;;;;;;;;;ja;;;;;ja
Designabdeckung Doubleface Edelstahl V2A strukturbeschichtet betongrau RAL 0006500 Länge 90 cm;;;442009065;Dural GmbH;10000;239,1;;DISCOUNT_PCT;50;;DISCOUNT_PCT;0;;;;;;;;;;070.010.0580;;;;;;;;;;;;;;;;;;;;;;;ja;;;;;;;;;;;;;;;;;;ja;;;;;ja
Designabdeckung Doubleface Edelstahl V2A strukturbeschichtet sand (RAL 0808005) Länge 90 cm;;;442009080;Dural GmbH;10000;239,1;;DISCOUNT_PCT;50;;DISCOUNT_PCT;0;;;;;;;;;;070.010.0590;;;;;;;;;;;;;;;;;;;;;;;ja;;;;;;;;;;;;;;;;;;ja;;;;;ja
Designabdeckung Penta Edelstahl V2A strukturbeschichtet schwarz matt (RAL 9005) Länge 90 cm;;;442009211;Dural GmbH;10000;298,88;;DISCOUNT_PCT;50;;DISCOUNT_PCT;0;;;;;;;;;;070.010.0600;;;;;;;;;;;;;;;;;;;;;;;ja;;;;;;;;;;;;;;;;;;ja;;;;;ja
Designabdeckung Doubleface Edelstahl V2A strukturbeschichtet weiss matt (RAL 9003) Länge 90 cm;;;442009212;Dural GmbH;10000;239,1;;DISCOUNT_PCT;50;;DISCOUNT_PCT;0;;;;;;;;;;070.010.0610;;;;;;;;;;;;;;;;;;;;;;;ja;;;;;;;;;;;;;;;;;;ja;;;;;ja
Designabdeckung Penta Edelstahl V2A strukturbeschichtet weiss matt (RAL 9003) Länge 90 cm;;;442009222;Dural GmbH;10000;298,88;;DISCOUNT_PCT;50;;DISCOUNT_PCT;0;;;;;;;;;;070.010.0620;;;;;;;;;;;;;;;;;;;;;;;ja;;;;;;;;;;;;;;;;;;ja;;;;;ja
Designabdeckung Penta Edelstahl V2A strukturbeschichtet betongrau RAL 0006500 Länge 90 cm;;;442009265;Dural GmbH;10000;298,88;;DISCOUNT_PCT;50;;DISCOUNT_PCT;0;;;;;;;;;;070.010.0630;;;;;;;;;;;;;;;;;;;;;;;ja;;;;;;;;;;;;;;;;;;ja;;;;;ja
Designabdeckung Penta Edelstahl V2A strukturbeschichtet sand (RAL 0808005) Länge 90 cm;;;442009280;Dural GmbH;10000;298,88;;DISCOUNT_PCT;50;;DISCOUNT_PCT;0;;;;;;;;;;070.010.0640;;;;;;;;;;;;;;;;;;;;;;;ja;;;;;;;;;;;;;;;;;;ja;;;;;ja
Designabdeckung Line Edelstahl V2A strukturbeschichtet schwarz matt (RAL 9005) Länge 90 cm;;;442009311;Dural GmbH;10000;274,98;;DISCOUNT_PCT;50;;DISCOUNT_PCT;0;;;;;;;;;;070.010.0650;;;;;;;;;;;;;;;;;;;;;;;ja;;;;;;;;;;;;;;;;;;ja;;;;;ja
Designabdeckung Line Edelstahl V2A strukturbeschichtet weiss matt (RAL 9003) Länge 90 cm;;;442009312;Dural GmbH;10000;274,98;;DISCOUNT_PCT;50;;DISCOUNT_PCT;0;;;;;;;;;;070.010.0660;;;;;;;;;;;;;;;;;;;;;;;ja;;;;;;;;;;;;;;;;;;ja;;;;;ja
Designabdeckung Line Edelstahl V2A strukturbeschichtet betongrau RAL 0006500 Länge 90 cm;;;442009365;Dural GmbH;10000;274,98;;DISCOUNT_PCT;50;;DISCOUNT_PCT;0;;;;;;;;;;070.010.0670;;;;;;;;;;;;;;;;;;;;;;;ja;;;;;;;;;;;;;;;;;;ja;;;;;ja
Designabdeckung Line Edelstahl V2A strukturbeschichtet sand (RAL 0808005) Länge 90 cm;;;442009380;Dural GmbH;10000;274,98;;DISCOUNT_PCT;50;;DISCOUNT_PCT;0;;;;;;;;;;070.010.0680;;;;;;;;;;;;;;;;;;;;;;;ja;;;;;;;;;;;;;;;;;;ja;;;;;ja
Designabdeckung Doubleface Edelstahl V2A gebürstet natur Länge 100 cm;;;442010002;Dural GmbH;10000;199,86;;DISCOUNT_PCT;50;;DISCOUNT_PCT;0;;;;;;;;;;070.010.0690;;;;;;;;;;;;;;;;;;;;;;;ja;;;;;;;;;;;;;;;;;;ja;;;;;ja
Designabdeckung Doubleface Edelstahl V2A strukturbeschichtet schwarz matt (RAL 9005) Länge 100 cm;;;442010011;Dural GmbH;10000;249,82;;DISCOUNT_PCT;50;;DISCOUNT_PCT;0;;;;;;;;;;070.010.0700;;;;;;;;;;;;;;;;;;;;;;;ja;;;;;;;;;;;;;;;;;;ja;;;;;ja
Designabdeckung Penta Edelstahl V2A gebürstet natur Länge 100 cm;;;442010012;Dural GmbH;10000;249,82;;DISCOUNT_PCT;50;;DISCOUNT_PCT;0;;;;;;;;;;070.010.0710;;;;;;;;;;;;;;;;;;;;;;;ja;;;;;;;;;;;;;;;;;;ja;;;;;ja
Designabdeckung Line Edelstahl V2A gebürstet natur Länge 100 cm;;;442010022;Dural GmbH;10000;229,84;;DISCOUNT_PCT;50;;DISCOUNT_PCT;0;;;;;;;;;;070.010.0720;;;;;;;;;;;;;;;;;;;;;;;ja;;;;;;;;;;;;;;;;;;ja;;;;;ja
Designabdeckung Doubleface Edelstahl V2A strukturbeschichtet betongrau RAL 0006500 Länge 100 cm;;;442010065;Dural GmbH;10000;249,82;;DISCOUNT_PCT;50;;DISCOUNT_PCT;0;;;;;;;;;;070.010.0730;;;;;;;;;;;;;;;;;;;;;;;ja;;;;;;;;;;;;;;;;;;ja;;;;;ja
Designabdeckung Doubleface Edelstahl V2A strukturbeschichtet sand (RAL 0808005) Länge 100 cm;;;442010080;Dural GmbH;10000;249,82;;DISCOUNT_PCT;50;;DISCOUNT_PCT;0;;;;;;;;;;070.010.0740;;;;;;;;;;;;;;;;;;;;;;;ja;;;;;;;;;;;;;;;;;;ja;;;;;ja
Designabdeckung Penta Edelstahl V2A strukturbeschichtet schwarz matt (RAL 9005) Länge 100 cm;;;442010211;Dural GmbH;10000;312,28;;DISCOUNT_PCT;50;;DISCOUNT_PCT;0;;;;;;;;;;070.010.0750;;;;;;;;;;;;;;;;;;;;;;;ja;;;;;;;;;;;;;;;;;;ja;;;;;ja
Designabdeckung Penta Edelstahl V2A strukturbeschichtet betongrau RAL 0006500 Länge 100 cm;;;442010265;Dural GmbH;10000;312,28;;DISCOUNT_PCT;50;;DISCOUNT_PCT;0;;;;;;;;;;070.010.0760;;;;;;;;;;;;;;;;;;;;;;;ja;;;;;;;;;;;;;;;;;;ja;;;;;ja
Designabdeckung Penta Edelstahl V2A strukturbeschichtet sand (RAL 0808005) Länge 100 cm;;;442010280;Dural GmbH;10000;312,28;;DISCOUNT_PCT;50;;DISCOUNT_PCT;0;;;;;;;;;;070.010.0770;;;;;;;;;;;;;;;;;;;;;;;ja;;;;;;;;;;;;;;;;;;ja;;;;;ja
Designabdeckung Line Edelstahl V2A strukturbeschichtet schwarz matt (RAL 9005) Länge 100 cm;;;442010311;Dural GmbH;10000;287,3;;DISCOUNT_PCT;50;;DISCOUNT_PCT;0;;;;;;;;;;070.010.0780;;;;;;;;;;;;;;;;;;;;;;;ja;;;;;;;;;;;;;;;;;;ja;;;;;ja
Designabdeckung Line Edelstahl V2A strukturbeschichtet betongrau RAL 0006500 Länge 100 cm;;;442010365;Dural GmbH;10000;287,3;;DISCOUNT_PCT;50;;DISCOUNT_PCT;0;;;;;;;;;;070.010.0790;;;;;;;;;;;;;;;;;;;;;;;ja;;;;;;;;;;;;;;;;;;ja;;;;;ja
Designabdeckung Line Edelstahl V2A strukturbeschichtet sand (RAL 0808005) Länge 100 cm;;;442010380;Dural GmbH;10000;287,3;;DISCOUNT_PCT;50;;DISCOUNT_PCT;0;;;;;;;;;;070.010.0800;;;;;;;;;;;;;;;;;;;;;;;ja;;;;;;;;;;;;;;;;;;ja;;;;;ja
Ablaufkörper vertikal DN 50, DN 75 für Duschrinne;;;444005075;Dural GmbH;10000;65,98;;DISCOUNT_PCT;50;;DISCOUNT_PCT;0;;;;;;;;;;070.010.0810;;;;;;;;;;;;;;;;;;;;;;;ja;;;;;;;;;;;;;;;;;;ja;;;;;ja
Duschrinne Komplettset Edelstahl V2A frei platzierbar gebürstet natur Designabdeckung 70 mm Länge 80 cm;;;4440080702;Dural GmbH;10000;438,9;;DISCOUNT_PCT;50;;DISCOUNT_PCT;0;;;;;;;;;;070.010.0820;;;;;;;;;;;;;;;;;;;;;;;ja;;;;;;;;;;;;;;;;;;ja;;;;;ja
Duschrinne Komplettset Edelstahl V2A frei platzierbar pulverbeschichtet schwarz matt (RAL 9005) Designabdeckung 70 mm Länge 80 cm;;;4440080711;Dural GmbH;10000;570,58;;DISCOUNT_PCT;50;;DISCOUNT_PCT;0;;;;;;;;;;070.010.0830;;;;;;;;;;;;;;;;;;;;;;;ja;;;;;;;;;;;;;;;;;;ja;;;;;ja
Duschrinne Komplettset Edelstahl V2A frei platzierbar pulverbeschichtet weiss matt (RAL 9003) Designabdeckung 70 mm Länge 80 cm;;;4440080712;Dural GmbH;10000;570,58;;DISCOUNT_PCT;50;;DISCOUNT_PCT;0;;;;;;;;;;070.010.0840;;;;;;;;;;;;;;;;;;;;;;;ja;;;;;;;;;;;;;;;;;;ja;;;;;ja
Duschrinne Komplettset Edelstahl V2A frei platzierbar gebürstet natur Designabdeckung 100 mm Länge 80 cm;;;4440080902;Dural GmbH;10000;438,9;;DISCOUNT_PCT;50;;DISCOUNT_PCT;0;;;;;;;;;;070.010.0850;;;;;;;;;;;;;;;;;;;;;;;ja;;;;;;;;;;;;;;;;;;ja;;;;;ja
Duschrinne Komplettset Edelstahl V2A frei platzierbar pulverbeschichtet schwarz matt (RAL 9005) Designabdeckung 100 mm Länge 80 cm;;;4440080911;Dural GmbH;10000;570,58;;DISCOUNT_PCT;50;;DISCOUNT_PCT;0;;;;;;;;;;070.010.0860;;;;;;;;;;;;;;;;;;;;;;;ja;;;;;;;;;;;;;;;;;;ja;;;;;ja
Duschrinne Komplettset Edelstahl V2A frei platzierbar pulverbeschichtet weiss matt (RAL 9003) Designabdeckung 100 mm Länge 80 cm;;;4440080912;Dural GmbH;10000;570,58;;DISCOUNT_PCT;50;;DISCOUNT_PCT;0;;;;;;;;;;070.010.0870;;;;;;;;;;;;;;;;;;;;;;;ja;;;;;;;;;;;;;;;;;;ja;;;;;ja
Duschrinne Komplettset Edelstahl V2A frei platzierbar gebürstet natur Designabdeckung 70 mm Länge 100 cm;;;4440100702;Dural GmbH;10000;450,16;;DISCOUNT_PCT;50;;DISCOUNT_PCT;0;;;;;;;;;;070.010.0880;;;;;;;;;;;;;;;;;;;;;;;ja;;;;;;;;;;;;;;;;;;ja;;;;;ja
Duschrinne Komplettset Edelstahl V2A frei platzierbar pulverbeschichtet schwarz matt (RAL 9005) Designabdeckung 70 mm Länge 100 cm;;;4440100711;Dural GmbH;10000;585,2;;DISCOUNT_PCT;50;;DISCOUNT_PCT;0;;;;;;;;;;070.010.0890;;;;;;;;;;;;;;;;;;;;;;;ja;;;;;;;;;;;;;;;;;;ja;;;;;ja
Duschrinne Komplettset Edelstahl V2A frei platzierbar pulverbeschichtet weiss matt (RAL 9003) Designabdeckung 70 mm Länge 100 cm;;;4440100712;Dural GmbH;10000;585,2;;DISCOUNT_PCT;50;;DISCOUNT_PCT;0;;;;;;;;;;070.010.0900;;;;;;;;;;;;;;;;;;;;;;;ja;;;;;;;;;;;;;;;;;;ja;;;;;ja
Duschrinne Komplettset Edelstahl V2A frei platzierbar gebürstet natur Designabdeckung 100 mm Länge 100 cm;;;4440100902;Dural GmbH;10000;450,16;;DISCOUNT_PCT;50;;DISCOUNT_PCT;0;;;;;;;;;;070.010.0910;;;;;;;;;;;;;;;;;;;;;;;ja;;;;;;;;;;;;;;;;;;ja;;;;;ja
Duschrinne Komplettset Edelstahl V2A frei platzierbar pulverbeschichtet schwarz matt (RAL 9005) Designabdeckung 100 mm Länge 100 cm;;;4440100911;Dural GmbH;10000;585,2;;DISCOUNT_PCT;50;;DISCOUNT_PCT;0;;;;;;;;;;070.010.0920;;;;;;;;;;;;;;;;;;;;;;;ja;;;;;;;;;;;;;;;;;;ja;;;;;ja
Duschrinne Komplettset Edelstahl V2A frei platzierbar pulverbeschichtet weiss matt (RAL 9003) Designabdeckung 100 mm Länge 100 cm;;;4440100912;Dural GmbH;10000;585,2;;DISCOUNT_PCT;50;;DISCOUNT_PCT;0;;;;;;;;;;070.010.0930;;;;;;;;;;;;;;;;;;;;;;;ja;;;;;;;;;;;;;;;;;;ja;;;;;ja
Duschrinne Komplettset Edelstahl V2A frei platzierbar gebürstet natur Designabdeckung 70 mm Länge 120 cm;;;4440120702;Dural GmbH;10000;461,7;;DISCOUNT_PCT;50;;DISCOUNT_PCT;0;;;;;;;;;;070.010.0940;;;;;;;;;;;;;;;;;;;;;;;ja;;;;;;;;;;;;;;;;;;ja;;;;;ja
Duschrinne Komplettset Edelstahl V2A frei platzierbar pulverbeschichtet schwarz matt (RAL 9005) Designabdeckung 70 mm Länge 120 cm;;;4440120711;Dural GmbH;10000;596,2;;DISCOUNT_PCT;50;;DISCOUNT_PCT;0;;;;;;;;;;070.010.0950;;;;;;;;;;;;;;;;;;;;;;;ja;;;;;;;;;;;;;;;;;;ja;;;;;ja
Duschrinne Komplettset Edelstahl V2A frei platzierbar pulverbeschichtet weiss matt (RAL 9003) Designabdeckung 70 mm Länge 120 cm;;;4440120712;Dural GmbH;10000;596,2;;DISCOUNT_PCT;50;;DISCOUNT_PCT;0;;;;;;;;;;070.010.0960;;;;;;;;;;;;;;;;;;;;;;;ja;;;;;;;;;;;;;;;;;;ja;;;;;ja
Duschrinne Komplettset Edelstahl V2A frei platzierbar gebürstet natur Designabdeckung 100 mm Länge 120 cm;;;4440120902;Dural GmbH;10000;461,7;;DISCOUNT_PCT;50;;DISCOUNT_PCT;0;;;;;;;;;;070.010.0970;;;;;;;;;;;;;;;;;;;;;;;ja;;;;;;;;;;;;;;;;;;ja;;;;;ja
Duschrinne Komplettset Edelstahl V2A frei platzierbar pulverbeschichtet schwarz matt (RAL 9005) Designabdeckung 100 mm Länge 120 cm;;;4440120911;Dural GmbH;10000;596,2;;DISCOUNT_PCT;50;;DISCOUNT_PCT;0;;;;;;;;;;070.010.0980;;;;;;;;;;;;;;;;;;;;;;;ja;;;;;;;;;;;;;;;;;;ja;;;;;ja
Duschrinne Komplettset Edelstahl V2A frei platzierbar pulverbeschichtet weiss matt (RAL 9003) Designabdeckung 100 mm Länge 120 cm;;;4440120912;Dural GmbH;10000;596,1;;DISCOUNT_PCT;50;;DISCOUNT_PCT;0;;;;;;;;;;070.010.0990;;;;;;;;;;;;;;;;;;;;;;;ja;;;;;;;;;;;;;;;;;;ja;;;;;ja
Duschrinne Komplettset Edelstahl V2A wandnah gebürstet natur Designabdeckung 70 mm Länge 80 cm;;;4441080702;Dural GmbH;10000;438,9;;DISCOUNT_PCT;50;;DISCOUNT_PCT;0;;;;;;;;;;070.010.1000;;;;;;;;;;;;;;;;;;;;;;;ja;;;;;;;;;;;;;;;;;;ja;;;;;ja
Duschrinne Komplettset Edelstahl V2A wandnah pulverbeschichtet schwarz matt (RAL 9005) Designabdeckung 70 mm Länge 80 cm;;;4441080711;Dural GmbH;10000;570,58;;DISCOUNT_PCT;50;;DISCOUNT_PCT;0;;;;;;;;;;070.010.1010;;;;;;;;;;;;;;;;;;;;;;;ja;;;;;;;;;;;;;;;;;;ja;;;;;ja
Duschrinne Komplettset Edelstahl V2A wandnah pulverbeschichtet weiss matt (RAL 9003) Designabdeckung 70 mm Länge 80 cm;;;4441080712;Dural GmbH;10000;570,58;;DISCOUNT_PCT;50;;DISCOUNT_PCT;0;;;;;;;;;;070.010.1020;;;;;;;;;;;;;;;;;;;;;;;ja;;;;;;;;;;;;;;;;;;ja;;;;;ja
Duschrinne Komplettset Edelstahl V2A wandnah gebürstet natur Designabdeckung 100 mm Länge 80 cm;;;4441080902;Dural GmbH;10000;438,9;;DISCOUNT_PCT;50;;DISCOUNT_PCT;0;;;;;;;;;;070.010.1030;;;;;;;;;;;;;;;;;;;;;;;ja;;;;;;;;;;;;;;;;;;ja;;;;;ja
Duschrinne Komplettset Edelstahl V2A wandnah pulverbeschichtet schwarz matt (RAL 9005) Designabdeckung 100 mm Länge 80 cm;;;4441080911;Dural GmbH;10000;570,58;;DISCOUNT_PCT;50;;DISCOUNT_PCT;0;;;;;;;;;;070.010.1040;;;;;;;;;;;;;;;;;;;;;;;ja;;;;;;;;;;;;;;;;;;ja;;;;;ja
Duschrinne Komplettset Edelstahl V2A wandnah pulverbeschichtet weiss matt (RAL 9003) Designabdeckung 100 mm Länge 80 cm;;;4441080912;Dural GmbH;10000;570,58;;DISCOUNT_PCT;50;;DISCOUNT_PCT;0;;;;;;;;;;070.010.1050;;;;;;;;;;;;;;;;;;;;;;;ja;;;;;;;;;;;;;;;;;;ja;;;;;ja
Duschrinne Komplettset Edelstahl V2A wandnah gebürstet natur Designabdeckung 70 mm Länge 100 cm;;;4441100702;Dural GmbH;10000;450,16;;DISCOUNT_PCT;50;;DISCOUNT_PCT;0;;;;;;;;;;070.010.1060;;;;;;;;;;;;;;;;;;;;;;;ja;;;;;;;;;;;;;;;;;;ja;;;;;ja
Duschrinne Komplettset Edelstahl V2A wandnah pulverbeschichtet schwarz matt (RAL 9005) Designabdeckung 70 mm Länge 100 cm;;;4441100711;Dural GmbH;10000;585,2;;DISCOUNT_PCT;50;;DISCOUNT_PCT;0;;;;;;;;;;070.010.1070;;;;;;;;;;;;;;;;;;;;;;;ja;;;;;;;;;;;;;;;;;;ja;;;;;ja
Duschrinne Komplettset Edelstahl V2A wandnah pulverbeschichtet weiss matt (RAL 9003) Designabdeckung 70 mm Länge 100 cm;;;4441100712;Dural GmbH;10000;585,2;;DISCOUNT_PCT;50;;DISCOUNT_PCT;0;;;;;;;;;;070.010.1080;;;;;;;;;;;;;;;;;;;;;;;ja;;;;;;;;;;;;;;;;;;ja;;;;;ja
Duschrinne Komplettset Edelstahl V2A wandnah gebürstet natur Designabdeckung 100 mm Länge 100 cm;;;4441100902;Dural GmbH;10000;450,16;;DISCOUNT_PCT;50;;DISCOUNT_PCT;0;;;;;;;;;;070.010.1090;;;;;;;;;;;;;;;;;;;;;;;ja;;;;;;;;;;;;;;;;;;ja;;;;;ja
Duschrinne Komplettset Edelstahl V2A wandnah pulverbeschichtet schwarz matt (RAL 9005) Designabdeckung 100 mm Länge 100 cm;;;4441100911;Dural GmbH;10000;585,2;;DISCOUNT_PCT;50;;DISCOUNT_PCT;0;;;;;;;;;;070.010.1100;;;;;;;;;;;;;;;;;;;;;;;ja;;;;;;;;;;;;;;;;;;ja;;;;;ja
Duschrinne Komplettset Edelstahl V2A wandnah pulverbeschichtet weiss matt (RAL 9003) Designabdeckung 100 mm Länge 100 cm;;;4441100912;Dural GmbH;10000;585,2;;DISCOUNT_PCT;50;;DISCOUNT_PCT;0;;;;;;;;;;070.010.1110;;;;;;;;;;;;;;;;;;;;;;;ja;;;;;;;;;;;;;;;;;;ja;;;;;ja
Duschrinne Komplettset Edelstahl V2A wandnah gebürstet natur Designabdeckung 70 mm Länge 120 cm;;;4441120702;Dural GmbH;10000;461,7;;DISCOUNT_PCT;50;;DISCOUNT_PCT;0;;;;;;;;;;070.010.1120;;;;;;;;;;;;;;;;;;;;;;;ja;;;;;;;;;;;;;;;;;;ja;;;;;ja
Duschrinne Komplettset Edelstahl V2A wandnah pulverbeschichtet schwarz matt (RAL 9005) Designabdeckung 70 mm Länge 120 cm;;;4441120711;Dural GmbH;10000;596,2;;DISCOUNT_PCT;50;;DISCOUNT_PCT;0;;;;;;;;;;070.010.1130;;;;;;;;;;;;;;;;;;;;;;;ja;;;;;;;;;;;;;;;;;;ja;;;;;ja
Duschrinne Komplettset Edelstahl V2A wandnah pulverbeschichtet weiss matt (RAL 9003) Designabdeckung 70 mm Länge 120 cm;;;4441120712;Dural GmbH;10000;596,2;;DISCOUNT_PCT;50;;DISCOUNT_PCT;0;;;;;;;;;;070.010.1140;;;;;;;;;;;;;;;;;;;;;;;ja;;;;;;;;;;;;;;;;;;ja;;;;;ja
Duschrinne Komplettset Edelstahl V2A wandnah gebürstet natur Designabdeckung 100 mm Länge 120 cm;;;4441120902;Dural GmbH;10000;461,7;;DISCOUNT_PCT;50;;DISCOUNT_PCT;0;;;;;;;;;;070.010.1150;;;;;;;;;;;;;;;;;;;;;;;ja;;;;;;;;;;;;;;;;;;ja;;;;;ja
Duschrinne Komplettset Edelstahl V2A wandnah pulverbeschichtet schwarz matt (RAL 9005) Designabdeckung 100 mm Länge 120 cm;;;4441120911;Dural GmbH;10000;596,2;;DISCOUNT_PCT;50;;DISCOUNT_PCT;0;;;;;;;;;;070.010.1160;;;;;;;;;;;;;;;;;;;;;;;ja;;;;;;;;;;;;;;;;;;ja;;;;;ja
Duschrinne Komplettset Edelstahl V2A wandnah pulverbeschichtet weiss matt (RAL 9003) Designabdeckung 100 mm Länge 120 cm;;;4441120912;Dural GmbH;10000;596,2;;DISCOUNT_PCT;50;;DISCOUNT_PCT;0;;;;;;;;;;070.010.1170;;;;;;;;;;;;;;;;;;;;;;;ja;;;;;;;;;;;;;;;;;;ja;;;;;ja
Montage-Set für Glas- und Gefällekeil-Duschsystem;;;540000100;Dural GmbH;10000;40,14;;DISCOUNT_PCT;50;;DISCOUNT_PCT;0;;;;;;;;;;070.040.0010;;;;;;;;;;;;;;;;;;;;;;;ja;;;;;;;;;;;;;;;;;;ja;;;;;ja
Gefällekeil Edelstahl V2A gebürstet Länge 98 cm links;;;540206098WL;Dural GmbH;10000;75,94;;DISCOUNT_PCT;50;;DISCOUNT_PCT;0;;;;;;;;;;070.040.0020;;;;;;;;;;;;;;;;;;;;;;;ja;;;;;;;;;;;;;;;;;;ja;;;;;ja
Gefällekeil Edelstahl V2A gebürstet Länge 98 cm rechts;;;540206098WR;Dural GmbH;10000;75,94;;DISCOUNT_PCT;50;;DISCOUNT_PCT;0;;;;;;;;;;070.040.0030;;;;;;;;;;;;;;;;;;;;;;;ja;;;;;;;;;;;;;;;;;;ja;;;;;ja
Gefällekeil Edelstahl V2A gebürstet Länge 120 cm links;;;540206120WL;Dural GmbH;10000;94,94;;DISCOUNT_PCT;50;;DISCOUNT_PCT;0;;;;;;;;;;070.040.0040;;;;;;;;;;;;;;;;;;;;;;;ja;;;;;;;;;;;;;;;;;;ja;;;;;ja
Gefällekeil Edelstahl V2A gebürstet Länge 120 cm rechts;;;540206120WR;Dural GmbH;10000;94,94;;DISCOUNT_PCT;50;;DISCOUNT_PCT;0;;;;;;;;;;070.040.0050;;;;;;;;;;;;;;;;;;;;;;;ja;;;;;;;;;;;;;;;;;;ja;;;;;ja
Gefällekeil Edelstahl V2A gebürstet Länge 148 cm links;;;540206148WL;Dural GmbH;10000;101,78;;DISCOUNT_PCT;50;;DISCOUNT_PCT;0;;;;;;;;;;070.040.0060;;;;;;;;;;;;;;;;;;;;;;;ja;;;;;;;;;;;;;;;;;;ja;;;;;ja
Gefällekeil Edelstahl V2A gebürstet Länge 148 cm rechts;;;540206148WR;Dural GmbH;10000;101,78;;DISCOUNT_PCT;50;;DISCOUNT_PCT;0;;;;;;;;;;070.040.0070;;;;;;;;;;;;;;;;;;;;;;;ja;;;;;;;;;;;;;;;;;;ja;;;;;ja
Gefällekeil Edelstahl V2A gebürstet Länge 200 cm links;;;540206200WL;Dural GmbH;10000;140,68;;DISCOUNT_PCT;50;;DISCOUNT_PCT;0;;;;;;;;;;070.040.0080;;;;;;;;;;;;;;;;;;;;;;;ja;;;;;;;;;;;;;;;;;;ja;;;;;ja
Gefällekeil Edelstahl V2A gebürstet Länge 200 cm rechts;;;540206200WR;Dural GmbH;10000;140,68;;DISCOUNT_PCT;50;;DISCOUNT_PCT;0;;;;;;;;;;070.040.0090;;;;;;;;;;;;;;;;;;;;;;;ja;;;;;;;;;;;;;;;;;;ja;;;;;ja
Gefällekeil Edelstahl V2A gebürstet Belagsstärke 8 mm Länge 98 cm links;;;540208098WL;Dural GmbH;10000;76,6;;DISCOUNT_PCT;50;;DISCOUNT_PCT;0;;;;;;;;;;070.040.0100;;;;;;;;;;;;;;;;;;;;;;;ja;;;;;;;;;;;;;;;;;;ja;;;;;ja
Gefällekeil Edelstahl V2A gebürstet Belagsstärke 8 mm Länge 98 cm rechts;;;540208098WR;Dural GmbH;10000;76,6;;DISCOUNT_PCT;50;;DISCOUNT_PCT;0;;;;;;;;;;070.040.0110;;;;;;;;;;;;;;;;;;;;;;;ja;;;;;;;;;;;;;;;;;;ja;;;;;ja
Gefällekeil Edelstahl V2A gebürstet Belagsstärke 8 mm Länge 120 cm links;;;540208120WL;Dural GmbH;10000;96,26;;DISCOUNT_PCT;50;;DISCOUNT_PCT;0;;;;;;;;;;070.040.0120;;;;;;;;;;;;;;;;;;;;;;;ja;;;;;;;;;;;;;;;;;;ja;;;;;ja
Gefällekeil Edelstahl V2A gebürstet Belagsstärke 8 mm Länge 120 cm rechts;;;540208120WR;Dural GmbH;10000;96,26;;DISCOUNT_PCT;50;;DISCOUNT_PCT;0;;;;;;;;;;070.040.0130;;;;;;;;;;;;;;;;;;;;;;;ja;;;;;;;;;;;;;;;;;;ja;;;;;ja
Gefällekeil Edelstahl V2A gebürstet Belagsstärke 8 mm Länge 148 cm links;;;540208148WL;Dural GmbH;10000;103,56;;DISCOUNT_PCT;50;;DISCOUNT_PCT;0;;;;;;;;;;070.040.0140;;;;;;;;;;;;;;;;;;;;;;;ja;;;;;;;;;;;;;;;;;;ja;;;;;ja
Gefällekeil Edelstahl V2A gebürstet Belagsstärke 8 mm Länge 200 cm links;;;540208200WL;Dural GmbH;10000;142,32;;DISCOUNT_PCT;50;;DISCOUNT_PCT;0;;;;;;;;;;070.040.0150;;;;;;;;;;;;;;;;;;;;;;;ja;;;;;;;;;;;;;;;;;;ja;;;;;ja
Gefällekeil Edelstahl V2A gebürstet Belagsstärke 8 mm Länge 200 cm rechts;;;540208200WR;Dural GmbH;10000;142,32;;DISCOUNT_PCT;50;;DISCOUNT_PCT;0;;;;;;;;;;070.040.0160;;;;;;;;;;;;;;;;;;;;;;;ja;;;;;;;;;;;;;;;;;;ja;;;;;ja
Gefällekeil Edelstahl V2A gebürstet Belagsstärke 8 mm Länge 148 cm rechts;;;540209148WR;Dural GmbH;10000;103,56;;DISCOUNT_PCT;50;;DISCOUNT_PCT;0;;;;;;;;;;070.040.0170;;;;;;;;;;;;;;;;;;;;;;;ja;;;;;;;;;;;;;;;;;;ja;;;;;ja
Gefällekeil Edelstahl V2A gebürstet Belagsstärke 8 mm Länge 98 cm links;;;5402098080LE;Dural GmbH;10000;58,92;;DISCOUNT_PCT;50;;DISCOUNT_PCT;0;;;;;;;;;;070.040.0180;;;;;;;;;;;;;;;;;;;;;;;ja;;;;;;;;;;;;;;;;;;ja;;;;;ja
Gefällekeil Edelstahl V2A gebürstet Belagsstärke 8 mm Länge 98 cm rechts;;;5402098080RE;Dural GmbH;10000;58,92;;DISCOUNT_PCT;50;;DISCOUNT_PCT;0;;;;;;;;;;070.040.0190;;;;;;;;;;;;;;;;;;;;;;;ja;;;;;;;;;;;;;;;;;;ja;;;;;ja
Gefällekeil Edelstahl V2A feinstrukturbeschichtet in weiss matt (RAL 9003) Belagsstärke 10 mm Länge 98 cm links;;;540210009812L;Dural GmbH;10000;86,74;;DISCOUNT_PCT;50;;DISCOUNT_PCT;0;;;;;;;;;;070.040.0200;;;;;;;;;;;;;;;;;;;;;;;ja;;;;;;;;;;;;;;;;;;ja;;;;;ja
Gefällekeil Edelstahl V2A feinstrukturbeschichtet in weiss matt (RAL 9003) Belagsstärke 10 mm Länge 98 cm rechts;;;540210009812R;Dural GmbH;10000;86,74;;DISCOUNT_PCT;50;;DISCOUNT_PCT;0;;;;;;;;;;070.040.0210;;;;;;;;;;;;;;;;;;;;;;;ja;;;;;;;;;;;;;;;;;;ja;;;;;ja
Gefällekeil Edelstahl V2A feinstrukturbeschichtet in schwarz matt (RAL 9005) Belagsstärke 10 mm Länge 98 cm links;;;540210009833L;Dural GmbH;10000;86,74;;DISCOUNT_PCT;50;;DISCOUNT_PCT;0;;;;;;;;;;070.040.0220;;;;;;;;;;;;;;;;;;;;;;;ja;;;;;;;;;;;;;;;;;;ja;;;;;ja
Gefällekeil Edelstahl V2A feinstrukturbeschichtet in schwarz matt (RAL 9005) Belagsstärke 10 mm Länge 98 cm rechts;;;540210009833R;Dural GmbH;10000;86,74;;DISCOUNT_PCT;50;;DISCOUNT_PCT;0;;;;;;;;;;070.040.0230;;;;;;;;;;;;;;;;;;;;;;;ja;;;;;;;;;;;;;;;;;;ja;;;;;ja
Gefällekeil Edelstahl V2A feinstrukturbeschichtet in betongrau (RAL 0006500) Belagsstärke 10 mm Länge 98 cm links;;;540210009865L;Dural GmbH;10000;86,74;;DISCOUNT_PCT;50;;DISCOUNT_PCT;0;;;;;;;;;;070.040.0240;;;;;;;;;;;;;;;;;;;;;;;ja;;;;;;;;;;;;;;;;;;ja;;;;;ja
Gefällekeil Edelstahl V2A feinstrukturbeschichtet in betongrau (RAL 0006500) Belagsstärke 10 mm Länge 98 cm rechts;;;540210009865R;Dural GmbH;10000;86,74;;DISCOUNT_PCT;50;;DISCOUNT_PCT;0;;;;;;;;;;070.040.0250;;;;;;;;;;;;;;;;;;;;;;;ja;;;;;;;;;;;;;;;;;;ja;;;;;ja
Gefällekeil Edelstahl V2A feinstrukturbeschichtet in sand (RAL 0808005) Belagsstärke 10 mm Länge 98 cm links;;;540210009880L;Dural GmbH;10000;86,74;;DISCOUNT_PCT;50;;DISCOUNT_PCT;0;;;;;;;;;;070.040.0260;;;;;;;;;;;;;;;;;;;;;;;ja;;;;;;;;;;;;;;;;;;ja;;;;;ja
Gefällekeil Edelstahl V2A feinstrukturbeschichtet in sand (RAL 0808005) Belagsstärke 10 mm Länge 98 cm rechts;;;540210009880R;Dural GmbH;10000;86,74;;DISCOUNT_PCT;50;;DISCOUNT_PCT;0;;;;;;;;;;070.040.0270;;;;;;;;;;;;;;;;;;;;;;;ja;;;;;;;;;;;;;;;;;;ja;;;;;ja
Gefällekeil Edelstahl V2A gebürstet Belagsstärke 10 mm Länge 98 cm links;;;5402100098L;Dural GmbH;10000;73,9;;DISCOUNT_PCT;50;;DISCOUNT_PCT;0;;;;;;;;;;070.040.0280;;;;;;;;;;;;;;;;;;;;;;;ja;;;;;;;;;;;;;;;;;;ja;;;;;ja
Gefällekeil Edelstahl V2A gebürstet Belagsstärke 10 mm Länge 98 cm rechts;;;5402100098R;Dural GmbH;10000;73,9;;DISCOUNT_PCT;50;;DISCOUNT_PCT;0;;;;;;;;;;070.040.0290;;;;;;;;;;;;;;;;;;;;;;;ja;;;;;;;;;;;;;;;;;;ja;;;;;ja
Gefällekeil Edelstahl V2A feinstrukturbeschichtet in weiss matt (RAL 9003) Belagsstärke 10 mm Länge 148 cm links;;;540210014812L;Dural GmbH;10000;112,66;;DISCOUNT_PCT;50;;DISCOUNT_PCT;0;;;;;;;;;;070.040.0300;;;;;;;;;;;;;;;;;;;;;;;ja;;;;;;;;;;;;;;;;;;ja;;;;;ja
Gefällekeil Edelstahl V2A feinstrukturbeschichtet in weiss matt (RAL 9003) Belagsstärke 10 mm Länge 148 cm rechts;;;540210014812R;Dural GmbH;10000;112,66;;DISCOUNT_PCT;50;;DISCOUNT_PCT;0;;;;;;;;;;070.040.0310;;;;;;;;;;;;;;;;;;;;;;;ja;;;;;;;;;;;;;;;;;;ja;;;;;ja
Gefällekeil Edelstahl V2A feinstrukturbeschichtet in schwarz matt (RAL 9005) Belagsstärke 10 mm Länge 148 cm links;;;540210014833L;Dural GmbH;10000;112,66;;DISCOUNT_PCT;50;;DISCOUNT_PCT;0;;;;;;;;;;070.040.0320;;;;;;;;;;;;;;;;;;;;;;;ja;;;;;;;;;;;;;;;;;;ja;;;;;ja
Gefällekeil Edelstahl V2A feinstrukturbeschichtet in schwarz matt (RAL 9005) Belagsstärke 10 mm Länge 148 cm rechts;;;540210014833R;Dural GmbH;10000;112,66;;DISCOUNT_PCT;50;;DISCOUNT_PCT;0;;;;;;;;;;070.040.0330;;;;;;;;;;;;;;;;;;;;;;;ja;;;;;;;;;;;;;;;;;;ja;;;;;ja
Gefällekeil Edelstahl V2A feinstrukturbeschichtet in betongrau (RAL 0006500) Belagsstärke 10 mm Länge 148 cm links;;;540210014865L;Dural GmbH;10000;112,66;;DISCOUNT_PCT;50;;DISCOUNT_PCT;0;;;;;;;;;;070.040.0340;;;;;;;;;;;;;;;;;;;;;;;ja;;;;;;;;;;;;;;;;;;ja;;;;;ja
Gefällekeil Edelstahl V2A feinstrukturbeschichtet in betongrau (RAL 0006500) Belagsstärke 10 mm Länge 148 cm rechts;;;540210014865R;Dural GmbH;10000;112,66;;DISCOUNT_PCT;50;;DISCOUNT_PCT;0;;;;;;;;;;070.040.0350;;;;;;;;;;;;;;;;;;;;;;;ja;;;;;;;;;;;;;;;;;;ja;;;;;ja
Gefällekeil Edelstahl V2A feinstrukturbeschichtet in sand (RAL 0808005) Belagsstärke 10 mm Länge 148 cm links;;;540210014880L;Dural GmbH;10000;112,66;;DISCOUNT_PCT;50;;DISCOUNT_PCT;0;;;;;;;;;;070.040.0360;;;;;;;;;;;;;;;;;;;;;;;ja;;;;;;;;;;;;;;;;;;ja;;;;;ja
Gefällekeil Edelstahl V2A feinstrukturbeschichtet in sand (RAL 0808005) Belagsstärke 10 mm Länge 148 cm rechts;;;540210014880R;Dural GmbH;10000;112,66;;DISCOUNT_PCT;50;;DISCOUNT_PCT;0;;;;;;;;;;070.040.0370;;;;;;;;;;;;;;;;;;;;;;;ja;;;;;;;;;;;;;;;;;;ja;;;;;ja
Gefällekeil Edelstahl V2A gebürstet Belagsstärke 10 mm Länge 148 cm links;;;5402100148L;Dural GmbH;10000;96;;DISCOUNT_PCT;50;;DISCOUNT_PCT;0;;;;;;;;;;070.040.0380;;;;;;;;;;;;;;;;;;;;;;;ja;;;;;;;;;;;;;;;;;;ja;;;;;ja
Gefällekeil Edelstahl V2A gebürstet Belagsstärke 10 mm Länge 148 cm rechts;;;5402100148R;Dural GmbH;10000;96;;DISCOUNT_PCT;50;;DISCOUNT_PCT;0;;;;;;;;;;070.040.0390;;;;;;;;;;;;;;;;;;;;;;;ja;;;;;;;;;;;;;;;;;;ja;;;;;ja
Wandanschlussprofil Edelstahl V2A gebürstet Belagsstärke 8 mm Länge 100 cm;;;540210020;Dural GmbH;10000;33,9;;DISCOUNT_PCT;50;;DISCOUNT_PCT;0;;;;;;;;;;070.040.0400;;;;;;;;;;;;;;;;;;;;;;;ja;;;;;;;;;;;;;;;;;;ja;;;;;ja
Gefällekeil Edelstahl V2A gebürstet Belagsstärke 10 mm Länge 200 cm links;;;5402100200L;Dural GmbH;10000;129,7;;DISCOUNT_PCT;50;;DISCOUNT_PCT;0;;;;;;;;;;070.040.0410;;;;;;;;;;;;;;;;;;;;;;;ja;;;;;;;;;;;;;;;;;;ja;;;;;ja
Gefällekeil Edelstahl V2A gebürstet Belagsstärke 10 mm Länge 200 cm rechts;;;5402100200R;Dural GmbH;10000;129,7;;DISCOUNT_PCT;50;;DISCOUNT_PCT;0;;;;;;;;;;070.040.0420;;;;;;;;;;;;;;;;;;;;;;;ja;;;;;;;;;;;;;;;;;;ja;;;;;ja
Wandanschluss-Gefällekeil Edelstahl V2A gebürstet Belagsstärke 10 mm Länge 200 cm links;;;5402100200WL;Dural GmbH;10000;145,52;;DISCOUNT_PCT;50;;DISCOUNT_PCT;0;;;;;;;;;;070.040.0430;;;;;;;;;;;;;;;;;;;;;;;ja;;;;;;;;;;;;;;;;;;ja;;;;;ja
Wandanschluss-Gefällekeil Edelstahl V2A gebürstet Belagsstärke 10 mm Länge 200 cm rechts;;;5402100200WR;Dural GmbH;10000;145,52;;DISCOUNT_PCT;50;;DISCOUNT_PCT;0;;;;;;;;;;070.040.0440;;;;;;;;;;;;;;;;;;;;;;;ja;;;;;;;;;;;;;;;;;;ja;;;;;ja
Wandanschlussprofil Edelstahl V2A feinstrukturbeschichtet in schwarz matt (RAL 9005) Belagsstärke 8 mm Länge 100 cm;;;54021002011;Dural GmbH;10000;41,1;;DISCOUNT_PCT;50;;DISCOUNT_PCT;0;;;;;;;;;;070.040.0450;;;;;;;;;;;;;;;;;;;;;;;ja;;;;;;;;;;;;;;;;;;ja;;;;;ja
Wandanschlussprofil Edelstahl V2A feinstrukturbeschichtet in weiss matt (RAL 9003) Belagsstärke 8 mm Länge 100 cm;;;54021002012;Dural GmbH;10000;41,1;;DISCOUNT_PCT;50;;DISCOUNT_PCT;0;;;;;;;;;;070.040.0460;;;;;;;;;;;;;;;;;;;;;;;ja;;;;;;;;;;;;;;;;;;ja;;;;;ja
Wandanschlussprofil Edelstahl V2A feinstrukturbeschichtet in betongrau (RAL 0006500) Belagsstärke 8 mm Länge 100 cm;;;54021002065;Dural GmbH;10000;41,1;;DISCOUNT_PCT;50;;DISCOUNT_PCT;0;;;;;;;;;;070.040.0470;;;;;;;;;;;;;;;;;;;;;;;ja;;;;;;;;;;;;;;;;;;ja;;;;;ja
Wandanschlussprofil Edelstahl V2A feinstrukturbeschichtet in sand (RAL 0808005) Belagsstärke 8 mm Länge 100 cm;;;54021002080;Dural GmbH;10000;41,1;;DISCOUNT_PCT;50;;DISCOUNT_PCT;0;;;;;;;;;;070.040.0480;;;;;;;;;;;;;;;;;;;;;;;ja;;;;;;;;;;;;;;;;;;ja;;;;;ja
Gefällekeil Edelstahl V2A feinstrukturbeschichtet in weiss matt (RAL 9003) Belagsstärke 10 mm Länge 200 cm links;;;5402100212L;Dural GmbH;10000;153,62;;DISCOUNT_PCT;50;;DISCOUNT_PCT;0;;;;;;;;;;070.040.0490;;;;;;;;;;;;;;;;;;;;;;;ja;;;;;;;;;;;;;;;;;;ja;;;;;ja
Gefällekeil Edelstahl V2A feinstrukturbeschichtet in weiss matt (RAL 9003) Belagsstärke 10 mm Länge 200 cm rechts;;;5402100212R;Dural GmbH;10000;153,62;;DISCOUNT_PCT;50;;DISCOUNT_PCT;0;;;;;;;;;;070.040.0500;;;;;;;;;;;;;;;;;;;;;;;ja;;;;;;;;;;;;;;;;;;ja;;;;;ja
Wandanschluss-Gefällekeil Edelstahl V2A feinstrukturbeschichtet in weiss matt (RAL 9003) Belagsstärke 10 mm Länge 200 cm;;;5402100212WL;Dural GmbH;10000;170,8;;DISCOUNT_PCT;50;;DISCOUNT_PCT;0;;;;;;;;;;070.040.0510;;;;;;;;;;;;;;;;;;;;;;;ja;;;;;;;;;;;;;;;;;;ja;;;;;ja
Wandanschluss-Gefällekeil Edelstahl V2A feinstrukturbeschichtet in weiss matt (RAL 9003) Belagsstärke 10 mm Länge 200 cm;;;5402100212WR;Dural GmbH;10000;170,8;;DISCOUNT_PCT;50;;DISCOUNT_PCT;0;;;;;;;;;;070.040.0520;;;;;;;;;;;;;;;;;;;;;;;ja;;;;;;;;;;;;;;;;;;ja;;;;;ja
Gefällekeil Edelstahl V2A feinstrukturbeschichtet in schwarz matt (RAL 9005) Belagsstärke 10 mm Länge 200 cm links;;;5402100233L;Dural GmbH;10000;153,62;;DISCOUNT_PCT;50;;DISCOUNT_PCT;0;;;;;;;;;;070.040.0530;;;;;;;;;;;;;;;;;;;;;;;ja;;;;;;;;;;;;;;;;;;ja;;;;;ja
Gefällekeil Edelstahl V2A feinstrukturbeschichtet in schwarz matt (RAL 9005) Belagsstärke 10 mm Länge 200 cm rechts;;;5402100233R;Dural GmbH;10000;153,62;;DISCOUNT_PCT;50;;DISCOUNT_PCT;0;;;;;;;;;;070.040.0540;;;;;;;;;;;;;;;;;;;;;;;ja;;;;;;;;;;;;;;;;;;ja;;;;;ja
Wandanschluss-Gefällekeil Edelstahl V2A feinstrukturbeschichtet in schwarz matt (RAL 9005) Belagsstärke 10 mm Länge 200 cm;;;5402100233WL;Dural GmbH;10000;170,8;;DISCOUNT_PCT;50;;DISCOUNT_PCT;0;;;;;;;;;;070.040.0550;;;;;;;;;;;;;;;;;;;;;;;ja;;;;;;;;;;;;;;;;;;ja;;;;;ja
Wandanschluss-Gefällekeil Edelstahl V2A feinstrukturbeschichtet in schwarz matt (RAL 9005) Belagsstärke 10 mm Länge 200 cm;;;5402100233WR;Dural GmbH;10000;170,8;;DISCOUNT_PCT;50;;DISCOUNT_PCT;0;;;;;;;;;;070.040.0560;;;;;;;;;;;;;;;;;;;;;;;ja;;;;;;;;;;;;;;;;;;ja;;;;;ja
Gefällekeil Edelstahl V2A feinstrukturbeschichtet in betongrau (RAL 0006500) Belagsstärke 10 mm Länge 200 cm links;;;5402100265L;Dural GmbH;10000;153,62;;DISCOUNT_PCT;50;;DISCOUNT_PCT;0;;;;;;;;;;070.040.0570;;;;;;;;;;;;;;;;;;;;;;;ja;;;;;;;;;;;;;;;;;;ja;;;;;ja
Gefällekeil Edelstahl V2A feinstrukturbeschichtet in betongrau (RAL 0006500) Belagsstärke 10 mm Länge 200 cm rechts;;;5402100265R;Dural GmbH;10000;153,62;;DISCOUNT_PCT;50;;DISCOUNT_PCT;0;;;;;;;;;;070.040.0580;;;;;;;;;;;;;;;;;;;;;;;ja;;;;;;;;;;;;;;;;;;ja;;;;;ja
Wandanschluss-Gefällekeil Edelstahl V2A feinstrukturbeschichtet in betongrau (RAL 0006500) Belagsstärke 10 mm Länge 200 cm;;;5402100265WL;Dural GmbH;10000;170,8;;DISCOUNT_PCT;50;;DISCOUNT_PCT;0;;;;;;;;;;070.040.0590;;;;;;;;;;;;;;;;;;;;;;;ja;;;;;;;;;;;;;;;;;;ja;;;;;ja
Wandanschluss-Gefällekeil Edelstahl V2A feinstrukturbeschichtet in betongrau (RAL 0006500) Belagsstärke 10 mm Länge 200 cm;;;5402100265WR;Dural GmbH;10000;170,8;;DISCOUNT_PCT;50;;DISCOUNT_PCT;0;;;;;;;;;;070.040.0600;;;;;;;;;;;;;;;;;;;;;;;ja;;;;;;;;;;;;;;;;;;ja;;;;;ja
Gefällekeil Edelstahl V2A feinstrukturbeschichtet in sand (RAL 0808005) Belagsstärke 10 mm Länge 200 cm links;;;5402100280L;Dural GmbH;10000;153,62;;DISCOUNT_PCT;50;;DISCOUNT_PCT;0;;;;;;;;;;070.040.0610;;;;;;;;;;;;;;;;;;;;;;;ja;;;;;;;;;;;;;;;;;;ja;;;;;ja
Gefällekeil Edelstahl V2A feinstrukturbeschichtet in sand (RAL 0808005) Belagsstärke 10 mm Länge 200 cm rechts;;;5402100280R;Dural GmbH;10000;153,62;;DISCOUNT_PCT;50;;DISCOUNT_PCT;0;;;;;;;;;;070.040.0620;;;;;;;;;;;;;;;;;;;;;;;ja;;;;;;;;;;;;;;;;;;ja;;;;;ja
Wandanschluss-Gefällekeil Edelstahl V2A feinstrukturbeschichtet in sand (RAL 0808005) Belagsstärke 10 mm Länge 200 cm;;;5402100280WL;Dural GmbH;10000;170,8;;DISCOUNT_PCT;50;;DISCOUNT_PCT;0;;;;;;;;;;070.040.0630;;;;;;;;;;;;;;;;;;;;;;;ja;;;;;;;;;;;;;;;;;;ja;;;;;ja
Wandanschluss-Gefällekeil Edelstahl V2A feinstrukturbeschichtet in sand (RAL 0808005) Belagsstärke 10 mm Länge 200 cm;;;5402100280WR;Dural GmbH;10000;170,8;;DISCOUNT_PCT;50;;DISCOUNT_PCT;0;;;;;;;;;;070.040.0640;;;;;;;;;;;;;;;;;;;;;;;ja;;;;;;;;;;;;;;;;;;ja;;;;;ja
Wandanschlussprofil Edelstahl V2A gebürstet Belagsstärke 8 mm Länge 100 cm;;;540210030;Dural GmbH;10000;36,14;;DISCOUNT_PCT;50;;DISCOUNT_PCT;0;;;;;;;;;;070.040.0650;;;;;;;;;;;;;;;;;;;;;;;ja;;;;;;;;;;;;;;;;;;ja;;;;;ja
Wandanschlussprofil Edelstahl V2A feinstrukturbeschichtet in schwarz matt (RAL 9005) Belagsstärke 8 mm Länge 100 cm;;;54021003011;Dural GmbH;10000;46,52;;DISCOUNT_PCT;50;;DISCOUNT_PCT;0;;;;;;;;;;070.040.0660;;;;;;;;;;;;;;;;;;;;;;;ja;;;;;;;;;;;;;;;;;;ja;;;;;ja
Wandanschlussprofil Edelstahl V2A feinstrukturbeschichtet in weiss matt (RAL 9003) Belagsstärke 8 mm Länge 100 cm;;;54021003012;Dural GmbH;10000;46,52;;DISCOUNT_PCT;50;;DISCOUNT_PCT;0;;;;;;;;;;070.040.0670;;;;;;;;;;;;;;;;;;;;;;;ja;;;;;;;;;;;;;;;;;;ja;;;;;ja
Wandanschlussprofil Edelstahl V2A feinstrukturbeschichtet in betongrau (RAL 0006500) Belagsstärke 8 mm Länge 100 cm;;;54021003065;Dural GmbH;10000;46,52;;DISCOUNT_PCT;50;;DISCOUNT_PCT;0;;;;;;;;;;070.040.0680;;;;;;;;;;;;;;;;;;;;;;;ja;;;;;;;;;;;;;;;;;;ja;;;;;ja
Wandanschlussprofil Edelstahl V2A feinstrukturbeschichtet in sand (RAL 0808005) Belagsstärke 8 mm Länge 100 cm;;;54021003080;Dural GmbH;10000;46,52;;DISCOUNT_PCT;50;;DISCOUNT_PCT;0;;;;;;;;;;070.040.0690;;;;;;;;;;;;;;;;;;;;;;;ja;;;;;;;;;;;;;;;;;;ja;;;;;ja
Wandanschlussprofil Edelstahl V2A gebürstet Belagsstärke 8 mm Länge 100 cm;;;540210040;Dural GmbH;10000;44,14;;DISCOUNT_PCT;50;;DISCOUNT_PCT;0;;;;;;;;;;070.040.0700;;;;;;;;;;;;;;;;;;;;;;;ja;;;;;;;;;;;;;;;;;;ja;;;;;ja
Wandanschlussprofil Edelstahl V2A feinstrukturbeschichtet in schwarz matt (RAL 9005) Belagsstärke 8 mm Länge 100 cm;;;54021004011;Dural GmbH;10000;61,3;;DISCOUNT_PCT;50;;DISCOUNT_PCT;0;;;;;;;;;;070.040.0710;;;;;;;;;;;;;;;;;;;;;;;ja;;;;;;;;;;;;;;;;;;ja;;;;;ja
Wandanschlussprofil Edelstahl V2A feinstrukturbeschichtet in weiss matt (RAL 9003) Belagsstärke 8 mm Länge 100 cm;;;54021004012;Dural GmbH;10000;61,7;;DISCOUNT_PCT;50;;DISCOUNT_PCT;0;;;;;;;;;;070.040.0720;;;;;;;;;;;;;;;;;;;;;;;ja;;;;;;;;;;;;;;;;;;ja;;;;;ja
Wandanschlussprofil Edelstahl V2A feinstrukturbeschichtet in betongrau (RAL 0006500) Belagsstärke 8 mm Länge 100 cm;;;54021004065;Dural GmbH;10000;61,3;;DISCOUNT_PCT;50;;DISCOUNT_PCT;0;;;;;;;;;;070.040.0730;;;;;;;;;;;;;;;;;;;;;;;ja;;;;;;;;;;;;;;;;;;ja;;;;;ja
Wandanschlussprofil Edelstahl V2A feinstrukturbeschichtet in sand (RAL 0808005) Belagsstärke 8 mm Länge 100 cm;;;54021004080;Dural GmbH;10000;61,3;;DISCOUNT_PCT;50;;DISCOUNT_PCT;0;;;;;;;;;;070.040.0740;;;;;;;;;;;;;;;;;;;;;;;ja;;;;;;;;;;;;;;;;;;ja;;;;;ja
Wandanschluss-Gefällekeil Edelstahl V2A feinstrukturbeschichtet in weiss matt (RAL 9003) Belagsstärke 10 mm Länge 98 cm;;;54021009812WL;Dural GmbH;10000;91,58;;DISCOUNT_PCT;50;;DISCOUNT_PCT;0;;;;;;;;;;070.040.0750;;;;;;;;;;;;;;;;;;;;;;;ja;;;;;;;;;;;;;;;;;;ja;;;;;ja
Wandanschluss-Gefällekeil Edelstahl V2A feinstrukturbeschichtet in weiss matt (RAL 9003) Belagsstärke 10 mm Länge 98 cm;;;54021009812WR;Dural GmbH;10000;91,58;;DISCOUNT_PCT;50;;DISCOUNT_PCT;0;;;;;;;;;;070.040.0760;;;;;;;;;;;;;;;;;;;;;;;ja;;;;;;;;;;;;;;;;;;ja;;;;;ja
Wandanschluss-Gefällekeil Edelstahl V2A feinstrukturbeschichtet in schwarz matt (RAL 9005) Belagsstärke 10 mm Länge 98 cm;;;54021009833WL;Dural GmbH;10000;91,58;;DISCOUNT_PCT;50;;DISCOUNT_PCT;0;;;;;;;;;;070.040.0770;;;;;;;;;;;;;;;;;;;;;;;ja;;;;;;;;;;;;;;;;;;ja;;;;;ja
Wandanschluss-Gefällekeil Edelstahl V2A feinstrukturbeschichtet in schwarz matt (RAL 9005) Belagsstärke 10 mm Länge 98 cm;;;54021009833WR;Dural GmbH;10000;91,58;;DISCOUNT_PCT;50;;DISCOUNT_PCT;0;;;;;;;;;;070.040.0780;;;;;;;;;;;;;;;;;;;;;;;ja;;;;;;;;;;;;;;;;;;ja;;;;;ja
Wandanschluss-Gefällekeil Edelstahl V2A feinstrukturbeschichtet in betongrau (RAL 0006500) Belagsstärke 10 mm Länge 98 cm;;;54021009865WL;Dural GmbH;10000;91,58;;DISCOUNT_PCT;50;;DISCOUNT_PCT;0;;;;;;;;;;070.040.0790;;;;;;;;;;;;;;;;;;;;;;;ja;;;;;;;;;;;;;;;;;;ja;;;;;ja
Wandanschluss-Gefällekeil Edelstahl V2A feinstrukturbeschichtet in betongrau (RAL 0006500) Belagsstärke 10 mm Länge 98 cm;;;54021009865WR;Dural GmbH;10000;91,58;;DISCOUNT_PCT;50;;DISCOUNT_PCT;0;;;;;;;;;;070.040.0800;;;;;;;;;;;;;;;;;;;;;;;ja;;;;;;;;;;;;;;;;;;ja;;;;;ja
Wandanschluss-Gefällekeil Edelstahl V2A feinstrukturbeschichtet in sand (RAL 0808005) Belagsstärke 10 mm Länge 98 cm;;;54021009880WL;Dural GmbH;10000;91,58;;DISCOUNT_PCT;50;;DISCOUNT_PCT;0;;;;;;;;;;070.040.0810;;;;;;;;;;;;;;;;;;;;;;;ja;;;;;;;;;;;;;;;;;;ja;;;;;ja
Wandanschluss-Gefällekeil Edelstahl V2A feinstrukturbeschichtet in sand (RAL 0808005) Belagsstärke 10 mm Länge 98 cm;;;54021009880WR;Dural GmbH;10000;91,58;;DISCOUNT_PCT;50;;DISCOUNT_PCT;0;;;;;;;;;;070.040.0820;;;;;;;;;;;;;;;;;;;;;;;ja;;;;;;;;;;;;;;;;;;ja;;;;;ja
Wandanschluss-Gefällekeil Edelstahl V2A gebürstet Belagsstärke 10 mm Länge 98 cm links;;;540210098WL;Dural GmbH;10000;78,02;;DISCOUNT_PCT;50;;DISCOUNT_PCT;0;;;;;;;;;;070.040.0830;;;;;;;;;;;;;;;;;;;;;;;ja;;;;;;;;;;;;;;;;;;ja;;;;;ja
Wandanschluss-Gefällekeil Edelstahl V2A gebürstet Belagsstärke 10 mm Länge 98 cm rechts;;;540210098WR;Dural GmbH;10000;78,02;;DISCOUNT_PCT;50;;DISCOUNT_PCT;0;;;;;;;;;;070.040.0840;;;;;;;;;;;;;;;;;;;;;;;ja;;;;;;;;;;;;;;;;;;ja;;;;;ja
Gefällekeil Edelstahl V2A gebürstet Belagsstärke 10 mm Länge 120 cm links;;;5402101120L;Dural GmbH;10000;89,98;;DISCOUNT_PCT;50;;DISCOUNT_PCT;0;;;;;;;;;;070.040.0850;;;;;;;;;;;;;;;;;;;;;;;ja;;;;;;;;;;;;;;;;;;ja;;;;;ja
Gefällekeil Edelstahl V2A gebürstet Belagsstärke 10 mm Länge 120 cm rechts;;;5402101120R;Dural GmbH;10000;89,98;;DISCOUNT_PCT;50;;DISCOUNT_PCT;0;;;;;;;;;;070.040.0860;;;;;;;;;;;;;;;;;;;;;;;ja;;;;;;;;;;;;;;;;;;ja;;;;;ja
Gefällekeil Edelstahl V2A feinstrukturbeschichtet in weiss matt (RAL 9003) Belagsstärke 10 mm Länge 120 cm links;;;54021011212L;Dural GmbH;10000;105,6;;DISCOUNT_PCT;50;;DISCOUNT_PCT;0;;;;;;;;;;070.040.0870;;;;;;;;;;;;;;;;;;;;;;;ja;;;;;;;;;;;;;;;;;;ja;;;;;ja
Gefällekeil Edelstahl V2A feinstrukturbeschichtet in weiss matt (RAL 9003) Belagsstärke 10 mm Länge 120 cm rechts;;;54021011212R;Dural GmbH;10000;105,6;;DISCOUNT_PCT;50;;DISCOUNT_PCT;0;;;;;;;;;;070.040.0880;;;;;;;;;;;;;;;;;;;;;;;ja;;;;;;;;;;;;;;;;;;ja;;;;;ja
Gefällekeil Edelstahl V2A feinstrukturbeschichtet in schwarz matt (RAL 9005) Belagsstärke 10 mm Länge 120 cm links;;;54021011233L;Dural GmbH;10000;105,6;;DISCOUNT_PCT;50;;DISCOUNT_PCT;0;;;;;;;;;;070.040.0890;;;;;;;;;;;;;;;;;;;;;;;ja;;;;;;;;;;;;;;;;;;ja;;;;;ja
Gefällekeil Edelstahl V2A feinstrukturbeschichtet in schwarz matt (RAL 9005) Belagsstärke 10 mm Länge 120 cm rechts;;;54021011233R;Dural GmbH;10000;105,6;;DISCOUNT_PCT;50;;DISCOUNT_PCT;0;;;;;;;;;;070.040.0900;;;;;;;;;;;;;;;;;;;;;;;ja;;;;;;;;;;;;;;;;;;ja;;;;;ja
Gefällekeil Edelstahl V2A feinstrukturbeschichtet in betongrau (RAL 0006500) Belagsstärke 10 mm Länge 120 cm links;;;54021011265L;Dural GmbH;10000;105,6;;DISCOUNT_PCT;50;;DISCOUNT_PCT;0;;;;;;;;;;070.040.0910;;;;;;;;;;;;;;;;;;;;;;;ja;;;;;;;;;;;;;;;;;;ja;;;;;ja
Gefällekeil Edelstahl V2A feinstrukturbeschichtet in betongrau (RAL 0006500) Belagsstärke 10 mm Länge 120 cm rechts;;;54021011265R;Dural GmbH;10000;105,6;;DISCOUNT_PCT;50;;DISCOUNT_PCT;0;;;;;;;;;;070.040.0920;;;;;;;;;;;;;;;;;;;;;;;ja;;;;;;;;;;;;;;;;;;ja;;;;;ja
Gefällekeil Edelstahl V2A feinstrukturbeschichtet in sand (RAL 0808005) Belagsstärke 10 mm Länge 120 cm links;;;54021011280L;Dural GmbH;10000;105,6;;DISCOUNT_PCT;50;;DISCOUNT_PCT;0;;;;;;;;;;070.040.0930;;;;;;;;;;;;;;;;;;;;;;;ja;;;;;;;;;;;;;;;;;;ja;;;;;ja
Gefällekeil Edelstahl V2A feinstrukturbeschichtet in sand (RAL 0808005) Belagsstärke 10 mm Länge 120 cm rechts;;;54021011280R;Dural GmbH;10000;105,6;;DISCOUNT_PCT;50;;DISCOUNT_PCT;0;;;;;;;;;;070.040.0940;;;;;;;;;;;;;;;;;;;;;;;ja;;;;;;;;;;;;;;;;;;ja;;;;;ja
Wandanschluss-Gefällekeil Edelstahl V2A gebürstet Belagsstärke 10 mm Länge 120 cm links;;;540210120WL;Dural GmbH;10000;100,12;;DISCOUNT_PCT;50;;DISCOUNT_PCT;0;;;;;;;;;;070.040.0950;;;;;;;;;;;;;;;;;;;;;;;ja;;;;;;;;;;;;;;;;;;ja;;;;;ja
Wandanschluss-Gefällekeil Edelstahl V2A gebürstet Belagsstärke 10 mm Länge 120 cm rechts;;;540210120WR;Dural GmbH;10000;100,12;;DISCOUNT_PCT;50;;DISCOUNT_PCT;0;;;;;;;;;;070.040.0960;;;;;;;;;;;;;;;;;;;;;;;ja;;;;;;;;;;;;;;;;;;ja;;;;;ja
Wandanschluss-Gefällekeil Edelstahl V2A feinstrukturbeschichtet in weiss matt (RAL 9003) Belagsstärke 10 mm Länge 120 cm;;;5402101212WL;Dural GmbH;10000;117,52;;DISCOUNT_PCT;50;;DISCOUNT_PCT;0;;;;;;;;;;070.040.0970;;;;;;;;;;;;;;;;;;;;;;;ja;;;;;;;;;;;;;;;;;;ja;;;;;ja
Wandanschluss-Gefällekeil Edelstahl V2A feinstrukturbeschichtet in weiss matt (RAL 9003) Belagsstärke 10 mm Länge 120 cm;;;5402101212WR;Dural GmbH;10000;117,52;;DISCOUNT_PCT;50;;DISCOUNT_PCT;0;;;;;;;;;;070.040.0980;;;;;;;;;;;;;;;;;;;;;;;ja;;;;;;;;;;;;;;;;;;ja;;;;;ja
Wandanschluss-Gefällekeil Edelstahl V2A feinstrukturbeschichtet in schwarz matt (RAL 9005) Belagsstärke 10 mm Länge 120 cm;;;5402101233WL;Dural GmbH;10000;117,52;;DISCOUNT_PCT;50;;DISCOUNT_PCT;0;;;;;;;;;;070.040.0990;;;;;;;;;;;;;;;;;;;;;;;ja;;;;;;;;;;;;;;;;;;ja;;;;;ja
Wandanschluss-Gefällekeil Edelstahl V2A feinstrukturbeschichtet in schwarz matt (RAL 9005) Belagsstärke 10 mm Länge 120 cm;;;5402101233WR;Dural GmbH;10000;117,52;;DISCOUNT_PCT;50;;DISCOUNT_PCT;0;;;;;;;;;;070.040.1000;;;;;;;;;;;;;;;;;;;;;;;ja;;;;;;;;;;;;;;;;;;ja;;;;;ja
Wandanschluss-Gefällekeil Edelstahl V2A feinstrukturbeschichtet in betongrau (RAL 0006500) Belagsstärke 10 mm Länge 120 cm;;;5402101265WL;Dural GmbH;10000;117,52;;DISCOUNT_PCT;50;;DISCOUNT_PCT;0;;;;;;;;;;070.040.1010;;;;;;;;;;;;;;;;;;;;;;;ja;;;;;;;;;;;;;;;;;;ja;;;;;ja
Wandanschluss-Gefällekeil Edelstahl V2A feinstrukturbeschichtet in betongrau (RAL 0006500) Belagsstärke 10 mm Länge 120 cm;;;5402101265WR;Dural GmbH;10000;117,52;;DISCOUNT_PCT;50;;DISCOUNT_PCT;0;;;;;;;;;;070.040.1020;;;;;;;;;;;;;;;;;;;;;;;ja;;;;;;;;;;;;;;;;;;ja;;;;;ja
Wandanschluss-Gefällekeil Edelstahl V2A feinstrukturbeschichtet in sand (RAL 0808005) Belagsstärke 10 mm Länge 120 cm;;;5402101280WL;Dural GmbH;10000;117,52;;DISCOUNT_PCT;50;;DISCOUNT_PCT;0;;;;;;;;;;070.040.1030;;;;;;;;;;;;;;;;;;;;;;;ja;;;;;;;;;;;;;;;;;;ja;;;;;ja
Wandanschluss-Gefällekeil Edelstahl V2A feinstrukturbeschichtet in sand (RAL 0808005) Belagsstärke 10 mm Länge 120 cm;;;5402101280WR;Dural GmbH;10000;117,52;;DISCOUNT_PCT;50;;DISCOUNT_PCT;0;;;;;;;;;;070.040.1040;;;;;;;;;;;;;;;;;;;;;;;ja;;;;;;;;;;;;;;;;;;ja;;;;;ja
Wandanschluss-Gefällekeil Edelstahl V2A feinstrukturbeschichtet in weiss matt (RAL 9003) Belagsstärke 10 mm Länge 148 cm;;;54021014812WL;Dural GmbH;10000;126,38;;DISCOUNT_PCT;50;;DISCOUNT_PCT;0;;;;;;;;;;070.040.1050;;;;;;;;;;;;;;;;;;;;;;;ja;;;;;;;;;;;;;;;;;;ja;;;;;ja
Wandanschluss-Gefällekeil Edelstahl V2A feinstrukturbeschichtet in weiss matt (RAL 9003) Belagsstärke 10 mm Länge 148 cm;;;54021014812WR;Dural GmbH;10000;126,38;;DISCOUNT_PCT;50;;DISCOUNT_PCT;0;;;;;;;;;;070.040.1060;;;;;;;;;;;;;;;;;;;;;;;ja;;;;;;;;;;;;;;;;;;ja;;;;;ja
Wandanschluss-Gefällekeil Edelstahl V2A feinstrukturbeschichtet in schwarz matt (RAL 9005) Belagsstärke 10 mm Länge 148 cm;;;54021014833WL;Dural GmbH;10000;126,38;;DISCOUNT_PCT;50;;DISCOUNT_PCT;0;;;;;;;;;;070.040.1070;;;;;;;;;;;;;;;;;;;;;;;ja;;;;;;;;;;;;;;;;;;ja;;;;;ja
Wandanschluss-Gefällekeil Edelstahl V2A feinstrukturbeschichtet in schwarz matt (RAL 9005) Belagsstärke 10 mm Länge 148 cm;;;54021014833WR;Dural GmbH;10000;126,38;;DISCOUNT_PCT;50;;DISCOUNT_PCT;0;;;;;;;;;;070.040.1080;;;;;;;;;;;;;;;;;;;;;;;ja;;;;;;;;;;;;;;;;;;ja;;;;;ja
Wandanschluss-Gefällekeil Edelstahl V2A feinstrukturbeschichtet in betongrau (RAL 0006500) Belagsstärke 10 mm Länge 148 cm;;;54021014865WL;Dural GmbH;10000;126,38;;DISCOUNT_PCT;50;;DISCOUNT_PCT;0;;;;;;;;;;070.040.1090;;;;;;;;;;;;;;;;;;;;;;;ja;;;;;;;;;;;;;;;;;;ja;;;;;ja
Wandanschluss-Gefällekeil Edelstahl V2A feinstrukturbeschichtet in betongrau (RAL 0006500) Belagsstärke 10 mm Länge 148 cm;;;54021014865WR;Dural GmbH;10000;126,38;;DISCOUNT_PCT;50;;DISCOUNT_PCT;0;;;;;;;;;;070.040.1100;;;;;;;;;;;;;;;;;;;;;;;ja;;;;;;;;;;;;;;;;;;ja;;;;;ja
Wandanschluss-Gefällekeil Edelstahl V2A feinstrukturbeschichtet in sand (RAL 0808005) Belagsstärke 10 mm Länge 148 cm;;;54021014880WL;Dural GmbH;10000;126,38;;DISCOUNT_PCT;50;;DISCOUNT_PCT;0;;;;;;;;;;070.040.1110;;;;;;;;;;;;;;;;;;;;;;;ja;;;;;;;;;;;;;;;;;;ja;;;;;ja
Wandanschluss-Gefällekeil Edelstahl V2A feinstrukturbeschichtet in sand (RAL 0808005) Belagsstärke 10 mm Länge 148 cm;;;54021014880WR;Dural GmbH;10000;126,38;;DISCOUNT_PCT;50;;DISCOUNT_PCT;0;;;;;;;;;;070.040.1120;;;;;;;;;;;;;;;;;;;;;;;ja;;;;;;;;;;;;;;;;;;ja;;;;;ja
Wandanschluss-Gefällekeil Edelstahl V2A gebürstet Belagsstärke 10 mm Länge 148 cm links;;;540210148WL;Dural GmbH;10000;107,68;;DISCOUNT_PCT;50;;DISCOUNT_PCT;0;;;;;;;;;;070.040.1130;;;;;;;;;;;;;;;;;;;;;;;ja;;;;;;;;;;;;;;;;;;ja;;;;;ja
Wandanschluss-Gefällekeil Edelstahl V2A gebürstet Belagsstärke 10 mm Länge 148 cm rechts;;;540210148WR;Dural GmbH;10000;107,68;;DISCOUNT_PCT;50;;DISCOUNT_PCT;0;;;;;;;;;;070.040.1140;;;;;;;;;;;;;;;;;;;;;;;ja;;;;;;;;;;;;;;;;;;ja;;;;;ja
Gefällekeil Edelstahl V2A feinstrukturbeschichtet in schwarz matt (RAL 9005) Belagsstärke 11 mm Länge 98 cm links;;;540211009833L;Dural GmbH;10000;87,84;;DISCOUNT_PCT;50;;DISCOUNT_PCT;0;;;;;;;;;;070.040.1150;;;;;;;;;;;;;;;;;;;;;;;ja;;;;;;;;;;;;;;;;;;ja;;;;;ja
Gefällekeil Edelstahl V2A feinstrukturbeschichtet in schwarz matt (RAL 9005) Belagsstärke 11 mm Länge 98 cm rechts;;;540211009833R;Dural GmbH;10000;87,84;;DISCOUNT_PCT;50;;DISCOUNT_PCT;0;;;;;;;;;;070.040.1160;;;;;;;;;;;;;;;;;;;;;;;ja;;;;;;;;;;;;;;;;;;ja;;;;;ja
Gefällekeil Edelstahl V2A feinstrukturbeschichtet in betongrau (RAL 0006500) Belagsstärke 11 mm Länge 98 cm links;;;540211009865L;Dural GmbH;10000;87,84;;DISCOUNT_PCT;50;;DISCOUNT_PCT;0;;;;;;;;;;070.040.1170;;;;;;;;;;;;;;;;;;;;;;;ja;;;;;;;;;;;;;;;;;;ja;;;;;ja
Gefällekeil Edelstahl V2A feinstrukturbeschichtet in betongrau (RAL 0006500) Belagsstärke 11 mm Länge 98 cm rechts;;;540211009865R;Dural GmbH;10000;87,84;;DISCOUNT_PCT;50;;DISCOUNT_PCT;0;;;;;;;;;;070.040.1180;;;;;;;;;;;;;;;;;;;;;;;ja;;;;;;;;;;;;;;;;;;ja;;;;;ja
Gefällekeil Edelstahl V2A feinstrukturbeschichtet in sand (RAL 0808005) Belagsstärke 11 mm Länge 98 cm links;;;540211009880L;Dural GmbH;10000;87,84;;DISCOUNT_PCT;50;;DISCOUNT_PCT;0;;;;;;;;;;070.040.1190;;;;;;;;;;;;;;;;;;;;;;;ja;;;;;;;;;;;;;;;;;;ja;;;;;ja
Gefällekeil Edelstahl V2A feinstrukturbeschichtet in sand (RAL 0808005) Belagsstärke 11 mm Länge 98 cm rechts;;;540211009880R;Dural GmbH;10000;87,84;;DISCOUNT_PCT;50;;DISCOUNT_PCT;0;;;;;;;;;;070.040.1200;;;;;;;;;;;;;;;;;;;;;;;ja;;;;;;;;;;;;;;;;;;ja;;;;;ja
Gefällekeil Edelstahl V2A gebürstet Belagsstärke 11 mm Länge 98 cm links;;;5402110098L;Dural GmbH;10000;74,84;;DISCOUNT_PCT;50;;DISCOUNT_PCT;0;;;;;;;;;;070.040.1210;;;;;;;;;;;;;;;;;;;;;;;ja;;;;;;;;;;;;;;;;;;ja;;;;;ja
Gefällekeil Edelstahl V2A gebürstet Belagsstärke 11 mm Länge 98 cm rechts;;;5402110098R;Dural GmbH;10000;74,84;;DISCOUNT_PCT;50;;DISCOUNT_PCT;0;;;;;;;;;;070.040.1220;;;;;;;;;;;;;;;;;;;;;;;ja;;;;;;;;;;;;;;;;;;ja;;;;;ja
Wandanschluss-Gefällekeil Edelstahl V2A gebürstet Belagsstärke 11 mm Länge 98 cm rechts;;;5402110098WR;Dural GmbH;10000;79,38;;DISCOUNT_PCT;50;;DISCOUNT_PCT;0;;;;;;;;;;070.040.1230;;;;;;;;;;;;;;;;;;;;;;;ja;;;;;;;;;;;;;;;;;;ja;;;;;ja
Gefällekeil Edelstahl V2A gebürstet Belagsstärke 11 mm Länge 120 cm links;;;5402110120L;Dural GmbH;10000;93,06;;DISCOUNT_PCT;50;;DISCOUNT_PCT;0;;;;;;;;;;070.040.1240;;;;;;;;;;;;;;;;;;;;;;;ja;;;;;;;;;;;;;;;;;;ja;;;;;ja
Gefällekeil Edelstahl V2A gebürstet Belagsstärke 11 mm Länge 120 cm rechts;;;5402110120R;Dural GmbH;10000;93,06;;DISCOUNT_PCT;50;;DISCOUNT_PCT;0;;;;;;;;;;070.040.1250;;;;;;;;;;;;;;;;;;;;;;;ja;;;;;;;;;;;;;;;;;;ja;;;;;ja
Wandanschluss-Gefällekeil Edelstahl V2A gebürstet Belagsstärke 11 mm Länge 120 cm links;;;5402110120WL;Dural GmbH;10000;102,32;;DISCOUNT_PCT;50;;DISCOUNT_PCT;0;;;;;;;;;;070.040.1260;;;;;;;;;;;;;;;;;;;;;;;ja;;;;;;;;;;;;;;;;;;ja;;;;;ja
Wandanschluss-Gefällekeil Edelstahl V2A gebürstet Belagsstärke 11 mm Länge 120 cm rechts;;;5402110120WR;Dural GmbH;10000;102,32;;DISCOUNT_PCT;50;;DISCOUNT_PCT;0;;;;;;;;;;070.040.1270;;;;;;;;;;;;;;;;;;;;;;;ja;;;;;;;;;;;;;;;;;;ja;;;;;ja
Gefällekeil Edelstahl V2A feinstrukturbeschichtet in schwarz matt (RAL 9005) Belagsstärke 11 mm Länge 120 cm links;;;54021101233L;Dural GmbH;10000;109,24;;DISCOUNT_PCT;50;;DISCOUNT_PCT;0;;;;;;;;;;070.040.1280;;;;;;;;;;;;;;;;;;;;;;;ja;;;;;;;;;;;;;;;;;;ja;;;;;ja
Gefällekeil Edelstahl V2A feinstrukturbeschichtet in schwarz matt (RAL 9005) Belagsstärke 11 mm Länge 120 cm rechts;;;54021101233R;Dural GmbH;10000;109,24;;DISCOUNT_PCT;50;;DISCOUNT_PCT;0;;;;;;;;;;070.040.1290;;;;;;;;;;;;;;;;;;;;;;;ja;;;;;;;;;;;;;;;;;;ja;;;;;ja
Gefällekeil Edelstahl V2A feinstrukturbeschichtet in betongrau (RAL 0006500) Belagsstärke 11 mm Länge 120 cm links;;;54021101265L;Dural GmbH;10000;109,24;;DISCOUNT_PCT;50;;DISCOUNT_PCT;0;;;;;;;;;;070.040.1300;;;;;;;;;;;;;;;;;;;;;;;ja;;;;;;;;;;;;;;;;;;ja;;;;;ja
Gefällekeil Edelstahl V2A feinstrukturbeschichtet in betongrau (RAL 0006500) Belagsstärke 11 mm Länge 120 cm rechts;;;54021101265R;Dural GmbH;10000;109,24;;DISCOUNT_PCT;50;;DISCOUNT_PCT;0;;;;;;;;;;070.040.1310;;;;;;;;;;;;;;;;;;;;;;;ja;;;;;;;;;;;;;;;;;;ja;;;;;ja
Gefällekeil Edelstahl V2A feinstrukturbeschichtet in sand (RAL 0808005) Belagsstärke 11 mm Länge 120 cm links;;;54021101280L;Dural GmbH;10000;109,24;;DISCOUNT_PCT;50;;DISCOUNT_PCT;0;;;;;;;;;;070.040.1320;;;;;;;;;;;;;;;;;;;;;;;ja;;;;;;;;;;;;;;;;;;ja;;;;;ja
Gefällekeil Edelstahl V2A feinstrukturbeschichtet in sand (RAL 0808005) Belagsstärke 11 mm Länge 120 cm rechts;;;54021101280R;Dural GmbH;10000;109,24;;DISCOUNT_PCT;50;;DISCOUNT_PCT;0;;;;;;;;;;070.040.1330;;;;;;;;;;;;;;;;;;;;;;;ja;;;;;;;;;;;;;;;;;;ja;;;;;ja
Gefällekeil Edelstahl V2A feinstrukturbeschichtet in schwarz matt (RAL 9005) Belagsstärke 11 mm Länge 148 cm links;;;540211014833L;Dural GmbH;10000;116,54;;DISCOUNT_PCT;50;;DISCOUNT_PCT;0;;;;;;;;;;070.040.1340;;;;;;;;;;;;;;;;;;;;;;;ja;;;;;;;;;;;;;;;;;;ja;;;;;ja
Gefällekeil Edelstahl V2A feinstrukturbeschichtet in schwarz matt (RAL 9005) Belagsstärke 11 mm Länge 148 cm rechts;;;540211014833R;Dural GmbH;10000;116,54;;DISCOUNT_PCT;50;;DISCOUNT_PCT;0;;;;;;;;;;070.040.1350;;;;;;;;;;;;;;;;;;;;;;;ja;;;;;;;;;;;;;;;;;;ja;;;;;ja
Gefällekeil Edelstahl V2A feinstrukturbeschichtet in betongrau (RAL 0006500) Belagsstärke 11 mm Länge 148 cm links;;;540211014865L;Dural GmbH;10000;116,54;;DISCOUNT_PCT;50;;DISCOUNT_PCT;0;;;;;;;;;;070.040.1360;;;;;;;;;;;;;;;;;;;;;;;ja;;;;;;;;;;;;;;;;;;ja;;;;;ja
Gefällekeil Edelstahl V2A feinstrukturbeschichtet in betongrau (RAL 0006500) Belagsstärke 11 mm Länge 148 cm rechts;;;540211014865R;Dural GmbH;10000;116,54;;DISCOUNT_PCT;50;;DISCOUNT_PCT;0;;;;;;;;;;070.040.1370;;;;;;;;;;;;;;;;;;;;;;;ja;;;;;;;;;;;;;;;;;;ja;;;;;ja
Gefällekeil Edelstahl V2A feinstrukturbeschichtet in sand (RAL 0808005) Belagsstärke 11 mm Länge 148 cm links;;;540211014880L;Dural GmbH;10000;116,54;;DISCOUNT_PCT;50;;DISCOUNT_PCT;0;;;;;;;;;;070.040.1380;;;;;;;;;;;;;;;;;;;;;;;ja;;;;;;;;;;;;;;;;;;ja;;;;;ja
Gefällekeil Edelstahl V2A feinstrukturbeschichtet in sand (RAL 0808005) Belagsstärke 11 mm Länge 148 cm rechts;;;540211014880R;Dural GmbH;10000;116,54;;DISCOUNT_PCT;50;;DISCOUNT_PCT;0;;;;;;;;;;070.040.1390;;;;;;;;;;;;;;;;;;;;;;;ja;;;;;;;;;;;;;;;;;;ja;;;;;ja
Gefällekeil Edelstahl V2A gebürstet Belagsstärke 11 mm Länge 148 cm links;;;5402110148L;Dural GmbH;10000;99,28;;DISCOUNT_PCT;50;;DISCOUNT_PCT;0;;;;;;;;;;070.040.1400;;;;;;;;;;;;;;;;;;;;;;;ja;;;;;;;;;;;;;;;;;;ja;;;;;ja
Gefällekeil Edelstahl V2A gebürstet Belagsstärke 11 mm Länge 148 cm rechts;;;5402110148R;Dural GmbH;10000;99,28;;DISCOUNT_PCT;50;;DISCOUNT_PCT;0;;;;;;;;;;070.040.1410;;;;;;;;;;;;;;;;;;;;;;;ja;;;;;;;;;;;;;;;;;;ja;;;;;ja
Wandanschluss-Gefällekeil Edelstahl V2A gebürstet Belagsstärke 11 mm Länge 148 cm links;;;5402110148WL;Dural GmbH;10000;110,08;;DISCOUNT_PCT;50;;DISCOUNT_PCT;0;;;;;;;;;;070.040.1420;;;;;;;;;;;;;;;;;;;;;;;ja;;;;;;;;;;;;;;;;;;ja;;;;;ja
Wandanschluss-Gefällekeil Edelstahl V2A gebürstet Belagsstärke 11 mm Länge 148 cm rechts;;;5402110148WR;Dural GmbH;10000;110,08;;DISCOUNT_PCT;50;;DISCOUNT_PCT;0;;;;;;;;;;070.040.1430;;;;;;;;;;;;;;;;;;;;;;;ja;;;;;;;;;;;;;;;;;;ja;;;;;ja
Gefällekeil Edelstahl V2A gebürstet Belagsstärke 11 mm Länge 200 cm links;;;5402110200L;Dural GmbH;10000;134,14;;DISCOUNT_PCT;50;;DISCOUNT_PCT;0;;;;;;;;;;070.040.1440;;;;;;;;;;;;;;;;;;;;;;;ja;;;;;;;;;;;;;;;;;;ja;;;;;ja
Gefällekeil Edelstahl V2A gebürstet Belagsstärke 11 mm Länge 200 cm rechts;;;5402110200R;Dural GmbH;10000;134,14;;DISCOUNT_PCT;50;;DISCOUNT_PCT;0;;;;;;;;;;070.040.1450;;;;;;;;;;;;;;;;;;;;;;;ja;;;;;;;;;;;;;;;;;;ja;;;;;ja
Wandanschluss-Gefällekeil Edelstahl V2A gebürstet Belagsstärke 11 mm Länge 200 cm links;;;5402110200WL;Dural GmbH;10000;148,76;;DISCOUNT_PCT;50;;DISCOUNT_PCT;0;;;;;;;;;;070.040.1460;;;;;;;;;;;;;;;;;;;;;;;ja;;;;;;;;;;;;;;;;;;ja;;;;;ja
Wandanschluss-Gefällekeil Edelstahl V2A gebürstet Belagsstärke 11 mm Länge 200 cm rechts;;;5402110200WR;Dural GmbH;10000;148,76;;DISCOUNT_PCT;50;;DISCOUNT_PCT;0;;;;;;;;;;070.040.1470;;;;;;;;;;;;;;;;;;;;;;;ja;;;;;;;;;;;;;;;;;;ja;;;;;ja
Gefällekeil Edelstahl V2A feinstrukturbeschichtet in schwarz matt (RAL 9005) Belagsstärke 11 mm Länge 200 cm links;;;5402110233L;Dural GmbH;10000;157,44;;DISCOUNT_PCT;50;;DISCOUNT_PCT;0;;;;;;;;;;070.040.1480;;;;;;;;;;;;;;;;;;;;;;;ja;;;;;;;;;;;;;;;;;;ja;;;;;ja
Gefällekeil Edelstahl V2A feinstrukturbeschichtet in schwarz matt (RAL 9005) Belagsstärke 11 mm Länge 200 cm rechts;;;5402110233R;Dural GmbH;10000;157,44;;DISCOUNT_PCT;50;;DISCOUNT_PCT;0;;;;;;;;;;070.040.1490;;;;;;;;;;;;;;;;;;;;;;;ja;;;;;;;;;;;;;;;;;;ja;;;;;ja
Wandanschluss-Gefällekeil Edelstahl V2A feinstrukturbeschichtet in schwarz matt (RAL 9005) Belagsstärke 11 mm Länge 200 cm;;;5402110233WL;Dural GmbH;10000;174,6;;DISCOUNT_PCT;50;;DISCOUNT_PCT;0;;;;;;;;;;070.040.1500;;;;;;;;;;;;;;;;;;;;;;;ja;;;;;;;;;;;;;;;;;;ja;;;;;ja
Wandanschluss-Gefällekeil Edelstahl V2A feinstrukturbeschichtet in schwarz matt (RAL 9005) Belagsstärke 11 mm Länge 200 cm;;;5402110233WR;Dural GmbH;10000;174,6;;DISCOUNT_PCT;50;;DISCOUNT_PCT;0;;;;;;;;;;070.040.1510;;;;;;;;;;;;;;;;;;;;;;;ja;;;;;;;;;;;;;;;;;;ja;;;;;ja
Gefällekeil Edelstahl V2A feinstrukturbeschichtet in betongrau (RAL 0006500) Belagsstärke 11 mm Länge 200 cm links;;;5402110265L;Dural GmbH;10000;157,44;;DISCOUNT_PCT;50;;DISCOUNT_PCT;0;;;;;;;;;;070.040.1520;;;;;;;;;;;;;;;;;;;;;;;ja;;;;;;;;;;;;;;;;;;ja;;;;;ja
Gefällekeil Edelstahl V2A feinstrukturbeschichtet in betongrau (RAL 0006500) Belagsstärke 11 mm Länge 200 cm rechts;;;5402110265R;Dural GmbH;10000;157,44;;DISCOUNT_PCT;50;;DISCOUNT_PCT;0;;;;;;;;;;070.040.1530;;;;;;;;;;;;;;;;;;;;;;;ja;;;;;;;;;;;;;;;;;;ja;;;;;ja
Wandanschluss-Gefällekeil Edelstahl V2A feinstrukturbeschichtet in betongrau (RAL 0006500) Belagsstärke 11 mm Länge 200 cm;;;5402110265WL;Dural GmbH;10000;174,6;;DISCOUNT_PCT;50;;DISCOUNT_PCT;0;;;;;;;;;;070.040.1540;;;;;;;;;;;;;;;;;;;;;;;ja;;;;;;;;;;;;;;;;;;ja;;;;;ja
Wandanschluss-Gefällekeil Edelstahl V2A feinstrukturbeschichtet in betongrau (RAL 0006500) Belagsstärke 11 mm Länge 200 cm;;;5402110265WR;Dural GmbH;10000;174,6;;DISCOUNT_PCT;50;;DISCOUNT_PCT;0;;;;;;;;;;070.040.1550;;;;;;;;;;;;;;;;;;;;;;;ja;;;;;;;;;;;;;;;;;;ja;;;;;ja
Gefällekeil Edelstahl V2A feinstrukturbeschichtet in sand (RAL 0808005) Belagsstärke 11 mm Länge 200 cm links;;;5402110280L;Dural GmbH;10000;157,44;;DISCOUNT_PCT;50;;DISCOUNT_PCT;0;;;;;;;;;;070.040.1560;;;;;;;;;;;;;;;;;;;;;;;ja;;;;;;;;;;;;;;;;;;ja;;;;;ja
Gefällekeil Edelstahl V2A feinstrukturbeschichtet in sand (RAL 0808005) Belagsstärke 11 mm Länge 200 cm rechts;;;5402110280R;Dural GmbH;10000;157,44;;DISCOUNT_PCT;50;;DISCOUNT_PCT;0;;;;;;;;;;070.040.1570;;;;;;;;;;;;;;;;;;;;;;;ja;;;;;;;;;;;;;;;;;;ja;;;;;ja
Wandanschluss-Gefällekeil Edelstahl V2A feinstrukturbeschichtet in sand (RAL 0808005) Belagsstärke 11 mm Länge 200 cm;;;5402110280WL;Dural GmbH;10000;174,6;;DISCOUNT_PCT;50;;DISCOUNT_PCT;0;;;;;;;;;;070.040.1580;;;;;;;;;;;;;;;;;;;;;;;ja;;;;;;;;;;;;;;;;;;ja;;;;;ja
Wandanschluss-Gefällekeil Edelstahl V2A feinstrukturbeschichtet in sand (RAL 0808005) Belagsstärke 11 mm Länge 200 cm;;;5402110280WR;Dural GmbH;10000;174,6;;DISCOUNT_PCT;50;;DISCOUNT_PCT;0;;;;;;;;;;070.040.1590;;;;;;;;;;;;;;;;;;;;;;;ja;;;;;;;;;;;;;;;;;;ja;;;;;ja
Wandanschluss-Gefällekeil Edelstahl V2A feinstrukturbeschichtet in schwarz matt (RAL 9005) Belagsstärke 11 mm Länge 98 cm;;;54021109833WL;Dural GmbH;10000;94,76;;DISCOUNT_PCT;50;;DISCOUNT_PCT;0;;;;;;;;;;070.040.1600;;;;;;;;;;;;;;;;;;;;;;;ja;;;;;;;;;;;;;;;;;;ja;;;;;ja
Wandanschluss-Gefällekeil Edelstahl V2A feinstrukturbeschichtet in schwarz matt (RAL 9005) Belagsstärke 11 mm Länge 98 cm;;;54021109833WR;Dural GmbH;10000;94,76;;DISCOUNT_PCT;50;;DISCOUNT_PCT;0;;;;;;;;;;070.040.1610;;;;;;;;;;;;;;;;;;;;;;;ja;;;;;;;;;;;;;;;;;;ja;;;;;ja
Wandanschluss-Gefällekeil Edelstahl V2A feinstrukturbeschichtet in betongrau (RAL 0006500) Belagsstärke 11 mm Länge 98 cm;;;54021109864WL;Dural GmbH;10000;94,76;;DISCOUNT_PCT;50;;DISCOUNT_PCT;0;;;;;;;;;;070.040.1620;;;;;;;;;;;;;;;;;;;;;;;ja;;;;;;;;;;;;;;;;;;ja;;;;;ja
Wandanschluss-Gefällekeil Edelstahl V2A feinstrukturbeschichtet in betongrau (RAL 0006500) Belagsstärke 11 mm Länge 98 cm;;;54021109864WR;Dural GmbH;10000;94,76;;DISCOUNT_PCT;50;;DISCOUNT_PCT;0;;;;;;;;;;070.040.1630;;;;;;;;;;;;;;;;;;;;;;;ja;;;;;;;;;;;;;;;;;;ja;;;;;ja
Wandanschluss-Gefällekeil Edelstahl V2A feinstrukturbeschichtet in sand (RAL 0808005) Belagsstärke 11 mm Länge 98 cm;;;54021109880WL;Dural GmbH;10000;94,76;;DISCOUNT_PCT;50;;DISCOUNT_PCT;0;;;;;;;;;;070.040.1640;;;;;;;;;;;;;;;;;;;;;;;ja;;;;;;;;;;;;;;;;;;ja;;;;;ja
Wandanschluss-Gefällekeil Edelstahl V2A feinstrukturbeschichtet in sand (RAL 0808005) Belagsstärke 11 mm Länge 98 cm;;;54021109880WR;Dural GmbH;10000;94,76;;DISCOUNT_PCT;50;;DISCOUNT_PCT;0;;;;;;;;;;070.040.1650;;;;;;;;;;;;;;;;;;;;;;;ja;;;;;;;;;;;;;;;;;;ja;;;;;ja
Wandanschluss-Gefällekeil Edelstahl V2A gebürstet Belagsstärke 11 mm Länge 98 cm links;;;540211098WL;Dural GmbH;10000;79,38;;DISCOUNT_PCT;50;;DISCOUNT_PCT;0;;;;;;;;;;070.040.1660;;;;;;;;;;;;;;;;;;;;;;;ja;;;;;;;;;;;;;;;;;;ja;;;;;ja
Wandanschluss-Gefällekeil Edelstahl V2A feinstrukturbeschichtet in schwarz matt (RAL 9005) Belagsstärke 11 mm Länge 148 cm;;;54021114833WL;Dural GmbH;10000;132,02;;DISCOUNT_PCT;50;;DISCOUNT_PCT;0;;;;;;;;;;070.040.1670;;;;;;;;;;;;;;;;;;;;;;;ja;;;;;;;;;;;;;;;;;;ja;;;;;ja
Wandanschluss-Gefällekeil Edelstahl V2A feinstrukturbeschichtet in schwarz matt (RAL 9005) Belagsstärke 11 mm Länge 148 cm;;;54021114833WR;Dural GmbH;10000;132,02;;DISCOUNT_PCT;50;;DISCOUNT_PCT;0;;;;;;;;;;070.040.1680;;;;;;;;;;;;;;;;;;;;;;;ja;;;;;;;;;;;;;;;;;;ja;;;;;ja
Wandanschluss-Gefällekeil Edelstahl V2A feinstrukturbeschichtet in betongrau (RAL 0006500) Belagsstärke 11 mm Länge 148 cm;;;54021114865WL;Dural GmbH;10000;132,02;;DISCOUNT_PCT;50;;DISCOUNT_PCT;0;;;;;;;;;;070.040.1690;;;;;;;;;;;;;;;;;;;;;;;ja;;;;;;;;;;;;;;;;;;ja;;;;;ja
Wandanschluss-Gefällekeil Edelstahl V2A feinstrukturbeschichtet in betongrau (RAL 0006500) Belagsstärke 11 mm Länge 148 cm;;;54021114865WR;Dural GmbH;10000;132,02;;DISCOUNT_PCT;50;;DISCOUNT_PCT;0;;;;;;;;;;070.040.1700;;;;;;;;;;;;;;;;;;;;;;;ja;;;;;;;;;;;;;;;;;;ja;;;;;ja
Wandanschluss-Gefällekeil Edelstahl V2A feinstrukturbeschichtet in sand (RAL 0808005) Belagsstärke 11 mm Länge 148 cm;;;54021114880WL;Dural GmbH;10000;132,02;;DISCOUNT_PCT;50;;DISCOUNT_PCT;0;;;;;;;;;;070.040.1710;;;;;;;;;;;;;;;;;;;;;;;ja;;;;;;;;;;;;;;;;;;ja;;;;;ja
Wandanschluss-Gefällekeil Edelstahl V2A feinstrukturbeschichtet in sand (RAL 0808005) Belagsstärke 11 mm Länge 148 cm;;;54021114880WR;Dural GmbH;10000;132,02;;DISCOUNT_PCT;50;;DISCOUNT_PCT;0;;;;;;;;;;070.040.1720;;;;;;;;;;;;;;;;;;;;;;;ja;;;;;;;;;;;;;;;;;;ja;;;;;ja
Gefällekeil Edelstahl V2A gebürstet Belagsstärke 8 mm Länge 120 cm links;;;5402120080LE;Dural GmbH;10000;71,84;;DISCOUNT_PCT;50;;DISCOUNT_PCT;0;;;;;;;;;;070.040.1730;;;;;;;;;;;;;;;;;;;;;;;ja;;;;;;;;;;;;;;;;;;ja;;;;;ja
Gefällekeil Edelstahl V2A gebürstet Belagsstärke 8 mm Länge 120 cm rechts;;;5402120080RE;Dural GmbH;10000;71,84;;DISCOUNT_PCT;50;;DISCOUNT_PCT;0;;;;;;;;;;070.040.1740;;;;;;;;;;;;;;;;;;;;;;;ja;;;;;;;;;;;;;;;;;;ja;;;;;ja
Wandanschluss-Gefällekeil Edelstahl V2A feinstrukturbeschichtet in schwarz matt (RAL 9005) Belagsstärke 12,5 mm Länge 98 cm;;;54021209833WL;Dural GmbH;10000;99,22;;DISCOUNT_PCT;50;;DISCOUNT_PCT;0;;;;;;;;;;070.040.1750;;;;;;;;;;;;;;;;;;;;;;;ja;;;;;;;;;;;;;;;;;;ja;;;;;ja
Wandanschluss-Gefällekeil Edelstahl V2A feinstrukturbeschichtet in schwarz matt (RAL 9005) Belagsstärke 12,5 mm Länge 98 cm;;;54021209833WR;Dural GmbH;10000;99,22;;DISCOUNT_PCT;50;;DISCOUNT_PCT;0;;;;;;;;;;070.040.1760;;;;;;;;;;;;;;;;;;;;;;;ja;;;;;;;;;;;;;;;;;;ja;;;;;ja
Wandanschluss-Gefällekeil Edelstahl V2A feinstrukturbeschichtet in betongrau (RAL 0006500) Belagsstärke 12,5 mm Länge 98 cm;;;54021209864WL;Dural GmbH;10000;99,22;;DISCOUNT_PCT;50;;DISCOUNT_PCT;0;;;;;;;;;;070.040.1770;;;;;;;;;;;;;;;;;;;;;;;ja;;;;;;;;;;;;;;;;;;ja;;;;;ja
Wandanschluss-Gefällekeil Edelstahl V2A feinstrukturbeschichtet in betongrau (RAL 0006500) Belagsstärke 12,5 mm Länge 98 cm;;;54021209865WR;Dural GmbH;10000;99,22;;DISCOUNT_PCT;50;;DISCOUNT_PCT;0;;;;;;;;;;070.040.1780;;;;;;;;;;;;;;;;;;;;;;;ja;;;;;;;;;;;;;;;;;;ja;;;;;ja
Wandanschluss-Gefällekeil Edelstahl V2A feinstrukturbeschichtet in sand (RAL 0808005) Belagsstärke 12,5 mm Länge 98 cm;;;54021209880WL;Dural GmbH;10000;99,22;;DISCOUNT_PCT;50;;DISCOUNT_PCT;0;;;;;;;;;;070.040.1790;;;;;;;;;;;;;;;;;;;;;;;ja;;;;;;;;;;;;;;;;;;ja;;;;;ja
Wandanschluss-Gefällekeil Edelstahl V2A feinstrukturbeschichtet in sand (RAL 0808005) Belagsstärke 12,5 mm Länge 98 cm;;;54021209880WR;Dural GmbH;10000;99,22;;DISCOUNT_PCT;50;;DISCOUNT_PCT;0;;;;;;;;;;070.040.1800;;;;;;;;;;;;;;;;;;;;;;;ja;;;;;;;;;;;;;;;;;;ja;;;;;ja
Wandanschluss-Gefällekeil Edelstahl V2A gebürstet Belagsstärke 12,5 mm Länge 98 cm links;;;540212098WL;Dural GmbH;10000;80,72;;DISCOUNT_PCT;50;;DISCOUNT_PCT;0;;;;;;;;;;070.040.1810;;;;;;;;;;;;;;;;;;;;;;;ja;;;;;;;;;;;;;;;;;;ja;;;;;ja
Wandanschluss-Gefällekeil Edelstahl V2A gebürstet Belagsstärke 12,5 mm Länge 98 cm rechts;;;540212098WR;Dural GmbH;10000;80,72;;DISCOUNT_PCT;50;;DISCOUNT_PCT;0;;;;;;;;;;070.040.1820;;;;;;;;;;;;;;;;;;;;;;;ja;;;;;;;;;;;;;;;;;;ja;;;;;ja
Wandanschluss-Gefällekeil Edelstahl V2A feinstrukturbeschichtet in schwarz matt (RAL 9005) Belagsstärke 11 mm Länge 120 cm;;;5402121133WL;Dural GmbH;10000;122,78;;DISCOUNT_PCT;50;;DISCOUNT_PCT;0;;;;;;;;;;070.040.1830;;;;;;;;;;;;;;;;;;;;;;;ja;;;;;;;;;;;;;;;;;;ja;;;;;ja
Wandanschluss-Gefällekeil Edelstahl V2A feinstrukturbeschichtet in schwarz matt (RAL 9005) Belagsstärke 11 mm Länge 120 cm;;;5402121133WR;Dural GmbH;10000;122,78;;DISCOUNT_PCT;50;;DISCOUNT_PCT;0;;;;;;;;;;070.040.1840;;;;;;;;;;;;;;;;;;;;;;;ja;;;;;;;;;;;;;;;;;;ja;;;;;ja
Wandanschluss-Gefällekeil Edelstahl V2A feinstrukturbeschichtet in betongrau (RAL 0006500) Belagsstärke 11 mm Länge 120 cm;;;5402121165WL;Dural GmbH;10000;122,78;;DISCOUNT_PCT;50;;DISCOUNT_PCT;0;;;;;;;;;;070.040.1850;;;;;;;;;;;;;;;;;;;;;;;ja;;;;;;;;;;;;;;;;;;ja;;;;;ja
Wandanschluss-Gefällekeil Edelstahl V2A feinstrukturbeschichtet in betongrau (RAL 0006500) Belagsstärke 11 mm Länge 120 cm;;;5402121165WR;Dural GmbH;10000;122,78;;DISCOUNT_PCT;50;;DISCOUNT_PCT;0;;;;;;;;;;070.040.1860;;;;;;;;;;;;;;;;;;;;;;;ja;;;;;;;;;;;;;;;;;;ja;;;;;ja
Wandanschluss-Gefällekeil Edelstahl V2A feinstrukturbeschichtet in sand (RAL 0808005) Belagsstärke 11 mm Länge 120 cm;;;5402121180WL;Dural GmbH;10000;122,78;;DISCOUNT_PCT;50;;DISCOUNT_PCT;0;;;;;;;;;;070.040.1870;;;;;;;;;;;;;;;;;;;;;;;ja;;;;;;;;;;;;;;;;;;ja;;;;;ja
Wandanschluss-Gefällekeil Edelstahl V2A feinstrukturbeschichtet in sand (RAL 0808005) Belagsstärke 11 mm Länge 120 cm;;;5402121180WR;Dural GmbH;10000;122,78;;DISCOUNT_PCT;50;;DISCOUNT_PCT;0;;;;;;;;;;070.040.1880;;;;;;;;;;;;;;;;;;;;;;;ja;;;;;;;;;;;;;;;;;;ja;;;;;ja
Wandanschluss-Gefällekeil Edelstahl V2A gebürstet Belagsstärke 12,5 mm Länge 120 cm links;;;540212120WL;Dural GmbH;10000;104,62;;DISCOUNT_PCT;50;;DISCOUNT_PCT;0;;;;;;;;;;070.040.1890;;;;;;;;;;;;;;;;;;;;;;;ja;;;;;;;;;;;;;;;;;;ja;;;;;ja
Wandanschluss-Gefällekeil Edelstahl V2A gebürstet Belagsstärke 12,5 mm Länge 120 cm rechts;;;540212120WR;Dural GmbH;10000;104,62;;DISCOUNT_PCT;50;;DISCOUNT_PCT;0;;;;;;;;;;070.040.1900;;;;;;;;;;;;;;;;;;;;;;;ja;;;;;;;;;;;;;;;;;;ja;;;;;ja
Wandanschluss-Gefällekeil Edelstahl V2A feinstrukturbeschichtet in schwarz matt (RAL 9005) Belagsstärke 12,5 mm Länge 120 cm;;;5402121233WL;Dural GmbH;10000;127,96;;DISCOUNT_PCT;50;;DISCOUNT_PCT;0;;;;;;;;;;070.040.1910;;;;;;;;;;;;;;;;;;;;;;;ja;;;;;;;;;;;;;;;;;;ja;;;;;ja
Wandanschluss-Gefällekeil Edelstahl V2A feinstrukturbeschichtet in schwarz matt (RAL 9005) Belagsstärke 12,5 mm Länge 120 cm;;;5402121233WR;Dural GmbH;10000;127,96;;DISCOUNT_PCT;50;;DISCOUNT_PCT;0;;;;;;;;;;070.040.1920;;;;;;;;;;;;;;;;;;;;;;;ja;;;;;;;;;;;;;;;;;;ja;;;;;ja
Wandanschluss-Gefällekeil Edelstahl V2A feinstrukturbeschichtet in betongrau (RAL 0006500) Belagsstärke 12,5 mm Länge 120 cm;;;5402121265WL;Dural GmbH;10000;127,96;;DISCOUNT_PCT;50;;DISCOUNT_PCT;0;;;;;;;;;;070.040.1930;;;;;;;;;;;;;;;;;;;;;;;ja;;;;;;;;;;;;;;;;;;ja;;;;;ja
Wandanschluss-Gefällekeil Edelstahl V2A feinstrukturbeschichtet in betongrau (RAL 0006500) Belagsstärke 12,5 mm Länge 120 cm;;;5402121265WR;Dural GmbH;10000;127,96;;DISCOUNT_PCT;50;;DISCOUNT_PCT;0;;;;;;;;;;070.040.1940;;;;;;;;;;;;;;;;;;;;;;;ja;;;;;;;;;;;;;;;;;;ja;;;;;ja
Wandanschluss-Gefällekeil Edelstahl V2A feinstrukturbeschichtet in sand (RAL 0808005) Belagsstärke 12,5 mm Länge 120 cm;;;5402121280WL;Dural GmbH;10000;127,96;;DISCOUNT_PCT;50;;DISCOUNT_PCT;0;;;;;;;;;;070.040.1950;;;;;;;;;;;;;;;;;;;;;;;ja;;;;;;;;;;;;;;;;;;ja;;;;;ja
Wandanschluss-Gefällekeil Edelstahl V2A feinstrukturbeschichtet in sand (RAL 0808005) Belagsstärke 12,5 mm Länge 120 cm;;;5402121280WR;Dural GmbH;10000;127,96;;DISCOUNT_PCT;50;;DISCOUNT_PCT;0;;;;;;;;;;070.040.1960;;;;;;;;;;;;;;;;;;;;;;;ja;;;;;;;;;;;;;;;;;;ja;;;;;ja
Wandanschluss-Gefällekeil Edelstahl V2A feinstrukturbeschichtet in schwarz matt (RAL 9005) Belagsstärke 12,5 mm Länge 148 cm;;;54021214833WL;Dural GmbH;10000;137,6;;DISCOUNT_PCT;50;;DISCOUNT_PCT;0;;;;;;;;;;070.040.1970;;;;;;;;;;;;;;;;;;;;;;;ja;;;;;;;;;;;;;;;;;;ja;;;;;ja
Wandanschluss-Gefällekeil Edelstahl V2A feinstrukturbeschichtet in schwarz matt (RAL 9005) Belagsstärke 12,5 mm Länge 148 cm;;;54021214833WR;Dural GmbH;10000;137,6;;DISCOUNT_PCT;50;;DISCOUNT_PCT;0;;;;;;;;;;070.040.1980;;;;;;;;;;;;;;;;;;;;;;;ja;;;;;;;;;;;;;;;;;;ja;;;;;ja
Wandanschluss-Gefällekeil Edelstahl V2A feinstrukturbeschichtet in betongrau (RAL 0006500) Belagsstärke 12,5 mm Länge 148 cm;;;54021214865WL;Dural GmbH;10000;137,6;;DISCOUNT_PCT;50;;DISCOUNT_PCT;0;;;;;;;;;;070.040.1990;;;;;;;;;;;;;;;;;;;;;;;ja;;;;;;;;;;;;;;;;;;ja;;;;;ja
Wandanschluss-Gefällekeil Edelstahl V2A feinstrukturbeschichtet in betongrau (RAL 0006500) Belagsstärke 12,5 mm Länge 148 cm;;;54021214865WR;Dural GmbH;10000;137,6;;DISCOUNT_PCT;50;;DISCOUNT_PCT;0;;;;;;;;;;070.040.2000;;;;;;;;;;;;;;;;;;;;;;;ja;;;;;;;;;;;;;;;;;;ja;;;;;ja
Wandanschluss-Gefällekeil Edelstahl V2A feinstrukturbeschichtet in sand (RAL 0808005) Belagsstärke 12,5 mm Länge 148 cm;;;54021214880WL;Dural GmbH;10000;137,6;;DISCOUNT_PCT;50;;DISCOUNT_PCT;0;;;;;;;;;;070.040.2010;;;;;;;;;;;;;;;;;;;;;;;ja;;;;;;;;;;;;;;;;;;ja;;;;;ja
Wandanschluss-Gefällekeil Edelstahl V2A feinstrukturbeschichtet in sand (RAL 0808005) Belagsstärke 12,5 mm Länge 148 cm;;;54021214880WR;Dural GmbH;10000;137,6;;DISCOUNT_PCT;50;;DISCOUNT_PCT;0;;;;;;;;;;070.040.2020;;;;;;;;;;;;;;;;;;;;;;;ja;;;;;;;;;;;;;;;;;;ja;;;;;ja
Wandanschluss-Gefällekeil Edelstahl V2A gebürstet Belagsstärke 12,5 mm Länge 148 cm links;;;540212148WL;Dural GmbH;10000;112,5;;DISCOUNT_PCT;50;;DISCOUNT_PCT;0;;;;;;;;;;070.040.2030;;;;;;;;;;;;;;;;;;;;;;;ja;;;;;;;;;;;;;;;;;;ja;;;;;ja
Wandanschluss-Gefällekeil Edelstahl V2A gebürstet Belagsstärke 12,5 mm Länge 148 cm rechts;;;540212148WR;Dural GmbH;10000;112,5;;DISCOUNT_PCT;50;;DISCOUNT_PCT;0;;;;;;;;;;070.040.2040;;;;;;;;;;;;;;;;;;;;;;;ja;;;;;;;;;;;;;;;;;;ja;;;;;ja
Gefällekeil Edelstahl V2A feinstrukturbeschichtet in schwarz matt (RAL 9005) Belagsstärke 12,5 mm Länge 98 cm links;;;540212509833L;Dural GmbH;10000;88,86;;DISCOUNT_PCT;50;;DISCOUNT_PCT;0;;;;;;;;;;070.040.2050;;;;;;;;;;;;;;;;;;;;;;;ja;;;;;;;;;;;;;;;;;;ja;;;;;ja
Gefällekeil Edelstahl V2A feinstrukturbeschichtet in schwarz matt (RAL 9005) Belagsstärke 12,5 mm Länge 98 cm rechts;;;540212509833R;Dural GmbH;10000;88,86;;DISCOUNT_PCT;50;;DISCOUNT_PCT;0;;;;;;;;;;070.040.2060;;;;;;;;;;;;;;;;;;;;;;;ja;;;;;;;;;;;;;;;;;;ja;;;;;ja
Gefällekeil Edelstahl V2A feinstrukturbeschichtet in betongrau (RAL 0006500) Belagsstärke 12,5 mm Länge 98 cm links;;;540212509865L;Dural GmbH;10000;88,86;;DISCOUNT_PCT;50;;DISCOUNT_PCT;0;;;;;;;;;;070.040.2070;;;;;;;;;;;;;;;;;;;;;;;ja;;;;;;;;;;;;;;;;;;ja;;;;;ja
Gefällekeil Edelstahl V2A feinstrukturbeschichtet in betongrau (RAL 0006500) Belagsstärke 12,5 mm Länge 98 cm rechts;;;540212509865R;Dural GmbH;10000;88,86;;DISCOUNT_PCT;50;;DISCOUNT_PCT;0;;;;;;;;;;070.040.2080;;;;;;;;;;;;;;;;;;;;;;;ja;;;;;;;;;;;;;;;;;;ja;;;;;ja
Gefällekeil Edelstahl V2A feinstrukturbeschichtet in sand (RAL 0808005) Belagsstärke 12,5 mm Länge 98 cm links;;;540212509880L;Dural GmbH;10000;88,86;;DISCOUNT_PCT;50;;DISCOUNT_PCT;0;;;;;;;;;;070.040.2090;;;;;;;;;;;;;;;;;;;;;;;ja;;;;;;;;;;;;;;;;;;ja;;;;;ja
Gefällekeil Edelstahl V2A feinstrukturbeschichtet in sand (RAL 0808005) Belagsstärke 12,5 mm Länge 98 cm rechts;;;540212509880R;Dural GmbH;10000;88,86;;DISCOUNT_PCT;50;;DISCOUNT_PCT;0;;;;;;;;;;070.040.2100;;;;;;;;;;;;;;;;;;;;;;;ja;;;;;;;;;;;;;;;;;;ja;;;;;ja
Gefällekeil Edelstahl V2A gebürstet Belagsstärke 12,5 mm Länge 98 cm links;;;5402125098L;Dural GmbH;10000;75,72;;DISCOUNT_PCT;50;;DISCOUNT_PCT;0;;;;;;;;;;070.040.2110;;;;;;;;;;;;;;;;;;;;;;;ja;;;;;;;;;;;;;;;;;;ja;;;;;ja
Gefällekeil Edelstahl V2A gebürstet Belagsstärke 12,5 mm Länge 98 cm rechts;;;5402125098R;Dural GmbH;10000;75,72;;DISCOUNT_PCT;50;;DISCOUNT_PCT;0;;;;;;;;;;070.040.2120;;;;;;;;;;;;;;;;;;;;;;;ja;;;;;;;;;;;;;;;;;;ja;;;;;ja
Gefällekeil Edelstahl V2A gebürstet Belagsstärke 12,5 mm Länge 120 cm links;;;5402125120L;Dural GmbH;10000;96,12;;DISCOUNT_PCT;50;;DISCOUNT_PCT;0;;;;;;;;;;070.040.2130;;;;;;;;;;;;;;;;;;;;;;;ja;;;;;;;;;;;;;;;;;;ja;;;;;ja
Gefällekeil Edelstahl V2A gebürstet Belagsstärke 12,5 mm Länge 120 cm rechts;;;5402125120R;Dural GmbH;10000;96,12;;DISCOUNT_PCT;50;;DISCOUNT_PCT;0;;;;;;;;;;070.040.2140;;;;;;;;;;;;;;;;;;;;;;;ja;;;;;;;;;;;;;;;;;;ja;;;;;ja
Gefällekeil Edelstahl V2A feinstrukturbeschichtet in schwarz matt (RAL 9005) Belagsstärke 12,5 mm Länge 120 cm links;;;54021251233L;Dural GmbH;10000;112,8;;DISCOUNT_PCT;50;;DISCOUNT_PCT;0;;;;;;;;;;070.040.2150;;;;;;;;;;;;;;;;;;;;;;;ja;;;;;;;;;;;;;;;;;;ja;;;;;ja
Gefällekeil Edelstahl V2A feinstrukturbeschichtet in schwarz matt (RAL 9005) Belagsstärke 12,5 mm Länge 120 cm rechts;;;54021251233R;Dural GmbH;10000;112,8;;DISCOUNT_PCT;50;;DISCOUNT_PCT;0;;;;;;;;;;070.040.2160;;;;;;;;;;;;;;;;;;;;;;;ja;;;;;;;;;;;;;;;;;;ja;;;;;ja
Gefällekeil Edelstahl V2A feinstrukturbeschichtet in betongrau (RAL 0006500) Belagsstärke 12,5 mm Länge 120 cm links;;;54021251265L;Dural GmbH;10000;112,8;;DISCOUNT_PCT;50;;DISCOUNT_PCT;0;;;;;;;;;;070.040.2170;;;;;;;;;;;;;;;;;;;;;;;ja;;;;;;;;;;;;;;;;;;ja;;;;;ja
Gefällekeil rechts Edelstahl V2A strukturbeschichtet betongrau RAL 0006500 12,5 mm 120 cm für Duschsysteme;;;54021251265R;Dural GmbH;10000;112,8;;DISCOUNT_PCT;50;;DISCOUNT_PCT;0;;;;;;;;;;070.040.2180;;;;;;;;;;;;;;;;;;;;;;;ja;;;;;;;;;;;;;;;;;;ja;;;;;ja
Gefällekeil links Edelstahl V2A strukturbeschichtet sand RAL 0808005 12,5 mm 120 cm für Duschsysteme;;;54021251280L;Dural GmbH;10000;112,8;;DISCOUNT_PCT;50;;DISCOUNT_PCT;0;;;;;;;;;;070.040.2190;;;;;;;;;;;;;;;;;;;;;;;ja;;;;;;;;;;;;;;;;;;ja;;;;;ja
Gefällekeil rechts Edelstahl V2A strukturbeschichtet sand RAL 0808005 12,5 mm 120 cm für Duschsysteme;;;54021251280R;Dural GmbH;10000;112,8;;DISCOUNT_PCT;50;;DISCOUNT_PCT;0;;;;;;;;;;070.040.2200;;;;;;;;;;;;;;;;;;;;;;;ja;;;;;;;;;;;;;;;;;;ja;;;;;ja
Gefällekeil links Edelstahl V2A strukturbeschichtet schwarz matt RAL 9005 12,5 mm 148 cm für Duschsysteme;;;540212514833L;Dural GmbH;10000;120,38;;DISCOUNT_PCT;50;;DISCOUNT_PCT;0;;;;;;;;;;070.040.2210;;;;;;;;;;;;;;;;;;;;;;;ja;;;;;;;;;;;;;;;;;;ja;;;;;ja
Gefällekeil rechts Edelstahl V2A strukturbeschichtet schwarz matt RAL 9005 12,5 mm 148 cm für Duschsysteme;;;540212514833R;Dural GmbH;10000;120,38;;DISCOUNT_PCT;50;;DISCOUNT_PCT;0;;;;;;;;;;070.040.2220;;;;;;;;;;;;;;;;;;;;;;;ja;;;;;;;;;;;;;;;;;;ja;;;;;ja
Gefällekeil links Edelstahl V2A strukturbeschichtet betongrau RAL 0006500 12,5 mm 148 cm für Duschsysteme;;;540212514865L;Dural GmbH;10000;120,38;;DISCOUNT_PCT;50;;DISCOUNT_PCT;0;;;;;;;;;;070.040.2230;;;;;;;;;;;;;;;;;;;;;;;ja;;;;;;;;;;;;;;;;;;ja;;;;;ja
Gefällekeil rechts Edelstahl V2A strukturbeschichtet betongrau RAL 0006500 12,5 mm 148 cm für Duschsysteme;;;540212514865R;Dural GmbH;10000;120,38;;DISCOUNT_PCT;50;;DISCOUNT_PCT;0;;;;;;;;;;070.040.2240;;;;;;;;;;;;;;;;;;;;;;;ja;;;;;;;;;;;;;;;;;;ja;;;;;ja
Gefällekeil links Edelstahl V2A strukturbeschichtet sand RAL 0808005 12,5 mm 148 cm für Duschsysteme;;;540212514880L;Dural GmbH;10000;120,38;;DISCOUNT_PCT;50;;DISCOUNT_PCT;0;;;;;;;;;;070.040.2250;;;;;;;;;;;;;;;;;;;;;;;ja;;;;;;;;;;;;;;;;;;ja;;;;;ja
Gefällekeil rechts Edelstahl V2A strukturbeschichtet sand RAL 0808005 12,5 mm 148 cm für Duschsysteme;;;540212514880R;Dural GmbH;10000;120,38;;DISCOUNT_PCT;50;;DISCOUNT_PCT;0;;;;;;;;;;070.040.2260;;;;;;;;;;;;;;;;;;;;;;;ja;;;;;;;;;;;;;;;;;;ja;;;;;ja
Gefällekeil links Edelstahl V2A gebürstet natur 12,5 mm 148 cm für Duschsysteme;;;5402125148L;Dural GmbH;10000;102,56;;DISCOUNT_PCT;50;;DISCOUNT_PCT;0;;;;;;;;;;070.040.2270;;;;;;;;;;;;;;;;;;;;;;;ja;;;;;;;;;;;;;;;;;;ja;;;;;ja
Gefällekeil rechts Edelstahl V2A gebürstet natur 12,5 mm 148 cm für Duschsysteme;;;5402125148R;Dural GmbH;10000;102,56;;DISCOUNT_PCT;50;;DISCOUNT_PCT;0;;;;;;;;;;070.040.2280;;;;;;;;;;;;;;;;;;;;;;;ja;;;;;;;;;;;;;;;;;;ja;;;;;ja
Gefällekeil links Edelstahl V2A gebürstet natur 12,5 mm 200 cm für Duschsysteme;;;5402125200L;Dural GmbH;10000;138,62;;DISCOUNT_PCT;50;;DISCOUNT_PCT;0;;;;;;;;;;070.040.2290;;;;;;;;;;;;;;;;;;;;;;;ja;;;;;;;;;;;;;;;;;;ja;;;;;ja
Gefällekeil rechts Edelstahl V2A gebürstet natur 12,5 mm 200 cm für Duschsysteme;;;5402125200R;Dural GmbH;10000;138,62;;DISCOUNT_PCT;50;;DISCOUNT_PCT;0;;;;;;;;;;070.040.2300;;;;;;;;;;;;;;;;;;;;;;;ja;;;;;;;;;;;;;;;;;;ja;;;;;ja
Systemzubehör Edelstahl V2A gebürstet natur 12,5 mm, 200 cm;;;5402125200WL;Dural GmbH;10000;151,96;;DISCOUNT_PCT;50;;DISCOUNT_PCT;0;;;;;;;;;;070.040.2310;;;;;;;;;;;;;;;;;;;;;;;ja;;;;;;;;;;;;;;;;;;ja;;;;;ja
Systemzubehör Edelstahl V2A gebürstet natur 12,5 mm, 200 cm;;;5402125200WR;Dural GmbH;10000;151,96;;DISCOUNT_PCT;50;;DISCOUNT_PCT;0;;;;;;;;;;070.040.2320;;;;;;;;;;;;;;;;;;;;;;;ja;;;;;;;;;;;;;;;;;;ja;;;;;ja
Gefällekeil links Edelstahl V2A strukturbeschichtet schwarz matt RAL 9005 12,5 mm 200 cm für Duschsysteme;;;5402125233L;Dural GmbH;10000;162,68;;DISCOUNT_PCT;50;;DISCOUNT_PCT;0;;;;;;;;;;070.040.2330;;;;;;;;;;;;;;;;;;;;;;;ja;;;;;;;;;;;;;;;;;;ja;;;;;ja
Gefällekeil rechts Edelstahl V2A strukturbeschichtet schwarz matt RAL 9005 12,5 mm 200 cm für Duschsysteme;;;5402125233R;Dural GmbH;10000;162,68;;DISCOUNT_PCT;50;;DISCOUNT_PCT;0;;;;;;;;;;070.040.2340;;;;;;;;;;;;;;;;;;;;;;;ja;;;;;;;;;;;;;;;;;;ja;;;;;ja
Systemzubehör Edelstahl V2A strukturbeschichtet schwarz matt RAL 9005 12,5 mm, 200 cm;;;5402125233WL;Dural GmbH;10000;178,36;;DISCOUNT_PCT;50;;DISCOUNT_PCT;0;;;;;;;;;;070.040.2350;;;;;;;;;;;;;;;;;;;;;;;ja;;;;;;;;;;;;;;;;;;ja;;;;;ja
Systemzubehör Edelstahl V2A strukturbeschichtet schwarz matt RAL 9005 12,5 mm, 200 cm;;;5402125233WR;Dural GmbH;10000;178,36;;DISCOUNT_PCT;50;;DISCOUNT_PCT;0;;;;;;;;;;070.040.2360;;;;;;;;;;;;;;;;;;;;;;;ja;;;;;;;;;;;;;;;;;;ja;;;;;ja
Gefällekeil links Edelstahl V2A strukturbeschichtet betongrau RAL 0006500 12,5 mm 200 cm für Duschsysteme;;;5402125265L;Dural GmbH;10000;162,68;;DISCOUNT_PCT;50;;DISCOUNT_PCT;0;;;;;;;;;;070.040.2370;;;;;;;;;;;;;;;;;;;;;;;ja;;;;;;;;;;;;;;;;;;ja;;;;;ja
Gefällekeil rechts Edelstahl V2A strukturbeschichtet betongrau RAL 0006500 12,5 mm 200 cm für Duschsysteme;;;5402125265R;Dural GmbH;10000;162,68;;DISCOUNT_PCT;50;;DISCOUNT_PCT;0;;;;;;;;;;070.040.2380;;;;;;;;;;;;;;;;;;;;;;;ja;;;;;;;;;;;;;;;;;;ja;;;;;ja
Systemzubehör Edelstahl V2A strukturbeschichtet betongrau RAL 0006500 12,5 mm, 200 cm;;;5402125265WL;Dural GmbH;10000;178,36;;DISCOUNT_PCT;50;;DISCOUNT_PCT;0;;;;;;;;;;070.040.2390;;;;;;;;;;;;;;;;;;;;;;;ja;;;;;;;;;;;;;;;;;;ja;;;;;ja
Systemzubehör Edelstahl V2A strukturbeschichtet betongrau RAL 0006500 12,5 mm, 200 cm;;;5402125265WR;Dural GmbH;10000;178,36;;DISCOUNT_PCT;50;;DISCOUNT_PCT;0;;;;;;;;;;070.040.2400;;;;;;;;;;;;;;;;;;;;;;;ja;;;;;;;;;;;;;;;;;;ja;;;;;ja
Gefällekeil links Edelstahl V2A strukturbeschichtet sand RAL 0808005 12,5 mm 200 cm für Duschsysteme;;;5402125280L;Dural GmbH;10000;162,68;;DISCOUNT_PCT;50;;DISCOUNT_PCT;0;;;;;;;;;;070.040.2410;;;;;;;;;;;;;;;;;;;;;;;ja;;;;;;;;;;;;;;;;;;ja;;;;;ja
Gefällekeil rechts Edelstahl V2A strukturbeschichtet sand RAL 0808005 12,5 mm 200 cm für Duschsysteme;;;5402125280R;Dural GmbH;10000;162,68;;DISCOUNT_PCT;50;;DISCOUNT_PCT;0;;;;;;;;;;070.040.2420;;;;;;;;;;;;;;;;;;;;;;;ja;;;;;;;;;;;;;;;;;;ja;;;;;ja
Systemzubehör Edelstahl V2A strukturbeschichtet sand RAL 0808005 12,5 mm, 200 cm;;;5402125280WL;Dural GmbH;10000;178,36;;DISCOUNT_PCT;50;;DISCOUNT_PCT;0;;;;;;;;;;070.040.2430;;;;;;;;;;;;;;;;;;;;;;;ja;;;;;;;;;;;;;;;;;;ja;;;;;ja
Systemzubehör Edelstahl V2A strukturbeschichtet sand RAL 0808005 12,5 mm, 200 cm;;;5402125280WR;Dural GmbH;10000;178,36;;DISCOUNT_PCT;50;;DISCOUNT_PCT;0;;;;;;;;;;070.040.2440;;;;;;;;;;;;;;;;;;;;;;;ja;;;;;;;;;;;;;;;;;;ja;;;;;ja
Gefällekeil links Edelstahl V2A gebürstet natur 8 mm 148 cm für Duschsysteme;;;5402150080LE;Dural GmbH;10000;76,44;;DISCOUNT_PCT;50;;DISCOUNT_PCT;0;;;;;;;;;;070.040.2450;;;;;;;;;;;;;;;;;;;;;;;ja;;;;;;;;;;;;;;;;;;ja;;;;;ja
Gefällekeil rechts Edelstahl V2A gebürstet natur 8 mm 148 cm für Duschsysteme;;;5402150080RE;Dural GmbH;10000;76,44;;DISCOUNT_PCT;50;;DISCOUNT_PCT;0;;;;;;;;;;070.040.2460;;;;;;;;;;;;;;;;;;;;;;;ja;;;;;;;;;;;;;;;;;;ja;;;;;ja
Systemzubehör Edelstahl V2A gebürstet natur 8 mm, 150 cm;;;540215020;Dural GmbH;10000;37,98;;DISCOUNT_PCT;50;;DISCOUNT_PCT;0;;;;;;;;;;070.040.2470;;;;;;;;;;;;;;;;;;;;;;;ja;;;;;;;;;;;;;;;;;;ja;;;;;ja
Systemzubehör Edelstahl V2A strukturbeschichtet schwarz matt RAL 9005 8 mm, 150 cm;;;54021502011;Dural GmbH;10000;48,68;;DISCOUNT_PCT;50;;DISCOUNT_PCT;0;;;;;;;;;;070.040.2480;;;;;;;;;;;;;;;;;;;;;;;ja;;;;;;;;;;;;;;;;;;ja;;;;;ja
Systemzubehör Edelstahl V2A strukturbeschichtet weiss matt (RAL 9003) 8 mm, 150 cm;;;54021502012;Dural GmbH;10000;48,68;;DISCOUNT_PCT;50;;DISCOUNT_PCT;0;;;;;;;;;;070.040.2490;;;;;;;;;;;;;;;;;;;;;;;ja;;;;;;;;;;;;;;;;;;ja;;;;;ja
Systemzubehör Edelstahl V2A strukturbeschichtet betongrau RAL 0006500 8 mm, 150 cm;;;54021502065;Dural GmbH;10000;48,68;;DISCOUNT_PCT;50;;DISCOUNT_PCT;0;;;;;;;;;;070.040.2500;;;;;;;;;;;;;;;;;;;;;;;ja;;;;;;;;;;;;;;;;;;ja;;;;;ja
Systemzubehör Edelstahl V2A strukturbeschichtet sand RAL 0808005 8 mm, 150 cm;;;54021502080;Dural GmbH;10000;48,68;;DISCOUNT_PCT;50;;DISCOUNT_PCT;0;;;;;;;;;;070.040.2510;;;;;;;;;;;;;;;;;;;;;;;ja;;;;;;;;;;;;;;;;;;ja;;;;;ja
Systemzubehör Edelstahl V2A gebürstet natur 8 mm, 150 cm;;;540215030;Dural GmbH;10000;50,84;;DISCOUNT_PCT;50;;DISCOUNT_PCT;0;;;;;;;;;;070.040.2520;;;;;;;;;;;;;;;;;;;;;;;ja;;;;;;;;;;;;;;;;;;ja;;;;;ja
Systemzubehör Edelstahl V2A strukturbeschichtet schwarz matt RAL 9005 8 mm, 150 cm;;;54021503011;Dural GmbH;10000;70,1;;DISCOUNT_PCT;50;;DISCOUNT_PCT;0;;;;;;;;;;070.040.2530;;;;;;;;;;;;;;;;;;;;;;;ja;;;;;;;;;;;;;;;;;;ja;;;;;ja
Systemzubehör Edelstahl V2A strukturbeschichtet weiss matt (RAL 9003) 8 mm, 150 cm;;;54021503012;Dural GmbH;10000;70,1;;DISCOUNT_PCT;50;;DISCOUNT_PCT;0;;;;;;;;;;070.040.2540;;;;;;;;;;;;;;;;;;;;;;;ja;;;;;;;;;;;;;;;;;;ja;;;;;ja
Systemzubehör Edelstahl V2A strukturbeschichtet betongrau RAL 0006500 8 mm, 150 cm;;;54021503065;Dural GmbH;10000;70,1;;DISCOUNT_PCT;50;;DISCOUNT_PCT;0;;;;;;;;;;070.040.2550;;;;;;;;;;;;;;;;;;;;;;;ja;;;;;;;;;;;;;;;;;;ja;;;;;ja
Systemzubehör Edelstahl V2A strukturbeschichtet sand RAL 0808005 8 mm, 150 cm;;;54021503080;Dural GmbH;10000;70,1;;DISCOUNT_PCT;50;;DISCOUNT_PCT;0;;;;;;;;;;070.040.2560;;;;;;;;;;;;;;;;;;;;;;;ja;;;;;;;;;;;;;;;;;;ja;;;;;ja
Systemzubehör Edelstahl V2A gebürstet natur 8 mm, 150 cm;;;540215040;Dural GmbH;10000;66,08;;DISCOUNT_PCT;50;;DISCOUNT_PCT;0;;;;;;;;;;070.040.2570;;;;;;;;;;;;;;;;;;;;;;;ja;;;;;;;;;;;;;;;;;;ja;;;;;ja
Systemzubehör Edelstahl V2A strukturbeschichtet schwarz matt RAL 9005 8 mm, 150 cm;;;54021504011;Dural GmbH;10000;87,98;;DISCOUNT_PCT;50;;DISCOUNT_PCT;0;;;;;;;;;;070.040.2580;;;;;;;;;;;;;;;;;;;;;;;ja;;;;;;;;;;;;;;;;;;ja;;;;;ja
Systemzubehör Edelstahl V2A strukturbeschichtet weiss matt (RAL 9003) 8 mm, 150 cm;;;54021504012;Dural GmbH;10000;87,98;;DISCOUNT_PCT;50;;DISCOUNT_PCT;0;;;;;;;;;;070.040.2590;;;;;;;;;;;;;;;;;;;;;;;ja;;;;;;;;;;;;;;;;;;ja;;;;;ja
Systemzubehör Edelstahl V2A strukturbeschichtet betongrau RAL 0006500 8 mm, 150 cm;;;54021504065;Dural GmbH;10000;87,98;;DISCOUNT_PCT;50;;DISCOUNT_PCT;0;;;;;;;;;;070.040.2600;;;;;;;;;;;;;;;;;;;;;;;ja;;;;;;;;;;;;;;;;;;ja;;;;;ja
Systemzubehör Edelstahl V2A strukturbeschichtet sand RAL 0808005 8 mm, 150 cm;;;54021504080;Dural GmbH;10000;87,98;;DISCOUNT_PCT;50;;DISCOUNT_PCT;0;;;;;;;;;;070.040.2610;;;;;;;;;;;;;;;;;;;;;;;ja;;;;;;;;;;;;;;;;;;ja;;;;;ja
Duschablage rechteckig Edelstahl V2A gebürstet 17 x 24 cm für Bad und Dusche;;;5402170240;Dural GmbH;10000;85,64;;DISCOUNT_PCT;50;;DISCOUNT_PCT;0;;;;;;;;;;070.030.0120;;;;;;;;;;;;;;;;;;;;;;;ja;;;;;;;;;;;;;;;;;;ja;;;;;ja
Glasaufnahmeprofil Boden links Edelstahl V2A strukturbeschichtet weiss matt (RAL 9003) 19 mm 98 cm für Duschflächen;;;540219009812L;Dural GmbH;10000;161,12;;DISCOUNT_PCT;50;;DISCOUNT_PCT;0;;;;;;;;;;070.040.2620;;;;;;;;;;;;;;;;;;;;;;;ja;;;;;;;;;;;;;;;;;;ja;;;;;ja
Glasaufnahmeprofil Boden rechts Edelstahl V2A strukturbeschichtet weiss matt (RAL 9003) 19 mm 98 cm für Duschflächen;;;540219009812R;Dural GmbH;10000;161,12;;DISCOUNT_PCT;50;;DISCOUNT_PCT;0;;;;;;;;;;070.040.2630;;;;;;;;;;;;;;;;;;;;;;;ja;;;;;;;;;;;;;;;;;;ja;;;;;ja
Glasaufnahmeprofil Boden links Edelstahl V2A strukturbeschichtet schwarz matt RAL 9005 19 mm 98 cm für Duschflächen;;;540219009833L;Dural GmbH;10000;161,12;;DISCOUNT_PCT;50;;DISCOUNT_PCT;0;;;;;;;;;;070.040.2640;;;;;;;;;;;;;;;;;;;;;;;ja;;;;;;;;;;;;;;;;;;ja;;;;;ja
Glasaufnahmeprofil Boden rechts Edelstahl V2A strukturbeschichtet schwarz matt RAL 9005 19 mm 98 cm für Duschflächen;;;540219009833R;Dural GmbH;10000;161,12;;DISCOUNT_PCT;50;;DISCOUNT_PCT;0;;;;;;;;;;070.040.2650;;;;;;;;;;;;;;;;;;;;;;;ja;;;;;;;;;;;;;;;;;;ja;;;;;ja
Glasaufnahmeprofil Boden links Edelstahl V2A strukturbeschichtet betongrau RAL 0006500 19 mm 98 cm für Duschflächen;;;540219009865L;Dural GmbH;10000;161,12;;DISCOUNT_PCT;50;;DISCOUNT_PCT;0;;;;;;;;;;070.040.2660;;;;;;;;;;;;;;;;;;;;;;;ja;;;;;;;;;;;;;;;;;;ja;;;;;ja
Glasaufnahmeprofil Boden rechts Edelstahl V2A strukturbeschichtet betongrau RAL 0006500 19 mm 98 cm für Duschflächen;;;540219009865R;Dural GmbH;10000;161,12;;DISCOUNT_PCT;50;;DISCOUNT_PCT;0;;;;;;;;;;070.040.2670;;;;;;;;;;;;;;;;;;;;;;;ja;;;;;;;;;;;;;;;;;;ja;;;;;ja
Glasaufnahmeprofil Boden links Edelstahl V2A strukturbeschichtet sand RAL 0808005 19 mm 98 cm für Duschflächen;;;540219009880L;Dural GmbH;10000;161,12;;DISCOUNT_PCT;50;;DISCOUNT_PCT;0;;;;;;;;;;070.040.2680;;;;;;;;;;;;;;;;;;;;;;;ja;;;;;;;;;;;;;;;;;;ja;;;;;ja
Glasaufnahmeprofil Boden rechts Edelstahl V2A strukturbeschichtet sand RAL 0808005 19 mm 98 cm für Duschflächen;;;540219009880R;Dural GmbH;10000;161,12;;DISCOUNT_PCT;50;;DISCOUNT_PCT;0;;;;;;;;;;070.040.2690;;;;;;;;;;;;;;;;;;;;;;;ja;;;;;;;;;;;;;;;;;;ja;;;;;ja
Glasaufnahmeprofil Boden links Edelstahl V2A gebürstet natur 19 mm 98 cm für Duschflächen;;;5402190098L;Dural GmbH;10000;137,28;;DISCOUNT_PCT;50;;DISCOUNT_PCT;0;;;;;;;;;;070.040.2700;;;;;;;;;;;;;;;;;;;;;;;ja;;;;;;;;;;;;;;;;;;ja;;;;;ja
Glasaufnahmeprofil Boden rechts Edelstahl V2A gebürstet natur 19 mm 98 cm für Duschflächen;;;5402190098R;Dural GmbH;10000;137,28;;DISCOUNT_PCT;50;;DISCOUNT_PCT;0;;;;;;;;;;070.040.2710;;;;;;;;;;;;;;;;;;;;;;;ja;;;;;;;;;;;;;;;;;;ja;;;;;ja
Glasaufnahmeprofil Boden links Edelstahl V2A gebürstet natur 19 mm 120 cm für Duschflächen;;;5402190120L;Dural GmbH;10000;174,54;;DISCOUNT_PCT;50;;DISCOUNT_PCT;0;;;;;;;;;;070.040.2720;;;;;;;;;;;;;;;;;;;;;;;ja;;;;;;;;;;;;;;;;;;ja;;;;;ja
Glasaufnahmeprofil Boden rechts Edelstahl V2A gebürstet natur 19 mm 120 cm für Duschflächen;;;5402190120R;Dural GmbH;10000;174,54;;DISCOUNT_PCT;50;;DISCOUNT_PCT;0;;;;;;;;;;070.040.2730;;;;;;;;;;;;;;;;;;;;;;;ja;;;;;;;;;;;;;;;;;;ja;;;;;ja
Glasaufnahmeprofil Boden links Edelstahl V2A strukturbeschichtet weiss matt (RAL 9003) 19 mm 120 cm für Duschflächen;;;54021901212L;Dural GmbH;10000;204,86;;DISCOUNT_PCT;50;;DISCOUNT_PCT;0;;;;;;;;;;070.040.2740;;;;;;;;;;;;;;;;;;;;;;;ja;;;;;;;;;;;;;;;;;;ja;;;;;ja
Glasaufnahmeprofil Boden rechts Edelstahl V2A strukturbeschichtet weiss matt (RAL 9003) 19 mm 120 cm für Duschflächen;;;54021901212R;Dural GmbH;10000;204,86;;DISCOUNT_PCT;50;;DISCOUNT_PCT;0;;;;;;;;;;070.040.2750;;;;;;;;;;;;;;;;;;;;;;;ja;;;;;;;;;;;;;;;;;;ja;;;;;ja
Glasaufnahmeprofil Boden links Edelstahl V2A strukturbeschichtet schwarz matt RAL 9005 19 mm 120 cm für Duschflächen;;;54021901233L;Dural GmbH;10000;204,86;;DISCOUNT_PCT;50;;DISCOUNT_PCT;0;;;;;;;;;;070.040.2760;;;;;;;;;;;;;;;;;;;;;;;ja;;;;;;;;;;;;;;;;;;ja;;;;;ja
Glasaufnahmeprofil Boden rechts Edelstahl V2A strukturbeschichtet schwarz matt RAL 9005 19 mm 120 cm für Duschflächen;;;54021901233R;Dural GmbH;10000;204,86;;DISCOUNT_PCT;50;;DISCOUNT_PCT;0;;;;;;;;;;070.040.2770;;;;;;;;;;;;;;;;;;;;;;;ja;;;;;;;;;;;;;;;;;;ja;;;;;ja
Glasaufnahmeprofil Boden links Edelstahl V2A strukturbeschichtet betongrau RAL 0006500 19 mm 120 cm für Duschflächen;;;54021901265L;Dural GmbH;10000;204,86;;DISCOUNT_PCT;50;;DISCOUNT_PCT;0;;;;;;;;;;070.040.2780;;;;;;;;;;;;;;;;;;;;;;;ja;;;;;;;;;;;;;;;;;;ja;;;;;ja
Glasaufnahmeprofil Boden rechts Edelstahl V2A strukturbeschichtet betongrau RAL 0006500 19 mm 120 cm für Duschflächen;;;54021901265R;Dural GmbH;10000;204,86;;DISCOUNT_PCT;50;;DISCOUNT_PCT;0;;;;;;;;;;070.040.2790;;;;;;;;;;;;;;;;;;;;;;;ja;;;;;;;;;;;;;;;;;;ja;;;;;ja
Glasaufnahmeprofil Boden links Edelstahl V2A strukturbeschichtet sand RAL 0808005 19 mm 120 cm für Duschflächen;;;54021901280L;Dural GmbH;10000;204,86;;DISCOUNT_PCT;50;;DISCOUNT_PCT;0;;;;;;;;;;070.040.2800;;;;;;;;;;;;;;;;;;;;;;;ja;;;;;;;;;;;;;;;;;;ja;;;;;ja
Glasaufnahmeprofil Boden rechts Edelstahl V2A strukturbeschichtet sand RAL 0808005 19 mm 120 cm für Duschflächen;;;54021901280R;Dural GmbH;10000;204,86;;DISCOUNT_PCT;50;;DISCOUNT_PCT;0;;;;;;;;;;070.040.2810;;;;;;;;;;;;;;;;;;;;;;;ja;;;;;;;;;;;;;;;;;;ja;;;;;ja
Glasaufnahmeprofil Boden links Edelstahl V2A strukturbeschichtet weiss matt (RAL 9003) 19 mm 148 cm für Duschflächen;;;540219014812L;Dural GmbH;10000;221,04;;DISCOUNT_PCT;50;;DISCOUNT_PCT;0;;;;;;;;;;070.040.2820;;;;;;;;;;;;;;;;;;;;;;;ja;;;;;;;;;;;;;;;;;;ja;;;;;ja
Glasaufnahmeprofil Boden rechts Edelstahl V2A strukturbeschichtet weiss matt (RAL 9003) 19 mm 148 cm für Duschflächen;;;540219014812R;Dural GmbH;10000;221,04;;DISCOUNT_PCT;50;;DISCOUNT_PCT;0;;;;;;;;;;070.040.2830;;;;;;;;;;;;;;;;;;;;;;;ja;;;;;;;;;;;;;;;;;;ja;;;;;ja
Glasaufnahmeprofil Boden links Edelstahl V2A strukturbeschichtet schwarz matt RAL 9005 19 mm 148 cm für Duschflächen;;;540219014833L;Dural GmbH;10000;221,04;;DISCOUNT_PCT;50;;DISCOUNT_PCT;0;;;;;;;;;;070.040.2840;;;;;;;;;;;;;;;;;;;;;;;ja;;;;;;;;;;;;;;;;;;ja;;;;;ja
Glasaufnahmeprofil Boden rechts Edelstahl V2A strukturbeschichtet schwarz matt RAL 9005 19 mm 148 cm für Duschflächen;;;540219014833R;Dural GmbH;10000;221,04;;DISCOUNT_PCT;50;;DISCOUNT_PCT;0;;;;;;;;;;070.040.2850;;;;;;;;;;;;;;;;;;;;;;;ja;;;;;;;;;;;;;;;;;;ja;;;;;ja
Glasaufnahmeprofil Boden links Edelstahl V2A strukturbeschichtet betongrau RAL 0006500 19 mm 148 cm für Duschflächen;;;540219014865L;Dural GmbH;10000;221,04;;DISCOUNT_PCT;50;;DISCOUNT_PCT;0;;;;;;;;;;070.040.2860;;;;;;;;;;;;;;;;;;;;;;;ja;;;;;;;;;;;;;;;;;;ja;;;;;ja
Glasaufnahmeprofil Boden rechts Edelstahl V2A strukturbeschichtet betongrau RAL 0006500 19 mm 148 cm für Duschflächen;;;540219014865R;Dural GmbH;10000;221,04;;DISCOUNT_PCT;50;;DISCOUNT_PCT;0;;;;;;;;;;070.040.2870;;;;;;;;;;;;;;;;;;;;;;;ja;;;;;;;;;;;;;;;;;;ja;;;;;ja
Glasaufnahmeprofil Boden links Edelstahl V2A strukturbeschichtet sand RAL 0808005 19 mm 148 cm für Duschflächen;;;540219014880L;Dural GmbH;10000;221,04;;DISCOUNT_PCT;50;;DISCOUNT_PCT;0;;;;;;;;;;070.040.2880;;;;;;;;;;;;;;;;;;;;;;;ja;;;;;;;;;;;;;;;;;;ja;;;;;ja
Glasaufnahmeprofil Boden rechts Edelstahl V2A strukturbeschichtet sand RAL 0808005 19 mm 148 cm für Duschflächen;;;540219014880R;Dural GmbH;10000;221,04;;DISCOUNT_PCT;50;;DISCOUNT_PCT;0;;;;;;;;;;070.040.2890;;;;;;;;;;;;;;;;;;;;;;;ja;;;;;;;;;;;;;;;;;;ja;;;;;ja
Glasaufnahmeprofil Boden links Edelstahl V2A gebürstet natur 19 mm 148 cm für Duschflächen;;;5402190148L;Dural GmbH;10000;188,32;;DISCOUNT_PCT;50;;DISCOUNT_PCT;0;;;;;;;;;;070.040.2900;;;;;;;;;;;;;;;;;;;;;;;ja;;;;;;;;;;;;;;;;;;ja;;;;;ja
Glasaufnahmeprofil Boden rechts Edelstahl V2A gebürstet natur 19 mm 148 cm für Duschflächen;;;5402190148R;Dural GmbH;10000;188,32;;DISCOUNT_PCT;50;;DISCOUNT_PCT;0;;;;;;;;;;070.040.2910;;;;;;;;;;;;;;;;;;;;;;;ja;;;;;;;;;;;;;;;;;;ja;;;;;ja
Glasaufnahmeprofil Boden links Edelstahl V2A gebürstet natur 19 mm 200 cm für Duschflächen;;;5402190200L;Dural GmbH;10000;254,46;;DISCOUNT_PCT;50;;DISCOUNT_PCT;0;;;;;;;;;;070.040.2920;;;;;;;;;;;;;;;;;;;;;;;ja;;;;;;;;;;;;;;;;;;ja;;;;;ja
Glasaufnahmeprofil Boden rechts Edelstahl V2A gebürstet natur 19 mm 200 cm für Duschflächen;;;5402190200R;Dural GmbH;10000;254,46;;DISCOUNT_PCT;50;;DISCOUNT_PCT;0;;;;;;;;;;070.040.2930;;;;;;;;;;;;;;;;;;;;;;;ja;;;;;;;;;;;;;;;;;;ja;;;;;ja
Glasaufnahmeprofil Boden links Edelstahl V2A strukturbeschichtet weiss matt (RAL 9003) 19 mm 200 cm für Duschflächen;;;5402190212L;Dural GmbH;10000;298,64;;DISCOUNT_PCT;50;;DISCOUNT_PCT;0;;;;;;;;;;070.040.2940;;;;;;;;;;;;;;;;;;;;;;;ja;;;;;;;;;;;;;;;;;;ja;;;;;ja
Glasaufnahmeprofil Boden rechts Edelstahl V2A strukturbeschichtet weiss matt (RAL 9003) 19 mm 200 cm für Duschflächen;;;5402190212R;Dural GmbH;10000;298,64;;DISCOUNT_PCT;50;;DISCOUNT_PCT;0;;;;;;;;;;070.040.2950;;;;;;;;;;;;;;;;;;;;;;;ja;;;;;;;;;;;;;;;;;;ja;;;;;ja
Glas-Wandprofil Edelstahl V2A gebürstet natur 19 mm 220 cm;;;5402190220;Dural GmbH;10000;310,46;;DISCOUNT_PCT;50;;DISCOUNT_PCT;0;;;;;;;;;;070.040.2960;;;;;;;;;;;;;;;;;;;;;;;ja;;;;;;;;;;;;;;;;;;ja;;;;;ja
Glas-Wandprofil Edelstahl V2A strukturbeschichtet weiss matt (RAL 9003) 19 mm 220 cm;;;54021902212;Dural GmbH;10000;364,38;;DISCOUNT_PCT;50;;DISCOUNT_PCT;0;;;;;;;;;;070.040.2970;;;;;;;;;;;;;;;;;;;;;;;ja;;;;;;;;;;;;;;;;;;ja;;;;;ja
Glas-Wandprofil Edelstahl V2A strukturbeschichtet schwarz matt RAL 9005 19 mm 220 cm;;;54021902233;Dural GmbH;10000;364,38;;DISCOUNT_PCT;50;;DISCOUNT_PCT;0;;;;;;;;;;070.040.2980;;;;;;;;;;;;;;;;;;;;;;;ja;;;;;;;;;;;;;;;;;;ja;;;;;ja
Glas-Wandprofil Edelstahl V2A strukturbeschichtet betongrau RAL 0006500 19 mm 220 cm;;;54021902265;Dural GmbH;10000;364,38;;DISCOUNT_PCT;50;;DISCOUNT_PCT;0;;;;;;;;;;070.040.2990;;;;;;;;;;;;;;;;;;;;;;;ja;;;;;;;;;;;;;;;;;;ja;;;;;ja
Glas-Wandprofil Edelstahl V2A strukturbeschichtet sand RAL 0808005 19 mm 220 cm;;;54021902280;Dural GmbH;10000;364,38;;DISCOUNT_PCT;50;;DISCOUNT_PCT;0;;;;;;;;;;070.040.3000;;;;;;;;;;;;;;;;;;;;;;;ja;;;;;;;;;;;;;;;;;;ja;;;;;ja
Glasaufnahmeprofil Boden links Edelstahl V2A strukturbeschichtet schwarz matt RAL 9005 19 mm 200 cm für Duschflächen;;;5402190233L;Dural GmbH;10000;298,64;;DISCOUNT_PCT;50;;DISCOUNT_PCT;0;;;;;;;;;;070.040.3010;;;;;;;;;;;;;;;;;;;;;;;ja;;;;;;;;;;;;;;;;;;ja;;;;;ja
Glasaufnahmeprofil Boden rechts Edelstahl V2A strukturbeschichtet schwarz matt RAL 9005 19 mm 200 cm für Duschflächen;;;5402190233R;Dural GmbH;10000;298,64;;DISCOUNT_PCT;50;;DISCOUNT_PCT;0;;;;;;;;;;070.040.3020;;;;;;;;;;;;;;;;;;;;;;;ja;;;;;;;;;;;;;;;;;;ja;;;;;ja
Glasaufnahmeprofil Boden links Edelstahl V2A strukturbeschichtet betongrau RAL 0006500 19 mm 200 cm für Duschflächen;;;5402190265L;Dural GmbH;10000;298,64;;DISCOUNT_PCT;50;;DISCOUNT_PCT;0;;;;;;;;;;070.040.3030;;;;;;;;;;;;;;;;;;;;;;;ja;;;;;;;;;;;;;;;;;;ja;;;;;ja
Glasaufnahmeprofil Boden rechts Edelstahl V2A strukturbeschichtet betongrau RAL 0006500 19 mm 200 cm für Duschflächen;;;5402190265R;Dural GmbH;10000;298,64;;DISCOUNT_PCT;50;;DISCOUNT_PCT;0;;;;;;;;;;070.040.3040;;;;;;;;;;;;;;;;;;;;;;;ja;;;;;;;;;;;;;;;;;;ja;;;;;ja
Glasaufnahmeprofil Boden links Edelstahl V2A strukturbeschichtet sand RAL 0808005 19 mm 200 cm für Duschflächen;;;5402190280L;Dural GmbH;10000;298,64;;DISCOUNT_PCT;50;;DISCOUNT_PCT;0;;;;;;;;;;070.040.3050;;;;;;;;;;;;;;;;;;;;;;;ja;;;;;;;;;;;;;;;;;;ja;;;;;ja
Glasaufnahmeprofil Boden rechts Edelstahl V2A strukturbeschichtet sand RAL 0808005 19 mm 200 cm für Duschflächen;;;5402190280R;Dural GmbH;10000;298,64;;DISCOUNT_PCT;50;;DISCOUNT_PCT;0;;;;;;;;;;070.040.3060;;;;;;;;;;;;;;;;;;;;;;;ja;;;;;;;;;;;;;;;;;;ja;;;;;ja
Glas-Wandprofil LED Edelstahl V2A gebürstet natur 19 mm 220 cm IP66;;;540219068220;Dural GmbH;10000;938,16;;DISCOUNT_PCT;50;;DISCOUNT_PCT;0;;;;;;;;;;070.040.3070;;;;;;;;;;;;;;;;;;;;;;;ja;;;;;;;;;;;;;;;;;;ja;;;;;ja
Gefällekeil links Edelstahl V2A gebürstet natur 8 mm 200 cm für Duschsysteme;;;5402200080LE;Dural GmbH;10000;104,14;;DISCOUNT_PCT;50;;DISCOUNT_PCT;0;;;;;;;;;;070.040.3080;;;;;;;;;;;;;;;;;;;;;;;ja;;;;;;;;;;;;;;;;;;ja;;;;;ja
Gefällekeil rechts Edelstahl V2A gebürstet natur 8 mm 200 cm für Duschsysteme;;;5402200080RE;Dural GmbH;10000;104,14;;DISCOUNT_PCT;50;;DISCOUNT_PCT;0;;;;;;;;;;070.040.3090;;;;;;;;;;;;;;;;;;;;;;;ja;;;;;;;;;;;;;;;;;;ja;;;;;ja
Duschablage Edelstahl V2A gebürstet 20 x 28 cm für Bad und Dusche;;;5402200280;Dural GmbH;10000;77,1;;DISCOUNT_PCT;50;;DISCOUNT_PCT;0;;;;;;;;;;070.030.0130;;;;;;;;;;;;;;;;;;;;;;;ja;;;;;;;;;;;;;;;;;;ja;;;;;ja
Duschablage Line Edelstahl V2A gebürstet für Bad und Dusche;;;54022020L;Dural GmbH;10000;89,22;;DISCOUNT_PCT;50;;DISCOUNT_PCT;0;;;;;;;;;;070.030.0140;;;;;;;;;;;;;;;;;;;;;;;ja;;;;;;;;;;;;;;;;;;ja;;;;;ja
Duschablage Line Edelstahl V2A gebürstet für Bad und Dusche;;;54022020LR;Dural GmbH;10000;107,04;;DISCOUNT_PCT;50;;DISCOUNT_PCT;0;;;;;;;;;;070.030.0150;;;;;;;;;;;;;;;;;;;;;;;ja;;;;;;;;;;;;;;;;;;ja;;;;;ja
Duschablage Penta Edelstahl V2A gebürstet für Bad und Dusche;;;54022020P;Dural GmbH;10000;113,32;;DISCOUNT_PCT;50;;DISCOUNT_PCT;0;;;;;;;;;;070.030.0160;;;;;;;;;;;;;;;;;;;;;;;ja;;;;;;;;;;;;;;;;;;ja;;;;;ja
Duschablage Penta Edelstahl V2A gebürstet für Bad und Dusche;;;54022020PR;Dural GmbH;10000;135,98;;DISCOUNT_PCT;50;;DISCOUNT_PCT;0;;;;;;;;;;070.030.0170;;;;;;;;;;;;;;;;;;;;;;;ja;;;;;;;;;;;;;;;;;;ja;;;;;ja
Duschablage Edelstahl V2A gebürstet 23 x 32 cm für Bad und Dusche;;;5402225325;Dural GmbH;10000;82,9;;DISCOUNT_PCT;50;;DISCOUNT_PCT;0;;;;;;;;;;070.030.0180;;;;;;;;;;;;;;;;;;;;;;;ja;;;;;;;;;;;;;;;;;;ja;;;;;ja
Duschablage rechteckig Edelstahl V2A gebürstet 24 x 34 cm für Bad und Dusche;;;5402240340;Dural GmbH;10000;104;;DISCOUNT_PCT;50;;DISCOUNT_PCT;0;;;;;;;;;;070.030.0190;;;;;;;;;;;;;;;;;;;;;;;ja;;;;;;;;;;;;;;;;;;ja;;;;;ja
Duschablage Edelstahl V2A gebürstet 26 x 37 cm für Bad und Dusche;;;5402255370;Dural GmbH;10000;88,42;;DISCOUNT_PCT;50;;DISCOUNT_PCT;0;;;;;;;;;;070.030.0200;;;;;;;;;;;;;;;;;;;;;;;ja;;;;;;;;;;;;;;;;;;ja;;;;;ja
Duschablage rechteckig Edelstahl V2A gebürstet 27 x 38 cm für Bad und Dusche;;;5402270380;Dural GmbH;10000;111,34;;DISCOUNT_PCT;50;;DISCOUNT_PCT;0;;;;;;;;;;070.030.0210;;;;;;;;;;;;;;;;;;;;;;;ja;;;;;;;;;;;;;;;;;;ja;;;;;ja
Duschablage Line Edelstahl V2A gebürstet für Bad und Dusche;;;54022815L;Dural GmbH;10000;83,18;;DISCOUNT_PCT;50;;DISCOUNT_PCT;0;;;;;;;;;;070.030.0220;;;;;;;;;;;;;;;;;;;;;;;ja;;;;;;;;;;;;;;;;;;ja;;;;;ja
Duschablage Line Edelstahl V2A gebürstet für Bad und Dusche;;;54022815LR;Dural GmbH;10000;99,82;;DISCOUNT_PCT;50;;DISCOUNT_PCT;0;;;;;;;;;;070.030.0230;;;;;;;;;;;;;;;;;;;;;;;ja;;;;;;;;;;;;;;;;;;ja;;;;;ja
Duschablage Penta Edelstahl V2A gebürstet für Bad und Dusche;;;54022815P;Dural GmbH;10000;107,28;;DISCOUNT_PCT;50;;DISCOUNT_PCT;0;;;;;;;;;;070.030.0240;;;;;;;;;;;;;;;;;;;;;;;ja;;;;;;;;;;;;;;;;;;ja;;;;;ja
Duschablage Penta Edelstahl V2A gebürstet für Bad und Dusche;;;54022815PR;Dural GmbH;10000;128,76;;DISCOUNT_PCT;50;;DISCOUNT_PCT;0;;;;;;;;;;070.030.0250;;;;;;;;;;;;;;;;;;;;;;;ja;;;;;;;;;;;;;;;;;;ja;;;;;ja
Duschablage Line Aluminium strukturbeschichtet für Bad und Dusche;;;54112020L;Dural GmbH;10000;83,18;;DISCOUNT_PCT;50;;DISCOUNT_PCT;0;;;;;;;;;;070.030.0260;;;;;;;;;;;;;;;;;;;;;;;ja;;;;;;;;;;;;;;;;;;ja;;;;;ja
Duschablage Line Aluminium strukturbeschichtet für Bad und Dusche;;;54112020LR;Dural GmbH;10000;99,82;;DISCOUNT_PCT;50;;DISCOUNT_PCT;0;;;;;;;;;;070.030.0270;;;;;;;;;;;;;;;;;;;;;;;ja;;;;;;;;;;;;;;;;;;ja;;;;;ja
Duschablage Penta Aluminium strukturbeschichtet für Bad und Dusche;;;54112020P;Dural GmbH;10000;107,28;;DISCOUNT_PCT;50;;DISCOUNT_PCT;0;;;;;;;;;;070.030.0280;;;;;;;;;;;;;;;;;;;;;;;ja;;;;;;;;;;;;;;;;;;ja;;;;;ja
Duschablage Penta Aluminium strukturbeschichtet für Bad und Dusche;;;54112020PR;Dural GmbH;10000;128,76;;DISCOUNT_PCT;50;;DISCOUNT_PCT;0;;;;;;;;;;070.030.0290;;;;;;;;;;;;;;;;;;;;;;;ja;;;;;;;;;;;;;;;;;;ja;;;;;ja
Duschablage Line Aluminium strukturbeschichtet für Bad und Dusche;;;54112815L;Dural GmbH;10000;77,16;;DISCOUNT_PCT;50;;DISCOUNT_PCT;0;;;;;;;;;;070.030.0300;;;;;;;;;;;;;;;;;;;;;;;ja;;;;;;;;;;;;;;;;;;ja;;;;;ja
Duschablage Line Aluminium strukturbeschichtet für Bad und Dusche;;;54112815LR;Dural GmbH;10000;92,6;;DISCOUNT_PCT;50;;DISCOUNT_PCT;0;;;;;;;;;;070.030.0310;;;;;;;;;;;;;;;;;;;;;;;ja;;;;;;;;;;;;;;;;;;ja;;;;;ja
Duschablage Penta Aluminium strukturbeschichtet für Bad und Dusche;;;54112815P;Dural GmbH;10000;101,4;;DISCOUNT_PCT;50;;DISCOUNT_PCT;0;;;;;;;;;;070.030.0320;;;;;;;;;;;;;;;;;;;;;;;ja;;;;;;;;;;;;;;;;;;ja;;;;;ja
Duschablage Penta Aluminium strukturbeschichtet für Bad und Dusche;;;54112815PR;Dural GmbH;10000;121,5;;DISCOUNT_PCT;50;;DISCOUNT_PCT;0;;;;;;;;;;070.030.0330;;;;;;;;;;;;;;;;;;;;;;;ja;;;;;;;;;;;;;;;;;;ja;;;;;ja
Duschablage Line Aluminium strukturbeschichtet für Bad und Dusche;;;54122020L;Dural GmbH;10000;83,18;;DISCOUNT_PCT;50;;DISCOUNT_PCT;0;;;;;;;;;;070.030.0340;;;;;;;;;;;;;;;;;;;;;;;ja;;;;;;;;;;;;;;;;;;ja;;;;;ja
Duschablage Line Aluminium strukturbeschichtet für Bad und Dusche;;;54122020LR;Dural GmbH;10000;99,82;;DISCOUNT_PCT;50;;DISCOUNT_PCT;0;;;;;;;;;;070.030.0350;;;;;;;;;;;;;;;;;;;;;;;ja;;;;;;;;;;;;;;;;;;ja;;;;;ja
Duschablage Penta Aluminium strukturbeschichtet für Bad und Dusche;;;54122020P;Dural GmbH;10000;107,28;;DISCOUNT_PCT;50;;DISCOUNT_PCT;0;;;;;;;;;;070.030.0360;;;;;;;;;;;;;;;;;;;;;;;ja;;;;;;;;;;;;;;;;;;ja;;;;;ja
Duschablage Penta Aluminium strukturbeschichtet für Bad und Dusche;;;54122020PR;Dural GmbH;10000;128,76;;DISCOUNT_PCT;50;;DISCOUNT_PCT;0;;;;;;;;;;070.030.0370;;;;;;;;;;;;;;;;;;;;;;;ja;;;;;;;;;;;;;;;;;;ja;;;;;ja
Duschablage Line Aluminium strukturbeschichtet für Bad und Dusche;;;54122815L;Dural GmbH;10000;77,16;;DISCOUNT_PCT;50;;DISCOUNT_PCT;0;;;;;;;;;;070.030.0380;;;;;;;;;;;;;;;;;;;;;;;ja;;;;;;;;;;;;;;;;;;ja;;;;;ja
Duschablage Line Aluminium strukturbeschichtet für Bad und Dusche;;;54122815LR;Dural GmbH;10000;92,6;;DISCOUNT_PCT;50;;DISCOUNT_PCT;0;;;;;;;;;;070.030.0390;;;;;;;;;;;;;;;;;;;;;;;ja;;;;;;;;;;;;;;;;;;ja;;;;;ja
Duschablage Penta Aluminium strukturbeschichtet für Bad und Dusche;;;54122815P;Dural GmbH;10000;101,4;;DISCOUNT_PCT;50;;DISCOUNT_PCT;0;;;;;;;;;;070.030.0400;;;;;;;;;;;;;;;;;;;;;;;ja;;;;;;;;;;;;;;;;;;ja;;;;;ja
Duschablage Penta Aluminium strukturbeschichtet für Bad und Dusche;;;54122815PR;Dural GmbH;10000;121,5;;DISCOUNT_PCT;50;;DISCOUNT_PCT;0;;;;;;;;;;070.030.0410;;;;;;;;;;;;;;;;;;;;;;;ja;;;;;;;;;;;;;;;;;;ja;;;;;ja
Duschablage Line Aluminium strukturbeschichtet für Bad und Dusche;;;54652020L;Dural GmbH;10000;83,18;;DISCOUNT_PCT;50;;DISCOUNT_PCT;0;;;;;;;;;;070.030.0420;;;;;;;;;;;;;;;;;;;;;;;ja;;;;;;;;;;;;;;;;;;ja;;;;;ja
Duschablage Line Aluminium strukturbeschichtet für Bad und Dusche;;;54652020LR;Dural GmbH;10000;99,82;;DISCOUNT_PCT;50;;DISCOUNT_PCT;0;;;;;;;;;;070.030.0430;;;;;;;;;;;;;;;;;;;;;;;ja;;;;;;;;;;;;;;;;;;ja;;;;;ja
Duschablage Penta Aluminium strukturbeschichtet für Bad und Dusche;;;54652020P;Dural GmbH;10000;107,28;;DISCOUNT_PCT;50;;DISCOUNT_PCT;0;;;;;;;;;;070.030.0440;;;;;;;;;;;;;;;;;;;;;;;ja;;;;;;;;;;;;;;;;;;ja;;;;;ja
Duschablage Penta Aluminium strukturbeschichtet für Bad und Dusche;;;54652020PR;Dural GmbH;10000;128,76;;DISCOUNT_PCT;50;;DISCOUNT_PCT;0;;;;;;;;;;070.030.0450;;;;;;;;;;;;;;;;;;;;;;;ja;;;;;;;;;;;;;;;;;;ja;;;;;ja
Duschablage Line Aluminium strukturbeschichtet für Bad und Dusche;;;54652815L;Dural GmbH;10000;77,16;;DISCOUNT_PCT;50;;DISCOUNT_PCT;0;;;;;;;;;;070.030.0460;;;;;;;;;;;;;;;;;;;;;;;ja;;;;;;;;;;;;;;;;;;ja;;;;;ja
Duschablage Line Aluminium strukturbeschichtet für Bad und Dusche;;;54652815LR;Dural GmbH;10000;92,6;;DISCOUNT_PCT;50;;DISCOUNT_PCT;0;;;;;;;;;;070.030.0470;;;;;;;;;;;;;;;;;;;;;;;ja;;;;;;;;;;;;;;;;;;ja;;;;;ja
Duschablage Penta Aluminium strukturbeschichtet für Bad und Dusche;;;54652815P;Dural GmbH;10000;101,4;;DISCOUNT_PCT;50;;DISCOUNT_PCT;0;;;;;;;;;;070.030.0480;;;;;;;;;;;;;;;;;;;;;;;ja;;;;;;;;;;;;;;;;;;ja;;;;;ja
Duschablage Penta Aluminium strukturbeschichtet für Bad und Dusche;;;54652815PR;Dural GmbH;10000;121,5;;DISCOUNT_PCT;50;;DISCOUNT_PCT;0;;;;;;;;;;070.030.0490;;;;;;;;;;;;;;;;;;;;;;;ja;;;;;;;;;;;;;;;;;;ja;;;;;ja
Duschablage Line Aluminium strukturbeschichtet für Bad und Dusche;;;54802020L;Dural GmbH;10000;83,18;;DISCOUNT_PCT;50;;DISCOUNT_PCT;0;;;;;;;;;;070.030.0500;;;;;;;;;;;;;;;;;;;;;;;ja;;;;;;;;;;;;;;;;;;ja;;;;;ja
Duschablage Line Aluminium strukturbeschichtet für Bad und Dusche;;;54802020LR;Dural GmbH;10000;99,82;;DISCOUNT_PCT;50;;DISCOUNT_PCT;0;;;;;;;;;;070.030.0510;;;;;;;;;;;;;;;;;;;;;;;ja;;;;;;;;;;;;;;;;;;ja;;;;;ja
Duschablage Penta Aluminium strukturbeschichtet für Bad und Dusche;;;54802020P;Dural GmbH;10000;107,28;;DISCOUNT_PCT;50;;DISCOUNT_PCT;0;;;;;;;;;;070.030.0520;;;;;;;;;;;;;;;;;;;;;;;ja;;;;;;;;;;;;;;;;;;ja;;;;;ja
Duschablage Penta Aluminium strukturbeschichtet für Bad und Dusche;;;54802020PR;Dural GmbH;10000;128,76;;DISCOUNT_PCT;50;;DISCOUNT_PCT;0;;;;;;;;;;070.030.0530;;;;;;;;;;;;;;;;;;;;;;;ja;;;;;;;;;;;;;;;;;;ja;;;;;ja
Duschablage Line Aluminium strukturbeschichtet für Bad und Dusche;;;54802815L;Dural GmbH;10000;77,16;;DISCOUNT_PCT;50;;DISCOUNT_PCT;0;;;;;;;;;;070.030.0540;;;;;;;;;;;;;;;;;;;;;;;ja;;;;;;;;;;;;;;;;;;ja;;;;;ja
Duschablage Line Aluminium strukturbeschichtet für Bad und Dusche;;;54802815LR;Dural GmbH;10000;92,6;;DISCOUNT_PCT;50;;DISCOUNT_PCT;0;;;;;;;;;;070.030.0550;;;;;;;;;;;;;;;;;;;;;;;ja;;;;;;;;;;;;;;;;;;ja;;;;;ja
Duschablage Penta Aluminium strukturbeschichtet für Bad und Dusche;;;54802815P;Dural GmbH;10000;101,4;;DISCOUNT_PCT;50;;DISCOUNT_PCT;0;;;;;;;;;;070.030.0560;;;;;;;;;;;;;;;;;;;;;;;ja;;;;;;;;;;;;;;;;;;ja;;;;;ja
Duschablage Penta Aluminium strukturbeschichtet für Bad und Dusche;;;54802815PR;Dural GmbH;10000;121,5;;DISCOUNT_PCT;50;;DISCOUNT_PCT;0;;;;;;;;;;070.030.0570;;;;;;;;;;;;;;;;;;;;;;;ja;;;;;;;;;;;;;;;;;;ja;;;;;ja
Übergangsprofil Messing hochglanzpoliert natur Breite 30 mm, Länge 100 cm;;;740011003000;Dural GmbH;10000;9,5;;DISCOUNT_PCT;50;;DISCOUNT_PCT;40;;;;;;;;;;080.020.0010;;;;;;;;;;;;;;;;;;;;;;;ja;;;;;;;;;;;;;;;;;;ja;;;;;ja
Übergangsprofil Messing hochglanzpoliert natur selbstklebend Breite 30 mm, Länge 100 cm;;;740011003001;Dural GmbH;10000;13,72;;DISCOUNT_PCT;50;;DISCOUNT_PCT;40;;;;;;;;;;080.020.0020;;;;;;;;;;;;;;;;;;;;;;;ja;;;;;;;;;;;;;;;;;;ja;;;;;ja
Übergangsprofil Messing hochglanzpoliert natur Breite 40 mm, Länge 100 cm;;;740011004000;Dural GmbH;10000;15,88;;DISCOUNT_PCT;50;;DISCOUNT_PCT;40;;;;;;;;;;080.020.0030;;;;;;;;;;;;;;;;;;;;;;;ja;;;;;;;;;;;;;;;;;;ja;;;;;ja
Übergangsprofil Messing hochglanzpoliert natur Breite 30 mm, Länge 270 cm;;;740012703000;Dural GmbH;10000;9,04;;DISCOUNT_PCT;50;;DISCOUNT_PCT;40;;;;;;;;;;080.020.0040;;;;;;;;;;;;;;;;;;;;;;;ja;;;;;;;;;;;;;;;;;;ja;;;;;ja
Übergangsprofil Messing hochglanzpoliert natur selbstklebend Breite 30 mm, Länge 270 cm;;;740012703001;Dural GmbH;10000;13,06;;DISCOUNT_PCT;50;;DISCOUNT_PCT;40;;;;;;;;;;080.020.0050;;;;;;;;;;;;;;;;;;;;;;;ja;;;;;;;;;;;;;;;;;;ja;;;;;ja
Übergangsprofil Messing hochglanzpoliert natur Breite 40 mm, Länge 270 cm;;;740012704000;Dural GmbH;10000;15,12;;DISCOUNT_PCT;50;;DISCOUNT_PCT;40;;;;;;;;;;080.020.0060;;;;;;;;;;;;;;;;;;;;;;;ja;;;;;;;;;;;;;;;;;;ja;;;;;ja
Abdichtungs-Komplettset für Duschecke Polyamid, Polyethylen, Aramid;;;95100001;Dural GmbH;10000;228,52;;DISCOUNT_PCT;50;;DISCOUNT_PCT;25;;;;;;;;;;060.010.0560;;;;;;;;;;;;;;;;;;;;;;;ja;;;;;;;;;;;;;;;;;;ja;;;;;ja
Abdichtungs-Komplettset für Duschnische Polyamid, Polyethylen, Aramid;;;95100002;Dural GmbH;10000;329,94;;DISCOUNT_PCT;50;;DISCOUNT_PCT;25;;;;;;;;;;060.010.0570;;;;;;;;;;;;;;;;;;;;;;;ja;;;;;;;;;;;;;;;;;;ja;;;;;ja
Abdichtungs-Komplettset für Badewanne Polyamid, Polyethylen, Aramid;;;95100003;Dural GmbH;10000;116,18;;DISCOUNT_PCT;50;;DISCOUNT_PCT;25;;;;;;;;;;060.010.0580;;;;;;;;;;;;;;;;;;;;;;;ja;;;;;;;;;;;;;;;;;;ja;;;;;ja
Zubehör Polyethylen gelb 1 Stück;;;9530000;Dural GmbH;10000;278;;DISCOUNT_PCT;50;;DISCOUNT_PCT;25;;;;;;;;;;060.010.0590;;;;;;;;;;;;;;;;;;;;;;;ja;;;;;;;;;;;;;;;;;;ja;;;;;ja
Zubehör Polyethylen gelb 5 Stück;;;9531126;Dural GmbH;10000;16,8;;DISCOUNT_PCT;50;;DISCOUNT_PCT;25;;;;;;;;;;060.010.0600;;;;;;;;;;;;;;;;;;;;;;;ja;;;;;;;;;;;;;;;;;;ja;;;;;ja
Abschlussband Polyethylen weiss 10 m;;;9531327;Dural GmbH;10000;1,6;;DISCOUNT_PCT;50;;DISCOUNT_PCT;25;;;;;;;;;;060.010.0610;;;;;;;;;;;;;;;;;;;;;;;ja;;;;;;;;;;;;;;;;;;ja;;;;;ja
Zubehör Polyethylen gelb lfm;;;9531975;Dural GmbH;10000;5,3;;DISCOUNT_PCT;50;;DISCOUNT_PCT;25;;;;;;;;;;060.010.0620;;;;;;;;;;;;;;;;;;;;;;;ja;;;;;;;;;;;;;;;;;;ja;;;;;ja
Zubehör Polyethylen gelb lfm;;;9531976;Dural GmbH;10000;5;;DISCOUNT_PCT;50;;DISCOUNT_PCT;25;;;;;;;;;;060.010.0630;;;;;;;;;;;;;;;;;;;;;;;ja;;;;;;;;;;;;;;;;;;ja;;;;;ja
Zubehör Polyethylen gelb 5 m²;;;9531977;Dural GmbH;10000;19,9;;DISCOUNT_PCT;50;;DISCOUNT_PCT;25;;;;;;;;;;060.010.0640;;;;;;;;;;;;;;;;;;;;;;;ja;;;;;;;;;;;;;;;;;;ja;;;;;ja
Zubehör Polyethylen gelb 10 m²;;;9531978;Dural GmbH;10000;19,6;;DISCOUNT_PCT;50;;DISCOUNT_PCT;25;;;;;;;;;;060.010.0650;;;;;;;;;;;;;;;;;;;;;;;ja;;;;;;;;;;;;;;;;;;ja;;;;;ja
Zubehör Polyethylen gelb 30 m²;;;9531979;Dural GmbH;10000;19,3;;DISCOUNT_PCT;50;;DISCOUNT_PCT;25;;;;;;;;;;060.010.0660;;;;;;;;;;;;;;;;;;;;;;;ja;;;;;;;;;;;;;;;;;;ja;;;;;ja
Sockeldichtband Polyethylen gelb 120 mm 10 m;;;9531980;Dural GmbH;10000;5,7;;DISCOUNT_PCT;50;;DISCOUNT_PCT;25;;;;;;;;;;060.010.0670;;;;;;;;;;;;;;;;;;;;;;;ja;;;;;;;;;;;;;;;;;;ja;;;;;ja
Sockeldichtband Polyethylen gelb 120 mm 50 m;;;9531981;Dural GmbH;10000;5,4;;DISCOUNT_PCT;50;;DISCOUNT_PCT;25;;;;;;;;;;060.010.0680;;;;;;;;;;;;;;;;;;;;;;;ja;;;;;;;;;;;;;;;;;;ja;;;;;ja
Wannendichtband Polyethylen gelb 8 mm 30 m;;;9531982;Dural GmbH;10000;9,8;;DISCOUNT_PCT;50;;DISCOUNT_PCT;25;;;;;;;;;;060.010.0690;;;;;;;;;;;;;;;;;;;;;;;ja;;;;;;;;;;;;;;;;;;ja;;;;;ja
Aussenecke Polyethylen gelb 5 Stück;;;9531983;Dural GmbH;10000;10;;DISCOUNT_PCT;50;;DISCOUNT_PCT;25;;;;;;;;;;060.010.0700;;;;;;;;;;;;;;;;;;;;;;;ja;;;;;;;;;;;;;;;;;;ja;;;;;ja
Wandmanschette Polyurethan anthrazit 10 Stück;;;9531984;Dural GmbH;10000;7,8;;DISCOUNT_PCT;50;;DISCOUNT_PCT;25;;;;;;;;;;060.010.0710;;;;;;;;;;;;;;;;;;;;;;;ja;;;;;;;;;;;;;;;;;;ja;;;;;ja
Tropfenschutzmanschette Polyethylen gelb 2 Stück;;;9531985;Dural GmbH;10000;30;;DISCOUNT_PCT;50;;DISCOUNT_PCT;25;;;;;;;;;;060.010.0720;;;;;;;;;;;;;;;;;;;;;;;ja;;;;;;;;;;;;;;;;;;ja;;;;;ja
Wandmanschette Polyurethan anthrazit 10 Stück;;;9531987;Dural GmbH;10000;8,4;;DISCOUNT_PCT;50;;DISCOUNT_PCT;25;;;;;;;;;;060.010.0730;;;;;;;;;;;;;;;;;;;;;;;ja;;;;;;;;;;;;;;;;;;ja;;;;;ja
Primerspray gelb;;;953198812;Dural GmbH;10000;28;;DISCOUNT_PCT;50;;DISCOUNT_PCT;25;;;;;;;;;;060.010.0740;;;;;;;;;;;;;;;;;;;;;;;ja;;;;;;;;;;;;;;;;;;ja;;;;;ja
3D-Dichtecke Polyethylen gelb 10 Stück;;;9531989;Dural GmbH;10000;12;;DISCOUNT_PCT;50;;DISCOUNT_PCT;25;;;;;;;;;;060.010.0750;;;;;;;;;;;;;;;;;;;;;;;ja;;;;;;;;;;;;;;;;;;ja;;;;;ja
3D-Dichtecke Polyethylen gelb 10 Stück;;;9531990;Dural GmbH;10000;12;;DISCOUNT_PCT;50;;DISCOUNT_PCT;25;;;;;;;;;;060.010.0760;;;;;;;;;;;;;;;;;;;;;;;ja;;;;;;;;;;;;;;;;;;ja;;;;;ja
Innenecke Polyethylen gelb 5 Stück;;;9531993;Dural GmbH;10000;10;;DISCOUNT_PCT;50;;DISCOUNT_PCT;25;;;;;;;;;;060.010.0770;;;;;;;;;;;;;;;;;;;;;;;ja;;;;;;;;;;;;;;;;;;ja;;;;;ja
3D-Dichtecke Polyethylen gelb 10 Stück;;;9532000;Dural GmbH;10000;11,6;;DISCOUNT_PCT;50;;DISCOUNT_PCT;25;;;;;;;;;;060.010.0780;;;;;;;;;;;;;;;;;;;;;;;ja;;;;;;;;;;;;;;;;;;ja;;;;;ja
3D-Dichtecke Polyethylen gelb 10 Stück;;;9532001;Dural GmbH;10000;11,6;;DISCOUNT_PCT;50;;DISCOUNT_PCT;25;;;;;;;;;;060.010.0790;;;;;;;;;;;;;;;;;;;;;;;ja;;;;;;;;;;;;;;;;;;ja;;;;;ja
Bodenablauf ABS DN 50;;;96000050;Dural GmbH;10000;49,46;;DISCOUNT_PCT;50;;DISCOUNT_PCT;0;;;;;;;;;;070.020.0050;;;;;;;;;;;;;;;;;;;;;;;ja;;;;;;;;;;;;;;;;;;ja;;;;;ja
Bodenablauf Edelstahl (V2A, 304) poliert natur;;;96001010C;Dural GmbH;10000;59,9;;DISCOUNT_PCT;50;;DISCOUNT_PCT;0;;;;;;;;;;070.020.0060;;;;;;;;;;;;;;;;;;;;;;;ja;;;;;;;;;;;;;;;;;;ja;;;;;ja
Bodenablauf Edelstahl (V2A, 304) poliert natur;;;96001010S;Dural GmbH;10000;59,9;;DISCOUNT_PCT;50;;DISCOUNT_PCT;0;;;;;;;;;;070.020.0070;;;;;;;;;;;;;;;;;;;;;;;ja;;;;;;;;;;;;;;;;;;ja;;;;;ja
Bodenablauf Edelstahl (V2A, 304) poliert natur;;;96001515C;Dural GmbH;10000;89,96;;DISCOUNT_PCT;50;;DISCOUNT_PCT;0;;;;;;;;;;070.020.0080;;;;;;;;;;;;;;;;;;;;;;;ja;;;;;;;;;;;;;;;;;;ja;;;;;ja
Bodenablauf Edelstahl (V2A, 304) poliert natur;;;96001515S;Dural GmbH;10000;89,96;;DISCOUNT_PCT;50;;DISCOUNT_PCT;0;;;;;;;;;;070.020.0090;;;;;;;;;;;;;;;;;;;;;;;ja;;;;;;;;;;;;;;;;;;ja;;;;;ja
Bodenablauf Polypropylen, PVC gelb;;;960020AF;Dural GmbH;10000;36,02;;DISCOUNT_PCT;50;;DISCOUNT_PCT;0;;;;;;;;;;070.020.0100;;;;;;;;;;;;;;;;;;;;;;;ja;;;;;;;;;;;;;;;;;;ja;;;;;ja
Bodenablauf PVC blau;;;960020AN;Dural GmbH;10000;36,02;;DISCOUNT_PCT;50;;DISCOUNT_PCT;0;;;;;;;;;;070.020.0110;;;;;;;;;;;;;;;;;;;;;;;ja;;;;;;;;;;;;;;;;;;ja;;;;;ja
Bodenablauf waagerecht Kunststoff DN 40;;;96004053;Dural GmbH;10000;43,88;;DISCOUNT_PCT;50;;DISCOUNT_PCT;0;;;;;;;;;;070.020.0120;;;;;;;;;;;;;;;;;;;;;;;ja;;;;;;;;;;;;;;;;;;ja;;;;;ja
Bodenablauf senkrecht Kunststoff DN 50;;;96005000;Dural GmbH;10000;65,68;;DISCOUNT_PCT;50;;DISCOUNT_PCT;0;;;;;;;;;;070.020.0130;;;;;;;;;;;;;;;;;;;;;;;ja;;;;;;;;;;;;;;;;;;ja;;;;;ja
Bodenablauf waagerecht Kunststoff DN 50;;;96005060;Dural GmbH;10000;43,88;;DISCOUNT_PCT;50;;DISCOUNT_PCT;0;;;;;;;;;;070.020.0140;;;;;;;;;;;;;;;;;;;;;;;ja;;;;;;;;;;;;;;;;;;ja;;;;;ja
Brandschutzmanschette Polypropylen;;;96005090;Dural GmbH;10000;286,06;;DISCOUNT_PCT;50;;DISCOUNT_PCT;0;;;;;;;;;;070.040.3100;;;;;;;;;;;;;;;;;;;;;;;ja;;;;;;;;;;;;;;;;;;ja;;;;;ja
Bodenablauf waagerecht Kunststoff DN 70;;;96007092;Dural GmbH;10000;65,68;;DISCOUNT_PCT;50;;DISCOUNT_PCT;0;;;;;;;;;;070.020.0150;;;;;;;;;;;;;;;;;;;;;;;ja;;;;;;;;;;;;;;;;;;ja;;;;;ja
Bodenablauf ABS, Edelstahl (V2A, 304) gebürstet natur;;;96021010;Dural GmbH;10000;193,98;;DISCOUNT_PCT;50;;DISCOUNT_PCT;0;;;;;;;;;;070.020.0160;;;;;;;;;;;;;;;;;;;;;;;ja;;;;;;;;;;;;;;;;;;ja;;;;;ja
Bodenablauf Edelstahl (V2A, 304) pulverbeschichtet schwarz matt (RAL 9005);;;96111010C;Dural GmbH;10000;65,88;;DISCOUNT_PCT;50;;DISCOUNT_PCT;0;;;;;;;;;;070.020.0170;;;;;;;;;;;;;;;;;;;;;;;ja;;;;;;;;;;;;;;;;;;ja;;;;;ja
Bodenablauf Edelstahl (V2A, 304) pulverbeschichtet weiss matt (RAL 9003);;;96121010C;Dural GmbH;10000;65,88;;DISCOUNT_PCT;50;;DISCOUNT_PCT;0;;;;;;;;;;070.020.0180;;;;;;;;;;;;;;;;;;;;;;;ja;;;;;;;;;;;;;;;;;;ja;;;;;ja
Bodenablauf Edelstahl (V2A, 304) poliert gold;;;961221010C;Dural GmbH;10000;65,88;;DISCOUNT_PCT;50;;DISCOUNT_PCT;0;;;;;;;;;;070.020.0190;;;;;;;;;;;;;;;;;;;;;;;ja;;;;;;;;;;;;;;;;;;ja;;;;;ja
Bodenablauf Diverse;;;96506010F;Dural GmbH;10000;129,16;;DISCOUNT_PCT;50;;DISCOUNT_PCT;0;;;;;;;;;;070.020.0200;;;;;;;;;;;;;;;;;;;;;;;ja;;;;;;;;;;;;;;;;;;ja;;;;;ja
Bodenablauf Diverse;;;96506010N;Dural GmbH;10000;129,16;;DISCOUNT_PCT;50;;DISCOUNT_PCT;0;;;;;;;;;;070.020.0210;;;;;;;;;;;;;;;;;;;;;;;ja;;;;;;;;;;;;;;;;;;ja;;;;;ja
Bodenablauf Diverse;;;96506015F;Dural GmbH;10000;156,88;;DISCOUNT_PCT;50;;DISCOUNT_PCT;0;;;;;;;;;;070.020.0220;;;;;;;;;;;;;;;;;;;;;;;ja;;;;;;;;;;;;;;;;;;ja;;;;;ja
Bodenablauf Diverse;;;96506015N;Dural GmbH;10000;156,88;;DISCOUNT_PCT;50;;DISCOUNT_PCT;0;;;;;;;;;;070.020.0230;;;;;;;;;;;;;;;;;;;;;;;ja;;;;;;;;;;;;;;;;;;ja;;;;;ja
Bodenablauf Diverse;;;96507610F;Dural GmbH;10000;141,5;;DISCOUNT_PCT;50;;DISCOUNT_PCT;0;;;;;;;;;;070.020.0240;;;;;;;;;;;;;;;;;;;;;;;ja;;;;;;;;;;;;;;;;;;ja;;;;;ja
Übergangsprofil Aluminium eloxiert silber Länge 100 cm für Parkett-, Laminat-, Teppich- und Designbeläge;;;590111002250;Dural GmbH;10000;26,82;;DISCOUNT_PCT;50;;DISCOUNT_PCT;40;;;;;;;;;;080.010.0010;;;;;;;;;;;;;;;;;;;;;;;ja;;;;;;;;;;;;;;;;;;ja;;;;;ja
Dehnfugenprofil Aluminium eloxiert silber Länge 100 cm für Parkett-, Laminat-, Teppich- und Designbeläge;;;590111003200;Dural GmbH;10000;27,8;;DISCOUNT_PCT;50;;DISCOUNT_PCT;40;;;;;;;;;;080.020.0070;;;;;;;;;;;;;;;;;;;;;;;ja;;;;;;;;;;;;;;;;;;ja;;;;;ja
LVT-Übergangsprofil Aluminium eloxiert silber Höhe 3,5 mm, Länge 100 cm für Design- und Vinylbeläge;;;590111003601;Dural GmbH;10000;22,98;;DISCOUNT_PCT;50;;DISCOUNT_PCT;40;;;;;;;;;;080.010.0020;;;;;;;;;;;;;;;;;;;;;;;ja;;;;;;;;;;;;;;;;;;ja;;;;;ja
Abschlussprofil Aluminium eloxiert silber Länge 100 cm für Parkett-, Laminat-, Teppich- und Designbeläge;;;590111004400;Dural GmbH;10000;31,84;;DISCOUNT_PCT;50;;DISCOUNT_PCT;40;;;;;;;;;;080.010.0030;;;;;;;;;;;;;;;;;;;;;;;ja;;;;;;;;;;;;;;;;;;ja;;;;;ja
LVT-Abschlussprofil Aluminium eloxiert silber Höhe 3,5 mm, Länge 100 cm für Design- und Vinylbeläge;;;59011100600;Dural GmbH;10000;27,08;;DISCOUNT_PCT;50;;DISCOUNT_PCT;40;;;;;;;;;;080.030.0010;;;;;;;;;;;;;;;;;;;;;;;ja;;;;;;;;;;;;;;;;;;ja;;;;;ja
Übergangsprofil Aluminium eloxiert silber Länge 270 cm für Parkett-, Laminat-, Teppich- und Designbeläge;;;590112702250;Dural GmbH;10000;25,54;;DISCOUNT_PCT;50;;DISCOUNT_PCT;40;;;;;;;;;;080.010.0040;;;;;;;;;;;;;;;;;;;;;;;ja;;;;;;;;;;;;;;;;;;ja;;;;;ja
Dehnfugenprofil Aluminium eloxiert silber Länge 270 cm für Parkett-, Laminat-, Teppich- und Designbeläge;;;590112703200;Dural GmbH;10000;26,5;;DISCOUNT_PCT;50;;DISCOUNT_PCT;40;;;;;;;;;;080.020.0080;;;;;;;;;;;;;;;;;;;;;;;ja;;;;;;;;;;;;;;;;;;ja;;;;;ja
LVT-Übergangsprofil Aluminium eloxiert silber Höhe 3,5 mm, Länge 270 cm für Design- und Vinylbeläge;;;590112703621;Dural GmbH;10000;21,72;;DISCOUNT_PCT;50;;DISCOUNT_PCT;40;;;;;;;;;;080.010.0050;;;;;;;;;;;;;;;;;;;;;;;ja;;;;;;;;;;;;;;;;;;ja;;;;;ja
Abschlussprofil Aluminium eloxiert silber Länge 270 cm für Parkett-, Laminat-, Teppich- und Designbeläge;;;590112704400;Dural GmbH;10000;30,32;;DISCOUNT_PCT;50;;DISCOUNT_PCT;40;;;;;;;;;;080.010.0060;;;;;;;;;;;;;;;;;;;;;;;ja;;;;;;;;;;;;;;;;;;ja;;;;;ja
LVT-Abschlussprofil Aluminium eloxiert silber Höhe 3,5 mm, Länge 270 cm für Design- und Vinylbeläge;;;59011270600;Dural GmbH;10000;28,52;;DISCOUNT_PCT;50;;DISCOUNT_PCT;40;;;;;;;;;;080.030.0020;;;;;;;;;;;;;;;;;;;;;;;ja;;;;;;;;;;;;;;;;;;ja;;;;;ja
LVT-Abschlussprofil Aluminium eloxiert silber Höhe 3,5 mm, Länge 270 cm für Design- und Vinylbeläge;;;59011270601;Dural GmbH;10000;25,76;;DISCOUNT_PCT;50;;DISCOUNT_PCT;40;;;;;;;;;;080.030.0030;;;;;;;;;;;;;;;;;;;;;;;ja;;;;;;;;;;;;;;;;;;ja;;;;;ja
Übergangsprofil Aluminium eloxiert titan Länge 100 cm für Parkett-, Laminat-, Teppich- und Designbeläge;;;590161002250;Dural GmbH;10000;27,26;;DISCOUNT_PCT;50;;DISCOUNT_PCT;40;;;;;;;;;;080.010.0070;;;;;;;;;;;;;;;;;;;;;;;ja;;;;;;;;;;;;;;;;;;ja;;;;;ja
Dehnfugenprofil Aluminium eloxiert titan Länge 100 cm für Parkett-, Laminat-, Teppich- und Designbeläge;;;590161003200;Dural GmbH;10000;28,24;;DISCOUNT_PCT;50;;DISCOUNT_PCT;40;;;;;;;;;;080.020.0090;;;;;;;;;;;;;;;;;;;;;;;ja;;;;;;;;;;;;;;;;;;ja;;;;;ja
LVT-Übergangsprofil Aluminium eloxiert titan Höhe 3,5 mm, Länge 100 cm für Design- und Vinylbeläge;;;590161003601;Dural GmbH;10000;23,32;;DISCOUNT_PCT;50;;DISCOUNT_PCT;40;;;;;;;;;;080.010.0080;;;;;;;;;;;;;;;;;;;;;;;ja;;;;;;;;;;;;;;;;;;ja;;;;;ja
Abschlussprofil Aluminium eloxiert titan Länge 100 cm für Parkett-, Laminat-, Teppich- und Designbeläge;;;590161004400;Dural GmbH;10000;32,46;;DISCOUNT_PCT;50;;DISCOUNT_PCT;40;;;;;;;;;;080.010.0090;;;;;;;;;;;;;;;;;;;;;;;ja;;;;;;;;;;;;;;;;;;ja;;;;;ja
LVT-Abschlussprofil Aluminium eloxiert titan Höhe 3,5 mm, Länge 100 cm für Design- und Vinylbeläge;;;59016100600;Dural GmbH;10000;27,62;;DISCOUNT_PCT;50;;DISCOUNT_PCT;40;;;;;;;;;;080.030.0040;;;;;;;;;;;;;;;;;;;;;;;ja;;;;;;;;;;;;;;;;;;ja;;;;;ja
Übergangsprofil Aluminium eloxiert titan Länge 270 cm für Parkett-, Laminat-, Teppich- und Designbeläge;;;590162702250;Dural GmbH;10000;25,96;;DISCOUNT_PCT;50;;DISCOUNT_PCT;40;;;;;;;;;;080.010.0100;;;;;;;;;;;;;;;;;;;;;;;ja;;;;;;;;;;;;;;;;;;ja;;;;;ja
Dehnfugenprofil Aluminium eloxiert titan Länge 270 cm für Parkett-, Laminat-, Teppich- und Designbeläge;;;590162703200;Dural GmbH;10000;26,9;;DISCOUNT_PCT;50;;DISCOUNT_PCT;40;;;;;;;;;;080.020.0100;;;;;;;;;;;;;;;;;;;;;;;ja;;;;;;;;;;;;;;;;;;ja;;;;;ja
LVT-Übergangsprofil Aluminium eloxiert titan Höhe 3,5 mm, Länge 270 cm für Design- und Vinylbeläge;;;590162703601;Dural GmbH;10000;22,06;;DISCOUNT_PCT;50;;DISCOUNT_PCT;40;;;;;;;;;;080.010.0110;;;;;;;;;;;;;;;;;;;;;;;ja;;;;;;;;;;;;;;;;;;ja;;;;;ja
Abschlussprofil Aluminium eloxiert titan Länge 270 cm für Parkett-, Laminat-, Teppich- und Designbeläge;;;590162704400;Dural GmbH;10000;30,92;;DISCOUNT_PCT;50;;DISCOUNT_PCT;40;;;;;;;;;;080.010.0120;;;;;;;;;;;;;;;;;;;;;;;ja;;;;;;;;;;;;;;;;;;ja;;;;;ja
LVT-Abschlussprofil Aluminium eloxiert titan Höhe 3,5 mm, Länge 270 cm für Design- und Vinylbeläge;;;59016270600;Dural GmbH;10000;26,28;;DISCOUNT_PCT;50;;DISCOUNT_PCT;40;;;;;;;;;;080.030.0050;;;;;;;;;;;;;;;;;;;;;;;ja;;;;;;;;;;;;;;;;;;ja;;;;;ja
Anpassungsprofil Aluminium eloxiert silber Breite 30 mm, Länge 100 cm;;;710111003000;Dural GmbH;10000;11,62;;DISCOUNT_PCT;50;;DISCOUNT_PCT;40;;;;;;;;;;080.030.0060;;;;;;;;;;;;;;;;;;;;;;;ja;;;;;;;;;;;;;;;;;;ja;;;;;ja
Anpassungsprofil Aluminium eloxiert silber selbstklebend Breite 30 mm, Länge 100 cm;;;710111003001;Dural GmbH;10000;14,66;;DISCOUNT_PCT;50;;DISCOUNT_PCT;40;;;;;;;;;;080.030.0070;;;;;;;;;;;;;;;;;;;;;;;ja;;;;;;;;;;;;;;;;;;ja;;;;;ja
Anpassungsprofil Aluminium pulverbeschichtet schwarz matt RAL 9005 Breite 30 mm, Länge 100 cm;;;710111003011;Dural GmbH;10000;12,68;;DISCOUNT_PCT;50;;DISCOUNT_PCT;40;;;;;;;;;;080.030.0080;;;;;;;;;;;;;;;;;;;;;;;ja;;;;;;;;;;;;;;;;;;ja;;;;;ja
Anpassungsprofil Aluminium pulverbeschichtet schwarz matt RAL 9005 selbstklebend Breite 30 mm, Länge 100 cm;;;710111003111;Dural GmbH;10000;15,86;;DISCOUNT_PCT;50;;DISCOUNT_PCT;40;;;;;;;;;;080.030.0090;;;;;;;;;;;;;;;;;;;;;;;ja;;;;;;;;;;;;;;;;;;ja;;;;;ja
Anpassungsprofil Aluminium eloxiert silber Breite 40 mm, Länge 100 cm;;;710111004000;Dural GmbH;10000;13,96;;DISCOUNT_PCT;50;;DISCOUNT_PCT;40;;;;;;;;;;080.030.0100;;;;;;;;;;;;;;;;;;;;;;;ja;;;;;;;;;;;;;;;;;;ja;;;;;ja
Anpassungsprofil Aluminium eloxiert silber selbstklebend Breite 40 mm, Länge 100 cm;;;710111004001;Dural GmbH;10000;16,96;;DISCOUNT_PCT;50;;DISCOUNT_PCT;40;;;;;;;;;;080.030.0110;;;;;;;;;;;;;;;;;;;;;;;ja;;;;;;;;;;;;;;;;;;ja;;;;;ja
Anpassungsprofil Aluminium eloxiert, gebürstet silber selbstklebend Breite 40 mm, Länge 100 cm;;;710111004007;Dural GmbH;10000;22,84;;DISCOUNT_PCT;50;;DISCOUNT_PCT;40;;;;;;;;;;080.030.0120;;;;;;;;;;;;;;;;;;;;;;;ja;;;;;;;;;;;;;;;;;;ja;;;;;ja
Anpassungsprofil Aluminium pulverbeschichtet schwarz matt RAL 9005 Breite 40 mm, Länge 100 cm;;;710111004011;Dural GmbH;10000;15,22;;DISCOUNT_PCT;50;;DISCOUNT_PCT;40;;;;;;;;;;080.030.0130;;;;;;;;;;;;;;;;;;;;;;;ja;;;;;;;;;;;;;;;;;;ja;;;;;ja
Anpassungsprofil Aluminium pulverbeschichtet schwarz matt RAL 9005 selbstklebend Breite 40 mm, Länge 100 cm;;;710111004111;Dural GmbH;10000;18,18;;DISCOUNT_PCT;50;;DISCOUNT_PCT;40;;;;;;;;;;080.030.0140;;;;;;;;;;;;;;;;;;;;;;;ja;;;;;;;;;;;;;;;;;;ja;;;;;ja
Anpassungsprofil Aluminium eloxiert silber Breite 30 mm, Länge 270 cm;;;710112703000;Dural GmbH;10000;11,06;;DISCOUNT_PCT;50;;DISCOUNT_PCT;40;;;;;;;;;;080.030.0150;;;;;;;;;;;;;;;;;;;;;;;ja;;;;;;;;;;;;;;;;;;ja;;;;;ja
Anpassungsprofil Aluminium eloxiert silber selbstklebend Breite 30 mm, Länge 270 cm;;;710112703001;Dural GmbH;10000;13,96;;DISCOUNT_PCT;50;;DISCOUNT_PCT;40;;;;;;;;;;080.030.0160;;;;;;;;;;;;;;;;;;;;;;;ja;;;;;;;;;;;;;;;;;;ja;;;;;ja
Anpassungsprofil Aluminium pulverbeschichtet schwarz matt RAL 9005 Breite 30 mm, Länge 270 cm;;;710112703011;Dural GmbH;10000;12,08;;DISCOUNT_PCT;50;;DISCOUNT_PCT;40;;;;;;;;;;080.030.0170;;;;;;;;;;;;;;;;;;;;;;;ja;;;;;;;;;;;;;;;;;;ja;;;;;ja
Anpassungsprofil Aluminium pulverbeschichtet schwarz matt RAL 9005 selbstklebend Breite 30 mm, Länge 270 cm;;;710112703111;Dural GmbH;10000;15,1;;DISCOUNT_PCT;50;;DISCOUNT_PCT;40;;;;;;;;;;080.030.0180;;;;;;;;;;;;;;;;;;;;;;;ja;;;;;;;;;;;;;;;;;;ja;;;;;ja
Anpassungsprofil Aluminium eloxiert silber Breite 40 mm, Länge 270 cm;;;710112704000;Dural GmbH;10000;13,3;;DISCOUNT_PCT;50;;DISCOUNT_PCT;40;;;;;;;;;;080.030.0190;;;;;;;;;;;;;;;;;;;;;;;ja;;;;;;;;;;;;;;;;;;ja;;;;;ja
Anpassungsprofil Aluminium eloxiert silber selbstklebend Breite 40 mm, Länge 270 cm;;;710112704001;Dural GmbH;10000;16,16;;DISCOUNT_PCT;50;;DISCOUNT_PCT;40;;;;;;;;;;080.030.0200;;;;;;;;;;;;;;;;;;;;;;;ja;;;;;;;;;;;;;;;;;;ja;;;;;ja
Anpassungsprofil Aluminium eloxiert, gebürstet silber selbstklebend Breite 40 mm, Länge 270 cm;;;710112704007;Dural GmbH;10000;21,9;;DISCOUNT_PCT;50;;DISCOUNT_PCT;40;;;;;;;;;;080.030.0210;;;;;;;;;;;;;;;;;;;;;;;ja;;;;;;;;;;;;;;;;;;ja;;;;;ja
Anpassungsprofil Aluminium pulverbeschichtet schwarz matt RAL 9005 Breite 40 mm, Länge 270 cm;;;710112704011;Dural GmbH;10000;14,5;;DISCOUNT_PCT;50;;DISCOUNT_PCT;40;;;;;;;;;;080.030.0220;;;;;;;;;;;;;;;;;;;;;;;ja;;;;;;;;;;;;;;;;;;ja;;;;;ja
Anpassungsprofil Aluminium pulverbeschichtet schwarz matt RAL 9005 selbstklebend Breite 40 mm, Länge 270 cm;;;710112704111;Dural GmbH;10000;17,32;;DISCOUNT_PCT;50;;DISCOUNT_PCT;40;;;;;;;;;;080.030.0230;;;;;;;;;;;;;;;;;;;;;;;ja;;;;;;;;;;;;;;;;;;ja;;;;;ja
Anpassungsprofil Aluminium eloxiert titan Breite 30 mm, Länge 100 cm;;;710161003000;Dural GmbH;10000;12,68;;DISCOUNT_PCT;50;;DISCOUNT_PCT;40;;;;;;;;;;080.030.0240;;;;;;;;;;;;;;;;;;;;;;;ja;;;;;;;;;;;;;;;;;;ja;;;;;ja
Anpassungsprofil Aluminium eloxiert titan selbstklebend Breite 30 mm, Länge 100 cm;;;710161003001;Dural GmbH;10000;15,86;;DISCOUNT_PCT;50;;DISCOUNT_PCT;40;;;;;;;;;;080.030.0250;;;;;;;;;;;;;;;;;;;;;;;ja;;;;;;;;;;;;;;;;;;ja;;;;;ja
Anpassungsprofil Aluminium eloxiert titan Breite 40 mm, Länge 100 cm;;;710161004000;Dural GmbH;10000;15,22;;DISCOUNT_PCT;50;;DISCOUNT_PCT;40;;;;;;;;;;080.030.0260;;;;;;;;;;;;;;;;;;;;;;;ja;;;;;;;;;;;;;;;;;;ja;;;;;ja
Anpassungsprofil Aluminium eloxiert titan selbstklebend Breite 40 mm, Länge 100 cm;;;710161004001;Dural GmbH;10000;18,18;;DISCOUNT_PCT;50;;DISCOUNT_PCT;40;;;;;;;;;;080.030.0270;;;;;;;;;;;;;;;;;;;;;;;ja;;;;;;;;;;;;;;;;;;ja;;;;;ja
Anpassungsprofil Aluminium eloxiert, gebürstet titan selbstklebend Breite 40 mm, Länge 100 cm;;;710161004007;Dural GmbH;10000;23,56;;DISCOUNT_PCT;50;;DISCOUNT_PCT;40;;;;;;;;;;080.030.0280;;;;;;;;;;;;;;;;;;;;;;;ja;;;;;;;;;;;;;;;;;;ja;;;;;ja
Anpassungsprofil Aluminium eloxiert titan Breite 30 mm, Länge 270 cm;;;710162703000;Dural GmbH;10000;12,08;;DISCOUNT_PCT;50;;DISCOUNT_PCT;40;;;;;;;;;;080.030.0290;;;;;;;;;;;;;;;;;;;;;;;ja;;;;;;;;;;;;;;;;;;ja;;;;;ja
Anpassungsprofil Aluminium eloxiert titan selbstklebend Breite 30 mm, Länge 270 cm;;;710162703001;Dural GmbH;10000;15,1;;DISCOUNT_PCT;50;;DISCOUNT_PCT;40;;;;;;;;;;080.030.0300;;;;;;;;;;;;;;;;;;;;;;;ja;;;;;;;;;;;;;;;;;;ja;;;;;ja
Anpassungsprofil Aluminium eloxiert titan Breite 40 mm, Länge 270 cm;;;710162704000;Dural GmbH;10000;14,5;;DISCOUNT_PCT;50;;DISCOUNT_PCT;40;;;;;;;;;;080.030.0310;;;;;;;;;;;;;;;;;;;;;;;ja;;;;;;;;;;;;;;;;;;ja;;;;;ja
Anpassungsprofil Aluminium eloxiert titan selbstklebend Breite 40 mm, Länge 270 cm;;;710162704001;Dural GmbH;10000;17,32;;DISCOUNT_PCT;50;;DISCOUNT_PCT;40;;;;;;;;;;080.030.0320;;;;;;;;;;;;;;;;;;;;;;;ja;;;;;;;;;;;;;;;;;;ja;;;;;ja
Anpassungsprofil Aluminium eloxiert, gebürstet titan selbstklebend Breite 40 mm, Länge 270 cm;;;710162704007;Dural GmbH;10000;22,48;;DISCOUNT_PCT;50;;DISCOUNT_PCT;40;;;;;;;;;;080.030.0330;;;;;;;;;;;;;;;;;;;;;;;ja;;;;;;;;;;;;;;;;;;ja;;;;;ja
Dehnfugenprofil Aluminium pulverbeschichtet schwarz matt RAL 9005 Breite 40 mm, Länge 100 cm;;;720100004011;Dural GmbH;10000;18,02;;DISCOUNT_PCT;50;;DISCOUNT_PCT;40;;;;;;;;;;080.020.0110;;;;;;;;;;;;;;;;;;;;;;;ja;;;;;;;;;;;;;;;;;;ja;;;;;ja
Dehnfugenprofil Aluminium eloxiert silber Breite 40 mm, Länge 100 cm;;;720111004000;Dural GmbH;10000;16,6;;DISCOUNT_PCT;50;;DISCOUNT_PCT;40;;;;;;;;;;080.020.0120;;;;;;;;;;;;;;;;;;;;;;;ja;;;;;;;;;;;;;;;;;;ja;;;;;ja
Dehnfugenprofil Aluminium eloxiert silber Breite 40 mm, Länge 270 cm;;;720112704000;Dural GmbH;10000;14,5;;DISCOUNT_PCT;50;;DISCOUNT_PCT;40;;;;;;;;;;080.020.0130;;;;;;;;;;;;;;;;;;;;;;;ja;;;;;;;;;;;;;;;;;;ja;;;;;ja
Dehnfugenprofil Aluminium pulverbeschichtet schwarz matt RAL 9005 Breite 40 mm, Länge 270 cm;;;720112704011;Dural GmbH;10000;15,96;;DISCOUNT_PCT;50;;DISCOUNT_PCT;40;;;;;;;;;;080.020.0140;;;;;;;;;;;;;;;;;;;;;;;ja;;;;;;;;;;;;;;;;;;ja;;;;;ja
Dehnfugenprofil Aluminium eloxiert titan Breite 40 mm, Länge 100 cm;;;720161004000;Dural GmbH;10000;18,02;;DISCOUNT_PCT;50;;DISCOUNT_PCT;40;;;;;;;;;;080.020.0150;;;;;;;;;;;;;;;;;;;;;;;ja;;;;;;;;;;;;;;;;;;ja;;;;;ja
Dehnfugenprofil Aluminium eloxiert titan Breite 40 mm, Länge 270 cm;;;720162704000;Dural GmbH;10000;15,96;;DISCOUNT_PCT;50;;DISCOUNT_PCT;40;;;;;;;;;;080.020.0160;;;;;;;;;;;;;;;;;;;;;;;ja;;;;;;;;;;;;;;;;;;ja;;;;;ja
Übergangsprofil Edelstahl unbehandelt natur Breite 30 mm, Länge 100 cm;;;740021003000;Dural GmbH;10000;6,28;;DISCOUNT_PCT;50;;DISCOUNT_PCT;40;;;;;;;;;;080.020.0170;;;;;;;;;;;;;;;;;;;;;;;ja;;;;;;;;;;;;;;;;;;ja;;;;;ja
Übergangsprofil Edelstahl unbehandelt natur selbstklebend Breite 30 mm, Länge 100 cm;;;740021003001;Dural GmbH;10000;10,92;;DISCOUNT_PCT;50;;DISCOUNT_PCT;40;;;;;;;;;;080.020.0180;;;;;;;;;;;;;;;;;;;;;;;ja;;;;;;;;;;;;;;;;;;ja;;;;;ja
Übergangsprofil Edelstahl unbehandelt natur Breite 40 mm, Länge 100 cm;;;740021004000;Dural GmbH;10000;11,12;;DISCOUNT_PCT;50;;DISCOUNT_PCT;40;;;;;;;;;;080.020.0190;;;;;;;;;;;;;;;;;;;;;;;ja;;;;;;;;;;;;;;;;;;ja;;;;;ja
Übergangsprofil Edelstahl V2A unbehandelt natur Breite 30 mm, Länge 270 cm;;;740022703000;Dural GmbH;10000;5,98;;DISCOUNT_PCT;50;;DISCOUNT_PCT;40;;;;;;;;;;080.020.0200;;;;;;;;;;;;;;;;;;;;;;;ja;;;;;;;;;;;;;;;;;;ja;;;;;ja
Übergangsprofil Edelstahl unbehandelt natur selbstklebend Breite 30 mm, Länge 270 cm;;;740022703001;Dural GmbH;10000;10,4;;DISCOUNT_PCT;50;;DISCOUNT_PCT;40;;;;;;;;;;080.020.0210;;;;;;;;;;;;;;;;;;;;;;;ja;;;;;;;;;;;;;;;;;;ja;;;;;ja
Übergangsprofil Edelstahl unbehandelt natur Breite 40 mm, Länge 270 cm;;;740022704000;Dural GmbH;10000;10,58;;DISCOUNT_PCT;50;;DISCOUNT_PCT;40;;;;;;;;;;080.020.0220;;;;;;;;;;;;;;;;;;;;;;;ja;;;;;;;;;;;;;;;;;;ja;;;;;ja
Übergangsprofil Aluminium eloxiert silber Breite 30 mm, Länge 100 cm;;;740111003000;Dural GmbH;10000;8,5;;DISCOUNT_PCT;50;;DISCOUNT_PCT;40;;;;;;;;;;080.020.0230;;;;;;;;;;;;;;;;;;;;;;;ja;;;;;;;;;;;;;;;;;;ja;;;;;ja
Übergangsprofil Aluminium eloxiert silber selbstklebend Breite 30 mm, Länge 100 cm;;;740111003001;Dural GmbH;10000;11,58;;DISCOUNT_PCT;50;;DISCOUNT_PCT;40;;;;;;;;;;080.020.0240;;;;;;;;;;;;;;;;;;;;;;;ja;;;;;;;;;;;;;;;;;;ja;;;;;ja
Übergangsprofil Aluminium eloxiert silber Breite 30 mm, Länge 270 cm;;;740112703000;Dural GmbH;10000;8,1;;DISCOUNT_PCT;50;;DISCOUNT_PCT;40;;;;;;;;;;080.020.0250;;;;;;;;;;;;;;;;;;;;;;;ja;;;;;;;;;;;;;;;;;;ja;;;;;ja
Übergangsprofil Aluminium eloxiert silber selbstklebend Breite 30 mm, Länge 270 cm;;;740112703001;Dural GmbH;10000;11,02;;DISCOUNT_PCT;50;;DISCOUNT_PCT;40;;;;;;;;;;080.020.0260;;;;;;;;;;;;;;;;;;;;;;;ja;;;;;;;;;;;;;;;;;;ja;;;;;ja
Übergangsprofil Aluminium eloxiert silber Breite 38 mm, Länge 100 cm;;;770111003800;Dural GmbH;10000;10,92;;DISCOUNT_PCT;50;;DISCOUNT_PCT;40;;;;;;;;;;080.020.0270;;;;;;;;;;;;;;;;;;;;;;;ja;;;;;;;;;;;;;;;;;;ja;;;;;ja
Übergangsprofil Aluminium eloxiert silber selbstklebend Breite 38 mm, Länge 100 cm;;;770111013800;Dural GmbH;10000;12,76;;DISCOUNT_PCT;50;;DISCOUNT_PCT;40;;;;;;;;;;080.020.0280;;;;;;;;;;;;;;;;;;;;;;;ja;;;;;;;;;;;;;;;;;;ja;;;;;ja
Übergangsprofil Aluminium eloxiert silber Breite 38 mm, Länge 270 cm;;;770112703800;Dural GmbH;10000;10,1;;DISCOUNT_PCT;50;;DISCOUNT_PCT;40;;;;;;;;;;080.020.0290;;;;;;;;;;;;;;;;;;;;;;;ja;;;;;;;;;;;;;;;;;;ja;;;;;ja
Übergangsprofil Aluminium eloxiert silber selbstklebend Breite 38 mm, Länge 270 cm;;;770112713800;Dural GmbH;10000;12,04;;DISCOUNT_PCT;50;;DISCOUNT_PCT;40;;;;;;;;;;080.020.0300;;;;;;;;;;;;;;;;;;;;;;;ja;;;;;;;;;;;;;;;;;;ja;;;;;ja
Übergangsprofil Aluminium eloxiert titan Breite 38 mm, Länge 100 cm;;;770161003800;Dural GmbH;10000;11,58;;DISCOUNT_PCT;50;;DISCOUNT_PCT;40;;;;;;;;;;080.020.0310;;;;;;;;;;;;;;;;;;;;;;;ja;;;;;;;;;;;;;;;;;;ja;;;;;ja
Übergangsprofil Aluminium eloxiert titan selbstklebend Breite 38 mm, Länge 100 cm;;;770161013800;Dural GmbH;10000;13,08;;DISCOUNT_PCT;50;;DISCOUNT_PCT;40;;;;;;;;;;080.020.0320;;;;;;;;;;;;;;;;;;;;;;;ja;;;;;;;;;;;;;;;;;;ja;;;;;ja
Übergangsprofil Aluminium eloxiert titan Breite 38 mm, Länge 270 cm;;;770162703800;Dural GmbH;10000;11,02;;DISCOUNT_PCT;50;;DISCOUNT_PCT;40;;;;;;;;;;080.020.0330;;;;;;;;;;;;;;;;;;;;;;;ja;;;;;;;;;;;;;;;;;;ja;;;;;ja
Übergangsprofil Aluminium eloxiert titan selbstklebend Breite 38 mm, Länge 270 cm;;;770162713800;Dural GmbH;10000;12,36;;DISCOUNT_PCT;50;;DISCOUNT_PCT;40;;;;;;;;;;080.020.0340;;;;;;;;;;;;;;;;;;;;;;;ja;;;;;;;;;;;;;;;;;;ja;;;;;ja
Anpassungsprofil Aluminium eloxiert silber Höhe 8 mm, Länge 270 cm;;;790112700800;Dural GmbH;10000;9;;DISCOUNT_PCT;50;;DISCOUNT_PCT;40;;;;;;;;;;080.010.0130;;;;;;;;;;;;;;;;;;;;;;;ja;;;;;;;;;;;;;;;;;;ja;;;;;ja
Anpassungsprofil Aluminium eloxiert silber selbstklebend Breite 20 mm, Höhe 10 mm, Länge 270 cm;;;790112700809;Dural GmbH;10000;13,64;;DISCOUNT_PCT;50;;DISCOUNT_PCT;40;;;;;;;;;;080.010.0140;;;;;;;;;;;;;;;;;;;;;;;ja;;;;;;;;;;;;;;;;;;ja;;;;;ja
Anpassungsprofil Aluminium pulverbeschichtet schwarz matt RAL 9005 Höhe 8 mm, Länge 270 cm;;;790112700811;Dural GmbH;10000;10,34;;DISCOUNT_PCT;50;;DISCOUNT_PCT;40;;;;;;;;;;080.010.0150;;;;;;;;;;;;;;;;;;;;;;;ja;;;;;;;;;;;;;;;;;;ja;;;;;ja
Anpassungsprofil Aluminium eloxiert silber Höhe 10 mm, Länge 270 cm;;;790112701000;Dural GmbH;10000;9,68;;DISCOUNT_PCT;50;;DISCOUNT_PCT;40;;;;;;;;;;080.010.0160;;;;;;;;;;;;;;;;;;;;;;;ja;;;;;;;;;;;;;;;;;;ja;;;;;ja
Anpassungsprofil Aluminium pulverbeschichtet schwarz matt RAL 9005 Höhe 10 mm, Länge 270 cm;;;790112701011;Dural GmbH;10000;11,06;;DISCOUNT_PCT;50;;DISCOUNT_PCT;40;;;;;;;;;;080.010.0170;;;;;;;;;;;;;;;;;;;;;;;ja;;;;;;;;;;;;;;;;;;ja;;;;;ja
Anpassungsprofil Aluminium eloxiert silber Höhe 12 mm, Länge 270 cm;;;790112701200;Dural GmbH;10000;10,4;;DISCOUNT_PCT;50;;DISCOUNT_PCT;40;;;;;;;;;;080.010.0180;;;;;;;;;;;;;;;;;;;;;;;ja;;;;;;;;;;;;;;;;;;ja;;;;;ja
Anpassungsprofil Aluminium pulverbeschichtet schwarz matt RAL 9005 Höhe 12 mm, Länge 270 cm;;;790112701211;Dural GmbH;10000;11,76;;DISCOUNT_PCT;50;;DISCOUNT_PCT;40;;;;;;;;;;080.010.0190;;;;;;;;;;;;;;;;;;;;;;;ja;;;;;;;;;;;;;;;;;;ja;;;;;ja
Anpassungsprofil Aluminium eloxiert silber Höhe 14 mm, Länge 270 cm;;;790112701400;Dural GmbH;10000;10,58;;DISCOUNT_PCT;50;;DISCOUNT_PCT;40;;;;;;;;;;080.010.0200;;;;;;;;;;;;;;;;;;;;;;;ja;;;;;;;;;;;;;;;;;;ja;;;;;ja
Anpassungsprofil Aluminium pulverbeschichtet schwarz matt RAL 9005 Höhe 14 mm, Länge 270 cm;;;790112701411;Dural GmbH;10000;12,08;;DISCOUNT_PCT;50;;DISCOUNT_PCT;40;;;;;;;;;;080.010.0210;;;;;;;;;;;;;;;;;;;;;;;ja;;;;;;;;;;;;;;;;;;ja;;;;;ja
Anpassungsprofil Aluminium pulverbeschichtet schwarz matt RAL 9005 selbstklebend Breite 20 mm, Höhe 10 mm, Länge 270 cm;;;790112711809;Dural GmbH;10000;14,96;;DISCOUNT_PCT;50;;DISCOUNT_PCT;40;;;;;;;;;;080.010.0220;;;;;;;;;;;;;;;;;;;;;;;ja;;;;;;;;;;;;;;;;;;ja;;;;;ja
Anpassungsprofil Aluminium eloxiert titan Höhe 8 mm, Länge 270 cm;;;790162700800;Dural GmbH;10000;10,34;;DISCOUNT_PCT;50;;DISCOUNT_PCT;40;;;;;;;;;;080.010.0230;;;;;;;;;;;;;;;;;;;;;;;ja;;;;;;;;;;;;;;;;;;ja;;;;;ja
Anpassungsprofil Aluminium eloxiert titan selbstklebend Breite 20 mm, Höhe 10 mm, Länge 270 cm;;;790162700809;Dural GmbH;10000;14,96;;DISCOUNT_PCT;50;;DISCOUNT_PCT;40;;;;;;;;;;080.010.0240;;;;;;;;;;;;;;;;;;;;;;;ja;;;;;;;;;;;;;;;;;;ja;;;;;ja
Anpassungsprofil Aluminium eloxiert titan Höhe 10 mm, Länge 270 cm;;;790162701000;Dural GmbH;10000;11,06;;DISCOUNT_PCT;50;;DISCOUNT_PCT;40;;;;;;;;;;080.010.0250;;;;;;;;;;;;;;;;;;;;;;;ja;;;;;;;;;;;;;;;;;;ja;;;;;ja
Anpassungsprofil Aluminium eloxiert titan Höhe 12 mm, Länge 270 cm;;;790162701200;Dural GmbH;10000;11,76;;DISCOUNT_PCT;50;;DISCOUNT_PCT;40;;;;;;;;;;080.010.0260;;;;;;;;;;;;;;;;;;;;;;;ja;;;;;;;;;;;;;;;;;;ja;;;;;ja
Anpassungsprofil Aluminium eloxiert titan Höhe 14 mm, Länge 270 cm;;;790162701400;Dural GmbH;10000;12,08;;DISCOUNT_PCT;50;;DISCOUNT_PCT;40;;;;;;;;;;080.010.0270;;;;;;;;;;;;;;;;;;;;;;;ja;;;;;;;;;;;;;;;;;;ja;;;;;ja
Anpassungsprofil Aluminium pulverbeschichtet weiss selbstklebend Breite 20 mm, Höhe 10 mm, Länge 270 cm;;;790302700809;Dural GmbH;10000;14,96;;DISCOUNT_PCT;50;;DISCOUNT_PCT;40;;;;;;;;;;080.010.0280;;;;;;;;;;;;;;;;;;;;;;;ja;;;;;;;;;;;;;;;;;;ja;;;;;ja
Treppeneinlage PVC gerillt schwarz Breite 28 mm, Länge 25 m;;;820330000003;Dural GmbH;10000;4,64;;DISCOUNT_PCT;50;;DISCOUNT_PCT;20;;;;;;;;;;040.020.0920;;;;;;;;;;;;;;;;;;;;;;;ja;;;;;;;;;;;;;;;;;;ja;;;;;ja
Treppeneinlage PVC gerillt grau Breite 28 mm, Länge 25 m;;;820380000003;Dural GmbH;10000;4,64;;DISCOUNT_PCT;50;;DISCOUNT_PCT;20;;;;;;;;;;040.020.0930;;;;;;;;;;;;;;;;;;;;;;;ja;;;;;;;;;;;;;;;;;;ja;;;;;ja
Abschlussprofil für Designbelag ABS, Aluminium eloxiert silber Breite 30 mm, Höhe 5 mm, Länge 100 cm;;;860113000100;Dural GmbH;10000;11,98;;DISCOUNT_PCT;50;;DISCOUNT_PCT;40;;;;;;;;;;080.010.0290;;;;;;;;;;;;;;;;;;;;;;;ja;;;;;;;;;;;;;;;;;;ja;;;;;ja
Abschlussprofil für Designbelag ABS, Aluminium eloxiert silber Breite 30 mm, Höhe 5 mm, Länge 270 cm;;;860113000270;Dural GmbH;10000;10,92;;DISCOUNT_PCT;50;;DISCOUNT_PCT;40;;;;;;;;;;080.010.0300;;;;;;;;;;;;;;;;;;;;;;;ja;;;;;;;;;;;;;;;;;;ja;;;;;ja
Übergangsprofil für Designbelag ABS, Aluminium eloxiert silber Breite 44 mm, Höhe 5 mm, Länge 100 cm;;;860114350100;Dural GmbH;10000;15,6;;DISCOUNT_PCT;50;;DISCOUNT_PCT;40;;;;;;;;;;080.020.0350;;;;;;;;;;;;;;;;;;;;;;;ja;;;;;;;;;;;;;;;;;;ja;;;;;ja
Übergangsprofil für Designbelag ABS, Aluminium eloxiert silber Breite 44 mm, Höhe 5 mm, Länge 270 cm;;;860114350270;Dural GmbH;10000;14,88;;DISCOUNT_PCT;50;;DISCOUNT_PCT;40;;;;;;;;;;080.020.0360;;;;;;;;;;;;;;;;;;;;;;;ja;;;;;;;;;;;;;;;;;;ja;;;;;ja
Anpassungsprofil für Designbelag ABS, Aluminium eloxiert silber Breite 44 mm, Höhe 5 mm, Länge 100 cm;;;860114400100;Dural GmbH;10000;15,14;;DISCOUNT_PCT;50;;DISCOUNT_PCT;40;;;;;;;;;;080.030.0340;;;;;;;;;;;;;;;;;;;;;;;ja;;;;;;;;;;;;;;;;;;ja;;;;;ja
Anpassungsprofil für Designbelag ABS, Aluminium eloxiert silber Breite 44 mm, Höhe 5 mm, Länge 270 cm;;;860114400270;Dural GmbH;10000;14,06;;DISCOUNT_PCT;50;;DISCOUNT_PCT;40;;;;;;;;;;080.030.0350;;;;;;;;;;;;;;;;;;;;;;;ja;;;;;;;;;;;;;;;;;;ja;;;;;ja
Abschlussprofil für Designbelag ABS, Aluminium eloxiert titan Breite 30 mm, Höhe 5 mm, Länge 100 cm;;;860163000100;Dural GmbH;10000;12,28;;DISCOUNT_PCT;50;;DISCOUNT_PCT;40;;;;;;;;;;080.010.0310;;;;;;;;;;;;;;;;;;;;;;;ja;;;;;;;;;;;;;;;;;;ja;;;;;ja
Abschlussprofil für Designbelag ABS, Aluminium eloxiert titan Breite 30 mm, Höhe 5 mm, Länge 270 cm;;;860163000270;Dural GmbH;10000;11,28;;DISCOUNT_PCT;50;;DISCOUNT_PCT;40;;;;;;;;;;080.010.0320;;;;;;;;;;;;;;;;;;;;;;;ja;;;;;;;;;;;;;;;;;;ja;;;;;ja
Übergangsprofil für Designbelag ABS, Aluminium eloxiert titan Breite 44 mm, Höhe 5 mm, Länge 100 cm;;;860164350100;Dural GmbH;10000;16,1;;DISCOUNT_PCT;50;;DISCOUNT_PCT;40;;;;;;;;;;080.020.0370;;;;;;;;;;;;;;;;;;;;;;;ja;;;;;;;;;;;;;;;;;;ja;;;;;ja
Übergangsprofil für Designbelag ABS, Aluminium eloxiert titan Breite 44 mm, Höhe 5 mm, Länge 270 cm;;;860164350270;Dural GmbH;10000;15,1;;DISCOUNT_PCT;50;;DISCOUNT_PCT;40;;;;;;;;;;080.020.0380;;;;;;;;;;;;;;;;;;;;;;;ja;;;;;;;;;;;;;;;;;;ja;;;;;ja
Anpassungsprofil für Designbelag ABS, Aluminium eloxiert titan Breite 44 mm, Höhe 5 mm, Länge 100 cm;;;860164400100;Dural GmbH;10000;15,6;;DISCOUNT_PCT;50;;DISCOUNT_PCT;40;;;;;;;;;;080.030.0360;;;;;;;;;;;;;;;;;;;;;;;ja;;;;;;;;;;;;;;;;;;ja;;;;;ja
Anpassungsprofil für Designbelag ABS, Aluminium eloxiert titan Breite 44 mm, Höhe 5 mm, Länge 270 cm;;;860164400270;Dural GmbH;10000;14,56;;DISCOUNT_PCT;50;;DISCOUNT_PCT;40;;;;;;;;;;080.030.0370;;;;;;;;;;;;;;;;;;;;;;;ja;;;;;;;;;;;;;;;;;;ja;;;;;ja
Abschlussprofil für Bodenbeläge Edelstahl (V2A, 304) unbehandelt natur selbstklebend Breite 30 mm, Höhe 5 mm, Länge 270 cm;;;880012700508;Dural GmbH;10000;24,02;;DISCOUNT_PCT;50;;DISCOUNT_PCT;40;;;;;;;;;;080.010.0330;;;;;;;;;;;;;;;;;;;;;;;ja;;;;;;;;;;;;;;;;;;ja;;;;;ja
Abschlussprofil für Bodenbeläge Edelstahl (V2A, 304) unbehandelt natur selbstklebend Breite 40 mm, Höhe 8 mm, Länge 270 cm;;;880012700812;Dural GmbH;10000;32,44;;DISCOUNT_PCT;50;;DISCOUNT_PCT;40;;;;;;;;;;080.010.0340;;;;;;;;;;;;;;;;;;;;;;;ja;;;;;;;;;;;;;;;;;;ja;;;;;ja
Abschlussprofil für Bodenbeläge Aluminium eloxiert silber selbstklebend Breite 43 mm, Länge 270 cm;;;880112700610;Dural GmbH;10000;10,88;;DISCOUNT_PCT;50;;DISCOUNT_PCT;40;;;;;;;;;;080.010.0350;;;;;;;;;;;;;;;;;;;;;;;ja;;;;;;;;;;;;;;;;;;ja;;;;;ja
Abschlussprofil für Bodenbeläge Aluminium eloxiert silber selbstklebend Breite 43 mm, Höhe 12 mm, Länge 270 cm;;;880112701216;Dural GmbH;10000;12,26;;DISCOUNT_PCT;50;;DISCOUNT_PCT;40;;;;;;;;;;080.010.0360;;;;;;;;;;;;;;;;;;;;;;;ja;;;;;;;;;;;;;;;;;;ja;;;;;ja
Abschlussprofil für Bodenbeläge Aluminium eloxiert silber selbstklebend Breite 55 mm, Höhe 20 mm, Länge 270 cm;;;880112702022;Dural GmbH;10000;14,42;;DISCOUNT_PCT;50;;DISCOUNT_PCT;40;;;;;;;;;;080.010.0370;;;;;;;;;;;;;;;;;;;;;;;ja;;;;;;;;;;;;;;;;;;ja;;;;;ja
Bodenbelags-Abschlussprofil Aluminium eloxiert silber, Länge 100 cm;;;920111002602;Dural GmbH;10000;29,18;;DISCOUNT_PCT;50;;DISCOUNT_PCT;40;;;;;;;;;;080.010.0380;;;;;;;;;;;;;;;;;;;;;;;ja;;;;;;;;;;;;;;;;;;ja;;;;;ja
Bodenbelags-Anpassungsprofil Aluminium eloxiert silber, Länge 100 cm;;;920111003502;Dural GmbH;10000;29,18;;DISCOUNT_PCT;50;;DISCOUNT_PCT;40;;;;;;;;;;080.030.0380;;;;;;;;;;;;;;;;;;;;;;;ja;;;;;;;;;;;;;;;;;;ja;;;;;ja
Bodenbelags-Abschlussprofil Aluminium eloxiert silber, Länge 100 cm;;;920111003602;Dural GmbH;10000;29,18;;DISCOUNT_PCT;50;;DISCOUNT_PCT;40;;;;;;;;;;080.010.0390;;;;;;;;;;;;;;;;;;;;;;;ja;;;;;;;;;;;;;;;;;;ja;;;;;ja
Bodenbelags-Übergangsprofil Aluminium eloxiert silber, Höhe 7 mm, Länge 100 cm;;;920111004002;Dural GmbH;10000;29,18;;DISCOUNT_PCT;50;;DISCOUNT_PCT;40;;;;;;;;;;080.020.0390;;;;;;;;;;;;;;;;;;;;;;;ja;;;;;;;;;;;;;;;;;;ja;;;;;ja
Bodenbelags-Abschlussprofil Aluminium eloxiert silber, Länge 270 cm;;;920112702602;Dural GmbH;10000;27,78;;DISCOUNT_PCT;50;;DISCOUNT_PCT;40;;;;;;;;;;080.010.0400;;;;;;;;;;;;;;;;;;;;;;;ja;;;;;;;;;;;;;;;;;;ja;;;;;ja
Bodenbelags-Anpassungsprofil Aluminium eloxiert silber, Länge 270 cm;;;920112703502;Dural GmbH;10000;27,78;;DISCOUNT_PCT;50;;DISCOUNT_PCT;40;;;;;;;;;;080.030.0390;;;;;;;;;;;;;;;;;;;;;;;ja;;;;;;;;;;;;;;;;;;ja;;;;;ja
Bodenbelags-Abschlussprofil Aluminium eloxiert silber, Länge 270 cm;;;920112703602;Dural GmbH;10000;27,78;;DISCOUNT_PCT;50;;DISCOUNT_PCT;40;;;;;;;;;;080.010.0410;;;;;;;;;;;;;;;;;;;;;;;ja;;;;;;;;;;;;;;;;;;ja;;;;;ja
Bodenbelags-Übergangsprofil Aluminium eloxiert silber, Höhe 7 mm, Länge 270 cm;;;920112704002;Dural GmbH;10000;27,78;;DISCOUNT_PCT;50;;DISCOUNT_PCT;40;;;;;;;;;;080.020.0400;;;;;;;;;;;;;;;;;;;;;;;ja;;;;;;;;;;;;;;;;;;ja;;;;;ja
Bodenbelags-Abschlussprofil Aluminium eloxiert titan, Länge 100 cm;;;920161002602;Dural GmbH;10000;29,72;;DISCOUNT_PCT;50;;DISCOUNT_PCT;40;;;;;;;;;;080.010.0420;;;;;;;;;;;;;;;;;;;;;;;ja;;;;;;;;;;;;;;;;;;ja;;;;;ja
Bodenbelags-Anpassungsprofil Aluminium eloxiert titan, Länge 100 cm;;;920161003502;Dural GmbH;10000;29,72;;DISCOUNT_PCT;50;;DISCOUNT_PCT;40;;;;;;;;;;080.030.0400;;;;;;;;;;;;;;;;;;;;;;;ja;;;;;;;;;;;;;;;;;;ja;;;;;ja
Bodenbelags-Abschlussprofil Aluminium eloxiert titan, Länge 100 cm;;;920161003602;Dural GmbH;10000;29,72;;DISCOUNT_PCT;50;;DISCOUNT_PCT;40;;;;;;;;;;080.010.0430;;;;;;;;;;;;;;;;;;;;;;;ja;;;;;;;;;;;;;;;;;;ja;;;;;ja
Bodenbelags-Übergangsprofil Aluminium eloxiert titan, Höhe 7 mm, Länge 100 cm;;;920161004002;Dural GmbH;10000;29,72;;DISCOUNT_PCT;50;;DISCOUNT_PCT;40;;;;;;;;;;080.020.0410;;;;;;;;;;;;;;;;;;;;;;;ja;;;;;;;;;;;;;;;;;;ja;;;;;ja
Bodenbelags-Abschlussprofil Aluminium eloxiert titan, Länge 270 cm;;;920162702602;Dural GmbH;10000;28,3;;DISCOUNT_PCT;50;;DISCOUNT_PCT;40;;;;;;;;;;080.010.0440;;;;;;;;;;;;;;;;;;;;;;;ja;;;;;;;;;;;;;;;;;;ja;;;;;ja
Bodenbelags-Anpassungsprofil Aluminium eloxiert titan, Länge 270 cm;;;920162703502;Dural GmbH;10000;28,3;;DISCOUNT_PCT;50;;DISCOUNT_PCT;40;;;;;;;;;;080.030.0410;;;;;;;;;;;;;;;;;;;;;;;ja;;;;;;;;;;;;;;;;;;ja;;;;;ja
Bodenbelags-Abschlussprofil Aluminium eloxiert titan, Länge 270 cm;;;920162703602;Dural GmbH;10000;28,3;;DISCOUNT_PCT;50;;DISCOUNT_PCT;40;;;;;;;;;;080.010.0450;;;;;;;;;;;;;;;;;;;;;;;ja;;;;;;;;;;;;;;;;;;ja;;;;;ja
Bodenbelags-Übergangsprofil Aluminium eloxiert titan, Höhe 7 mm, Länge 270 cm;;;920162704002;Dural GmbH;10000;28,3;;DISCOUNT_PCT;50;;DISCOUNT_PCT;40;;;;;;;;;;080.020.0420;;;;;;;;;;;;;;;;;;;;;;;ja;;;;;;;;;;;;;;;;;;ja;;;;;ja
Bodenbelags-Abschlussprofil Aluminium eloxiert silber, Höhe 7 mm, Länge 100 cm;;;930111002901;Dural GmbH;10000;33,5;;DISCOUNT_PCT;50;;DISCOUNT_PCT;40;;;;;;;;;;080.010.0460;;;;;;;;;;;;;;;;;;;;;;;ja;;;;;;;;;;;;;;;;;;ja;;;;;ja
Bodenbelags-Übergangsprofil Aluminium eloxiert silber, Höhe 7 mm, Länge 100 cm;;;930111003801;Dural GmbH;10000;35,36;;DISCOUNT_PCT;50;;DISCOUNT_PCT;40;;;;;;;;;;080.020.0430;;;;;;;;;;;;;;;;;;;;;;;ja;;;;;;;;;;;;;;;;;;ja;;;;;ja
Bodenbelags-Anpassungsprofil Aluminium eloxiert silber, Höhe 7 mm, Länge 100 cm;;;930111004401;Dural GmbH;10000;39,88;;DISCOUNT_PCT;50;;DISCOUNT_PCT;40;;;;;;;;;;080.030.0420;;;;;;;;;;;;;;;;;;;;;;;ja;;;;;;;;;;;;;;;;;;ja;;;;;ja
Bodenbelags-Anpassungsprofil Aluminium eloxiert silber, Höhe 7 mm, Länge 100 cm;;;930111004800;Dural GmbH;10000;41,18;;DISCOUNT_PCT;50;;DISCOUNT_PCT;40;;;;;;;;;;080.030.0430;;;;;;;;;;;;;;;;;;;;;;;ja;;;;;;;;;;;;;;;;;;ja;;;;;ja
Bodenbelags-Abschlussprofil Aluminium eloxiert silber, Höhe 7 mm, Länge 270 cm;;;930112702901;Dural GmbH;10000;31,9;;DISCOUNT_PCT;50;;DISCOUNT_PCT;40;;;;;;;;;;080.010.0470;;;;;;;;;;;;;;;;;;;;;;;ja;;;;;;;;;;;;;;;;;;ja;;;;;ja
Bodenbelags-Übergangsprofil Aluminium eloxiert silber, Höhe 7 mm, Länge 270 cm;;;930112703801;Dural GmbH;10000;33,68;;DISCOUNT_PCT;50;;DISCOUNT_PCT;40;;;;;;;;;;080.020.0440;;;;;;;;;;;;;;;;;;;;;;;ja;;;;;;;;;;;;;;;;;;ja;;;;;ja
Bodenbelags-Anpassungsprofil Aluminium eloxiert silber, Höhe 7 mm, Länge 270 cm;;;930112704401;Dural GmbH;10000;38;;DISCOUNT_PCT;50;;DISCOUNT_PCT;40;;;;;;;;;;080.030.0440;;;;;;;;;;;;;;;;;;;;;;;ja;;;;;;;;;;;;;;;;;;ja;;;;;ja
Bodenbelags-Anpassungsprofil Aluminium eloxiert silber, Höhe 7 mm, Länge 270 cm;;;930112704800;Dural GmbH;10000;39,24;;DISCOUNT_PCT;50;;DISCOUNT_PCT;40;;;;;;;;;;080.030.0450;;;;;;;;;;;;;;;;;;;;;;;ja;;;;;;;;;;;;;;;;;;ja;;;;;ja
Bodenbelags-Abschlussprofil Aluminium eloxiert titan, Höhe 7 mm, Länge 100 cm;;;930161002901;Dural GmbH;10000;34,06;;DISCOUNT_PCT;50;;DISCOUNT_PCT;40;;;;;;;;;;080.010.0480;;;;;;;;;;;;;;;;;;;;;;;ja;;;;;;;;;;;;;;;;;;ja;;;;;ja
Bodenbelags-Übergangsprofil Aluminium eloxiert titan, Höhe 7 mm, Länge 100 cm;;;930161003801;Dural GmbH;10000;35,92;;DISCOUNT_PCT;50;;DISCOUNT_PCT;40;;;;;;;;;;080.020.0450;;;;;;;;;;;;;;;;;;;;;;;ja;;;;;;;;;;;;;;;;;;ja;;;;;ja
Bodenbelags-Anpassungsprofil Aluminium eloxiert titan, Höhe 7 mm, Länge 100 cm;;;930161004401;Dural GmbH;10000;40,48;;DISCOUNT_PCT;50;;DISCOUNT_PCT;40;;;;;;;;;;080.030.0460;;;;;;;;;;;;;;;;;;;;;;;ja;;;;;;;;;;;;;;;;;;ja;;;;;ja
Bodenbelags-Anpassungsprofil Aluminium eloxiert titan, Höhe 7 mm, Länge 100 cm;;;930161004800;Dural GmbH;10000;41,98;;DISCOUNT_PCT;50;;DISCOUNT_PCT;40;;;;;;;;;;080.030.0470;;;;;;;;;;;;;;;;;;;;;;;ja;;;;;;;;;;;;;;;;;;ja;;;;;ja
Bodenbelags-Abschlussprofil Aluminium eloxiert titan, Höhe 7 mm, Länge 270 cm;;;930162702901;Dural GmbH;10000;32,44;;DISCOUNT_PCT;50;;DISCOUNT_PCT;40;;;;;;;;;;080.010.0490;;;;;;;;;;;;;;;;;;;;;;;ja;;;;;;;;;;;;;;;;;;ja;;;;;ja
Bodenbelags-Übergangsprofil Aluminium eloxiert titan, Höhe 7 mm, Länge 270 cm;;;930162703801;Dural GmbH;10000;34,2;;DISCOUNT_PCT;50;;DISCOUNT_PCT;40;;;;;;;;;;080.020.0460;;;;;;;;;;;;;;;;;;;;;;;ja;;;;;;;;;;;;;;;;;;ja;;;;;ja
Bodenbelags-Anpassungsprofil Aluminium eloxiert titan, Höhe 7 mm, Länge 270 cm;;;930162704401;Dural GmbH;10000;38,56;;DISCOUNT_PCT;50;;DISCOUNT_PCT;40;;;;;;;;;;080.030.0480;;;;;;;;;;;;;;;;;;;;;;;ja;;;;;;;;;;;;;;;;;;ja;;;;;ja
Bodenbelags-Anpassungsprofil Aluminium eloxiert titan, Höhe 7 mm, Länge 270 cm;;;930162704800;Dural GmbH;10000;40;;DISCOUNT_PCT;50;;DISCOUNT_PCT;40;;;;;;;;;;080.030.0490;;;;;;;;;;;;;;;;;;;;;;;ja;;;;;;;;;;;;;;;;;;ja;;;;;ja
