  0
SECTION
  2
HEADER
  9
$ACADVER
  1
AC1032
  9
$ACADMAINTVER
 90
      266
  9
$DWGCODEPAGE
  3
ANSI_1252
  9
$REQUIREDVERSIONS
160
                 0
  9
$INSBASE
 10
0.0
 20
0.0
 30
0.0
  9
$EXTMIN
 10
1.000000000000000E+20
 20
1.000000000000000E+20
 30
1.000000000000000E+20
  9
$EXTMAX
 10
-1.000000000000000E+20
 20
-1.000000000000000E+20
 30
-1.000000000000000E+20
  9
$LIMMIN
 10
0.0
 20
0.0
  9
$LIMMAX
 10
12.0
 20
9.0
  9
$ORTHOMODE
 70
     0
  9
$REGENMODE
 70
     1
  9
$FILLMODE
 70
     1
  9
$QTEXTMODE
 70
     0
  9
$MIRRTEXT
 70
     0
  9
$LTSCALE
 40
1.0
  9
$ATTMODE
 70
     1
  9
$TEXTSIZE
 40
0.2
  9
$TRACEWID
 40
0.05
  9
$TEXTSTYLE
  7
Standard
  9
$CLAYER
  8
0
  9
$CELTYPE
  6
ByLayer
  9
$CECOLOR
 62
   256
  9
$CELTSCALE
 40
1.0
  9
$DISPSILH
 70
     0
  9
$DIMSCALE
 40
1.0
  9
$DIMASZ
 40
0.18
  9
$DIMEXO
 40
0.0625
  9
$DIMDLI
 40
0.38
  9
$DIMRND
 40
0.0
  9
$DIMDLE
 40
0.0
  9
$DIMEXE
 40
0.18
  9
$DIMTP
 40
0.0
  9
$DIMTM
 40
0.0
  9
$DIMTXT
 40
0.18
  9
$DIMCEN
 40
0.09
  9
$DIMTSZ
 40
0.0
  9
$DIMTOL
 70
     0
  9
$DIMLIM
 70
     0
  9
$DIMTIH
 70
     1
  9
$DIMTOH
 70
     1
  9
$DIMSE1
 70
     0
  9
$DIMSE2
 70
     0
  9
$DIMTAD
 70
     0
  9
$DIMZIN
 70
     0
  9
$DIMBLK
  1

  9
$DIMASO
 70
     1
  9
$DIMSHO
 70
     1
  9
$DIMPOST
  1

  9
$DIMAPOST
  1

  9
$DIMALT
 70
     0
  9
$DIMALTD
 70
     2
  9
$DIMALTF
 40
25.4
  9
$DIMLFAC
 40
1.0
  9
$DIMTOFL
 70
     0
  9
$DIMTVP
 40
0.0
  9
$DIMTIX
 70
     0
  9
$DIMSOXD
 70
     0
  9
$DIMSAH
 70
     0
  9
$DIMBLK1
  1

  9
$DIMBLK2
  1

  9
$DIMSTYLE
  2
Standard
  9
$DIMCLRD
 70
     0
  9
$DIMCLRE
 70
     0
  9
$DIMCLRT
 70
     0
  9
$DIMTFAC
 40
1.0
  9
$DIMGAP
 40
0.09
  9
$DIMJUST
 70
     0
  9
$DIMSD1
 70
     0
  9
$DIMSD2
 70
     0
  9
$DIMTOLJ
 70
     1
  9
$DIMTZIN
 70
     0
  9
$DIMALTZ
 70
     0
  9
$DIMALTTZ
 70
     0
  9
$DIMUPT
 70
     0
  9
$DIMDEC
 70
     4
  9
$DIMTDEC
 70
     4
  9
$DIMALTU
 70
     2
  9
$DIMALTTD
 70
     2
  9
$DIMTXSTY
  7
Standard
  9
$DIMAUNIT
 70
     0
  9
$DIMADEC
 70
     0
  9
$DIMALTRND
 40
0.0
  9
$DIMAZIN
 70
     0
  9
$DIMDSEP
 70
    46
  9
$DIMATFIT
 70
     3
  9
$DIMFRAC
 70
     0
  9
$DIMLDRBLK
  1

  9
$DIMLUNIT
 70
     2
  9
$DIMLWD
 70
    -2
  9
$DIMLWE
 70
    -2
  9
$DIMTMOVE
 70
     0
  9
$DIMFXL
 40
1.0
  9
$DIMFXLON
 70
     0
  9
$DIMJOGANG
 40
0.7853981633974483
  9
$DIMTFILL
 70
     0
  9
$DIMTFILLCLR
 70
     0
  9
$DIMARCSYM
 70
     0
  9
$DIMLTYPE
  6

  9
$DIMLTEX1
  6

  9
$DIMLTEX2
  6

  9
$DIMTXTDIRECTION
 70
     0
  9
$LUNITS
 70
     2
  9
$LUPREC
 70
     4
  9
$SKETCHINC
 40
0.1
  9
$FILLETRAD
 40
0.0
  9
$AUNITS
 70
     0
  9
$AUPREC
 70
     0
  9
$MENU
  1
.
  9
$ELEVATION
 40
0.0
  9
$PELEVATION
 40
0.0
  9
$THICKNESS
 40
0.0
  9
$LIMCHECK
 70
     0
  9
$CHAMFERA
 40
0.0
  9
$CHAMFERB
 40
0.0
  9
$CHAMFERC
 40
0.0
  9
$CHAMFERD
 40
0.0
  9
$SKPOLY
 70
     0
  9
$TDCREATE
 40
2461175.608055556
  9
$TDUCREATE
 40
2461175.524722222
  9
$TDUPDATE
 40
2461175.608055556
  9
$TDUUPDATE
 40
2461175.524722222
  9
$TDINDWG
 40
0.0000000000
  9
$TDUSRTIMER
 40
0.0000000000
  9
$USRTIMER
 70
     1
  9
$ANGBASE
 50
0.0
  9
$ANGDIR
 70
     0
  9
$PDMODE
 70
     0
  9
$PDSIZE
 40
0.0
  9
$PLINEWID
 40
0.0
  9
$SPLFRAME
 70
     0
  9
$SPLINETYPE
 70
     6
  9
$SPLINESEGS
 70
     8
  9
$HANDSEED
  5
144
  9
$SURFTAB1
 70
     6
  9
$SURFTAB2
 70
     6
  9
$SURFTYPE
 70
     6
  9
$SURFU
 70
     6
  9
$SURFV
 70
     6
  9
$UCSBASE
  2

  9
$UCSNAME
  2

  9
$UCSORG
 10
0.0
 20
0.0
 30
0.0
  9
$UCSXDIR
 10
1.0
 20
0.0
 30
0.0
  9
$UCSYDIR
 10
0.0
 20
1.0
 30
0.0
  9
$UCSORTHOREF
  2

  9
$UCSORTHOVIEW
 70
     0
  9
$UCSORGTOP
 10
0.0
 20
0.0
 30
0.0
  9
$UCSORGBOTTOM
 10
0.0
 20
0.0
 30
0.0
  9
$UCSORGLEFT
 10
0.0
 20
0.0
 30
0.0
  9
$UCSORGRIGHT
 10
0.0
 20
0.0
 30
0.0
  9
$UCSORGFRONT
 10
0.0
 20
0.0
 30
0.0
  9
$UCSORGBACK
 10
0.0
 20
0.0
 30
0.0
  9
$PUCSBASE
  2

  9
$PUCSNAME
  2

  9
$PUCSORG
 10
0.0
 20
0.0
 30
0.0
  9
$PUCSXDIR
 10
1.0
 20
0.0
 30
0.0
  9
$PUCSYDIR
 10
0.0
 20
1.0
 30
0.0
  9
$PUCSORTHOREF
  2

  9
$PUCSORTHOVIEW
 70
     0
  9
$PUCSORGTOP
 10
0.0
 20
0.0
 30
0.0
  9
$PUCSORGBOTTOM
 10
0.0
 20
0.0
 30
0.0
  9
$PUCSORGLEFT
 10
0.0
 20
0.0
 30
0.0
  9
$PUCSORGRIGHT
 10
0.0
 20
0.0
 30
0.0
  9
$PUCSORGFRONT
 10
0.0
 20
0.0
 30
0.0
  9
$PUCSORGBACK
 10
0.0
 20
0.0
 30
0.0
  9
$USERI1
 70
     0
  9
$USERI2
 70
     0
  9
$USERI3
 70
     0
  9
$USERI4
 70
     0
  9
$USERI5
 70
     0
  9
$USERR1
 40
0.0
  9
$USERR2
 40
0.0
  9
$USERR3
 40
0.0
  9
$USERR4
 40
0.0
  9
$USERR5
 40
0.0
  9
$WORLDVIEW
 70
     1
  9
$SHADEDGE
 70
     3
  9
$SHADEDIF
 70
    70
  9
$TILEMODE
 70
     1
  9
$MAXACTVP
 70
    64
  9
$PINSBASE
 10
0.0
 20
0.0
 30
0.0
  9
$PLIMCHECK
 70
     0
  9
$PEXTMIN
 10
1.000000000000000E+20
 20
1.000000000000000E+20
 30
1.000000000000000E+20
  9
$PEXTMAX
 10
-1.000000000000000E+20
 20
-1.000000000000000E+20
 30
-1.000000000000000E+20
  9
$PLIMMIN
 10
0.0
 20
0.0
  9
$PLIMMAX
 10
12.0
 20
9.0
  9
$UNITMODE
 70
     0
  9
$VISRETAIN
 70
     1
  9
$PLINEGEN
 70
     0
  9
$PSLTSCALE
 70
     1
  9
$TREEDEPTH
 70
  3020
  9
$CMLSTYLE
  2
Standard
  9
$CMLJUST
 70
     0
  9
$CMLSCALE
 40
1.0
  9
$PROXYGRAPHICS
 70
     1
  9
$MEASUREMENT
 70
     0
  9
$CELWEIGHT
370
    -1
  9
$ENDCAPS
280
     0
  9
$JOINSTYLE
280
     0
  9
$LWDISPLAY
290
     1
  9
$INSUNITS
 70
     4
  9
$HYPERLINKBASE
  1

  9
$STYLESHEET
  1

  9
$XEDIT
290
     1
  9
$CEPSNTYPE
380
     0
  9
$PSTYLEMODE
290
     1
  9
$FINGERPRINTGUID
  2
{9D0CD00F-6D11-8F4A-8F89-B640ACCB81E2}
  9
$VERSIONGUID
  2
{B4E43766-650E-1247-8BF0-51F785989056}
  9
$EXTNAMES
290
     1
  9
$PSVPSCALE
 40
0.0
  9
$OLESTARTUP
290
     0
  9
$SORTENTS
280
   127
  9
$INDEXCTL
280
     0
  9
$HIDETEXT
280
     1
  9
$XCLIPFRAME
280
     2
  9
$HALOGAP
280
     0
  9
$OBSCOLOR
 70
   257
  9
$OBSLTYPE
280
     0
  9
$INTERSECTIONDISPLAY
280
     0
  9
$INTERSECTIONCOLOR
 70
   257
  9
$DIMASSOC
280
     2
  9
$PROJECTNAME
  1

  9
$CAMERADISPLAY
290
     0
  9
$LENSLENGTH
 40
50.0
  9
$CAMERAHEIGHT
 40
0.0
  9
$STEPSPERSEC
 40
2.0
  9
$STEPSIZE
 40
6.0
  9
$3DDWFPREC
 40
2.0
  9
$PSOLWIDTH
 40
0.25
  9
$PSOLHEIGHT
 40
4.0
  9
$LOFTANG1
 40
1.570796326794896
  9
$LOFTANG2
 40
1.570796326794896
  9
$LOFTMAG1
 40
0.0
  9
$LOFTMAG2
 40
0.0
  9
$LOFTPARAM
 70
     7
  9
$LOFTNORMALS
280
     1
  9
$LATITUDE
 40
37.795
  9
$LONGITUDE
 40
-122.394
  9
$NORTHDIRECTION
 40
0.0
  9
$TIMEZONE
 70
 -8000
  9
$LIGHTGLYPHDISPLAY
280
     1
  9
$TILEMODELIGHTSYNCH
280
     1
  9
$CMATERIAL
347
11
  9
$SOLIDHIST
280
     0
  9
$SHOWHIST
280
     1
  9
$DWFFRAME
280
     2
  9
$DGNFRAME
280
     0
  9
$REALWORLDSCALE
290
     1
  9
$INTERFERECOLOR
 62
     1
  9
$INTERFEREOBJVS
345
33
  9
$INTERFEREVPVS
346
30
  9
$CSHADOW
280
     0
  9
$SHADOWPLANELOCATION
 40
0.0
  0
ENDSEC
  0
SECTION
  2
CLASSES
  0
CLASS
  1
ACDBDICTIONARYWDFLT
  2
AcDbDictionaryWithDefault
  3
ObjectDBX Classes
 90
        0
 91
        1
280
     0
281
     0
  0
CLASS
  1
MATERIAL
  2
AcDbMaterial
  3
ObjectDBX Classes
 90
     1153
 91
        3
280
     0
281
     0
  0
CLASS
  1
VISUALSTYLE
  2
AcDbVisualStyle
  3
ObjectDBX Classes
 90
     4095
 91
       24
280
     0
281
     0
  0
CLASS
  1
SCALE
  2
AcDbScale
  3
ObjectDBX Classes
 90
     1153
 91
       17
280
     0
281
     0
  0
CLASS
  1
TABLESTYLE
  2
AcDbTableStyle
  3
ObjectDBX Classes
 90
     4095
 91
        1
280
     0
281
     0
  0
CLASS
  1
MLEADERSTYLE
  2
AcDbMLeaderStyle
  3
ACDB_MLEADERSTYLE_CLASS
 90
     4095
 91
        1
280
     0
281
     0
  0
CLASS
  1
ACDBSECTIONVIEWSTYLE
  2
AcDbSectionViewStyle
  3
ObjectDBX Classes
 90
     1025
 91
        1
280
     0
281
     0
  0
CLASS
  1
ACDBDETAILVIEWSTYLE
  2
AcDbDetailViewStyle
  3
ObjectDBX Classes
 90
     1025
 91
        1
280
     0
281
     0
  0
CLASS
  1
DICTIONARYVAR
  2
AcDbDictionaryVar
  3
ObjectDBX Classes
 90
        0
 91
        5
280
     0
281
     0
  0
CLASS
  1
CELLSTYLEMAP
  2
AcDbCellStyleMap
  3
ObjectDBX Classes
 90
     1152
 91
        1
280
     0
281
     0
  0
ENDSEC
  0
SECTION
  2
TABLES
  0
TABLE
  2
VPORT
  5
8
330
0
100
AcDbSymbolTable
 70
     1
  0
VPORT
  5
57
330
8
100
AcDbSymbolTableRecord
100
AcDbViewportTableRecord
  2
*Active
 70
     0
 10
0.0
 20
0.0
 11
1.0
 21
1.0
 12
0.0
 22
0.0
 13
0.0
 23
0.0
 14
1.0
 24
1.0
 15
0.0
 25
0.0
 16
0.0
 26
0.0
 36
1.0
 17
157.6753224563861
 27
250.2958332707594
 37
0.0
 40
319.1721665868736
 41
2.049500947163131
 42
50.0
 43
0.0
 44
0.0
 50
0.0
 51
0.0
 71
     0
 72
   100
 73
     1
 74
     1
 75
     0
 76
     0
 77
     0
 78
     0
281
     0
 65
     1
110
0.0
120
0.0
130
0.0
111
1.0
121
0.0
131
0.0
112
0.0
122
1.0
132
0.0
 79
     0
146
0.0
 60
     3
 61
     5
292
     1
282
     1
141
0.0
142
0.0
 63
   250
421
  3355443
  0
ENDTAB
  0
TABLE
  2
LTYPE
  5
5
330
0
100
AcDbSymbolTable
 70
     1
  0
LTYPE
  5
5B
330
5
100
AcDbSymbolTableRecord
100
AcDbLinetypeTableRecord
  2
ByBlock
 70
     0
  3

 72
    65
 73
     0
 40
0.0
  0
LTYPE
  5
5C
330
5
100
AcDbSymbolTableRecord
100
AcDbLinetypeTableRecord
  2
ByLayer
 70
     0
  3

 72
    65
 73
     0
 40
0.0
  0
LTYPE
  5
5D
330
5
100
AcDbSymbolTableRecord
100
AcDbLinetypeTableRecord
  2
Continuous
 70
     0
  3
Solid line
 72
    65
 73
     0
 40
0.0
  0
ENDTAB
  0
TABLE
  2
LAYER
  5
2
330
0
100
AcDbSymbolTable
 70
     2
  0
LAYER
  5
54
330
2
100
AcDbSymbolTableRecord
100
AcDbLayerTableRecord
  2
0
 70
     0
 62
     7
  6
Continuous
370
    -3
390
F
347
21
348
0
  0
LAYER
  5
78
330
2
100
AcDbSymbolTableRecord
100
AcDbLayerTableRecord
  2
Ebene 1
 70
     0
 62
     7
  6
Continuous
370
     0
390
F
347
21
348
0
  0
ENDTAB
  0
TABLE
  2
STYLE
  5
3
330
0
100
AcDbSymbolTable
 70
     2
  0
STYLE
  5
55
330
3
100
AcDbSymbolTableRecord
100
AcDbTextStyleTableRecord
  2
Standard
 70
     0
 40
0.0
 41
1.0
 50
0.0
 71
     0
 42
0.2
  3
txt
  4

  0
STYLE
  5
5A
330
3
100
AcDbSymbolTableRecord
100
AcDbTextStyleTableRecord
  2
Annotative
 70
     0
 40
0.0
 41
1.0
 50
0.0
 71
     0
 42
0.2
  3
txt
  4

1001
AcadAnnotative
1000
AnnotativeData
1002
{
1070
     1
1070
     1
1002
}
  0
ENDTAB
  0
TABLE
  2
VIEW
  5
6
330
0
100
AcDbSymbolTable
 70
     0
  0
ENDTAB
  0
TABLE
  2
UCS
  5
7
330
0
100
AcDbSymbolTable
 70
     0
  0
ENDTAB
  0
TABLE
  2
APPID
  5
9
330
0
100
AcDbSymbolTable
 70
     2
  0
APPID
  5
56
330
9
100
AcDbSymbolTableRecord
100
AcDbRegAppTableRecord
  2
ACAD
 70
     0
  0
APPID
  5
5E
330
9
100
AcDbSymbolTableRecord
100
AcDbRegAppTableRecord
  2
AcadAnnotative
 70
     0
  0
ENDTAB
  0
TABLE
  2
DIMSTYLE
  5
A
330
0
100
AcDbSymbolTable
 70
     2
100
AcDbDimStyleTable
 71
     0
  0
DIMSTYLE
105
58
330
A
100
AcDbSymbolTableRecord
100
AcDbDimStyleTableRecord
  2
Standard
 70
     0
340
55
  0
DIMSTYLE
105
59
330
A
100
AcDbSymbolTableRecord
100
AcDbDimStyleTableRecord
  2
Annotative
 70
     0
340
55
1001
AcadAnnotative
1000
AnnotativeData
1002
{
1070
     1
1070
     1
1002
}
  0
ENDTAB
  0
TABLE
  2
BLOCK_RECORD
  5
1
330
0
100
AcDbSymbolTable
 70
    11
  0
BLOCK_RECORD
  5
70
330
1
100
AcDbSymbolTableRecord
100
AcDbBlockTableRecord
  2
*Model_Space
340
73
 70
     0
280
     1
281
     0
  0
BLOCK_RECORD
  5
6C
330
1
100
AcDbSymbolTableRecord
100
AcDbBlockTableRecord
  2
*Paper_Space
340
6F
 70
     0
280
     1
281
     0
  0
BLOCK_RECORD
  5
74
330
1
100
AcDbSymbolTableRecord
100
AcDbBlockTableRecord
  2
*Paper_Space0
340
77
 70
     0
280
     1
281
     0
  0
BLOCK_RECORD
  5
79
330
1
100
AcDbSymbolTableRecord
100
AcDbBlockTableRecord
  2
Block_0
340
0
102
{BLKREFS
331
7A
102
}
 70
     0
280
     1
281
     0
  0
BLOCK_RECORD
  5
7D
330
1
100
AcDbSymbolTableRecord
100
AcDbBlockTableRecord
  2
Block_1
340
0
102
{BLKREFS
331
7E
102
}
 70
     0
280
     1
281
     0
  0
BLOCK_RECORD
  5
81
330
1
100
AcDbSymbolTableRecord
100
AcDbBlockTableRecord
  2
Block_2
340
0
102
{BLKREFS
331
82
102
}
 70
     0
280
     1
281
     0
  0
BLOCK_RECORD
  5
A0
330
1
100
AcDbSymbolTableRecord
100
AcDbBlockTableRecord
  2
Block_3
340
0
102
{BLKREFS
331
A1
102
}
 70
     0
280
     1
281
     0
  0
BLOCK_RECORD
  5
AB
330
1
100
AcDbSymbolTableRecord
100
AcDbBlockTableRecord
  2
Block_4
340
0
102
{BLKREFS
331
AC
102
}
 70
     0
280
     1
281
     0
  0
BLOCK_RECORD
  5
AF
330
1
100
AcDbSymbolTableRecord
100
AcDbBlockTableRecord
  2
Block_5
340
0
102
{BLKREFS
331
B0
102
}
 70
     0
280
     1
281
     0
  0
BLOCK_RECORD
  5
E6
330
1
100
AcDbSymbolTableRecord
100
AcDbBlockTableRecord
  2
Block_6
340
0
102
{BLKREFS
331
E7
102
}
 70
     0
280
     1
281
     0
  0
BLOCK_RECORD
  5
EA
330
1
100
AcDbSymbolTableRecord
100
AcDbBlockTableRecord
  2
Block_7
340
0
102
{BLKREFS
331
EB
102
}
 70
     0
280
     1
281
     0
  0
BLOCK_RECORD
  5
111
330
1
100
AcDbSymbolTableRecord
100
AcDbBlockTableRecord
  2
Block_8
340
0
102
{BLKREFS
331
112
102
}
 70
     0
280
     1
281
     0
  0
BLOCK_RECORD
  5
115
330
1
100
AcDbSymbolTableRecord
100
AcDbBlockTableRecord
  2
Block_9
340
0
102
{BLKREFS
331
116
102
}
 70
     0
280
     1
281
     0
  0
ENDTAB
  0
ENDSEC
  0
SECTION
  2
BLOCKS
  0
BLOCK
  5
71
330
70
100
AcDbEntity
  8
0
100
AcDbBlockBegin
  2
*Model_Space
 70
     0
 10
0.0
 20
0.0
 30
0.0
  3
*Model_Space
  1

  0
ENDBLK
  5
72
330
70
100
AcDbEntity
  8
0
100
AcDbBlockEnd
  0
BLOCK
  5
6D
330
6C
100
AcDbEntity
 67
     1
  8
0
100
AcDbBlockBegin
  2
*Paper_Space
 70
     0
 10
0.0
 20
0.0
 30
0.0
  3
*Paper_Space
  1

  0
ENDBLK
  5
6E
330
6C
100
AcDbEntity
 67
     1
  8
0
100
AcDbBlockEnd
  0
BLOCK
  5
75
330
74
100
AcDbEntity
 67
     1
  8
0
100
AcDbBlockBegin
  2
*Paper_Space0
 70
     0
 10
0.0
 20
0.0
 30
0.0
  3
*Paper_Space0
  1

  0
ENDBLK
  5
76
330
74
100
AcDbEntity
 67
     1
  8
0
100
AcDbBlockEnd
  0
BLOCK
  5
7B
330
79
100
AcDbEntity
  8
0
100
AcDbBlockBegin
  2
Block_0
 70
     0
 10
0.0
 20
0.0
 30
0.0
  3
Block_0
  1

  0
INSERT
  5
7E
330
79
100
AcDbEntity
  8
Ebene 1
100
AcDbBlockReference
  2
Block_1
 10
0.0
 20
0.0
 30
0.0
  0
INSERT
  5
A1
330
79
100
AcDbEntity
  8
Ebene 1
100
AcDbBlockReference
  2
Block_3
 10
0.0
 20
0.0
 30
0.0
  0
ENDBLK
  5
7C
330
79
100
AcDbEntity
  8
0
100
AcDbBlockEnd
  0
BLOCK
  5
7F
330
7D
100
AcDbEntity
  8
0
100
AcDbBlockBegin
  2
Block_1
 70
     0
 10
0.0
 20
0.0
 30
0.0
  3
Block_1
  1

  0
INSERT
  5
82
330
7D
100
AcDbEntity
  8
Ebene 1
100
AcDbBlockReference
  2
Block_2
 10
0.0
 20
0.0
 30
0.0
  0
SPLINE
  5
8B
330
7D
100
AcDbEntity
  8
Ebene 1
100
AcDbSpline
210
0.0
220
0.0
230
1.0
 70
     9
 71
     3
 72
    23
 73
    19
 74
     0
 42
0.0000000001
 43
0.0000000001
 40
0.0
 40
0.0
 40
0.0
 40
0.0
 40
1.0
 40
1.0
 40
1.0
 40
2.0
 40
2.0
 40
2.0
 40
3.0
 40
3.0
 40
3.0
 40
4.0
 40
4.0
 40
4.0
 40
5.0
 40
5.0
 40
5.0
 40
6.0
 40
6.0
 40
6.0
 40
6.0
 10
89.1192753520105
 20
270.7624469866866
 30
0.0
 10
89.119834998358
 20
268.4935041262207
 30
0.0
 10
87.47171040781079
 20
267.0778991569099
 30
0.0
 10
85.34307191546302
 20
267.097669604892
 30
0.0
 10
85.34307191546302
 20
267.097669604892
 30
0.0
 10
57.65798928428716
 20
267.1495655937386
 30
0.0
 10
57.65798928428716
 20
267.1495655937386
 30
0.0
 10
57.65798928428716
 20
267.1495655937386
 30
0.0
 10
57.64614125077009
 20
279.8984686639224
 30
0.0
 10
57.64614125077009
 20
279.8984686639224
 30
0.0
 10
57.64614125077009
 20
279.8984686639224
 30
0.0
 10
85.68922633734036
 20
279.8387824831425
 30
0.0
 10
85.68922633734036
 20
279.8387824831425
 30
0.0
 10
87.75742875596357
 20
279.8343805743276
 30
0.0
 10
89.11747110493845
 20
278.0773048982926
 30
0.0
 10
89.11792970735502
 20
276.2180187918433
 30
0.0
 10
89.11792970735502
 20
276.2180187918433
 30
0.0
 10
89.1192753520105
 20
270.7624469866866
 30
0.0
 10
89.1192753520105
 20
270.7624469866866
 30
0.0
  0
HATCH
  5
8C
330
7D
100
AcDbEntity
  8
Ebene 1
 62
     7
420
 16645629
440
 33554687
100
AcDbHatch
 10
0.0
 20
0.0
 30
0.0
210
0.0
220
0.0
230
1.0
  2
SOLID
 70
     1
 71
     1
 91
        1
 92
        1
 93
        1
 72
     4
 94
        3
 73
     0
 74
     0
 95
       23
 96
       19
 40
0.0
 40
0.0
 40
0.0
 40
0.0
 40
1.0
 40
1.0
 40
1.0
 40
2.0
 40
2.0
 40
2.0
 40
3.0
 40
3.0
 40
3.0
 40
4.0
 40
4.0
 40
4.0
 40
5.0
 40
5.0
 40
5.0
 40
6.0
 40
6.0
 40
6.0
 40
6.0
 10
89.1192753520105
 20
270.7624469866866
 10
89.119834998358
 20
268.4935041262207
 10
87.47171040781079
 20
267.0778991569099
 10
85.34307191546302
 20
267.097669604892
 10
85.34307191546302
 20
267.097669604892
 10
57.65798928428716
 20
267.1495655937386
 10
57.65798928428716
 20
267.1495655937386
 10
57.65798928428716
 20
267.1495655937386
 10
57.64614125077009
 20
279.8984686639224
 10
57.64614125077009
 20
279.8984686639224
 10
57.64614125077009
 20
279.8984686639224
 10
85.68922633734036
 20
279.8387824831425
 10
85.68922633734036
 20
279.8387824831425
 10
87.75742875596357
 20
279.8343805743276
 10
89.11747110493845
 20
278.0773048982926
 10
89.11792970735502
 20
276.2180187918433
 10
89.11792970735502
 20
276.2180187918433
 10
89.1192753520105
 20
270.7624469866866
 10
89.1192753520105
 20
270.7624469866866
 97
        0
 97
        1
330
8B
 75
     2
 76
     1
 98
        1
 10
0.0
 20
0.0
450
        0
451
        0
460
0.0
461
0.0
452
        0
462
0.0
453
        0
470

  0
SPLINE
  5
8D
330
7D
100
AcDbEntity
  8
Ebene 1
100
AcDbSpline
210
0.0
220
0.0
230
1.0
 70
     9
 71
     3
 72
    29
 73
    25
 74
     0
 42
0.0000000001
 43
0.0000000001
 40
0.0
 40
0.0
 40
0.0
 40
0.0
 40
1.0
 40
1.0
 40
1.0
 40
2.0
 40
2.0
 40
2.0
 40
3.0
 40
3.0
 40
3.0
 40
4.0
 40
4.0
 40
4.0
 40
5.0
 40
5.0
 40
5.0
 40
6.0
 40
6.0
 40
6.0
 40
7.0
 40
7.0
 40
7.0
 40
8.0
 40
8.0
 40
8.0
 40
8.0
 10
157.4537004749654
 20
255.899940783404
 30
0.0
 10
157.455543989426
 20
253.4300351371152
 30
0.0
 10
155.5928035066047
 20
251.3772470049792
 30
0.0
 10
153.1595760094276
 20
251.38146502785
 30
0.0
 10
153.1595760094276
 20
251.38146502785
 30
0.0
 10
125.9921649229572
 20
251.4285599918169
 30
0.0
 10
125.9921649229572
 20
251.4285599918169
 30
0.0
 10
123.5789641107918
 20
251.4327432982397
 30
0.0
 10
122.0298621658216
 20
253.576955054576
 30
0.0
 10
122.0376103770503
 20
255.7415690709482
 30
0.0
 10
122.0376103770503
 20
255.7415690709482
 30
0.0
 10
122.1109494073381
 20
276.2302584237918
 30
0.0
 10
122.1109494073381
 20
276.2302584237918
 30
0.0
 10
122.1180075595317
 20
278.2020909818368
 30
0.0
 10
124.3180347963006
 20
279.8794274332879
 30
0.0
 10
126.2935083826143
 20
279.8800330662566
 30
0.0
 10
126.2935083826143
 20
279.8800330662566
 30
0.0
 10
153.0865788548629
 20
279.8882471810522
 30
0.0
 10
153.0865788548629
 20
279.8882471810522
 30
0.0
 10
155.5742835328294
 20
279.8890098518265
 30
0.0
 10
157.4372595443098
 20
277.9271872916014
 30
0.0
 10
157.4390499546231
 20
275.5284295728226
 30
0.0
 10
157.4390499546231
 20
275.5284295728226
 30
0.0
 10
157.4537004749654
 20
255.899940783404
 30
0.0
 10
157.4537004749654
 20
255.899940783404
 30
0.0
  0
HATCH
  5
8E
330
7D
100
AcDbEntity
  8
Ebene 1
 62
     7
420
 16645629
440
 33554687
100
AcDbHatch
 10
0.0
 20
0.0
 30
0.0
210
0.0
220
0.0
230
1.0
  2
SOLID
 70
     1
 71
     1
 91
        1
 92
        1
 93
        1
 72
     4
 94
        3
 73
     0
 74
     0
 95
       29
 96
       25
 40
0.0
 40
0.0
 40
0.0
 40
0.0
 40
1.0
 40
1.0
 40
1.0
 40
2.0
 40
2.0
 40
2.0
 40
3.0
 40
3.0
 40
3.0
 40
4.0
 40
4.0
 40
4.0
 40
5.0
 40
5.0
 40
5.0
 40
6.0
 40
6.0
 40
6.0
 40
7.0
 40
7.0
 40
7.0
 40
8.0
 40
8.0
 40
8.0
 40
8.0
 10
157.4537004749654
 20
255.899940783404
 10
157.455543989426
 20
253.4300351371152
 10
155.5928035066047
 20
251.3772470049792
 10
153.1595760094276
 20
251.38146502785
 10
153.1595760094276
 20
251.38146502785
 10
125.9921649229572
 20
251.4285599918169
 10
125.9921649229572
 20
251.4285599918169
 10
123.5789641107918
 20
251.4327432982397
 10
122.0298621658216
 20
253.576955054576
 10
122.0376103770503
 20
255.7415690709482
 10
122.0376103770503
 20
255.7415690709482
 10
122.1109494073381
 20
276.2302584237918
 10
122.1109494073381
 20
276.2302584237918
 10
122.1180075595317
 20
278.2020909818368
 10
124.3180347963006
 20
279.8794274332879
 10
126.2935083826143
 20
279.8800330662566
 10
126.2935083826143
 20
279.8800330662566
 10
153.0865788548629
 20
279.8882471810522
 10
153.0865788548629
 20
279.8882471810522
 10
155.5742835328294
 20
279.8890098518265
 10
157.4372595443098
 20
277.9271872916014
 10
157.4390499546231
 20
275.5284295728226
 10
157.4390499546231
 20
275.5284295728226
 10
157.4537004749654
 20
255.899940783404
 10
157.4537004749654
 20
255.899940783404
 97
        0
 97
        1
330
8D
 75
     2
 76
     1
 98
        1
 10
0.0
 20
0.0
450
        0
451
        0
460
0.0
461
0.0
452
        0
462
0.0
453
        0
470

  0
SPLINE
  5
8F
330
7D
100
AcDbEntity
  8
Ebene 1
100
AcDbSpline
210
0.0
220
0.0
230
1.0
 70
     9
 71
     3
 72
    23
 73
    19
 74
     0
 42
0.0000000001
 43
0.0000000001
 40
0.0
 40
0.0
 40
0.0
 40
0.0
 40
1.0
 40
1.0
 40
1.0
 40
2.0
 40
2.0
 40
2.0
 40
3.0
 40
3.0
 40
3.0
 40
4.0
 40
4.0
 40
4.0
 40
5.0
 40
5.0
 40
5.0
 40
6.0
 40
6.0
 40
6.0
 40
6.0
 10
23.49657945624264
 20
270.7946072586235
 30
0.0
 10
23.48543253710515
 20
268.571412323981
 30
0.0
 10
21.84365409286422
 20
267.0775781465894
 30
0.0
 10
19.73939835819518
 20
267.1128087393233
 30
0.0
 10
19.73939835819518
 20
267.1128087393233
 30
0.0
 10
-7.062020581312047
 20
267.0697543668
 30
0.0
 10
-7.062020581312047
 20
267.0697543668
 30
0.0
 10
-7.062020581312047
 20
267.0697543668
 30
0.0
 10
-7.048731692050719
 20
279.875603538885
 30
0.0
 10
-7.048731692050719
 20
279.875603538885
 30
0.0
 10
-7.048731692050719
 20
279.875603538885
 30
0.0
 10
20.22516363942835
 20
279.9190647394949
 30
0.0
 10
20.22516363942835
 20
279.9190647394949
 30
0.0
 10
22.19638286763981
 20
279.6545746700037
 30
0.0
 10
23.53355435536487
 20
278.1690582098524
 30
0.0
 10
23.52367926821622
 20
276.1995235378358
 30
0.0
 10
23.52367926821622
 20
276.1995235378358
 30
0.0
 10
23.49657945624264
 20
270.7946072586235
 30
0.0
 10
23.49657945624264
 20
270.7946072586235
 30
0.0
  0
HATCH
  5
90
330
7D
100
AcDbEntity
  8
Ebene 1
 62
     7
420
 16645629
440
 33554687
100
AcDbHatch
 10
0.0
 20
0.0
 30
0.0
210
0.0
220
0.0
230
1.0
  2
SOLID
 70
     1
 71
     1
 91
        1
 92
        1
 93
        1
 72
     4
 94
        3
 73
     0
 74
     0
 95
       23
 96
       19
 40
0.0
 40
0.0
 40
0.0
 40
0.0
 40
1.0
 40
1.0
 40
1.0
 40
2.0
 40
2.0
 40
2.0
 40
3.0
 40
3.0
 40
3.0
 40
4.0
 40
4.0
 40
4.0
 40
5.0
 40
5.0
 40
5.0
 40
6.0
 40
6.0
 40
6.0
 40
6.0
 10
23.49657945624264
 20
270.7946072586235
 10
23.48543253710515
 20
268.571412323981
 10
21.84365409286422
 20
267.0775781465894
 10
19.73939835819518
 20
267.1128087393233
 10
19.73939835819518
 20
267.1128087393233
 10
-7.062020581312047
 20
267.0697543668
 10
-7.062020581312047
 20
267.0697543668
 10
-7.062020581312047
 20
267.0697543668
 10
-7.048731692050719
 20
279.875603538885
 10
-7.048731692050719
 20
279.875603538885
 10
-7.048731692050719
 20
279.875603538885
 10
20.22516363942835
 20
279.9190647394949
 10
20.22516363942835
 20
279.9190647394949
 10
22.19638286763981
 20
279.6545746700037
 10
23.53355435536487
 20
278.1690582098524
 10
23.52367926821622
 20
276.1995235378358
 10
23.52367926821622
 20
276.1995235378358
 10
23.49657945624264
 20
270.7946072586235
 10
23.49657945624264
 20
270.7946072586235
 97
        0
 97
        1
330
8F
 75
     2
 76
     1
 98
        1
 10
0.0
 20
0.0
450
        0
451
        0
460
0.0
461
0.0
452
        0
462
0.0
453
        0
470

  0
LWPOLYLINE
  5
91
330
7D
100
AcDbEntity
  8
Ebene 1
100
AcDbPolyline
 90
       13
 70
     1
 43
0.0
 10
356.0213584741346
 20
241.1382794915192
 10
355.9381163956173
 20
272.9639699313936
 10
338.6126988757123
 20
241.1365311075531
 10
331.9969287732146
 20
241.1191006710629
 10
314.4171125508451
 20
273.0081501076843
 10
314.2801785176392
 20
241.1442010293507
 10
303.4022527915741
 20
241.1337188525567
 10
303.4235037246258
 20
290.078402848771
 10
317.3782415335415
 20
289.9945392106923
 10
335.3363810178826
 20
257.2665345987704
 10
353.548003766525
 20
290.0042344387925
 10
367.1091750750282
 20
290.073647200994
 10
367.0834788009548
 20
241.1239177704246
  0
HATCH
  5
92
330
7D
100
AcDbEntity
  8
Ebene 1
 62
   168
420
   922133
440
 33554687
100
AcDbHatch
 10
0.0
 20
0.0
 30
0.0
210
0.0
220
0.0
230
1.0
  2
SOLID
 70
     1
 71
     1
 91
        1
 92
        1
 93
       13
 72
     1
 10
356.0213584741346
 20
241.1382794915192
 11
355.9381163956173
 21
272.9639699313936
 72
     1
 10
355.9381163956173
 20
272.9639699313936
 11
338.6126988757123
 21
241.1365311075531
 72
     1
 10
338.6126988757123
 20
241.1365311075531
 11
331.9969287732146
 21
241.1191006710629
 72
     1
 10
331.9969287732146
 20
241.1191006710629
 11
314.4171125508451
 21
273.0081501076843
 72
     1
 10
314.4171125508451
 20
273.0081501076843
 11
314.2801785176392
 21
241.1442010293507
 72
     1
 10
314.2801785176392
 20
241.1442010293507
 11
303.4022527915741
 21
241.1337188525567
 72
     1
 10
303.4022527915741
 20
241.1337188525567
 11
303.4235037246258
 21
290.078402848771
 72
     1
 10
303.4235037246258
 20
290.078402848771
 11
317.3782415335415
 21
289.9945392106923
 72
     1
 10
317.3782415335415
 20
289.9945392106923
 11
335.3363810178826
 21
257.2665345987704
 72
     1
 10
335.3363810178826
 20
257.2665345987704
 11
353.548003766525
 21
290.0042344387925
 72
     1
 10
353.548003766525
 20
290.0042344387925
 11
367.1091750750282
 21
290.073647200994
 72
     1
 10
367.1091750750282
 20
290.073647200994
 11
367.0834788009548
 21
241.1239177704246
 72
     1
 10
367.0834788009548
 20
241.1239177704246
 11
356.0213584741346
 21
241.1382794915192
 97
        1
330
91
 75
     2
 76
     1
 98
        1
 10
0.0
 20
0.0
450
        0
451
        0
460
0.0
461
0.0
452
        0
462
0.0
453
        0
470

  0
SPLINE
  5
93
330
7D
100
AcDbEntity
  8
Ebene 1
100
AcDbSpline
210
0.0
220
0.0
230
1.0
 70
     9
 71
     3
 72
    83
 73
    79
 74
     0
 42
0.0000000001
 43
0.0000000001
 40
0.0
 40
0.0
 40
0.0
 40
0.0
 40
1.0
 40
1.0
 40
1.0
 40
2.0
 40
2.0
 40
2.0
 40
3.0
 40
3.0
 40
3.0
 40
4.0
 40
4.0
 40
4.0
 40
5.0
 40
5.0
 40
5.0
 40
6.0
 40
6.0
 40
6.0
 40
7.0
 40
7.0
 40
7.0
 40
8.0
 40
8.0
 40
8.0
 40
9.0
 40
9.0
 40
9.0
 40
10.0
 40
10.0
 40
10.0
 40
11.0
 40
11.0
 40
11.0
 40
12.0
 40
12.0
 40
12.0
 40
13.0
 40
13.0
 40
13.0
 40
14.0
 40
14.0
 40
14.0
 40
15.0
 40
15.0
 40
15.0
 40
16.0
 40
16.0
 40
16.0
 40
17.0
 40
17.0
 40
17.0
 40
18.0
 40
18.0
 40
18.0
 40
19.0
 40
19.0
 40
19.0
 40
20.0
 40
20.0
 40
20.0
 40
21.0
 40
21.0
 40
21.0
 40
22.0
 40
22.0
 40
22.0
 40
23.0
 40
23.0
 40
23.0
 40
24.0
 40
24.0
 40
24.0
 40
25.0
 40
25.0
 40
25.0
 40
26.0
 40
26.0
 40
26.0
 40
26.0
 10
233.136936446709
 20
251.6067345400484
 30
0.0
 10
233.1456490749345
 20
246.0047913570923
 30
0.0
 10
228.7199115355964
 20
241.2884363274486
 30
0.0
 10
222.9471563444865
 20
241.2776592837729
 30
0.0
 10
222.9471563444865
 20
241.2776592837729
 30
0.0
 10
189.6390256856391
 20
241.2154769865905
 30
0.0
 10
189.6390256856391
 20
241.2154769865905
 30
0.0
 10
185.6022044068963
 20
241.2079407239587
 30
0.0
 10
181.8008733356372
 20
243.5283195567296
 30
0.0
 10
179.89284669622
 20
246.8212453094206
 30
0.0
 10
178.277980050481
 20
249.6082273436637
 30
0.0
 10
178.4126578207627
 20
252.6059339401195
 30
0.0
 10
178.5927848175265
 20
255.7916696466475
 30
0.0
 10
178.5927848175265
 20
255.7916696466475
 30
0.0
 10
189.8967830570153
 20
255.628360347191
 30
0.0
 10
189.8967830570153
 20
255.628360347191
 30
0.0
 10
189.7831235887953
 20
253.358741998123
 30
0.0
 10
190.9651462163953
 20
251.3172778680795
 30
0.0
 10
193.3448231971031
 20
251.3207707259699
 30
0.0
 10
193.3448231971031
 20
251.3207707259699
 30
0.0
 10
218.689219589236
 20
251.3579708903706
 30
0.0
 10
218.689219589236
 20
251.3579708903706
 30
0.0
 10
221.1976192722274
 20
251.3616526857132
 30
0.0
 10
222.2239259874054
 20
253.5674428914064
 30
0.0
 10
222.0838226156819
 20
255.7518328448446
 30
0.0
 10
222.0008237132259
 20
257.0458914134698
 30
0.0
 10
222.082438767974
 20
258.170443260298
 30
0.0
 10
221.3096357728077
 20
259.1776563509833
 30
0.0
 10
220.5938054320542
 20
260.1106155843538
 30
0.0
 10
219.4459313453262
 20
260.3964059136025
 30
0.0
 10
217.9974251471883
 20
260.4039145743459
 30
0.0
 10
217.9974251471883
 20
260.4039145743459
 30
0.0
 10
189.2535758412344
 20
260.5529148431537
 30
0.0
 10
189.2535758412344
 20
260.5529148431537
 30
0.0
 10
183.3353592083829
 20
260.5835932627271
 30
0.0
 10
178.5637501219134
 20
265.1089210542021
 30
0.0
 10
178.5923188995009
 20
270.9158151413993
 30
0.0
 10
178.5923188995009
 20
270.9158151413993
 30
0.0
 10
178.6342892731857
 20
279.4467196943255
 30
0.0
 10
178.6342892731857
 20
279.4467196943255
 30
0.0
 10
179.1650995277691
 20
285.2253294404394
 30
0.0
 10
184.1473968184318
 20
289.9004319520789
 30
0.0
 10
190.2141516332937
 20
289.9055823835152
 30
0.0
 10
190.2141516332937
 20
289.9055823835152
 30
0.0
 10
221.4903944954329
 20
289.9321346588858
 30
0.0
 10
221.4903944954329
 20
289.9321346588858
 30
0.0
 10
227.9347338530936
 20
289.9376056444499
 30
0.0
 10
232.9840275094544
 20
284.8802537990635
 30
0.0
 10
233.0198152111898
 20
278.7317856399323
 30
0.0
 10
233.0198152111898
 20
278.7317856399323
 30
0.0
 10
233.0412990324573
 20
275.0407805015431
 30
0.0
 10
233.0412990324573
 20
275.0407805015431
 30
0.0
 10
233.0412990324573
 20
275.0407805015431
 30
0.0
 10
221.4930248679666
 20
275.1176011747067
 30
0.0
 10
221.4930248679666
 20
275.1176011747067
 30
0.0
 10
222.0113481347778
 20
277.443487332398
 30
0.0
 10
220.7766121279785
 20
279.8615393314363
 30
0.0
 10
218.3784346573089
 20
279.8617684494655
 30
0.0
 10
218.3784346573089
 20
279.8617684494655
 30
0.0
 10
193.693779879338
 20
279.8641267817928
 30
0.0
 10
193.693779879338
 20
279.8641267817928
 30
0.0
 10
192.3768307222541
 20
279.8642526010037
 30
0.0
 10
191.2305638926591
 20
279.1534756253419
 30
0.0
 10
190.608109106327
 20
278.3966964771773
 30
0.0
 10
189.5516462075673
 20
277.1122512288695
 30
0.0
 10
189.576495286935
 20
273.0174799390529
 30
0.0
 10
190.7450337321261
 20
271.7276291684513
 30
0.0
 10
191.4180827475425
 20
270.9847072776391
 30
0.0
 10
192.4339514355372
 20
270.5512626428885
 30
0.0
 10
193.6984879505612
 20
270.5416802940854
 30
0.0
 10
193.6984879505612
 20
270.5416802940854
 30
0.0
 10
223.1398794455178
 20
270.3185806214326
 30
0.0
 10
223.1398794455178
 20
270.3185806214326
 30
0.0
 10
228.6496166558195
 20
270.2768291788003
 30
0.0
 10
233.1151243211403
 20
265.6312383946515
 30
0.0
 10
233.1232113730289
 20
260.4315209244102
 30
0.0
 10
233.1232113730289
 20
260.4315209244102
 30
0.0
 10
233.136936446709
 20
251.6067345400484
 30
0.0
 10
233.136936446709
 20
251.6067345400484
 30
0.0
  0
HATCH
  5
94
330
7D
100
AcDbEntity
  8
Ebene 1
 62
   168
420
   922133
440
 33554687
100
AcDbHatch
 10
0.0
 20
0.0
 30
0.0
210
0.0
220
0.0
230
1.0
  2
SOLID
 70
     1
 71
     1
 91
        1
 92
        1
 93
        1
 72
     4
 94
        3
 73
     0
 74
     0
 95
       83
 96
       79
 40
0.0
 40
0.0
 40
0.0
 40
0.0
 40
1.0
 40
1.0
 40
1.0
 40
2.0
 40
2.0
 40
2.0
 40
3.0
 40
3.0
 40
3.0
 40
4.0
 40
4.0
 40
4.0
 40
5.0
 40
5.0
 40
5.0
 40
6.0
 40
6.0
 40
6.0
 40
7.0
 40
7.0
 40
7.0
 40
8.0
 40
8.0
 40
8.0
 40
9.0
 40
9.0
 40
9.0
 40
10.0
 40
10.0
 40
10.0
 40
11.0
 40
11.0
 40
11.0
 40
12.0
 40
12.0
 40
12.0
 40
13.0
 40
13.0
 40
13.0
 40
14.0
 40
14.0
 40
14.0
 40
15.0
 40
15.0
 40
15.0
 40
16.0
 40
16.0
 40
16.0
 40
17.0
 40
17.0
 40
17.0
 40
18.0
 40
18.0
 40
18.0
 40
19.0
 40
19.0
 40
19.0
 40
20.0
 40
20.0
 40
20.0
 40
21.0
 40
21.0
 40
21.0
 40
22.0
 40
22.0
 40
22.0
 40
23.0
 40
23.0
 40
23.0
 40
24.0
 40
24.0
 40
24.0
 40
25.0
 40
25.0
 40
25.0
 40
26.0
 40
26.0
 40
26.0
 40
26.0
 10
233.136936446709
 20
251.6067345400484
 10
233.1456490749345
 20
246.0047913570923
 10
228.7199115355964
 20
241.2884363274486
 10
222.9471563444865
 20
241.2776592837729
 10
222.9471563444865
 20
241.2776592837729
 10
189.6390256856391
 20
241.2154769865905
 10
189.6390256856391
 20
241.2154769865905
 10
185.6022044068963
 20
241.2079407239587
 10
181.8008733356372
 20
243.5283195567296
 10
179.89284669622
 20
246.8212453094206
 10
178.277980050481
 20
249.6082273436637
 10
178.4126578207627
 20
252.6059339401195
 10
178.5927848175265
 20
255.7916696466475
 10
178.5927848175265
 20
255.7916696466475
 10
189.8967830570153
 20
255.628360347191
 10
189.8967830570153
 20
255.628360347191
 10
189.7831235887953
 20
253.358741998123
 10
190.9651462163953
 20
251.3172778680795
 10
193.3448231971031
 20
251.3207707259699
 10
193.3448231971031
 20
251.3207707259699
 10
218.689219589236
 20
251.3579708903706
 10
218.689219589236
 20
251.3579708903706
 10
221.1976192722274
 20
251.3616526857132
 10
222.2239259874054
 20
253.5674428914064
 10
222.0838226156819
 20
255.7518328448446
 10
222.0008237132259
 20
257.0458914134698
 10
222.082438767974
 20
258.170443260298
 10
221.3096357728077
 20
259.1776563509833
 10
220.5938054320542
 20
260.1106155843538
 10
219.4459313453262
 20
260.3964059136025
 10
217.9974251471883
 20
260.4039145743459
 10
217.9974251471883
 20
260.4039145743459
 10
189.2535758412344
 20
260.5529148431537
 10
189.2535758412344
 20
260.5529148431537
 10
183.3353592083829
 20
260.5835932627271
 10
178.5637501219134
 20
265.1089210542021
 10
178.5923188995009
 20
270.9158151413993
 10
178.5923188995009
 20
270.9158151413993
 10
178.6342892731857
 20
279.4467196943255
 10
178.6342892731857
 20
279.4467196943255
 10
179.1650995277691
 20
285.2253294404394
 10
184.1473968184318
 20
289.9004319520789
 10
190.2141516332937
 20
289.9055823835152
 10
190.2141516332937
 20
289.9055823835152
 10
221.4903944954329
 20
289.9321346588858
 10
221.4903944954329
 20
289.9321346588858
 10
227.9347338530936
 20
289.9376056444499
 10
232.9840275094544
 20
284.8802537990635
 10
233.0198152111898
 20
278.7317856399323
 10
233.0198152111898
 20
278.7317856399323
 10
233.0412990324573
 20
275.0407805015431
 10
233.0412990324573
 20
275.0407805015431
 10
233.0412990324573
 20
275.0407805015431
 10
221.4930248679666
 20
275.1176011747067
 10
221.4930248679666
 20
275.1176011747067
 10
222.0113481347778
 20
277.443487332398
 10
220.7766121279785
 20
279.8615393314363
 10
218.3784346573089
 20
279.8617684494655
 10
218.3784346573089
 20
279.8617684494655
 10
193.693779879338
 20
279.8641267817928
 10
193.693779879338
 20
279.8641267817928
 10
192.3768307222541
 20
279.8642526010037
 10
191.2305638926591
 20
279.1534756253419
 10
190.608109106327
 20
278.3966964771773
 10
189.5516462075673
 20
277.1122512288695
 10
189.576495286935
 20
273.0174799390529
 10
190.7450337321261
 20
271.7276291684513
 10
191.4180827475425
 20
270.9847072776391
 10
192.4339514355372
 20
270.5512626428885
 10
193.6984879505612
 20
270.5416802940854
 10
193.6984879505612
 20
270.5416802940854
 10
223.1398794455178
 20
270.3185806214326
 10
223.1398794455178
 20
270.3185806214326
 10
228.6496166558195
 20
270.2768291788003
 10
233.1151243211403
 20
265.6312383946515
 10
233.1232113730289
 20
260.4315209244102
 10
233.1232113730289
 20
260.4315209244102
 10
233.136936446709
 20
251.6067345400484
 10
233.136936446709
 20
251.6067345400484
 97
        0
 97
        1
330
93
 75
     2
 76
     1
 98
        1
 10
0.0
 20
0.0
450
        0
451
        0
460
0.0
461
0.0
452
        0
462
0.0
453
        0
470

  0
SPLINE
  5
95
330
7D
100
AcDbEntity
  8
Ebene 1
100
AcDbSpline
210
0.0
220
0.0
230
1.0
 70
     9
 71
     3
 72
    23
 73
    19
 74
     0
 42
0.0000000001
 43
0.0000000001
 40
0.0
 40
0.0
 40
0.0
 40
0.0
 40
1.0
 40
1.0
 40
1.0
 40
2.0
 40
2.0
 40
2.0
 40
3.0
 40
3.0
 40
3.0
 40
4.0
 40
4.0
 40
4.0
 40
5.0
 40
5.0
 40
5.0
 40
6.0
 40
6.0
 40
6.0
 40
6.0
 10
89.1192753520105
 20
270.7624469866866
 30
0.0
 10
89.1192753520105
 20
270.7624469866866
 30
0.0
 10
89.11792970735502
 20
276.2180187918433
 30
0.0
 10
89.11792970735502
 20
276.2180187918433
 30
0.0
 10
89.11747110493845
 20
278.0773048982926
 30
0.0
 10
87.75742875596357
 20
279.8343805743276
 30
0.0
 10
85.68922633734036
 20
279.8387824831425
 30
0.0
 10
85.68922633734036
 20
279.8387824831425
 30
0.0
 10
57.64614125077009
 20
279.8984686639224
 30
0.0
 10
57.64614125077009
 20
279.8984686639224
 30
0.0
 10
57.64614125077009
 20
279.8984686639224
 30
0.0
 10
57.65798928428716
 20
267.1495655937386
 30
0.0
 10
57.65798928428716
 20
267.1495655937386
 30
0.0
 10
57.65798928428716
 20
267.1495655937386
 30
0.0
 10
85.34307191546302
 20
267.097669604892
 30
0.0
 10
85.34307191546302
 20
267.097669604892
 30
0.0
 10
87.47171040781079
 20
267.0778991569099
 30
0.0
 10
89.119834998358
 20
268.4935041262207
 30
0.0
 10
89.1192753520105
 20
270.7624469866866
 30
0.0
  0
SPLINE
  5
96
330
7D
100
AcDbEntity
  8
Ebene 1
100
AcDbSpline
210
0.0
220
0.0
230
1.0
 70
    11
 71
     3
 72
    41
 73
    37
 74
     0
 42
0.0000000001
 43
0.0000000001
 40
0.0
 40
0.0
 40
0.0
 40
0.0
 40
1.0
 40
1.0
 40
1.0
 40
2.0
 40
2.0
 40
2.0
 40
3.0
 40
3.0
 40
3.0
 40
4.0
 40
4.0
 40
4.0
 40
5.0
 40
5.0
 40
5.0
 40
6.0
 40
6.0
 40
6.0
 40
7.0
 40
7.0
 40
7.0
 40
8.0
 40
8.0
 40
8.0
 40
9.0
 40
9.0
 40
9.0
 40
10.0
 40
10.0
 40
10.0
 40
11.0
 40
11.0
 40
11.0
 40
12.0
 40
12.0
 40
12.0
 40
12.0
 10
101.7577340091734
 20
241.2423426825522
 30
0.0
 10
101.7577340091734
 20
241.2423426825522
 30
0.0
 10
86.80430088356951
 20
241.1324642298644
 30
0.0
 10
86.80430088356951
 20
241.1324642298644
 30
0.0
 10
86.80430088356951
 20
241.1324642298644
 30
0.0
 10
74.12692255131446
 20
257.0179801151669
 30
0.0
 10
74.12692255131446
 20
257.0179801151669
 30
0.0
 10
74.12692255131446
 20
257.0179801151669
 30
0.0
 10
57.69561066723086
 20
257.0039789901411
 30
0.0
 10
57.69561066723086
 20
257.0039789901411
 30
0.0
 10
57.69561066723086
 20
257.0039789901411
 30
0.0
 10
57.65981055861414
 20
241.1122630988682
 30
0.0
 10
57.65981055861414
 20
241.1122630988682
 30
0.0
 10
57.65981055861414
 20
241.1122630988682
 30
0.0
 10
45.74485830899885
 20
241.1354768516134
 30
0.0
 10
45.74485830899885
 20
241.1354768516134
 30
0.0
 10
45.74485830899885
 20
241.1354768516134
 30
0.0
 10
45.7364396230893
 20
290.073375846386
 30
0.0
 10
45.7364396230893
 20
290.073375846386
 30
0.0
 10
45.7364396230893
 20
290.073375846386
 30
0.0
 10
88.14702767653141
 20
290.0515084575928
 30
0.0
 10
88.14702767653141
 20
290.0515084575928
 30
0.0
 10
92.30681276719037
 20
290.0493636243785
 30
0.0
 10
95.98482154281708
 20
288.6952585266318
 30
0.0
 10
98.46212025616011
 20
285.4197105078237
 30
0.0
 10
99.56022921353858
 20
283.6231447539774
 30
0.0
 10
100.36584563227
 20
281.5374267708545
 30
0.0
 10
100.3643086572686
 20
279.3623818309324
 30
0.0
 10
100.3643086572686
 20
279.3623818309324
 30
0.0
 10
100.3554844330368
 20
266.8748109543933
 30
0.0
 10
100.3554844330368
 20
266.8748109543933
 30
0.0
 10
99.8962564684747
 20
260.8995199771733
 30
0.0
 10
95.32813640704267
 20
256.9110769173922
 30
0.0
 10
88.82770107923064
 20
256.9916706870797
 30
0.0
 10
88.82770107923064
 20
256.9916706870797
 30
0.0
 10
101.7577340091734
 20
241.2423426825522
 30
0.0
 10
101.7577340091734
 20
241.2423426825522
 30
0.0
  0
HATCH
  5
97
330
7D
100
AcDbEntity
  8
Ebene 1
 62
   168
420
   922133
440
 33554687
100
AcDbHatch
 10
0.0
 20
0.0
 30
0.0
210
0.0
220
0.0
230
1.0
  2
SOLID
 70
     1
 71
     1
 91
        2
 92
        1
 93
        1
 72
     4
 94
        3
 73
     0
 74
     0
 95
       23
 96
       19
 40
0.0
 40
0.0
 40
0.0
 40
0.0
 40
1.0
 40
1.0
 40
1.0
 40
2.0
 40
2.0
 40
2.0
 40
3.0
 40
3.0
 40
3.0
 40
4.0
 40
4.0
 40
4.0
 40
5.0
 40
5.0
 40
5.0
 40
6.0
 40
6.0
 40
6.0
 40
6.0
 10
89.1192753520105
 20
270.7624469866866
 10
89.1192753520105
 20
270.7624469866866
 10
89.11792970735502
 20
276.2180187918433
 10
89.11792970735502
 20
276.2180187918433
 10
89.11747110493845
 20
278.0773048982926
 10
87.75742875596357
 20
279.8343805743276
 10
85.68922633734036
 20
279.8387824831425
 10
85.68922633734036
 20
279.8387824831425
 10
57.64614125077009
 20
279.8984686639224
 10
57.64614125077009
 20
279.8984686639224
 10
57.64614125077009
 20
279.8984686639224
 10
57.65798928428716
 20
267.1495655937386
 10
57.65798928428716
 20
267.1495655937386
 10
57.65798928428716
 20
267.1495655937386
 10
85.34307191546302
 20
267.097669604892
 10
85.34307191546302
 20
267.097669604892
 10
87.47171040781079
 20
267.0778991569099
 10
89.119834998358
 20
268.4935041262207
 10
89.1192753520105
 20
270.7624469866866
 97
        0
 97
        1
330
95
 92
        1
 93
        1
 72
     4
 94
        3
 73
     0
 74
     0
 95
       41
 96
       37
 40
0.0
 40
0.0
 40
0.0
 40
0.0
 40
1.0
 40
1.0
 40
1.0
 40
2.0
 40
2.0
 40
2.0
 40
3.0
 40
3.0
 40
3.0
 40
4.0
 40
4.0
 40
4.0
 40
5.0
 40
5.0
 40
5.0
 40
6.0
 40
6.0
 40
6.0
 40
7.0
 40
7.0
 40
7.0
 40
8.0
 40
8.0
 40
8.0
 40
9.0
 40
9.0
 40
9.0
 40
10.0
 40
10.0
 40
10.0
 40
11.0
 40
11.0
 40
11.0
 40
12.0
 40
12.0
 40
12.0
 40
12.0
 10
101.7577340091734
 20
241.2423426825522
 10
101.7577340091734
 20
241.2423426825522
 10
86.80430088356951
 20
241.1324642298644
 10
86.80430088356951
 20
241.1324642298644
 10
86.80430088356951
 20
241.1324642298644
 10
74.12692255131446
 20
257.0179801151669
 10
74.12692255131446
 20
257.0179801151669
 10
74.12692255131446
 20
257.0179801151669
 10
57.69561066723086
 20
257.0039789901411
 10
57.69561066723086
 20
257.0039789901411
 10
57.69561066723086
 20
257.0039789901411
 10
57.65981055861414
 20
241.1122630988682
 10
57.65981055861414
 20
241.1122630988682
 10
57.65981055861414
 20
241.1122630988682
 10
45.74485830899885
 20
241.1354768516134
 10
45.74485830899885
 20
241.1354768516134
 10
45.74485830899885
 20
241.1354768516134
 10
45.7364396230893
 20
290.073375846386
 10
45.7364396230893
 20
290.073375846386
 10
45.7364396230893
 20
290.073375846386
 10
88.14702767653141
 20
290.0515084575928
 10
88.14702767653141
 20
290.0515084575928
 10
92.30681276719037
 20
290.0493636243785
 10
95.98482154281708
 20
288.6952585266318
 10
98.46212025616011
 20
285.4197105078237
 10
99.56022921353858
 20
283.6231447539774
 10
100.36584563227
 20
281.5374267708545
 10
100.3643086572686
 20
279.3623818309324
 10
100.3643086572686
 20
279.3623818309324
 10
100.3554844330368
 20
266.8748109543933
 10
100.3554844330368
 20
266.8748109543933
 10
99.8962564684747
 20
260.8995199771733
 10
95.32813640704267
 20
256.9110769173922
 10
88.82770107923064
 20
256.9916706870797
 10
88.82770107923064
 20
256.9916706870797
 10
101.7577340091734
 20
241.2423426825522
 10
101.7577340091734
 20
241.2423426825522
 97
        0
 97
        1
330
96
 75
     2
 76
     1
 98
        1
 10
0.0
 20
0.0
450
        0
451
        0
460
0.0
461
0.0
452
        0
462
0.0
453
        0
470

  0
SPLINE
  5
98
330
7D
100
AcDbEntity
  8
Ebene 1
100
AcDbSpline
210
0.0
220
0.0
230
1.0
 70
     9
 71
     3
 72
    29
 73
    25
 74
     0
 42
0.0000000001
 43
0.0000000001
 40
0.0
 40
0.0
 40
0.0
 40
0.0
 40
1.0
 40
1.0
 40
1.0
 40
2.0
 40
2.0
 40
2.0
 40
3.0
 40
3.0
 40
3.0
 40
4.0
 40
4.0
 40
4.0
 40
5.0
 40
5.0
 40
5.0
 40
6.0
 40
6.0
 40
6.0
 40
7.0
 40
7.0
 40
7.0
 40
8.0
 40
8.0
 40
8.0
 40
8.0
 10
157.4537004749654
 20
255.899940783404
 30
0.0
 10
157.4537004749654
 20
255.899940783404
 30
0.0
 10
157.4390499546231
 20
275.5284295728226
 30
0.0
 10
157.4390499546231
 20
275.5284295728226
 30
0.0
 10
157.4372595443098
 20
277.9271872916014
 30
0.0
 10
155.5742835328294
 20
279.8890098518265
 30
0.0
 10
153.0865788548629
 20
279.8882471810522
 30
0.0
 10
153.0865788548629
 20
279.8882471810522
 30
0.0
 10
126.2935083826143
 20
279.8800330662566
 30
0.0
 10
126.2935083826143
 20
279.8800330662566
 30
0.0
 10
124.3180347963006
 20
279.8794274332879
 30
0.0
 10
122.1180075595317
 20
278.2020909818368
 30
0.0
 10
122.1109494073381
 20
276.2302584237918
 30
0.0
 10
122.1109494073381
 20
276.2302584237918
 30
0.0
 10
122.0376103770503
 20
255.7415690709482
 30
0.0
 10
122.0376103770503
 20
255.7415690709482
 30
0.0
 10
122.0298621658216
 20
253.576955054576
 30
0.0
 10
123.5789641107918
 20
251.4327432982397
 30
0.0
 10
125.9921649229572
 20
251.4285599918169
 30
0.0
 10
125.9921649229572
 20
251.4285599918169
 30
0.0
 10
153.1595760094276
 20
251.38146502785
 30
0.0
 10
153.1595760094276
 20
251.38146502785
 30
0.0
 10
155.5928035066047
 20
251.3772470049792
 30
0.0
 10
157.455543989426
 20
253.4300351371152
 30
0.0
 10
157.4537004749654
 20
255.899940783404
 30
0.0
  0
SPLINE
  5
99
330
7D
100
AcDbEntity
  8
Ebene 1
100
AcDbSpline
210
0.0
220
0.0
230
1.0
 70
     9
 71
     3
 72
    29
 73
    25
 74
     0
 42
0.0000000001
 43
0.0000000001
 40
0.0
 40
0.0
 40
0.0
 40
0.0
 40
1.0
 40
1.0
 40
1.0
 40
2.0
 40
2.0
 40
2.0
 40
3.0
 40
3.0
 40
3.0
 40
4.0
 40
4.0
 40
4.0
 40
5.0
 40
5.0
 40
5.0
 40
6.0
 40
6.0
 40
6.0
 40
7.0
 40
7.0
 40
7.0
 40
8.0
 40
8.0
 40
8.0
 40
8.0
 10
168.9121604119926
 20
253.0611983359283
 30
0.0
 10
168.9228153419615
 20
246.7457995756145
 30
0.0
 10
164.2004321740128
 20
241.2388043874813
 30
0.0
 10
157.8438394940185
 20
241.2428163736362
 30
0.0
 10
157.8438394940185
 20
241.2428163736362
 30
0.0
 10
121.9103536482234
 20
241.2654959214641
 30
0.0
 10
121.9103536482234
 20
241.2654959214641
 30
0.0
 10
115.8344105234773
 20
241.2693307746506
 30
0.0
 10
110.7389699778789
 20
246.4751528402474
 30
0.0
 10
110.7235179877762
 20
252.3728428915925
 30
0.0
 10
110.7235179877762
 20
252.3728428915925
 30
0.0
 10
110.6558447076754
 20
278.2022686247706
 30
0.0
 10
110.6558447076754
 20
278.2022686247706
 30
0.0
 10
110.6393749951591
 20
284.4884012853379
 30
0.0
 10
115.6136833253741
 20
289.901513808675
 30
0.0
 10
122.1032514182041
 20
289.9361711006819
 30
0.0
 10
122.1032514182041
 20
289.9361711006819
 30
0.0
 10
156.2589593471006
 20
290.1185783620668
 30
0.0
 10
156.2589593471006
 20
290.1185783620668
 30
0.0
 10
163.0310971768451
 20
290.1547447070251
 30
0.0
 10
168.8571554816506
 20
285.6637654007177
 30
0.0
 10
168.8689703578493
 20
278.6608423675924
 30
0.0
 10
168.8689703578493
 20
278.6608423675924
 30
0.0
 10
168.9121604119926
 20
253.0611983359283
 30
0.0
 10
168.9121604119926
 20
253.0611983359283
 30
0.0
  0
HATCH
  5
9A
330
7D
100
AcDbEntity
  8
Ebene 1
 62
   168
420
   922133
440
 33554687
100
AcDbHatch
 10
0.0
 20
0.0
 30
0.0
210
0.0
220
0.0
230
1.0
  2
SOLID
 70
     1
 71
     1
 91
        2
 92
        1
 93
        1
 72
     4
 94
        3
 73
     0
 74
     0
 95
       29
 96
       25
 40
0.0
 40
0.0
 40
0.0
 40
0.0
 40
1.0
 40
1.0
 40
1.0
 40
2.0
 40
2.0
 40
2.0
 40
3.0
 40
3.0
 40
3.0
 40
4.0
 40
4.0
 40
4.0
 40
5.0
 40
5.0
 40
5.0
 40
6.0
 40
6.0
 40
6.0
 40
7.0
 40
7.0
 40
7.0
 40
8.0
 40
8.0
 40
8.0
 40
8.0
 10
157.4537004749654
 20
255.899940783404
 10
157.4537004749654
 20
255.899940783404
 10
157.4390499546231
 20
275.5284295728226
 10
157.4390499546231
 20
275.5284295728226
 10
157.4372595443098
 20
277.9271872916014
 10
155.5742835328294
 20
279.8890098518265
 10
153.0865788548629
 20
279.8882471810522
 10
153.0865788548629
 20
279.8882471810522
 10
126.2935083826143
 20
279.8800330662566
 10
126.2935083826143
 20
279.8800330662566
 10
124.3180347963006
 20
279.8794274332879
 10
122.1180075595317
 20
278.2020909818368
 10
122.1109494073381
 20
276.2302584237918
 10
122.1109494073381
 20
276.2302584237918
 10
122.0376103770503
 20
255.7415690709482
 10
122.0376103770503
 20
255.7415690709482
 10
122.0298621658216
 20
253.576955054576
 10
123.5789641107918
 20
251.4327432982397
 10
125.9921649229572
 20
251.4285599918169
 10
125.9921649229572
 20
251.4285599918169
 10
153.1595760094276
 20
251.38146502785
 10
153.1595760094276
 20
251.38146502785
 10
155.5928035066047
 20
251.3772470049792
 10
157.455543989426
 20
253.4300351371152
 10
157.4537004749654
 20
255.899940783404
 97
        0
 97
        1
330
98
 92
        1
 93
        1
 72
     4
 94
        3
 73
     0
 74
     0
 95
       29
 96
       25
 40
0.0
 40
0.0
 40
0.0
 40
0.0
 40
1.0
 40
1.0
 40
1.0
 40
2.0
 40
2.0
 40
2.0
 40
3.0
 40
3.0
 40
3.0
 40
4.0
 40
4.0
 40
4.0
 40
5.0
 40
5.0
 40
5.0
 40
6.0
 40
6.0
 40
6.0
 40
7.0
 40
7.0
 40
7.0
 40
8.0
 40
8.0
 40
8.0
 40
8.0
 10
168.9121604119926
 20
253.0611983359283
 10
168.9228153419615
 20
246.7457995756145
 10
164.2004321740128
 20
241.2388043874813
 10
157.8438394940185
 20
241.2428163736362
 10
157.8438394940185
 20
241.2428163736362
 10
121.9103536482234
 20
241.2654959214641
 10
121.9103536482234
 20
241.2654959214641
 10
115.8344105234773
 20
241.2693307746506
 10
110.7389699778789
 20
246.4751528402474
 10
110.7235179877762
 20
252.3728428915925
 10
110.7235179877762
 20
252.3728428915925
 10
110.6558447076754
 20
278.2022686247706
 10
110.6558447076754
 20
278.2022686247706
 10
110.6393749951591
 20
284.4884012853379
 10
115.6136833253741
 20
289.901513808675
 10
122.1032514182041
 20
289.9361711006819
 10
122.1032514182041
 20
289.9361711006819
 10
156.2589593471006
 20
290.1185783620668
 10
156.2589593471006
 20
290.1185783620668
 10
163.0310971768451
 20
290.1547447070251
 10
168.8571554816506
 20
285.6637654007177
 10
168.8689703578493
 20
278.6608423675924
 10
168.8689703578493
 20
278.6608423675924
 10
168.9121604119926
 20
253.0611983359283
 10
168.9121604119926
 20
253.0611983359283
 97
        0
 97
        1
330
99
 75
     2
 76
     1
 98
        1
 10
0.0
 20
0.0
450
        0
451
        0
460
0.0
461
0.0
452
        0
462
0.0
453
        0
470

  0
SPLINE
  5
9B
330
7D
100
AcDbEntity
  8
Ebene 1
100
AcDbSpline
210
0.0
220
0.0
230
1.0
 70
     9
 71
     3
 72
    23
 73
    19
 74
     0
 42
0.0000000001
 43
0.0000000001
 40
0.0
 40
0.0
 40
0.0
 40
0.0
 40
1.0
 40
1.0
 40
1.0
 40
2.0
 40
2.0
 40
2.0
 40
3.0
 40
3.0
 40
3.0
 40
4.0
 40
4.0
 40
4.0
 40
5.0
 40
5.0
 40
5.0
 40
6.0
 40
6.0
 40
6.0
 40
6.0
 10
23.49657945624264
 20
270.7946072586235
 30
0.0
 10
23.49657945624264
 20
270.7946072586235
 30
0.0
 10
23.52367926821622
 20
276.1995235378358
 30
0.0
 10
23.52367926821622
 20
276.1995235378358
 30
0.0
 10
23.53355435536487
 20
278.1690582098524
 30
0.0
 10
22.19638286763981
 20
279.6545746700037
 30
0.0
 10
20.22516363942835
 20
279.9190647394949
 30
0.0
 10
20.22516363942835
 20
279.9190647394949
 30
0.0
 10
-7.048731692050719
 20
279.875603538885
 30
0.0
 10
-7.048731692050719
 20
279.875603538885
 30
0.0
 10
-7.048731692050719
 20
279.875603538885
 30
0.0
 10
-7.062020581312047
 20
267.0697543668
 30
0.0
 10
-7.062020581312047
 20
267.0697543668
 30
0.0
 10
-7.062020581312047
 20
267.0697543668
 30
0.0
 10
19.73939835819518
 20
267.1128087393233
 30
0.0
 10
19.73939835819518
 20
267.1128087393233
 30
0.0
 10
21.84365409286422
 20
267.0775781465894
 30
0.0
 10
23.48543253710515
 20
268.571412323981
 30
0.0
 10
23.49657945624264
 20
270.7946072586235
 30
0.0
  0
SPLINE
  5
9C
330
7D
100
AcDbEntity
  8
Ebene 1
100
AcDbSpline
210
0.0
220
0.0
230
1.0
 70
     9
 71
     3
 72
    29
 73
    25
 74
     0
 42
0.0000000001
 43
0.0000000001
 40
0.0
 40
0.0
 40
0.0
 40
0.0
 40
1.0
 40
1.0
 40
1.0
 40
2.0
 40
2.0
 40
2.0
 40
3.0
 40
3.0
 40
3.0
 40
4.0
 40
4.0
 40
4.0
 40
5.0
 40
5.0
 40
5.0
 40
6.0
 40
6.0
 40
6.0
 40
7.0
 40
7.0
 40
7.0
 40
8.0
 40
8.0
 40
8.0
 40
8.0
 10
25.22066613593315
 20
257.1624616192466
 30
0.0
 10
25.22066613593315
 20
257.1624616192466
 30
0.0
 10
-7.038480297230777
 20
256.9706354104555
 30
0.0
 10
-7.038480297230777
 20
256.9706354104555
 30
0.0
 10
-7.038480297230777
 20
256.9706354104555
 30
0.0
 10
-7.10667393410631
 20
241.1234577892842
 30
0.0
 10
-7.10667393410631
 20
241.1234577892842
 30
0.0
 10
-7.10667393410631
 20
241.1234577892842
 30
0.0
 10
-19.0379761164238
 20
241.1191276171221
 30
0.0
 10
-19.0379761164238
 20
241.1191276171221
 30
0.0
 10
-19.0379761164238
 20
241.1191276171221
 30
0.0
 10
-19.05135263384749
 20
290.0788219351189
 30
0.0
 10
-19.05135263384749
 20
290.0788219351189
 30
0.0
 10
-19.05135263384749
 20
290.0788219351189
 30
0.0
 10
24.28246871781241
 20
289.9986931033662
 30
0.0
 10
24.28246871781241
 20
289.9986931033662
 30
0.0
 10
30.23937404848657
 20
289.9876781536083
 30
0.0
 10
34.62740846442313
 20
285.6143714188
 30
0.0
 10
35.0670177967512
 20
279.8953967954634
 30
0.0
 10
35.0670177967512
 20
279.8953967954634
 30
0.0
 10
35.02053583629268
 20
266.8968143098801
 30
0.0
 10
35.02053583629268
 20
266.8968143098801
 30
0.0
 10
35.00196582645956
 20
261.7037501149775
 30
0.0
 10
30.82028871738669
 20
257.1957592879461
 30
0.0
 10
25.22066613593315
 20
257.1624616192466
 30
0.0
  0
HATCH
  5
9D
330
7D
100
AcDbEntity
  8
Ebene 1
 62
   168
420
   922133
440
 33554687
100
AcDbHatch
 10
0.0
 20
0.0
 30
0.0
210
0.0
220
0.0
230
1.0
  2
SOLID
 70
     1
 71
     1
 91
        2
 92
        1
 93
        1
 72
     4
 94
        3
 73
     0
 74
     0
 95
       23
 96
       19
 40
0.0
 40
0.0
 40
0.0
 40
0.0
 40
1.0
 40
1.0
 40
1.0
 40
2.0
 40
2.0
 40
2.0
 40
3.0
 40
3.0
 40
3.0
 40
4.0
 40
4.0
 40
4.0
 40
5.0
 40
5.0
 40
5.0
 40
6.0
 40
6.0
 40
6.0
 40
6.0
 10
23.49657945624264
 20
270.7946072586235
 10
23.49657945624264
 20
270.7946072586235
 10
23.52367926821622
 20
276.1995235378358
 10
23.52367926821622
 20
276.1995235378358
 10
23.53355435536487
 20
278.1690582098524
 10
22.19638286763981
 20
279.6545746700037
 10
20.22516363942835
 20
279.9190647394949
 10
20.22516363942835
 20
279.9190647394949
 10
-7.048731692050719
 20
279.875603538885
 10
-7.048731692050719
 20
279.875603538885
 10
-7.048731692050719
 20
279.875603538885
 10
-7.062020581312047
 20
267.0697543668
 10
-7.062020581312047
 20
267.0697543668
 10
-7.062020581312047
 20
267.0697543668
 10
19.73939835819518
 20
267.1128087393233
 10
19.73939835819518
 20
267.1128087393233
 10
21.84365409286422
 20
267.0775781465894
 10
23.48543253710515
 20
268.571412323981
 10
23.49657945624264
 20
270.7946072586235
 97
        0
 97
        1
330
9B
 92
        1
 93
        1
 72
     4
 94
        3
 73
     0
 74
     0
 95
       29
 96
       25
 40
0.0
 40
0.0
 40
0.0
 40
0.0
 40
1.0
 40
1.0
 40
1.0
 40
2.0
 40
2.0
 40
2.0
 40
3.0
 40
3.0
 40
3.0
 40
4.0
 40
4.0
 40
4.0
 40
5.0
 40
5.0
 40
5.0
 40
6.0
 40
6.0
 40
6.0
 40
7.0
 40
7.0
 40
7.0
 40
8.0
 40
8.0
 40
8.0
 40
8.0
 10
25.22066613593315
 20
257.1624616192466
 10
25.22066613593315
 20
257.1624616192466
 10
-7.038480297230777
 20
256.9706354104555
 10
-7.038480297230777
 20
256.9706354104555
 10
-7.038480297230777
 20
256.9706354104555
 10
-7.10667393410631
 20
241.1234577892842
 10
-7.10667393410631
 20
241.1234577892842
 10
-7.10667393410631
 20
241.1234577892842
 10
-19.0379761164238
 20
241.1191276171221
 10
-19.0379761164238
 20
241.1191276171221
 10
-19.0379761164238
 20
241.1191276171221
 10
-19.05135263384749
 20
290.0788219351189
 10
-19.05135263384749
 20
290.0788219351189
 10
-19.05135263384749
 20
290.0788219351189
 10
24.28246871781241
 20
289.9986931033662
 10
24.28246871781241
 20
289.9986931033662
 10
30.23937404848657
 20
289.9876781536083
 10
34.62740846442313
 20
285.6143714188
 10
35.0670177967512
 20
279.8953967954634
 10
35.0670177967512
 20
279.8953967954634
 10
35.02053583629268
 20
266.8968143098801
 10
35.02053583629268
 20
266.8968143098801
 10
35.00196582645956
 20
261.7037501149775
 10
30.82028871738669
 20
257.1957592879461
 10
25.22066613593315
 20
257.1624616192466
 97
        0
 97
        1
330
9C
 75
     2
 76
     1
 98
        1
 10
0.0
 20
0.0
450
        0
451
        0
460
0.0
461
0.0
452
        0
462
0.0
453
        0
470

  0
LWPOLYLINE
  5
9E
330
7D
100
AcDbEntity
  8
Ebene 1
100
AcDbPolyline
 90
        7
 70
     1
 43
0.0
 10
425.1475994931321
 20
241.0720219250856
 10
406.7172068217271
 20
278.5204587369025
 10
388.0981195738298
 20
241.1390718196908
 10
375.6989559226777
 20
241.1359259554179
 10
400.8411301221211
 20
290.0220777878537
 10
412.8592385593974
 20
290.0750458888719
 10
437.6059601816786
 20
241.1859068602187
  0
HATCH
  5
9F
330
7D
100
AcDbEntity
  8
Ebene 1
 62
   168
420
   922133
440
 33554687
100
AcDbHatch
 10
0.0
 20
0.0
 30
0.0
210
0.0
220
0.0
230
1.0
  2
SOLID
 70
     1
 71
     1
 91
        1
 92
        1
 93
        7
 72
     1
 10
425.1475994931321
 20
241.0720219250856
 11
406.7172068217271
 21
278.5204587369025
 72
     1
 10
406.7172068217271
 20
278.5204587369025
 11
388.0981195738298
 21
241.1390718196908
 72
     1
 10
388.0981195738298
 20
241.1390718196908
 11
375.6989559226777
 21
241.1359259554179
 72
     1
 10
375.6989559226777
 20
241.1359259554179
 11
400.8411301221211
 21
290.0220777878537
 72
     1
 10
400.8411301221211
 20
290.0220777878537
 11
412.8592385593974
 21
290.0750458888719
 72
     1
 10
412.8592385593974
 20
290.0750458888719
 11
437.6059601816786
 21
241.1859068602187
 72
     1
 10
437.6059601816786
 20
241.1859068602187
 11
425.1475994931321
 21
241.0720219250856
 97
        1
330
9E
 75
     2
 76
     1
 98
        1
 10
0.0
 20
0.0
450
        0
451
        0
460
0.0
461
0.0
452
        0
462
0.0
453
        0
470

  0
ENDBLK
  5
80
330
7D
100
AcDbEntity
  8
0
100
AcDbBlockEnd
  0
BLOCK
  5
83
330
81
100
AcDbEntity
  8
0
100
AcDbBlockBegin
  2
Block_2
 70
     0
 10
0.0
 20
0.0
 30
0.0
  3
Block_2
  1

  0
LWPOLYLINE
  5
85
330
81
100
AcDbEntity
  8
Ebene 1
100
AcDbPolyline
 90
        4
 70
     1
 43
0.0
 10
243.1319973497716
 20
290.0778510672897
 10
292.8620472931882
 20
290.0699409400862
 10
292.8604186804548
 20
279.8310420555094
 10
243.1303687370376
 20
279.8389521827123
  0
HATCH
  5
86
330
81
100
AcDbEntity
  8
Ebene 1
 62
    30
420
 16543495
440
 33554687
100
AcDbHatch
 10
0.0
 20
0.0
 30
0.0
210
0.0
220
0.0
230
1.0
  2
SOLID
 70
     1
 71
     1
 91
        1
 92
        1
 93
        4
 72
     1
 10
243.1319973497716
 20
290.0778510672897
 11
292.8620472931882
 21
290.0699409400862
 72
     1
 10
292.8620472931882
 20
290.0699409400862
 11
292.8604186804548
 21
279.8310420555094
 72
     1
 10
292.8604186804548
 20
279.8310420555094
 11
243.1303687370376
 21
279.8389521827123
 72
     1
 10
243.1303687370376
 20
279.8389521827123
 11
243.1319973497716
 21
290.0778510672897
 97
        1
330
85
 75
     2
 76
     1
 98
        1
 10
0.0
 20
0.0
450
        0
451
        0
460
0.0
461
0.0
452
        0
462
0.0
453
        0
470

  0
LWPOLYLINE
  5
87
330
81
100
AcDbEntity
  8
Ebene 1
100
AcDbPolyline
 90
        4
 70
     1
 43
0.0
 10
243.1222782196437
 20
270.5834880721925
 10
292.8199574052076
 20
270.579930831972
 10
292.8192259345869
 20
260.3606625211588
 10
243.121546749023
 20
260.3642197613793
  0
HATCH
  5
88
330
81
100
AcDbEntity
  8
Ebene 1
 62
    30
420
 16543495
440
 33554687
100
AcDbHatch
 10
0.0
 20
0.0
 30
0.0
210
0.0
220
0.0
230
1.0
  2
SOLID
 70
     1
 71
     1
 91
        1
 92
        1
 93
        4
 72
     1
 10
243.1222782196437
 20
270.5834880721925
 11
292.8199574052076
 21
270.579930831972
 72
     1
 10
292.8199574052076
 20
270.579930831972
 11
292.8192259345869
 21
260.3606625211588
 72
     1
 10
292.8192259345869
 20
260.3606625211588
 11
243.121546749023
 21
260.3642197613793
 72
     1
 10
243.121546749023
 20
260.3642197613793
 11
243.1222782196437
 21
270.5834880721925
 97
        1
330
87
 75
     2
 76
     1
 98
        1
 10
0.0
 20
0.0
450
        0
451
        0
460
0.0
461
0.0
452
        0
462
0.0
453
        0
470

  0
LWPOLYLINE
  5
89
330
81
100
AcDbEntity
  8
Ebene 1
100
AcDbPolyline
 90
        4
 70
     1
 43
0.0
 10
243.134188093787
 20
251.3084096334665
 10
292.826279023471
 20
251.2999041459681
 10
292.8245379583007
 20
241.1279805778503
 10
243.1324470286167
 20
241.1364860653487
  0
HATCH
  5
8A
330
81
100
AcDbEntity
  8
Ebene 1
 62
    30
420
 16543495
440
 33554687
100
AcDbHatch
 10
0.0
 20
0.0
 30
0.0
210
0.0
220
0.0
230
1.0
  2
SOLID
 70
     1
 71
     1
 91
        1
 92
        1
 93
        4
 72
     1
 10
243.134188093787
 20
251.3084096334665
 11
292.826279023471
 21
251.2999041459681
 72
     1
 10
292.826279023471
 20
251.2999041459681
 11
292.8245379583007
 21
241.1279805778503
 72
     1
 10
292.8245379583007
 20
241.1279805778503
 11
243.1324470286167
 21
241.1364860653487
 72
     1
 10
243.1324470286167
 20
241.1364860653487
 11
243.134188093787
 21
251.3084096334665
 97
        1
330
89
 75
     2
 76
     1
 98
        1
 10
0.0
 20
0.0
450
        0
451
        0
460
0.0
461
0.0
452
        0
462
0.0
453
        0
470

  0
ENDBLK
  5
84
330
81
100
AcDbEntity
  8
0
100
AcDbBlockEnd
  0
BLOCK
  5
A2
330
A0
100
AcDbEntity
  8
0
100
AcDbBlockBegin
  2
Block_3
 70
     0
 10
0.0
 20
0.0
 30
0.0
  3
Block_3
  1

  0
SPLINE
  5
A4
330
A0
100
AcDbEntity
  8
Ebene 1
100
AcDbSpline
210
0.0
220
0.0
230
1.0
 70
     9
 71
     3
 72
    38
 73
    34
 74
     0
 42
0.0000000001
 43
0.0000000001
 40
0.0
 40
0.0
 40
0.0
 40
0.0
 40
1.0
 40
1.0
 40
1.0
 40
2.0
 40
2.0
 40
2.0
 40
3.0
 40
3.0
 40
3.0
 40
4.0
 40
4.0
 40
4.0
 40
5.0
 40
5.0
 40
5.0
 40
6.0
 40
6.0
 40
6.0
 40
7.0
 40
7.0
 40
7.0
 40
8.0
 40
8.0
 40
8.0
 40
9.0
 40
9.0
 40
9.0
 40
10.0
 40
10.0
 40
10.0
 40
11.0
 40
11.0
 40
11.0
 40
11.0
 10
-79.88549735847742
 20
250.9171672444995
 30
0.0
 10
-79.88549735847742
 20
250.9171672444995
 30
0.0
 10
-103.4141101882405
 20
250.9312038578867
 30
0.0
 10
-103.4141101882405
 20
250.9312038578867
 30
0.0
 10
-103.4141101882405
 20
250.9312038578867
 30
0.0
 10
-86.15939569550624
 20
268.8806211715423
 30
0.0
 10
-86.15939569550624
 20
268.8806211715423
 30
0.0
 10
-86.15939569550624
 20
268.8806211715423
 30
0.0
 10
-79.14264821447144
 20
268.945803398024
 30
0.0
 10
-79.14264821447144
 20
268.945803398024
 30
0.0
 10
-74.06220637474227
 20
269.5754996132531
 30
0.0
 10
-70.1522220705203
 20
273.9483495521938
 30
0.0
 10
-70.13259675093419
 20
278.8600644487771
 30
0.0
 10
-70.11200246658851
 20
284.0142864098378
 30
0.0
 10
-73.78119184629998
 20
288.1384769630145
 30
0.0
 10
-79.08248679028374
 20
289.0899164321414
 30
0.0
 10
-79.08248679028374
 20
289.0899164321414
 30
0.0
 10
-108.9160977517259
 20
289.1192586828101
 30
0.0
 10
-108.9160977517259
 20
289.1192586828101
 30
0.0
 10
-108.9160977517259
 20
289.1192586828101
 30
0.0
 10
-122.251569579961
 20
306.3990232007842
 30
0.0
 10
-122.251569579961
 20
306.3990232007842
 30
0.0
 10
-122.251569579961
 20
306.3990232007842
 30
0.0
 10
-79.04071319496786
 20
306.4487569863808
 30
0.0
 10
-79.04071319496786
 20
306.4487569863808
 30
0.0
 10
-73.98197026649139
 20
306.0165342613935
 30
0.0
 10
-69.32855625072853
 20
304.5927039610534
 30
0.0
 10
-65.32077271241364
 20
301.5437113235354
 30
0.0
 10
-51.08311682036588
 20
290.7121612721534
 30
0.0
 10
-51.30134956463854
 20
269.477694037282
 30
0.0
 10
-64.39577230551987
 20
257.3926349086741
 30
0.0
 10
-68.7213588735089
 20
253.5522324837586
 30
0.0
 10
-73.79731611272664
 20
250.9135351797025
 30
0.0
 10
-79.88549735847742
 20
250.9171672444995
 30
0.0
  0
HATCH
  5
A5
330
A0
100
AcDbEntity
  8
Ebene 1
 62
   168
420
   922133
440
 33554687
100
AcDbHatch
 10
0.0
 20
0.0
 30
0.0
210
0.0
220
0.0
230
1.0
  2
SOLID
 70
     1
 71
     1
 91
        1
 92
        1
 93
        1
 72
     4
 94
        3
 73
     0
 74
     0
 95
       38
 96
       34
 40
0.0
 40
0.0
 40
0.0
 40
0.0
 40
1.0
 40
1.0
 40
1.0
 40
2.0
 40
2.0
 40
2.0
 40
3.0
 40
3.0
 40
3.0
 40
4.0
 40
4.0
 40
4.0
 40
5.0
 40
5.0
 40
5.0
 40
6.0
 40
6.0
 40
6.0
 40
7.0
 40
7.0
 40
7.0
 40
8.0
 40
8.0
 40
8.0
 40
9.0
 40
9.0
 40
9.0
 40
10.0
 40
10.0
 40
10.0
 40
11.0
 40
11.0
 40
11.0
 40
11.0
 10
-79.88549735847742
 20
250.9171672444995
 10
-79.88549735847742
 20
250.9171672444995
 10
-103.4141101882405
 20
250.9312038578867
 10
-103.4141101882405
 20
250.9312038578867
 10
-103.4141101882405
 20
250.9312038578867
 10
-86.15939569550624
 20
268.8806211715423
 10
-86.15939569550624
 20
268.8806211715423
 10
-86.15939569550624
 20
268.8806211715423
 10
-79.14264821447144
 20
268.945803398024
 10
-79.14264821447144
 20
268.945803398024
 10
-74.06220637474227
 20
269.5754996132531
 10
-70.1522220705203
 20
273.9483495521938
 10
-70.13259675093419
 20
278.8600644487771
 10
-70.11200246658851
 20
284.0142864098378
 10
-73.78119184629998
 20
288.1384769630145
 10
-79.08248679028374
 20
289.0899164321414
 10
-79.08248679028374
 20
289.0899164321414
 10
-108.9160977517259
 20
289.1192586828101
 10
-108.9160977517259
 20
289.1192586828101
 10
-108.9160977517259
 20
289.1192586828101
 10
-122.251569579961
 20
306.3990232007842
 10
-122.251569579961
 20
306.3990232007842
 10
-122.251569579961
 20
306.3990232007842
 10
-79.04071319496786
 20
306.4487569863808
 10
-79.04071319496786
 20
306.4487569863808
 10
-73.98197026649139
 20
306.0165342613935
 10
-69.32855625072853
 20
304.5927039610534
 10
-65.32077271241364
 20
301.5437113235354
 10
-51.08311682036588
 20
290.7121612721534
 10
-51.30134956463854
 20
269.477694037282
 10
-64.39577230551987
 20
257.3926349086741
 10
-68.7213588735089
 20
253.5522324837586
 10
-73.79731611272664
 20
250.9135351797025
 10
-79.88549735847742
 20
250.9171672444995
 97
        0
 97
        1
330
A4
 75
     2
 76
     1
 98
        1
 10
0.0
 20
0.0
450
        0
451
        0
460
0.0
461
0.0
452
        0
462
0.0
453
        0
470

  0
LWPOLYLINE
  5
A6
330
A0
100
AcDbEntity
  8
Ebene 1
100
AcDbPolyline
 90
        6
 70
     1
 43
0.0
 10
-113.7384136688333
 20
223.7704450048866
 10
-130.82674198808
 20
206.8296544834207
 10
-130.8412893700422
 20
250.6595918487666
 10
-112.6701506994602
 20
268.7876763868497
 10
-93.11072594516016
 20
268.74759118741
 10
-113.763205848349
 20
247.2845283584893
  0
HATCH
  5
A7
330
A0
100
AcDbEntity
  8
Ebene 1
 62
    30
420
 16543495
440
 33554687
100
AcDbHatch
 10
0.0
 20
0.0
 30
0.0
210
0.0
220
0.0
230
1.0
  2
SOLID
 70
     1
 71
     1
 91
        1
 92
        1
 93
        6
 72
     1
 10
-113.7384136688333
 20
223.7704450048866
 11
-130.82674198808
 21
206.8296544834207
 72
     1
 10
-130.82674198808
 20
206.8296544834207
 11
-130.8412893700422
 21
250.6595918487666
 72
     1
 10
-130.8412893700422
 20
250.6595918487666
 11
-112.6701506994602
 21
268.7876763868497
 72
     1
 10
-112.6701506994602
 20
268.7876763868497
 11
-93.11072594516016
 21
268.74759118741
 72
     1
 10
-93.11072594516016
 20
268.74759118741
 11
-113.763205848349
 21
247.2845283584893
 72
     1
 10
-113.763205848349
 20
247.2845283584893
 11
-113.7384136688333
 21
223.7704450048866
 97
        1
330
A6
 75
     2
 76
     1
 98
        1
 10
0.0
 20
0.0
450
        0
451
        0
460
0.0
461
0.0
452
        0
462
0.0
453
        0
470

  0
ENDBLK
  5
A3
330
A0
100
AcDbEntity
  8
0
100
AcDbBlockEnd
  0
BLOCK
  5
AD
330
AB
100
AcDbEntity
  8
0
100
AcDbBlockBegin
  2
Block_4
 70
     0
 10
0.0
 20
0.0
 30
0.0
  3
Block_4
  1

  0
INSERT
  5
B0
330
AB
100
AcDbEntity
  8
Ebene 1
100
AcDbBlockReference
  2
Block_5
 10
0.0
 20
0.0
 30
0.0
  0
ENDBLK
  5
AE
330
AB
100
AcDbEntity
  8
0
100
AcDbBlockEnd
  0
BLOCK
  5
B1
330
AF
100
AcDbEntity
  8
0
100
AcDbBlockBegin
  2
Block_5
 70
     0
 10
0.0
 20
0.0
 30
0.0
  3
Block_5
  1

  0
SPLINE
  5
B3
330
AF
100
AcDbEntity
  8
Ebene 1
100
AcDbSpline
210
0.0
220
0.0
230
1.0
 70
    11
 71
     3
 72
    26
 73
    22
 74
     0
 42
0.0000000001
 43
0.0000000001
 40
0.0
 40
0.0
 40
0.0
 40
0.0
 40
1.0
 40
1.0
 40
1.0
 40
2.0
 40
2.0
 40
2.0
 40
3.0
 40
3.0
 40
3.0
 40
4.0
 40
4.0
 40
4.0
 40
5.0
 40
5.0
 40
5.0
 40
6.0
 40
6.0
 40
6.0
 40
7.0
 40
7.0
 40
7.0
 40
7.0
 10
-11.73916286598882
 20
214.3266248379114
 30
0.0
 10
-11.73916286598882
 20
215.0056531580541
 30
0.0
 10
-12.19615478210721
 20
215.4628173289468
 30
0.0
 10
-12.96165499892972
 20
215.4628173289468
 30
0.0
 10
-12.96165499892972
 20
215.4628173289468
 30
0.0
 10
-14.34468858148327
 20
215.4628173289468
 30
0.0
 10
-14.34468858148327
 20
215.4628173289468
 30
0.0
 10
-14.3941257016966
 20
215.4628173289468
 30
0.0
 10
-14.41875813441614
 20
215.438012641453
 30
0.0
 10
-14.41875813441614
 20
215.388747776014
 30
0.0
 10
-14.41875813441614
 20
215.388747776014
 30
0.0
 10
-14.41875813441614
 20
213.2769042435558
 30
0.0
 10
-14.41875813441614
 20
213.2769042435558
 30
0.0
 10
-14.41875813441614
 20
213.2276393781167
 30
0.0
 10
-14.3941257016966
 20
213.2028346906229
 30
0.0
 10
-14.34468858148327
 20
213.2028346906229
 30
0.0
 10
-14.34468858148327
 20
213.2028346906229
 30
0.0
 10
-12.96165499892972
 20
213.2028346906229
 30
0.0
 10
-12.96165499892972
 20
213.2028346906229
 30
0.0
 10
-12.19615478210721
 20
213.2028346906229
 30
0.0
 10
-11.73916286598882
 20
213.6475965177687
 30
0.0
 10
-11.73916286598882
 20
214.3266248379114
 30
0.0
  0
SPLINE
  5
B4
330
AF
100
AcDbEntity
  8
Ebene 1
100
AcDbSpline
210
0.0
220
0.0
230
1.0
 70
     9
 71
     3
 72
    38
 73
    34
 74
     0
 42
0.0000000001
 43
0.0000000001
 40
0.0
 40
0.0
 40
0.0
 40
0.0
 40
1.0
 40
1.0
 40
1.0
 40
2.0
 40
2.0
 40
2.0
 40
3.0
 40
3.0
 40
3.0
 40
4.0
 40
4.0
 40
4.0
 40
5.0
 40
5.0
 40
5.0
 40
6.0
 40
6.0
 40
6.0
 40
7.0
 40
7.0
 40
7.0
 40
8.0
 40
8.0
 40
8.0
 40
9.0
 40
9.0
 40
9.0
 40
10.0
 40
10.0
 40
10.0
 40
11.0
 40
11.0
 40
11.0
 40
11.0
 10
-16.11047227244808
 20
208.6339490580846
 30
0.0
 10
-16.18471408015521
 20
208.6339490580846
 30
0.0
 10
-16.23397894559428
 20
208.6832139235236
 30
0.0
 10
-16.23397894559428
 20
208.7572834764565
 30
0.0
 10
-16.23397894559428
 20
208.7572834764565
 30
0.0
 10
-16.23397894559428
 20
216.907345865912
 30
0.0
 10
-16.23397894559428
 20
216.907345865912
 30
0.0
 10
-16.23397894559428
 20
216.9814154188449
 30
0.0
 10
-16.18471408015521
 20
217.0310247938325
 30
0.0
 10
-16.11047227244808
 20
217.0310247938325
 30
0.0
 10
-16.11047227244808
 20
217.0310247938325
 30
0.0
 10
-12.85055066953042
 20
217.0310247938325
 30
0.0
 10
-12.85055066953042
 20
217.0310247938325
 30
0.0
 10
-11.02292751460538
 20
217.0310247938325
 30
0.0
 10
-9.923942054810682
 20
215.9320393340378
 30
0.0
 10
-9.923942054810682
 20
214.3266248379114
 30
0.0
 10
-9.923942054810682
 20
212.7460150292788
 30
0.0
 10
-11.03532985835228
 20
211.6346272257372
 30
0.0
 10
-12.85055066953042
 20
211.6346272257372
 30
0.0
 10
-12.85055066953042
 20
211.6346272257372
 30
0.0
 10
-14.34468858148327
 20
211.6346272257372
 30
0.0
 10
-14.34468858148327
 20
211.6346272257372
 30
0.0
 10
-14.3941257016966
 20
211.6346272257372
 30
0.0
 10
-14.41875813441614
 20
211.6098225382434
 30
0.0
 10
-14.41875813441614
 20
211.5605576728043
 30
0.0
 10
-14.41875813441614
 20
211.5605576728043
 30
0.0
 10
-14.41875813441614
 20
208.7572834764565
 30
0.0
 10
-14.41875813441614
 20
208.7572834764565
 30
0.0
 10
-14.41875813441614
 20
208.6832139235236
 30
0.0
 10
-14.46819525462948
 20
208.6339490580846
 30
0.0
 10
-14.54226480756235
 20
208.6339490580846
 30
0.0
 10
-14.54226480756235
 20
208.6339490580846
 30
0.0
 10
-16.11047227244808
 20
208.6339490580846
 30
0.0
 10
-16.11047227244808
 20
208.6339490580846
 30
0.0
  0
HATCH
  5
B5
330
AF
100
AcDbEntity
  8
Ebene 1
 62
    18
420
        0
440
 33554687
100
AcDbHatch
 10
0.0
 20
0.0
 30
0.0
210
0.0
220
0.0
230
1.0
  2
SOLID
 70
     1
 71
     1
 91
        2
 92
        1
 93
        1
 72
     4
 94
        3
 73
     0
 74
     0
 95
       26
 96
       22
 40
0.0
 40
0.0
 40
0.0
 40
0.0
 40
1.0
 40
1.0
 40
1.0
 40
2.0
 40
2.0
 40
2.0
 40
3.0
 40
3.0
 40
3.0
 40
4.0
 40
4.0
 40
4.0
 40
5.0
 40
5.0
 40
5.0
 40
6.0
 40
6.0
 40
6.0
 40
7.0
 40
7.0
 40
7.0
 40
7.0
 10
-11.73916286598882
 20
214.3266248379114
 10
-11.73916286598882
 20
215.0056531580541
 10
-12.19615478210721
 20
215.4628173289468
 10
-12.96165499892972
 20
215.4628173289468
 10
-12.96165499892972
 20
215.4628173289468
 10
-14.34468858148327
 20
215.4628173289468
 10
-14.34468858148327
 20
215.4628173289468
 10
-14.3941257016966
 20
215.4628173289468
 10
-14.41875813441614
 20
215.438012641453
 10
-14.41875813441614
 20
215.388747776014
 10
-14.41875813441614
 20
215.388747776014
 10
-14.41875813441614
 20
213.2769042435558
 10
-14.41875813441614
 20
213.2769042435558
 10
-14.41875813441614
 20
213.2276393781167
 10
-14.3941257016966
 20
213.2028346906229
 10
-14.34468858148327
 20
213.2028346906229
 10
-14.34468858148327
 20
213.2028346906229
 10
-12.96165499892972
 20
213.2028346906229
 10
-12.96165499892972
 20
213.2028346906229
 10
-12.19615478210721
 20
213.2028346906229
 10
-11.73916286598882
 20
213.6475965177687
 10
-11.73916286598882
 20
214.3266248379114
 97
        0
 97
        1
330
B3
 92
        1
 93
        1
 72
     4
 94
        3
 73
     0
 74
     0
 95
       38
 96
       34
 40
0.0
 40
0.0
 40
0.0
 40
0.0
 40
1.0
 40
1.0
 40
1.0
 40
2.0
 40
2.0
 40
2.0
 40
3.0
 40
3.0
 40
3.0
 40
4.0
 40
4.0
 40
4.0
 40
5.0
 40
5.0
 40
5.0
 40
6.0
 40
6.0
 40
6.0
 40
7.0
 40
7.0
 40
7.0
 40
8.0
 40
8.0
 40
8.0
 40
9.0
 40
9.0
 40
9.0
 40
10.0
 40
10.0
 40
10.0
 40
11.0
 40
11.0
 40
11.0
 40
11.0
 10
-16.11047227244808
 20
208.6339490580846
 10
-16.18471408015521
 20
208.6339490580846
 10
-16.23397894559428
 20
208.6832139235236
 10
-16.23397894559428
 20
208.7572834764565
 10
-16.23397894559428
 20
208.7572834764565
 10
-16.23397894559428
 20
216.907345865912
 10
-16.23397894559428
 20
216.907345865912
 10
-16.23397894559428
 20
216.9814154188449
 10
-16.18471408015521
 20
217.0310247938325
 10
-16.11047227244808
 20
217.0310247938325
 10
-16.11047227244808
 20
217.0310247938325
 10
-12.85055066953042
 20
217.0310247938325
 10
-12.85055066953042
 20
217.0310247938325
 10
-11.02292751460538
 20
217.0310247938325
 10
-9.923942054810682
 20
215.9320393340378
 10
-9.923942054810682
 20
214.3266248379114
 10
-9.923942054810682
 20
212.7460150292788
 10
-11.03532985835228
 20
211.6346272257372
 10
-12.85055066953042
 20
211.6346272257372
 10
-12.85055066953042
 20
211.6346272257372
 10
-14.34468858148327
 20
211.6346272257372
 10
-14.34468858148327
 20
211.6346272257372
 10
-14.3941257016966
 20
211.6346272257372
 10
-14.41875813441614
 20
211.6098225382434
 10
-14.41875813441614
 20
211.5605576728043
 10
-14.41875813441614
 20
211.5605576728043
 10
-14.41875813441614
 20
208.7572834764565
 10
-14.41875813441614
 20
208.7572834764565
 10
-14.41875813441614
 20
208.6832139235236
 10
-14.46819525462948
 20
208.6339490580846
 10
-14.54226480756235
 20
208.6339490580846
 10
-14.54226480756235
 20
208.6339490580846
 10
-16.11047227244808
 20
208.6339490580846
 10
-16.11047227244808
 20
208.6339490580846
 97
        0
 97
        1
330
B4
 75
     2
 76
     1
 98
        1
 10
0.0
 20
0.0
450
        0
451
        0
460
0.0
461
0.0
452
        0
462
0.0
453
        0
470

  0
SPLINE
  5
B6
330
AF
100
AcDbEntity
  8
Ebene 1
100
AcDbSpline
210
0.0
220
0.0
230
1.0
 70
     9
 71
     3
 72
    26
 73
    22
 74
     0
 42
0.0000000001
 43
0.0000000001
 40
0.0
 40
0.0
 40
0.0
 40
0.0
 40
1.0
 40
1.0
 40
1.0
 40
2.0
 40
2.0
 40
2.0
 40
3.0
 40
3.0
 40
3.0
 40
4.0
 40
4.0
 40
4.0
 40
5.0
 40
5.0
 40
5.0
 40
6.0
 40
6.0
 40
6.0
 40
7.0
 40
7.0
 40
7.0
 40
7.0
 10
-4.256759981574699
 20
214.4254990783381
 30
0.0
 10
-4.256759981574699
 20
215.0552625330417
 30
0.0
 10
-4.70134955394619
 20
215.4628173289468
 30
0.0
 10
-5.392952472610095
 20
215.4628173289468
 30
0.0
 10
-5.392952472610095
 20
215.4628173289468
 30
0.0
 10
-6.87468804081605
 20
215.4628173289468
 30
0.0
 10
-6.87468804081605
 20
215.4628173289468
 30
0.0
 10
-6.924125161029385
 20
215.4628173289468
 30
0.0
 10
-6.948757593748921
 20
215.438012641453
 30
0.0
 10
-6.948757593748921
 20
215.388747776014
 30
0.0
 10
-6.948757593748921
 20
215.388747776014
 30
0.0
 10
-6.948757593748921
 20
213.4498480369153
 30
0.0
 10
-6.948757593748921
 20
213.4498480369153
 30
0.0
 10
-6.948757593748921
 20
213.4005831714762
 30
0.0
 10
-6.924125161029385
 20
213.3757784839825
 30
0.0
 10
-6.87468804081605
 20
213.3757784839825
 30
0.0
 10
-6.87468804081605
 20
213.3757784839825
 30
0.0
 10
-5.392952472610095
 20
213.3757784839825
 30
0.0
 10
-5.392952472610095
 20
213.3757784839825
 30
0.0
 10
-4.70134955394619
 20
213.3757784839825
 30
0.0
 10
-4.256759981574699
 20
213.7833332798875
 30
0.0
 10
-4.256759981574699
 20
214.4254990783381
 30
0.0
  0
SPLINE
  5
B7
330
AF
100
AcDbEntity
  8
Ebene 1
100
AcDbSpline
210
0.0
220
0.0
230
1.0
 70
     9
 71
     3
 72
    53
 73
    49
 74
     0
 42
0.0000000001
 43
0.0000000001
 40
0.0
 40
0.0
 40
0.0
 40
0.0
 40
1.0
 40
1.0
 40
1.0
 40
2.0
 40
2.0
 40
2.0
 40
3.0
 40
3.0
 40
3.0
 40
4.0
 40
4.0
 40
4.0
 40
5.0
 40
5.0
 40
5.0
 40
6.0
 40
6.0
 40
6.0
 40
7.0
 40
7.0
 40
7.0
 40
8.0
 40
8.0
 40
8.0
 40
9.0
 40
9.0
 40
9.0
 40
10.0
 40
10.0
 40
10.0
 40
11.0
 40
11.0
 40
11.0
 40
12.0
 40
12.0
 40
12.0
 40
13.0
 40
13.0
 40
13.0
 40
14.0
 40
14.0
 40
14.0
 40
15.0
 40
15.0
 40
15.0
 40
16.0
 40
16.0
 40
16.0
 40
16.0
 10
-4.121023219455855
 20
208.6339490580846
 30
0.0
 10
-4.232127548855162
 20
208.6339490580846
 30
0.0
 10
-4.269162325321598
 20
208.6711560893253
 30
0.0
 10
-4.306197101788034
 20
208.7572834764565
 30
0.0
 10
-4.306197101788034
 20
208.7572834764565
 30
0.0
 10
-5.751070148301815
 20
211.8323757065905
 30
0.0
 10
-5.751070148301815
 20
211.8323757065905
 30
0.0
 10
-5.751070148301815
 20
211.8323757065905
 30
0.0
 10
-6.87468804081605
 20
211.8323757065905
 30
0.0
 10
-6.87468804081605
 20
211.8323757065905
 30
0.0
 10
-6.924125161029385
 20
211.8323757065905
 30
0.0
 10
-6.948757593748921
 20
211.8075710190967
 30
0.0
 10
-6.948757593748921
 20
211.7579616441092
 30
0.0
 10
-6.948757593748921
 20
211.7579616441092
 30
0.0
 10
-6.948757593748921
 20
208.7572834764565
 30
0.0
 10
-6.948757593748921
 20
208.7572834764565
 30
0.0
 10
-6.948757593748921
 20
208.6832139235236
 30
0.0
 10
-6.998194713962257
 20
208.6339490580846
 30
0.0
 10
-7.072264266895128
 20
208.6339490580846
 30
0.0
 10
-7.072264266895128
 20
208.6339490580846
 30
0.0
 10
-8.640471731780854
 20
208.6339490580846
 30
0.0
 10
-8.640471731780854
 20
208.6339490580846
 30
0.0
 10
-8.714713539487988
 20
208.6339490580846
 30
0.0
 10
-8.76397840492706
 20
208.6832139235236
 30
0.0
 10
-8.76397840492706
 20
208.7572834764565
 30
0.0
 10
-8.76397840492706
 20
208.7572834764565
 30
0.0
 10
-8.76397840492706
 20
216.907345865912
 30
0.0
 10
-8.76397840492706
 20
216.907345865912
 30
0.0
 10
-8.76397840492706
 20
216.9814154188449
 30
0.0
 10
-8.714713539487988
 20
217.0310247938325
 30
0.0
 10
-8.640471731780854
 20
217.0310247938325
 30
0.0
 10
-8.640471731780854
 20
217.0310247938325
 30
0.0
 10
-5.294078232183425
 20
217.0310247938325
 30
0.0
 10
-5.294078232183425
 20
217.0310247938325
 30
0.0
 10
-3.577731661431956
 20
217.0310247938325
 30
0.0
 10
-2.441539170396559
 20
215.9564995119831
 30
0.0
 10
-2.441539170396559
 20
214.4254990783381
 30
0.0
 10
-2.441539170396559
 20
213.3509737964887
 30
0.0
 10
-3.009635415914257
 20
212.4990016829864
 30
0.0
 10
-3.935849337123676
 20
212.0914468870813
 30
0.0
 10
-3.935849337123676
 20
212.0914468870813
 30
0.0
 10
-2.280997720783917
 20
208.7820881639503
 30
0.0
 10
-2.280997720783917
 20
208.7820881639503
 30
0.0
 10
-2.243962944317481
 20
208.7080186110175
 30
0.0
 10
-2.280997720783917
 20
208.6339490580846
 30
0.0
 10
-2.367469617463688
 20
208.6339490580846
 30
0.0
 10
-2.367469617463688
 20
208.6339490580846
 30
0.0
 10
-4.121023219455855
 20
208.6339490580846
 30
0.0
 10
-4.121023219455855
 20
208.6339490580846
 30
0.0
  0
HATCH
  5
B8
330
AF
100
AcDbEntity
  8
Ebene 1
 62
    18
420
        0
440
 33554687
100
AcDbHatch
 10
0.0
 20
0.0
 30
0.0
210
0.0
220
0.0
230
1.0
  2
SOLID
 70
     1
 71
     1
 91
        2
 92
        1
 93
        1
 72
     4
 94
        3
 73
     0
 74
     0
 95
       26
 96
       22
 40
0.0
 40
0.0
 40
0.0
 40
0.0
 40
1.0
 40
1.0
 40
1.0
 40
2.0
 40
2.0
 40
2.0
 40
3.0
 40
3.0
 40
3.0
 40
4.0
 40
4.0
 40
4.0
 40
5.0
 40
5.0
 40
5.0
 40
6.0
 40
6.0
 40
6.0
 40
7.0
 40
7.0
 40
7.0
 40
7.0
 10
-4.256759981574699
 20
214.4254990783381
 10
-4.256759981574699
 20
215.0552625330417
 10
-4.70134955394619
 20
215.4628173289468
 10
-5.392952472610095
 20
215.4628173289468
 10
-5.392952472610095
 20
215.4628173289468
 10
-6.87468804081605
 20
215.4628173289468
 10
-6.87468804081605
 20
215.4628173289468
 10
-6.924125161029385
 20
215.4628173289468
 10
-6.948757593748921
 20
215.438012641453
 10
-6.948757593748921
 20
215.388747776014
 10
-6.948757593748921
 20
215.388747776014
 10
-6.948757593748921
 20
213.4498480369153
 10
-6.948757593748921
 20
213.4498480369153
 10
-6.948757593748921
 20
213.4005831714762
 10
-6.924125161029385
 20
213.3757784839825
 10
-6.87468804081605
 20
213.3757784839825
 10
-6.87468804081605
 20
213.3757784839825
 10
-5.392952472610095
 20
213.3757784839825
 10
-5.392952472610095
 20
213.3757784839825
 10
-4.70134955394619
 20
213.3757784839825
 10
-4.256759981574699
 20
213.7833332798875
 10
-4.256759981574699
 20
214.4254990783381
 97
        0
 97
        1
330
B6
 92
        1
 93
        1
 72
     4
 94
        3
 73
     0
 74
     0
 95
       53
 96
       49
 40
0.0
 40
0.0
 40
0.0
 40
0.0
 40
1.0
 40
1.0
 40
1.0
 40
2.0
 40
2.0
 40
2.0
 40
3.0
 40
3.0
 40
3.0
 40
4.0
 40
4.0
 40
4.0
 40
5.0
 40
5.0
 40
5.0
 40
6.0
 40
6.0
 40
6.0
 40
7.0
 40
7.0
 40
7.0
 40
8.0
 40
8.0
 40
8.0
 40
9.0
 40
9.0
 40
9.0
 40
10.0
 40
10.0
 40
10.0
 40
11.0
 40
11.0
 40
11.0
 40
12.0
 40
12.0
 40
12.0
 40
13.0
 40
13.0
 40
13.0
 40
14.0
 40
14.0
 40
14.0
 40
15.0
 40
15.0
 40
15.0
 40
16.0
 40
16.0
 40
16.0
 40
16.0
 10
-4.121023219455855
 20
208.6339490580846
 10
-4.232127548855162
 20
208.6339490580846
 10
-4.269162325321598
 20
208.6711560893253
 10
-4.306197101788034
 20
208.7572834764565
 10
-4.306197101788034
 20
208.7572834764565
 10
-5.751070148301815
 20
211.8323757065905
 10
-5.751070148301815
 20
211.8323757065905
 10
-5.751070148301815
 20
211.8323757065905
 10
-6.87468804081605
 20
211.8323757065905
 10
-6.87468804081605
 20
211.8323757065905
 10
-6.924125161029385
 20
211.8323757065905
 10
-6.948757593748921
 20
211.8075710190967
 10
-6.948757593748921
 20
211.7579616441092
 10
-6.948757593748921
 20
211.7579616441092
 10
-6.948757593748921
 20
208.7572834764565
 10
-6.948757593748921
 20
208.7572834764565
 10
-6.948757593748921
 20
208.6832139235236
 10
-6.998194713962257
 20
208.6339490580846
 10
-7.072264266895128
 20
208.6339490580846
 10
-7.072264266895128
 20
208.6339490580846
 10
-8.640471731780854
 20
208.6339490580846
 10
-8.640471731780854
 20
208.6339490580846
 10
-8.714713539487988
 20
208.6339490580846
 10
-8.76397840492706
 20
208.6832139235236
 10
-8.76397840492706
 20
208.7572834764565
 10
-8.76397840492706
 20
208.7572834764565
 10
-8.76397840492706
 20
216.907345865912
 10
-8.76397840492706
 20
216.907345865912
 10
-8.76397840492706
 20
216.9814154188449
 10
-8.714713539487988
 20
217.0310247938325
 10
-8.640471731780854
 20
217.0310247938325
 10
-8.640471731780854
 20
217.0310247938325
 10
-5.294078232183425
 20
217.0310247938325
 10
-5.294078232183425
 20
217.0310247938325
 10
-3.577731661431956
 20
217.0310247938325
 10
-2.441539170396559
 20
215.9564995119831
 10
-2.441539170396559
 20
214.4254990783381
 10
-2.441539170396559
 20
213.3509737964887
 10
-3.009635415914257
 20
212.4990016829864
 10
-3.935849337123676
 20
212.0914468870813
 10
-3.935849337123676
 20
212.0914468870813
 10
-2.280997720783917
 20
208.7820881639503
 10
-2.280997720783917
 20
208.7820881639503
 10
-2.243962944317481
 20
208.7080186110175
 10
-2.280997720783917
 20
208.6339490580846
 10
-2.367469617463688
 20
208.6339490580846
 10
-2.367469617463688
 20
208.6339490580846
 10
-4.121023219455855
 20
208.6339490580846
 10
-4.121023219455855
 20
208.6339490580846
 97
        0
 97
        1
330
B7
 75
     2
 76
     1
 98
        1
 10
0.0
 20
0.0
450
        0
451
        0
460
0.0
461
0.0
452
        0
462
0.0
453
        0
470

  0
SPLINE
  5
B9
330
AF
100
AcDbEntity
  8
Ebene 1
100
AcDbSpline
210
0.0
220
0.0
230
1.0
 70
     9
 71
     3
 72
    29
 73
    25
 74
     0
 42
0.0000000001
 43
0.0000000001
 40
0.0
 40
0.0
 40
0.0
 40
0.0
 40
1.0
 40
1.0
 40
1.0
 40
2.0
 40
2.0
 40
2.0
 40
3.0
 40
3.0
 40
3.0
 40
4.0
 40
4.0
 40
4.0
 40
5.0
 40
5.0
 40
5.0
 40
6.0
 40
6.0
 40
6.0
 40
7.0
 40
7.0
 40
7.0
 40
8.0
 40
8.0
 40
8.0
 40
8.0
 10
3.287137857251132
 20
211.0296684585273
 30
0.0
 10
3.386012097677802
 20
211.3259466702588
 30
0.0
 10
3.423046874144238
 20
211.7335014661639
 30
0.0
 10
3.423046874144238
 20
212.8324869259586
 30
0.0
 10
3.423046874144238
 20
213.9314723857533
 30
0.0
 10
3.386012097677802
 20
214.3390271816583
 30
0.0
 10
3.287137857251132
 20
214.6353053933898
 30
0.0
 10
3.101963974918953
 20
215.2158039826544
 30
0.0
 10
2.657374402547461
 20
215.5613470598249
 30
0.0
 10
1.965943738657819
 20
215.5613470598249
 30
0.0
 10
1.274340819993914
 20
215.5613470598249
 30
0.0
 10
0.8299235023966858
 20
215.2158039826544
 30
0.0
 10
0.6445773652902446
 20
214.6353053933898
 30
0.0
 10
0.5458753796378368
 20
214.3390271816583
 30
0.0
 10
0.508840603171401
 20
213.9314723857533
 30
0.0
 10
0.508840603171401
 20
212.8324869259586
 30
0.0
 10
0.508840603171401
 20
211.7335014661639
 30
0.0
 10
0.5458753796378368
 20
211.3259466702588
 30
0.0
 10
0.6445773652902446
 20
211.0296684585273
 30
0.0
 10
0.8299235023966858
 20
210.4491698692627
 30
0.0
 10
1.274340819993914
 20
210.1032822825436
 30
0.0
 10
1.965943738657819
 20
210.1032822825436
 30
0.0
 10
2.657374402547461
 20
210.1032822825436
 30
0.0
 10
3.101963974918953
 20
210.4491698692627
 30
0.0
 10
3.287137857251132
 20
211.0296684585273
 30
0.0
  0
SPLINE
  5
BA
330
AF
100
AcDbEntity
  8
Ebene 1
100
AcDbSpline
210
0.0
220
0.0
230
1.0
 70
     9
 71
     3
 72
    29
 73
    25
 74
     0
 42
0.0000000001
 43
0.0000000001
 40
0.0
 40
0.0
 40
0.0
 40
0.0
 40
1.0
 40
1.0
 40
1.0
 40
2.0
 40
2.0
 40
2.0
 40
3.0
 40
3.0
 40
3.0
 40
4.0
 40
4.0
 40
4.0
 40
5.0
 40
5.0
 40
5.0
 40
6.0
 40
6.0
 40
6.0
 40
7.0
 40
7.0
 40
7.0
 40
8.0
 40
8.0
 40
8.0
 40
8.0
 10
-1.096573892955023
 20
210.5356417659425
 30
0.0
 10
-1.281747775287201
 20
211.1161403552071
 30
0.0
 10
-1.331184895500537
 20
211.5853623602981
 30
0.0
 10
-1.331184895500537
 20
212.8324869259586
 30
0.0
 10
-1.331184895500537
 20
214.079611491619
 30
0.0
 10
-1.281747775287201
 20
214.54883349671
 30
0.0
 10
-1.096573892955023
 20
215.1293320859746
 30
0.0
 10
-0.6643866643304312
 20
216.4877332358086
 30
0.0
 10
0.4964382594245017
 20
217.1667615559514
 30
0.0
 10
1.965943738657819
 20
217.1667615559514
 30
0.0
 10
3.435449217891137
 20
217.1667615559514
 30
0.0
 10
4.596101886871807
 20
216.4877332358086
 30
0.0
 10
5.0282891154964
 20
215.1293320859746
 30
0.0
 10
5.213635252602841
 20
214.54883349671
 30
0.0
 10
5.262900118041914
 20
214.079611491619
 30
0.0
 10
5.262900118041914
 20
212.8324869259586
 30
0.0
 10
5.262900118041914
 20
211.5853623602981
 30
0.0
 10
5.213635252602841
 20
211.1161403552071
 30
0.0
 10
5.0282891154964
 20
210.5356417659425
 30
0.0
 10
4.596101886871807
 20
209.1772406161084
 30
0.0
 10
3.435449217891137
 20
208.4982122959658
 30
0.0
 10
1.965943738657819
 20
208.4982122959658
 30
0.0
 10
0.4964382594245017
 20
208.4982122959658
 30
0.0
 10
-0.6643866643304312
 20
209.1772406161084
 30
0.0
 10
-1.096573892955023
 20
210.5356417659425
 30
0.0
  0
HATCH
  5
BB
330
AF
100
AcDbEntity
  8
Ebene 1
 62
    18
420
        0
440
 33554687
100
AcDbHatch
 10
0.0
 20
0.0
 30
0.0
210
0.0
220
0.0
230
1.0
  2
SOLID
 70
     1
 71
     1
 91
        2
 92
        1
 93
        1
 72
     4
 94
        3
 73
     0
 74
     0
 95
       29
 96
       25
 40
0.0
 40
0.0
 40
0.0
 40
0.0
 40
1.0
 40
1.0
 40
1.0
 40
2.0
 40
2.0
 40
2.0
 40
3.0
 40
3.0
 40
3.0
 40
4.0
 40
4.0
 40
4.0
 40
5.0
 40
5.0
 40
5.0
 40
6.0
 40
6.0
 40
6.0
 40
7.0
 40
7.0
 40
7.0
 40
8.0
 40
8.0
 40
8.0
 40
8.0
 10
3.287137857251132
 20
211.0296684585273
 10
3.386012097677802
 20
211.3259466702588
 10
3.423046874144238
 20
211.7335014661639
 10
3.423046874144238
 20
212.8324869259586
 10
3.423046874144238
 20
213.9314723857533
 10
3.386012097677802
 20
214.3390271816583
 10
3.287137857251132
 20
214.6353053933898
 10
3.101963974918953
 20
215.2158039826544
 10
2.657374402547461
 20
215.5613470598249
 10
1.965943738657819
 20
215.5613470598249
 10
1.274340819993914
 20
215.5613470598249
 10
0.8299235023966858
 20
215.2158039826544
 10
0.6445773652902446
 20
214.6353053933898
 10
0.5458753796378368
 20
214.3390271816583
 10
0.508840603171401
 20
213.9314723857533
 10
0.508840603171401
 20
212.8324869259586
 10
0.508840603171401
 20
211.7335014661639
 10
0.5458753796378368
 20
211.3259466702588
 10
0.6445773652902446
 20
211.0296684585273
 10
0.8299235023966858
 20
210.4491698692627
 10
1.274340819993914
 20
210.1032822825436
 10
1.965943738657819
 20
210.1032822825436
 10
2.657374402547461
 20
210.1032822825436
 10
3.101963974918953
 20
210.4491698692627
 10
3.287137857251132
 20
211.0296684585273
 97
        0
 97
        1
330
B9
 92
        1
 93
        1
 72
     4
 94
        3
 73
     0
 74
     0
 95
       29
 96
       25
 40
0.0
 40
0.0
 40
0.0
 40
0.0
 40
1.0
 40
1.0
 40
1.0
 40
2.0
 40
2.0
 40
2.0
 40
3.0
 40
3.0
 40
3.0
 40
4.0
 40
4.0
 40
4.0
 40
5.0
 40
5.0
 40
5.0
 40
6.0
 40
6.0
 40
6.0
 40
7.0
 40
7.0
 40
7.0
 40
8.0
 40
8.0
 40
8.0
 40
8.0
 10
-1.096573892955023
 20
210.5356417659425
 10
-1.281747775287201
 20
211.1161403552071
 10
-1.331184895500537
 20
211.5853623602981
 10
-1.331184895500537
 20
212.8324869259586
 10
-1.331184895500537
 20
214.079611491619
 10
-1.281747775287201
 20
214.54883349671
 10
-1.096573892955023
 20
215.1293320859746
 10
-0.6643866643304312
 20
216.4877332358086
 10
0.4964382594245017
 20
217.1667615559514
 10
1.965943738657819
 20
217.1667615559514
 10
3.435449217891137
 20
217.1667615559514
 10
4.596101886871807
 20
216.4877332358086
 10
5.0282891154964
 20
215.1293320859746
 10
5.213635252602841
 20
214.54883349671
 10
5.262900118041914
 20
214.079611491619
 10
5.262900118041914
 20
212.8324869259586
 10
5.262900118041914
 20
211.5853623602981
 10
5.213635252602841
 20
211.1161403552071
 10
5.0282891154964
 20
210.5356417659425
 10
4.596101886871807
 20
209.1772406161084
 10
3.435449217891137
 20
208.4982122959658
 10
1.965943738657819
 20
208.4982122959658
 10
0.4964382594245017
 20
208.4982122959658
 10
-0.6643866643304312
 20
209.1772406161084
 10
-1.096573892955023
 20
210.5356417659425
 97
        0
 97
        1
330
BA
 75
     2
 76
     1
 98
        1
 10
0.0
 20
0.0
450
        0
451
        0
460
0.0
461
0.0
452
        0
462
0.0
453
        0
470

  0
SPLINE
  5
BC
330
AF
100
AcDbEntity
  8
Ebene 1
100
AcDbSpline
210
0.0
220
0.0
230
1.0
 70
     9
 71
     3
 72
    65
 73
    61
 74
     0
 42
0.0000000001
 43
0.0000000001
 40
0.0
 40
0.0
 40
0.0
 40
0.0
 40
1.0
 40
1.0
 40
1.0
 40
2.0
 40
2.0
 40
2.0
 40
3.0
 40
3.0
 40
3.0
 40
4.0
 40
4.0
 40
4.0
 40
5.0
 40
5.0
 40
5.0
 40
6.0
 40
6.0
 40
6.0
 40
7.0
 40
7.0
 40
7.0
 40
8.0
 40
8.0
 40
8.0
 40
9.0
 40
9.0
 40
9.0
 40
10.0
 40
10.0
 40
10.0
 40
11.0
 40
11.0
 40
11.0
 40
12.0
 40
12.0
 40
12.0
 40
13.0
 40
13.0
 40
13.0
 40
14.0
 40
14.0
 40
14.0
 40
15.0
 40
15.0
 40
15.0
 40
16.0
 40
16.0
 40
16.0
 40
17.0
 40
17.0
 40
17.0
 40
18.0
 40
18.0
 40
18.0
 40
19.0
 40
19.0
 40
19.0
 40
20.0
 40
20.0
 40
20.0
 40
20.0
 10
6.645072426724149
 20
216.907345865912
 30
0.0
 10
6.645072426724149
 20
216.9814154188449
 30
0.0
 10
6.694337292163221
 20
217.0310247938325
 30
0.0
 10
6.768579099870355
 20
217.0310247938325
 30
0.0
 10
6.768579099870355
 20
217.0310247938325
 30
0.0
 10
12.15240206944454
 20
217.0310247938325
 30
0.0
 10
12.15240206944454
 20
217.0310247938325
 30
0.0
 10
12.22647162237741
 20
217.0310247938325
 30
0.0
 10
12.27590874259074
 20
216.9814154188449
 30
0.0
 10
12.27590874259074
 20
216.907345865912
 30
0.0
 10
12.27590874259074
 20
216.907345865912
 30
0.0
 10
12.27590874259074
 20
215.5861517473188
 30
0.0
 10
12.27590874259074
 20
215.5861517473188
 30
0.0
 10
12.27590874259074
 20
215.5120821943859
 30
0.0
 10
12.22647162237741
 20
215.4628173289468
 30
0.0
 10
12.15240206944454
 20
215.4628173289468
 30
0.0
 10
12.15240206944454
 20
215.4628173289468
 30
0.0
 10
8.534362790835158
 20
215.4628173289468
 30
0.0
 10
8.534362790835158
 20
215.4628173289468
 30
0.0
 10
8.484925670621825
 20
215.4628173289468
 30
0.0
 10
8.460293237902288
 20
215.438012641453
 30
0.0
 10
8.460293237902288
 20
215.388747776014
 30
0.0
 10
8.460293237902288
 20
215.388747776014
 30
0.0
 10
8.460293237902288
 20
213.6227918302749
 30
0.0
 10
8.460293237902288
 20
213.6227918302749
 30
0.0
 10
8.460293237902288
 20
213.5735269648358
 30
0.0
 10
8.484925670621825
 20
213.548722277342
 30
0.0
 10
8.534362790835158
 20
213.548722277342
 30
0.0
 10
8.534362790835158
 20
213.548722277342
 30
0.0
 10
11.54744330223467
 20
213.548722277342
 30
0.0
 10
11.54744330223467
 20
213.548722277342
 30
0.0
 10
11.62151285516754
 20
213.548722277342
 30
0.0
 10
11.67077772060661
 20
213.4991129023544
 30
0.0
 10
11.67077772060661
 20
213.4250433494215
 30
0.0
 10
11.67077772060661
 20
213.4250433494215
 30
0.0
 10
11.67077772060661
 20
212.1162515745751
 30
0.0
 10
11.67077772060661
 20
212.1162515745751
 30
0.0
 10
11.67077772060661
 20
212.0421820216423
 30
0.0
 10
11.62151285516754
 20
211.9929171562032
 30
0.0
 10
11.54744330223467
 20
211.9929171562032
 30
0.0
 10
11.54744330223467
 20
211.9929171562032
 30
0.0
 10
8.534362790835158
 20
211.9929171562032
 30
0.0
 10
8.534362790835158
 20
211.9929171562032
 30
0.0
 10
8.484925670621825
 20
211.9929171562032
 30
0.0
 10
8.460293237902288
 20
211.9681124687093
 30
0.0
 10
8.460293237902288
 20
211.9185030937217
 30
0.0
 10
8.460293237902288
 20
211.9185030937217
 30
0.0
 10
8.460293237902288
 20
208.7572834764565
 30
0.0
 10
8.460293237902288
 20
208.7572834764565
 30
0.0
 10
8.460293237902288
 20
208.6832139235236
 30
0.0
 10
8.410856117688952
 20
208.6339490580846
 30
0.0
 10
8.336786564756081
 20
208.6339490580846
 30
0.0
 10
8.336786564756081
 20
208.6339490580846
 30
0.0
 10
6.768579099870355
 20
208.6339490580846
 30
0.0
 10
6.768579099870355
 20
208.6339490580846
 30
0.0
 10
6.694337292163221
 20
208.6339490580846
 30
0.0
 10
6.645072426724149
 20
208.6832139235236
 30
0.0
 10
6.645072426724149
 20
208.7572834764565
 30
0.0
 10
6.645072426724149
 20
208.7572834764565
 30
0.0
 10
6.645072426724149
 20
216.907345865912
 30
0.0
 10
6.645072426724149
 20
216.907345865912
 30
0.0
  0
HATCH
  5
BD
330
AF
100
AcDbEntity
  8
Ebene 1
 62
    18
420
        0
440
 33554687
100
AcDbHatch
 10
0.0
 20
0.0
 30
0.0
210
0.0
220
0.0
230
1.0
  2
SOLID
 70
     1
 71
     1
 91
        1
 92
        1
 93
        1
 72
     4
 94
        3
 73
     0
 74
     0
 95
       65
 96
       61
 40
0.0
 40
0.0
 40
0.0
 40
0.0
 40
1.0
 40
1.0
 40
1.0
 40
2.0
 40
2.0
 40
2.0
 40
3.0
 40
3.0
 40
3.0
 40
4.0
 40
4.0
 40
4.0
 40
5.0
 40
5.0
 40
5.0
 40
6.0
 40
6.0
 40
6.0
 40
7.0
 40
7.0
 40
7.0
 40
8.0
 40
8.0
 40
8.0
 40
9.0
 40
9.0
 40
9.0
 40
10.0
 40
10.0
 40
10.0
 40
11.0
 40
11.0
 40
11.0
 40
12.0
 40
12.0
 40
12.0
 40
13.0
 40
13.0
 40
13.0
 40
14.0
 40
14.0
 40
14.0
 40
15.0
 40
15.0
 40
15.0
 40
16.0
 40
16.0
 40
16.0
 40
17.0
 40
17.0
 40
17.0
 40
18.0
 40
18.0
 40
18.0
 40
19.0
 40
19.0
 40
19.0
 40
20.0
 40
20.0
 40
20.0
 40
20.0
 10
6.645072426724149
 20
216.907345865912
 10
6.645072426724149
 20
216.9814154188449
 10
6.694337292163221
 20
217.0310247938325
 10
6.768579099870355
 20
217.0310247938325
 10
6.768579099870355
 20
217.0310247938325
 10
12.15240206944454
 20
217.0310247938325
 10
12.15240206944454
 20
217.0310247938325
 10
12.22647162237741
 20
217.0310247938325
 10
12.27590874259074
 20
216.9814154188449
 10
12.27590874259074
 20
216.907345865912
 10
12.27590874259074
 20
216.907345865912
 10
12.27590874259074
 20
215.5861517473188
 10
12.27590874259074
 20
215.5861517473188
 10
12.27590874259074
 20
215.5120821943859
 10
12.22647162237741
 20
215.4628173289468
 10
12.15240206944454
 20
215.4628173289468
 10
12.15240206944454
 20
215.4628173289468
 10
8.534362790835158
 20
215.4628173289468
 10
8.534362790835158
 20
215.4628173289468
 10
8.484925670621825
 20
215.4628173289468
 10
8.460293237902288
 20
215.438012641453
 10
8.460293237902288
 20
215.388747776014
 10
8.460293237902288
 20
215.388747776014
 10
8.460293237902288
 20
213.6227918302749
 10
8.460293237902288
 20
213.6227918302749
 10
8.460293237902288
 20
213.5735269648358
 10
8.484925670621825
 20
213.548722277342
 10
8.534362790835158
 20
213.548722277342
 10
8.534362790835158
 20
213.548722277342
 10
11.54744330223467
 20
213.548722277342
 10
11.54744330223467
 20
213.548722277342
 10
11.62151285516754
 20
213.548722277342
 10
11.67077772060661
 20
213.4991129023544
 10
11.67077772060661
 20
213.4250433494215
 10
11.67077772060661
 20
213.4250433494215
 10
11.67077772060661
 20
212.1162515745751
 10
11.67077772060661
 20
212.1162515745751
 10
11.67077772060661
 20
212.0421820216423
 10
11.62151285516754
 20
211.9929171562032
 10
11.54744330223467
 20
211.9929171562032
 10
11.54744330223467
 20
211.9929171562032
 10
8.534362790835158
 20
211.9929171562032
 10
8.534362790835158
 20
211.9929171562032
 10
8.484925670621825
 20
211.9929171562032
 10
8.460293237902288
 20
211.9681124687093
 10
8.460293237902288
 20
211.9185030937217
 10
8.460293237902288
 20
211.9185030937217
 10
8.460293237902288
 20
208.7572834764565
 10
8.460293237902288
 20
208.7572834764565
 10
8.460293237902288
 20
208.6832139235236
 10
8.410856117688952
 20
208.6339490580846
 10
8.336786564756081
 20
208.6339490580846
 10
8.336786564756081
 20
208.6339490580846
 10
6.768579099870355
 20
208.6339490580846
 10
6.768579099870355
 20
208.6339490580846
 10
6.694337292163221
 20
208.6339490580846
 10
6.645072426724149
 20
208.6832139235236
 10
6.645072426724149
 20
208.7572834764565
 10
6.645072426724149
 20
208.7572834764565
 10
6.645072426724149
 20
216.907345865912
 10
6.645072426724149
 20
216.907345865912
 97
        0
 97
        1
330
BC
 75
     2
 76
     1
 98
        1
 10
0.0
 20
0.0
450
        0
451
        0
460
0.0
461
0.0
452
        0
462
0.0
453
        0
470

  0
SPLINE
  5
BE
330
AF
100
AcDbEntity
  8
Ebene 1
100
AcDbSpline
210
0.0
220
0.0
230
1.0
 70
     9
 71
     3
 72
    77
 73
    73
 74
     0
 42
0.0000000001
 43
0.0000000001
 40
0.0
 40
0.0
 40
0.0
 40
0.0
 40
1.0
 40
1.0
 40
1.0
 40
2.0
 40
2.0
 40
2.0
 40
3.0
 40
3.0
 40
3.0
 40
4.0
 40
4.0
 40
4.0
 40
5.0
 40
5.0
 40
5.0
 40
6.0
 40
6.0
 40
6.0
 40
7.0
 40
7.0
 40
7.0
 40
8.0
 40
8.0
 40
8.0
 40
9.0
 40
9.0
 40
9.0
 40
10.0
 40
10.0
 40
10.0
 40
11.0
 40
11.0
 40
11.0
 40
12.0
 40
12.0
 40
12.0
 40
13.0
 40
13.0
 40
13.0
 40
14.0
 40
14.0
 40
14.0
 40
15.0
 40
15.0
 40
15.0
 40
16.0
 40
16.0
 40
16.0
 40
17.0
 40
17.0
 40
17.0
 40
18.0
 40
18.0
 40
18.0
 40
19.0
 40
19.0
 40
19.0
 40
20.0
 40
20.0
 40
20.0
 40
21.0
 40
21.0
 40
21.0
 40
22.0
 40
22.0
 40
22.0
 40
23.0
 40
23.0
 40
23.0
 40
24.0
 40
24.0
 40
24.0
 40
24.0
 10
13.52234428915414
 20
216.907345865912
 30
0.0
 10
13.52234428915414
 20
216.9814154188449
 30
0.0
 10
13.57160915459321
 20
217.0310247938325
 30
0.0
 10
13.64585096230034
 20
217.0310247938325
 30
0.0
 10
13.64585096230034
 20
217.0310247938325
 30
0.0
 10
19.02967393187452
 20
217.0310247938325
 30
0.0
 10
19.02967393187452
 20
217.0310247938325
 30
0.0
 10
19.1037434848074
 20
217.0310247938325
 30
0.0
 10
19.15318060502073
 20
216.9814154188449
 30
0.0
 10
19.15318060502073
 20
216.907345865912
 30
0.0
 10
19.15318060502073
 20
216.907345865912
 30
0.0
 10
19.15318060502073
 20
215.5861517473188
 30
0.0
 10
19.15318060502073
 20
215.5861517473188
 30
0.0
 10
19.15318060502073
 20
215.5120821943859
 30
0.0
 10
19.1037434848074
 20
215.4628173289468
 30
0.0
 10
19.02967393187452
 20
215.4628173289468
 30
0.0
 10
19.02967393187452
 20
215.4628173289468
 30
0.0
 10
15.41163465326515
 20
215.4628173289468
 30
0.0
 10
15.41163465326515
 20
215.4628173289468
 30
0.0
 10
15.36219753305181
 20
215.4628173289468
 30
0.0
 10
15.33756510033227
 20
215.438012641453
 30
0.0
 10
15.33756510033227
 20
215.388747776014
 30
0.0
 10
15.33756510033227
 20
215.388747776014
 30
0.0
 10
15.33756510033227
 20
213.7216660707015
 30
0.0
 10
15.33756510033227
 20
213.7216660707015
 30
0.0
 10
15.33756510033227
 20
213.6720566957139
 30
0.0
 10
15.36219753305181
 20
213.6475965177687
 30
0.0
 10
15.41163465326515
 20
213.6475965177687
 30
0.0
 10
15.41163465326515
 20
213.6475965177687
 30
0.0
 10
18.42471516466465
 20
213.6475965177687
 30
0.0
 10
18.42471516466465
 20
213.6475965177687
 30
0.0
 10
18.49878471759753
 20
213.6475965177687
 30
0.0
 10
18.54822183781086
 20
213.5979871427811
 30
0.0
 10
18.54822183781086
 20
213.5239175898482
 30
0.0
 10
18.54822183781086
 20
213.5239175898482
 30
0.0
 10
18.54822183781086
 20
212.2151258150018
 30
0.0
 10
18.54822183781086
 20
212.2151258150018
 30
0.0
 10
18.54822183781086
 20
212.1410562620689
 30
0.0
 10
18.49878471759753
 20
212.0914468870813
 30
0.0
 10
18.42471516466465
 20
212.0914468870813
 30
0.0
 10
18.42471516466465
 20
212.0914468870813
 30
0.0
 10
15.41163465326515
 20
212.0914468870813
 30
0.0
 10
15.41163465326515
 20
212.0914468870813
 30
0.0
 10
15.36219753305181
 20
212.0914468870813
 30
0.0
 10
15.33756510033227
 20
212.066986709136
 30
0.0
 10
15.33756510033227
 20
212.0173773341484
 30
0.0
 10
15.33756510033227
 20
212.0173773341484
 30
0.0
 10
15.33756510033227
 20
210.2762260759031
 30
0.0
 10
15.33756510033227
 20
210.2762260759031
 30
0.0
 10
15.33756510033227
 20
210.2269612104641
 30
0.0
 10
15.36219753305181
 20
210.2021565229703
 30
0.0
 10
15.41163465326515
 20
210.2021565229703
 30
0.0
 10
15.41163465326515
 20
210.2021565229703
 30
0.0
 10
19.02967393187452
 20
210.2021565229703
 30
0.0
 10
19.02967393187452
 20
210.2021565229703
 30
0.0
 10
19.1037434848074
 20
210.2021565229703
 30
0.0
 10
19.15318060502073
 20
210.1528916575312
 30
0.0
 10
19.15318060502073
 20
210.0788221045984
 30
0.0
 10
19.15318060502073
 20
210.0788221045984
 30
0.0
 10
19.15318060502073
 20
208.7572834764565
 30
0.0
 10
19.15318060502073
 20
208.7572834764565
 30
0.0
 10
19.15318060502073
 20
208.6832139235236
 30
0.0
 10
19.1037434848074
 20
208.6339490580846
 30
0.0
 10
19.02967393187452
 20
208.6339490580846
 30
0.0
 10
19.02967393187452
 20
208.6339490580846
 30
0.0
 10
13.64585096230034
 20
208.6339490580846
 30
0.0
 10
13.64585096230034
 20
208.6339490580846
 30
0.0
 10
13.57160915459321
 20
208.6339490580846
 30
0.0
 10
13.52234428915414
 20
208.6832139235236
 30
0.0
 10
13.52234428915414
 20
208.7572834764565
 30
0.0
 10
13.52234428915414
 20
208.7572834764565
 30
0.0
 10
13.52234428915414
 20
216.907345865912
 30
0.0
 10
13.52234428915414
 20
216.907345865912
 30
0.0
  0
HATCH
  5
BF
330
AF
100
AcDbEntity
  8
Ebene 1
 62
    18
420
        0
440
 33554687
100
AcDbHatch
 10
0.0
 20
0.0
 30
0.0
210
0.0
220
0.0
230
1.0
  2
SOLID
 70
     1
 71
     1
 91
        1
 92
        1
 93
        1
 72
     4
 94
        3
 73
     0
 74
     0
 95
       77
 96
       73
 40
0.0
 40
0.0
 40
0.0
 40
0.0
 40
1.0
 40
1.0
 40
1.0
 40
2.0
 40
2.0
 40
2.0
 40
3.0
 40
3.0
 40
3.0
 40
4.0
 40
4.0
 40
4.0
 40
5.0
 40
5.0
 40
5.0
 40
6.0
 40
6.0
 40
6.0
 40
7.0
 40
7.0
 40
7.0
 40
8.0
 40
8.0
 40
8.0
 40
9.0
 40
9.0
 40
9.0
 40
10.0
 40
10.0
 40
10.0
 40
11.0
 40
11.0
 40
11.0
 40
12.0
 40
12.0
 40
12.0
 40
13.0
 40
13.0
 40
13.0
 40
14.0
 40
14.0
 40
14.0
 40
15.0
 40
15.0
 40
15.0
 40
16.0
 40
16.0
 40
16.0
 40
17.0
 40
17.0
 40
17.0
 40
18.0
 40
18.0
 40
18.0
 40
19.0
 40
19.0
 40
19.0
 40
20.0
 40
20.0
 40
20.0
 40
21.0
 40
21.0
 40
21.0
 40
22.0
 40
22.0
 40
22.0
 40
23.0
 40
23.0
 40
23.0
 40
24.0
 40
24.0
 40
24.0
 40
24.0
 10
13.52234428915414
 20
216.907345865912
 10
13.52234428915414
 20
216.9814154188449
 10
13.57160915459321
 20
217.0310247938325
 10
13.64585096230034
 20
217.0310247938325
 10
13.64585096230034
 20
217.0310247938325
 10
19.02967393187452
 20
217.0310247938325
 10
19.02967393187452
 20
217.0310247938325
 10
19.1037434848074
 20
217.0310247938325
 10
19.15318060502073
 20
216.9814154188449
 10
19.15318060502073
 20
216.907345865912
 10
19.15318060502073
 20
216.907345865912
 10
19.15318060502073
 20
215.5861517473188
 10
19.15318060502073
 20
215.5861517473188
 10
19.15318060502073
 20
215.5120821943859
 10
19.1037434848074
 20
215.4628173289468
 10
19.02967393187452
 20
215.4628173289468
 10
19.02967393187452
 20
215.4628173289468
 10
15.41163465326515
 20
215.4628173289468
 10
15.41163465326515
 20
215.4628173289468
 10
15.36219753305181
 20
215.4628173289468
 10
15.33756510033227
 20
215.438012641453
 10
15.33756510033227
 20
215.388747776014
 10
15.33756510033227
 20
215.388747776014
 10
15.33756510033227
 20
213.7216660707015
 10
15.33756510033227
 20
213.7216660707015
 10
15.33756510033227
 20
213.6720566957139
 10
15.36219753305181
 20
213.6475965177687
 10
15.41163465326515
 20
213.6475965177687
 10
15.41163465326515
 20
213.6475965177687
 10
18.42471516466465
 20
213.6475965177687
 10
18.42471516466465
 20
213.6475965177687
 10
18.49878471759753
 20
213.6475965177687
 10
18.54822183781086
 20
213.5979871427811
 10
18.54822183781086
 20
213.5239175898482
 10
18.54822183781086
 20
213.5239175898482
 10
18.54822183781086
 20
212.2151258150018
 10
18.54822183781086
 20
212.2151258150018
 10
18.54822183781086
 20
212.1410562620689
 10
18.49878471759753
 20
212.0914468870813
 10
18.42471516466465
 20
212.0914468870813
 10
18.42471516466465
 20
212.0914468870813
 10
15.41163465326515
 20
212.0914468870813
 10
15.41163465326515
 20
212.0914468870813
 10
15.36219753305181
 20
212.0914468870813
 10
15.33756510033227
 20
212.066986709136
 10
15.33756510033227
 20
212.0173773341484
 10
15.33756510033227
 20
212.0173773341484
 10
15.33756510033227
 20
210.2762260759031
 10
15.33756510033227
 20
210.2762260759031
 10
15.33756510033227
 20
210.2269612104641
 10
15.36219753305181
 20
210.2021565229703
 10
15.41163465326515
 20
210.2021565229703
 10
15.41163465326515
 20
210.2021565229703
 10
19.02967393187452
 20
210.2021565229703
 10
19.02967393187452
 20
210.2021565229703
 10
19.1037434848074
 20
210.2021565229703
 10
19.15318060502073
 20
210.1528916575312
 10
19.15318060502073
 20
210.0788221045984
 10
19.15318060502073
 20
210.0788221045984
 10
19.15318060502073
 20
208.7572834764565
 10
19.15318060502073
 20
208.7572834764565
 10
19.15318060502073
 20
208.6832139235236
 10
19.1037434848074
 20
208.6339490580846
 10
19.02967393187452
 20
208.6339490580846
 10
19.02967393187452
 20
208.6339490580846
 10
13.64585096230034
 20
208.6339490580846
 10
13.64585096230034
 20
208.6339490580846
 10
13.57160915459321
 20
208.6339490580846
 10
13.52234428915414
 20
208.6832139235236
 10
13.52234428915414
 20
208.7572834764565
 10
13.52234428915414
 20
208.7572834764565
 10
13.52234428915414
 20
216.907345865912
 10
13.52234428915414
 20
216.907345865912
 97
        0
 97
        1
330
BE
 75
     2
 76
     1
 98
        1
 10
0.0
 20
0.0
450
        0
451
        0
460
0.0
461
0.0
452
        0
462
0.0
453
        0
470

  0
SPLINE
  5
C0
330
AF
100
AcDbEntity
  8
Ebene 1
100
AcDbSpline
210
0.0
220
0.0
230
1.0
 70
     9
 71
     3
 72
    65
 73
    61
 74
     0
 42
0.0000000001
 43
0.0000000001
 40
0.0
 40
0.0
 40
0.0
 40
0.0
 40
1.0
 40
1.0
 40
1.0
 40
2.0
 40
2.0
 40
2.0
 40
3.0
 40
3.0
 40
3.0
 40
4.0
 40
4.0
 40
4.0
 40
5.0
 40
5.0
 40
5.0
 40
6.0
 40
6.0
 40
6.0
 40
7.0
 40
7.0
 40
7.0
 40
8.0
 40
8.0
 40
8.0
 40
9.0
 40
9.0
 40
9.0
 40
10.0
 40
10.0
 40
10.0
 40
11.0
 40
11.0
 40
11.0
 40
12.0
 40
12.0
 40
12.0
 40
13.0
 40
13.0
 40
13.0
 40
14.0
 40
14.0
 40
14.0
 40
15.0
 40
15.0
 40
15.0
 40
16.0
 40
16.0
 40
16.0
 40
17.0
 40
17.0
 40
17.0
 40
18.0
 40
18.0
 40
18.0
 40
19.0
 40
19.0
 40
19.0
 40
20.0
 40
20.0
 40
20.0
 40
20.0
 10
20.09076334133148
 20
209.6464626211995
 30
0.0
 10
20.04132622111814
 20
209.6960719961871
 30
0.0
 10
20.0166937883986
 20
209.7821993833183
 30
0.0
 10
20.07836099758458
 20
209.8566134457998
 30
0.0
 10
20.07836099758458
 20
209.8566134457998
 30
0.0
 10
21.01697726254089
 20
210.9307942181007
 30
0.0
 10
21.01697726254089
 20
210.9307942181007
 30
0.0
 10
21.06624212797997
 20
210.9924614272866
 30
0.0
 10
21.14031168091284
 20
210.9924614272866
 30
0.0
 10
21.20215114487308
 20
210.9431965618476
 30
0.0
 10
21.75784504664387
 20
210.4984347347018
 30
0.0
 10
22.51111517449375
 20
210.0788221045984
 30
0.0
 10
23.40012206446247
 20
210.0788221045984
 30
0.0
 10
24.27689886545856
 20
210.0788221045984
 30
0.0
 10
24.77092555804338
 20
210.4863769005034
 30
0.0
 10
24.77092555804338
 20
211.0789333239664
 30
0.0
 10
24.77092555804338
 20
211.5729600165512
 30
0.0
 10
24.47447509153763
 20
211.8816405720296
 30
0.0
 10
23.47419161739534
 20
212.0173773341484
 30
0.0
 10
23.47419161739534
 20
212.0173773341484
 30
0.0
 10
23.02977429979812
 20
212.0790445433344
 30
0.0
 10
23.02977429979812
 20
212.0790445433344
 30
0.0
 10
21.32565781801928
 20
212.3136555458799
 30
0.0
 10
20.37481146409032
 20
213.1163627939431
 30
0.0
 10
20.37481146409032
 20
214.5984428716976
 30
0.0
 10
20.37481146409032
 20
216.1418456490896
 30
0.0
 10
21.535464133071
 20
217.1667615559514
 30
0.0
 10
23.35068494424914
 20
217.1667615559514
 30
0.0
 10
24.46207274779073
 20
217.1667615559514
 30
0.0
 10
25.49939099839946
 20
216.8332763129792
 30
0.0
 10
26.203224006036
 20
216.2899847549553
 30
0.0
 10
26.27729355896887
 20
216.2407198895162
 30
0.0
 10
26.28969590271577
 20
216.1911105145286
 30
0.0
 10
26.2280286935298
 20
216.1046386178488
 30
0.0
 10
26.2280286935298
 20
216.1046386178488
 30
0.0
 10
25.47475856567992
 20
214.9811929801089
 30
0.0
 10
25.47475856567992
 20
214.9811929801089
 30
0.0
 10
25.42532144546659
 20
214.9191812613744
 30
0.0
 10
25.36365423628062
 20
214.907123427176
 30
0.0
 10
25.30181477232038
 20
214.9439859488682
 30
0.0
 10
24.65964897386981
 20
215.3639430885201
 30
0.0
 10
24.04228786291304
 20
215.5861517473188
 30
0.0
 10
23.35068494424914
 20
215.5861517473188
 30
0.0
 10
22.60981716014616
 20
215.5861517473188
 30
0.0
 10
22.2270670517349
 20
215.2034016389075
 30
0.0
 10
22.2270670517349
 20
214.6725124246305
 30
0.0
 10
22.2270670517349
 20
214.1908880757926
 30
0.0
 10
22.57278238367972
 20
213.8822075203142
 30
0.0
 10
23.53603108135558
 20
213.7461262486468
 30
0.0
 10
23.53603108135558
 20
213.7461262486468
 30
0.0
 10
23.98062065372707
 20
213.6844590394609
 30
0.0
 10
23.98062065372707
 20
213.6844590394609
 30
0.0
 10
25.70936956822544
 20
213.4498480369153
 30
0.0
 10
26.62318114568796
 20
212.659543132599
 30
0.0
 10
26.62318114568796
 20
211.1406005331524
 30
0.0
 10
26.62318114568796
 20
209.6220024432542
 30
0.0
 10
25.49939099839946
 20
208.4982122959658
 30
0.0
 10
23.3260525115296
 20
208.4982122959658
 30
0.0
 10
22.01708848190893
 20
208.4982122959658
 30
0.0
 10
20.74515922875468
 20
209.0166991664959
 30
0.0
 10
20.09076334133148
 20
209.6464626211995
 30
0.0
  0
HATCH
  5
C1
330
AF
100
AcDbEntity
  8
Ebene 1
 62
    18
420
        0
440
 33554687
100
AcDbHatch
 10
0.0
 20
0.0
 30
0.0
210
0.0
220
0.0
230
1.0
  2
SOLID
 70
     1
 71
     1
 91
        1
 92
        1
 93
        1
 72
     4
 94
        3
 73
     0
 74
     0
 95
       65
 96
       61
 40
0.0
 40
0.0
 40
0.0
 40
0.0
 40
1.0
 40
1.0
 40
1.0
 40
2.0
 40
2.0
 40
2.0
 40
3.0
 40
3.0
 40
3.0
 40
4.0
 40
4.0
 40
4.0
 40
5.0
 40
5.0
 40
5.0
 40
6.0
 40
6.0
 40
6.0
 40
7.0
 40
7.0
 40
7.0
 40
8.0
 40
8.0
 40
8.0
 40
9.0
 40
9.0
 40
9.0
 40
10.0
 40
10.0
 40
10.0
 40
11.0
 40
11.0
 40
11.0
 40
12.0
 40
12.0
 40
12.0
 40
13.0
 40
13.0
 40
13.0
 40
14.0
 40
14.0
 40
14.0
 40
15.0
 40
15.0
 40
15.0
 40
16.0
 40
16.0
 40
16.0
 40
17.0
 40
17.0
 40
17.0
 40
18.0
 40
18.0
 40
18.0
 40
19.0
 40
19.0
 40
19.0
 40
20.0
 40
20.0
 40
20.0
 40
20.0
 10
20.09076334133148
 20
209.6464626211995
 10
20.04132622111814
 20
209.6960719961871
 10
20.0166937883986
 20
209.7821993833183
 10
20.07836099758458
 20
209.8566134457998
 10
20.07836099758458
 20
209.8566134457998
 10
21.01697726254089
 20
210.9307942181007
 10
21.01697726254089
 20
210.9307942181007
 10
21.06624212797997
 20
210.9924614272866
 10
21.14031168091284
 20
210.9924614272866
 10
21.20215114487308
 20
210.9431965618476
 10
21.75784504664387
 20
210.4984347347018
 10
22.51111517449375
 20
210.0788221045984
 10
23.40012206446247
 20
210.0788221045984
 10
24.27689886545856
 20
210.0788221045984
 10
24.77092555804338
 20
210.4863769005034
 10
24.77092555804338
 20
211.0789333239664
 10
24.77092555804338
 20
211.5729600165512
 10
24.47447509153763
 20
211.8816405720296
 10
23.47419161739534
 20
212.0173773341484
 10
23.47419161739534
 20
212.0173773341484
 10
23.02977429979812
 20
212.0790445433344
 10
23.02977429979812
 20
212.0790445433344
 10
21.32565781801928
 20
212.3136555458799
 10
20.37481146409032
 20
213.1163627939431
 10
20.37481146409032
 20
214.5984428716976
 10
20.37481146409032
 20
216.1418456490896
 10
21.535464133071
 20
217.1667615559514
 10
23.35068494424914
 20
217.1667615559514
 10
24.46207274779073
 20
217.1667615559514
 10
25.49939099839946
 20
216.8332763129792
 10
26.203224006036
 20
216.2899847549553
 10
26.27729355896887
 20
216.2407198895162
 10
26.28969590271577
 20
216.1911105145286
 10
26.2280286935298
 20
216.1046386178488
 10
26.2280286935298
 20
216.1046386178488
 10
25.47475856567992
 20
214.9811929801089
 10
25.47475856567992
 20
214.9811929801089
 10
25.42532144546659
 20
214.9191812613744
 10
25.36365423628062
 20
214.907123427176
 10
25.30181477232038
 20
214.9439859488682
 10
24.65964897386981
 20
215.3639430885201
 10
24.04228786291304
 20
215.5861517473188
 10
23.35068494424914
 20
215.5861517473188
 10
22.60981716014616
 20
215.5861517473188
 10
22.2270670517349
 20
215.2034016389075
 10
22.2270670517349
 20
214.6725124246305
 10
22.2270670517349
 20
214.1908880757926
 10
22.57278238367972
 20
213.8822075203142
 10
23.53603108135558
 20
213.7461262486468
 10
23.53603108135558
 20
213.7461262486468
 10
23.98062065372707
 20
213.6844590394609
 10
23.98062065372707
 20
213.6844590394609
 10
25.70936956822544
 20
213.4498480369153
 10
26.62318114568796
 20
212.659543132599
 10
26.62318114568796
 20
211.1406005331524
 10
26.62318114568796
 20
209.6220024432542
 10
25.49939099839946
 20
208.4982122959658
 10
23.3260525115296
 20
208.4982122959658
 10
22.01708848190893
 20
208.4982122959658
 10
20.74515922875468
 20
209.0166991664959
 10
20.09076334133148
 20
209.6464626211995
 97
        0
 97
        1
330
C0
 75
     2
 76
     1
 98
        1
 10
0.0
 20
0.0
450
        0
451
        0
460
0.0
461
0.0
452
        0
462
0.0
453
        0
470

  0
SPLINE
  5
C2
330
AF
100
AcDbEntity
  8
Ebene 1
100
AcDbSpline
210
0.0
220
0.0
230
1.0
 70
     9
 71
     3
 72
    65
 73
    61
 74
     0
 42
0.0000000001
 43
0.0000000001
 40
0.0
 40
0.0
 40
0.0
 40
0.0
 40
1.0
 40
1.0
 40
1.0
 40
2.0
 40
2.0
 40
2.0
 40
3.0
 40
3.0
 40
3.0
 40
4.0
 40
4.0
 40
4.0
 40
5.0
 40
5.0
 40
5.0
 40
6.0
 40
6.0
 40
6.0
 40
7.0
 40
7.0
 40
7.0
 40
8.0
 40
8.0
 40
8.0
 40
9.0
 40
9.0
 40
9.0
 40
10.0
 40
10.0
 40
10.0
 40
11.0
 40
11.0
 40
11.0
 40
12.0
 40
12.0
 40
12.0
 40
13.0
 40
13.0
 40
13.0
 40
14.0
 40
14.0
 40
14.0
 40
15.0
 40
15.0
 40
15.0
 40
16.0
 40
16.0
 40
16.0
 40
17.0
 40
17.0
 40
17.0
 40
18.0
 40
18.0
 40
18.0
 40
19.0
 40
19.0
 40
19.0
 40
20.0
 40
20.0
 40
20.0
 40
20.0
 10
27.4372572088525
 20
209.6464626211995
 30
0.0
 10
27.38782008863916
 20
209.6960719961871
 30
0.0
 10
27.36318765591962
 20
209.7821993833183
 30
0.0
 10
27.4248548651056
 20
209.8566134457998
 30
0.0
 10
27.4248548651056
 20
209.8566134457998
 30
0.0
 10
28.36347113006191
 20
210.9307942181007
 30
0.0
 10
28.36347113006191
 20
210.9307942181007
 30
0.0
 10
28.41273599550099
 20
210.9924614272866
 30
0.0
 10
28.48680554843386
 20
210.9924614272866
 30
0.0
 10
28.54864501239409
 20
210.9431965618476
 30
0.0
 10
29.10433891416489
 20
210.4984347347018
 30
0.0
 10
29.85760904201477
 20
210.0788221045984
 30
0.0
 10
30.74661593198349
 20
210.0788221045984
 30
0.0
 10
31.62339273297957
 20
210.0788221045984
 30
0.0
 10
32.1174194255644
 20
210.4863769005034
 30
0.0
 10
32.1174194255644
 20
211.0789333239664
 30
0.0
 10
32.1174194255644
 20
211.5729600165512
 30
0.0
 10
31.82096895905865
 20
211.8816405720296
 30
0.0
 10
30.82068548491636
 20
212.0173773341484
 30
0.0
 10
30.82068548491636
 20
212.0173773341484
 30
0.0
 10
30.37626816731913
 20
212.0790445433344
 30
0.0
 10
30.37626816731913
 20
212.0790445433344
 30
0.0
 10
28.6721516855403
 20
212.3136555458799
 30
0.0
 10
27.72130533161134
 20
213.1163627939431
 30
0.0
 10
27.72130533161134
 20
214.5984428716976
 30
0.0
 10
27.72130533161134
 20
216.1418456490896
 30
0.0
 10
28.88195800059201
 20
217.1667615559514
 30
0.0
 10
30.69735106654441
 20
217.1667615559514
 30
0.0
 10
31.80856661531175
 20
217.1667615559514
 30
0.0
 10
32.84588486592048
 20
216.8332763129792
 30
0.0
 10
33.54971787355701
 20
216.2899847549553
 30
0.0
 10
33.62378742648989
 20
216.2407198895162
 30
0.0
 10
33.63618977023679
 20
216.1911105145286
 30
0.0
 10
33.57452256105081
 20
216.1046386178488
 30
0.0
 10
33.57452256105081
 20
216.1046386178488
 30
0.0
 10
32.82125243320094
 20
214.9811929801089
 30
0.0
 10
32.82125243320094
 20
214.9811929801089
 30
0.0
 10
32.77181531298761
 20
214.9191812613744
 30
0.0
 10
32.71014810380163
 20
214.907123427176
 30
0.0
 10
32.6483086398414
 20
214.9439859488682
 30
0.0
 10
32.00614284139083
 20
215.3639430885201
 30
0.0
 10
31.38878173043405
 20
215.5861517473188
 30
0.0
 10
30.69735106654441
 20
215.5861517473188
 30
0.0
 10
29.95631102766717
 20
215.5861517473188
 30
0.0
 10
29.57356091925592
 20
215.2034016389075
 30
0.0
 10
29.57356091925592
 20
214.6725124246305
 30
0.0
 10
29.57356091925592
 20
214.1908880757926
 30
0.0
 10
29.91927625120074
 20
213.8822075203142
 30
0.0
 10
30.88252494887659
 20
213.7461262486468
 30
0.0
 10
30.88252494887659
 20
213.7461262486468
 30
0.0
 10
31.32711452124809
 20
213.6844590394609
 30
0.0
 10
31.32711452124809
 20
213.6844590394609
 30
0.0
 10
33.05586343574645
 20
213.4498480369153
 30
0.0
 10
33.96967501320897
 20
212.659543132599
 30
0.0
 10
33.96967501320897
 20
211.1406005331524
 30
0.0
 10
33.96967501320897
 20
209.6220024432542
 30
0.0
 10
32.84588486592048
 20
208.4982122959658
 30
0.0
 10
30.67254637905062
 20
208.4982122959658
 30
0.0
 10
29.36358234942994
 20
208.4982122959658
 30
0.0
 10
28.0916530962757
 20
209.0166991664959
 30
0.0
 10
27.4372572088525
 20
209.6464626211995
 30
0.0
  0
HATCH
  5
C3
330
AF
100
AcDbEntity
  8
Ebene 1
 62
    18
420
        0
440
 33554687
100
AcDbHatch
 10
0.0
 20
0.0
 30
0.0
210
0.0
220
0.0
230
1.0
  2
SOLID
 70
     1
 71
     1
 91
        1
 92
        1
 93
        1
 72
     4
 94
        3
 73
     0
 74
     0
 95
       65
 96
       61
 40
0.0
 40
0.0
 40
0.0
 40
0.0
 40
1.0
 40
1.0
 40
1.0
 40
2.0
 40
2.0
 40
2.0
 40
3.0
 40
3.0
 40
3.0
 40
4.0
 40
4.0
 40
4.0
 40
5.0
 40
5.0
 40
5.0
 40
6.0
 40
6.0
 40
6.0
 40
7.0
 40
7.0
 40
7.0
 40
8.0
 40
8.0
 40
8.0
 40
9.0
 40
9.0
 40
9.0
 40
10.0
 40
10.0
 40
10.0
 40
11.0
 40
11.0
 40
11.0
 40
12.0
 40
12.0
 40
12.0
 40
13.0
 40
13.0
 40
13.0
 40
14.0
 40
14.0
 40
14.0
 40
15.0
 40
15.0
 40
15.0
 40
16.0
 40
16.0
 40
16.0
 40
17.0
 40
17.0
 40
17.0
 40
18.0
 40
18.0
 40
18.0
 40
19.0
 40
19.0
 40
19.0
 40
20.0
 40
20.0
 40
20.0
 40
20.0
 10
27.4372572088525
 20
209.6464626211995
 10
27.38782008863916
 20
209.6960719961871
 10
27.36318765591962
 20
209.7821993833183
 10
27.4248548651056
 20
209.8566134457998
 10
27.4248548651056
 20
209.8566134457998
 10
28.36347113006191
 20
210.9307942181007
 10
28.36347113006191
 20
210.9307942181007
 10
28.41273599550099
 20
210.9924614272866
 10
28.48680554843386
 20
210.9924614272866
 10
28.54864501239409
 20
210.9431965618476
 10
29.10433891416489
 20
210.4984347347018
 10
29.85760904201477
 20
210.0788221045984
 10
30.74661593198349
 20
210.0788221045984
 10
31.62339273297957
 20
210.0788221045984
 10
32.1174194255644
 20
210.4863769005034
 10
32.1174194255644
 20
211.0789333239664
 10
32.1174194255644
 20
211.5729600165512
 10
31.82096895905865
 20
211.8816405720296
 10
30.82068548491636
 20
212.0173773341484
 10
30.82068548491636
 20
212.0173773341484
 10
30.37626816731913
 20
212.0790445433344
 10
30.37626816731913
 20
212.0790445433344
 10
28.6721516855403
 20
212.3136555458799
 10
27.72130533161134
 20
213.1163627939431
 10
27.72130533161134
 20
214.5984428716976
 10
27.72130533161134
 20
216.1418456490896
 10
28.88195800059201
 20
217.1667615559514
 10
30.69735106654441
 20
217.1667615559514
 10
31.80856661531175
 20
217.1667615559514
 10
32.84588486592048
 20
216.8332763129792
 10
33.54971787355701
 20
216.2899847549553
 10
33.62378742648989
 20
216.2407198895162
 10
33.63618977023679
 20
216.1911105145286
 10
33.57452256105081
 20
216.1046386178488
 10
33.57452256105081
 20
216.1046386178488
 10
32.82125243320094
 20
214.9811929801089
 10
32.82125243320094
 20
214.9811929801089
 10
32.77181531298761
 20
214.9191812613744
 10
32.71014810380163
 20
214.907123427176
 10
32.6483086398414
 20
214.9439859488682
 10
32.00614284139083
 20
215.3639430885201
 10
31.38878173043405
 20
215.5861517473188
 10
30.69735106654441
 20
215.5861517473188
 10
29.95631102766717
 20
215.5861517473188
 10
29.57356091925592
 20
215.2034016389075
 10
29.57356091925592
 20
214.6725124246305
 10
29.57356091925592
 20
214.1908880757926
 10
29.91927625120074
 20
213.8822075203142
 10
30.88252494887659
 20
213.7461262486468
 10
30.88252494887659
 20
213.7461262486468
 10
31.32711452124809
 20
213.6844590394609
 10
31.32711452124809
 20
213.6844590394609
 10
33.05586343574645
 20
213.4498480369153
 10
33.96967501320897
 20
212.659543132599
 10
33.96967501320897
 20
211.1406005331524
 10
33.96967501320897
 20
209.6220024432542
 10
32.84588486592048
 20
208.4982122959658
 10
30.67254637905062
 20
208.4982122959658
 10
29.36358234942994
 20
208.4982122959658
 10
28.0916530962757
 20
209.0166991664959
 10
27.4372572088525
 20
209.6464626211995
 97
        0
 97
        1
330
C2
 75
     2
 76
     1
 98
        1
 10
0.0
 20
0.0
450
        0
451
        0
460
0.0
461
0.0
452
        0
462
0.0
453
        0
470

  0
SPLINE
  5
C4
330
AF
100
AcDbEntity
  8
Ebene 1
100
AcDbSpline
210
0.0
220
0.0
230
1.0
 70
     9
 71
     3
 72
    29
 73
    25
 74
     0
 42
0.0000000001
 43
0.0000000001
 40
0.0
 40
0.0
 40
0.0
 40
0.0
 40
1.0
 40
1.0
 40
1.0
 40
2.0
 40
2.0
 40
2.0
 40
3.0
 40
3.0
 40
3.0
 40
4.0
 40
4.0
 40
4.0
 40
5.0
 40
5.0
 40
5.0
 40
6.0
 40
6.0
 40
6.0
 40
7.0
 40
7.0
 40
7.0
 40
8.0
 40
8.0
 40
8.0
 40
8.0
 10
35.19130587227856
 20
216.907345865912
 30
0.0
 10
35.19130587227856
 20
216.9814154188449
 30
0.0
 10
35.24057073771764
 20
217.0310247938325
 30
0.0
 10
35.31481254542477
 20
217.0310247938325
 30
0.0
 10
35.31481254542477
 20
217.0310247938325
 30
0.0
 10
36.8830200103105
 20
217.0310247938325
 30
0.0
 10
36.8830200103105
 20
217.0310247938325
 30
0.0
 10
36.95708956324337
 20
217.0310247938325
 30
0.0
 10
37.00652668345671
 20
216.9814154188449
 30
0.0
 10
37.00652668345671
 20
216.907345865912
 30
0.0
 10
37.00652668345671
 20
216.907345865912
 30
0.0
 10
37.00652668345671
 20
208.7572834764565
 30
0.0
 10
37.00652668345671
 20
208.7572834764565
 30
0.0
 10
37.00652668345671
 20
208.6832139235236
 30
0.0
 10
36.95708956324337
 20
208.6339490580846
 30
0.0
 10
36.8830200103105
 20
208.6339490580846
 30
0.0
 10
36.8830200103105
 20
208.6339490580846
 30
0.0
 10
35.31481254542477
 20
208.6339490580846
 30
0.0
 10
35.31481254542477
 20
208.6339490580846
 30
0.0
 10
35.24057073771764
 20
208.6339490580846
 30
0.0
 10
35.19130587227856
 20
208.6832139235236
 30
0.0
 10
35.19130587227856
 20
208.7572834764565
 30
0.0
 10
35.19130587227856
 20
208.7572834764565
 30
0.0
 10
35.19130587227856
 20
216.907345865912
 30
0.0
 10
35.19130587227856
 20
216.907345865912
 30
0.0
  0
HATCH
  5
C5
330
AF
100
AcDbEntity
  8
Ebene 1
 62
    18
420
        0
440
 33554687
100
AcDbHatch
 10
0.0
 20
0.0
 30
0.0
210
0.0
220
0.0
230
1.0
  2
SOLID
 70
     1
 71
     1
 91
        1
 92
        1
 93
        1
 72
     4
 94
        3
 73
     0
 74
     0
 95
       29
 96
       25
 40
0.0
 40
0.0
 40
0.0
 40
0.0
 40
1.0
 40
1.0
 40
1.0
 40
2.0
 40
2.0
 40
2.0
 40
3.0
 40
3.0
 40
3.0
 40
4.0
 40
4.0
 40
4.0
 40
5.0
 40
5.0
 40
5.0
 40
6.0
 40
6.0
 40
6.0
 40
7.0
 40
7.0
 40
7.0
 40
8.0
 40
8.0
 40
8.0
 40
8.0
 10
35.19130587227856
 20
216.907345865912
 10
35.19130587227856
 20
216.9814154188449
 10
35.24057073771764
 20
217.0310247938325
 10
35.31481254542477
 20
217.0310247938325
 10
35.31481254542477
 20
217.0310247938325
 10
36.8830200103105
 20
217.0310247938325
 10
36.8830200103105
 20
217.0310247938325
 10
36.95708956324337
 20
217.0310247938325
 10
37.00652668345671
 20
216.9814154188449
 10
37.00652668345671
 20
216.907345865912
 10
37.00652668345671
 20
216.907345865912
 10
37.00652668345671
 20
208.7572834764565
 10
37.00652668345671
 20
208.7572834764565
 10
37.00652668345671
 20
208.6832139235236
 10
36.95708956324337
 20
208.6339490580846
 10
36.8830200103105
 20
208.6339490580846
 10
36.8830200103105
 20
208.6339490580846
 10
35.31481254542477
 20
208.6339490580846
 10
35.31481254542477
 20
208.6339490580846
 10
35.24057073771764
 20
208.6339490580846
 10
35.19130587227856
 20
208.6832139235236
 10
35.19130587227856
 20
208.7572834764565
 10
35.19130587227856
 20
208.7572834764565
 10
35.19130587227856
 20
216.907345865912
 10
35.19130587227856
 20
216.907345865912
 97
        0
 97
        1
330
C4
 75
     2
 76
     1
 98
        1
 10
0.0
 20
0.0
450
        0
451
        0
460
0.0
461
0.0
452
        0
462
0.0
453
        0
470

  0
SPLINE
  5
C6
330
AF
100
AcDbEntity
  8
Ebene 1
100
AcDbSpline
210
0.0
220
0.0
230
1.0
 70
     9
 71
     3
 72
    29
 73
    25
 74
     0
 42
0.0000000001
 43
0.0000000001
 40
0.0
 40
0.0
 40
0.0
 40
0.0
 40
1.0
 40
1.0
 40
1.0
 40
2.0
 40
2.0
 40
2.0
 40
3.0
 40
3.0
 40
3.0
 40
4.0
 40
4.0
 40
4.0
 40
5.0
 40
5.0
 40
5.0
 40
6.0
 40
6.0
 40
6.0
 40
7.0
 40
7.0
 40
7.0
 40
8.0
 40
8.0
 40
8.0
 40
8.0
 10
43.00736625443913
 20
211.0296684585273
 30
0.0
 10
43.10624049486579
 20
211.3259466702588
 30
0.0
 10
43.14327527133223
 20
211.7335014661639
 30
0.0
 10
43.14327527133223
 20
212.8324869259586
 30
0.0
 10
43.14327527133223
 20
213.9314723857533
 30
0.0
 10
43.10624049486579
 20
214.3390271816583
 30
0.0
 10
43.00736625443913
 20
214.6353053933898
 30
0.0
 10
42.82219237210695
 20
215.2158039826544
 30
0.0
 10
42.37760279973546
 20
215.5613470598249
 30
0.0
 10
41.68617213584582
 20
215.5613470598249
 30
0.0
 10
40.99456921718191
 20
215.5613470598249
 30
0.0
 10
40.55015189958468
 20
215.2158039826544
 30
0.0
 10
40.36480576247824
 20
214.6353053933898
 30
0.0
 10
40.26610377682583
 20
214.3390271816583
 30
0.0
 10
40.2290690003594
 20
213.9314723857533
 30
0.0
 10
40.2290690003594
 20
212.8324869259586
 30
0.0
 10
40.2290690003594
 20
211.7335014661639
 30
0.0
 10
40.26610377682583
 20
211.3259466702588
 30
0.0
 10
40.36480576247824
 20
211.0296684585273
 30
0.0
 10
40.55015189958468
 20
210.4491698692627
 30
0.0
 10
40.99456921718191
 20
210.1032822825436
 30
0.0
 10
41.68617213584582
 20
210.1032822825436
 30
0.0
 10
42.37760279973546
 20
210.1032822825436
 30
0.0
 10
42.82219237210695
 20
210.4491698692627
 30
0.0
 10
43.00736625443913
 20
211.0296684585273
 30
0.0
  0
SPLINE
  5
C7
330
AF
100
AcDbEntity
  8
Ebene 1
100
AcDbSpline
210
0.0
220
0.0
230
1.0
 70
     9
 71
     3
 72
    29
 73
    25
 74
     0
 42
0.0000000001
 43
0.0000000001
 40
0.0
 40
0.0
 40
0.0
 40
0.0
 40
1.0
 40
1.0
 40
1.0
 40
2.0
 40
2.0
 40
2.0
 40
3.0
 40
3.0
 40
3.0
 40
4.0
 40
4.0
 40
4.0
 40
5.0
 40
5.0
 40
5.0
 40
6.0
 40
6.0
 40
6.0
 40
7.0
 40
7.0
 40
7.0
 40
8.0
 40
8.0
 40
8.0
 40
8.0
 10
38.62365450423297
 20
210.5356417659425
 30
0.0
 10
38.4384806219008
 20
211.1161403552071
 30
0.0
 10
38.38904350168746
 20
211.5853623602981
 30
0.0
 10
38.38904350168746
 20
212.8324869259586
 30
0.0
 10
38.38904350168746
 20
214.079611491619
 30
0.0
 10
38.4384806219008
 20
214.54883349671
 30
0.0
 10
38.62365450423297
 20
215.1293320859746
 30
0.0
 10
39.05584173285756
 20
216.4877332358086
 30
0.0
 10
40.2166666566125
 20
217.1667615559514
 30
0.0
 10
41.68617213584582
 20
217.1667615559514
 30
0.0
 10
43.15567761507913
 20
217.1667615559514
 30
0.0
 10
44.31633028405981
 20
216.4877332358086
 30
0.0
 10
44.7485175126844
 20
215.1293320859746
 30
0.0
 10
44.93386364979084
 20
214.54883349671
 30
0.0
 10
44.98312851522991
 20
214.079611491619
 30
0.0
 10
44.98312851522991
 20
212.8324869259586
 30
0.0
 10
44.98312851522991
 20
211.5853623602981
 30
0.0
 10
44.93386364979084
 20
211.1161403552071
 30
0.0
 10
44.7485175126844
 20
210.5356417659425
 30
0.0
 10
44.31633028405981
 20
209.1772406161084
 30
0.0
 10
43.15567761507913
 20
208.4982122959658
 30
0.0
 10
41.68617213584582
 20
208.4982122959658
 30
0.0
 10
40.2166666566125
 20
208.4982122959658
 30
0.0
 10
39.05584173285756
 20
209.1772406161084
 30
0.0
 10
38.62365450423297
 20
210.5356417659425
 30
0.0
  0
HATCH
  5
C8
330
AF
100
AcDbEntity
  8
Ebene 1
 62
    18
420
        0
440
 33554687
100
AcDbHatch
 10
0.0
 20
0.0
 30
0.0
210
0.0
220
0.0
230
1.0
  2
SOLID
 70
     1
 71
     1
 91
        2
 92
        1
 93
        1
 72
     4
 94
        3
 73
     0
 74
     0
 95
       29
 96
       25
 40
0.0
 40
0.0
 40
0.0
 40
0.0
 40
1.0
 40
1.0
 40
1.0
 40
2.0
 40
2.0
 40
2.0
 40
3.0
 40
3.0
 40
3.0
 40
4.0
 40
4.0
 40
4.0
 40
5.0
 40
5.0
 40
5.0
 40
6.0
 40
6.0
 40
6.0
 40
7.0
 40
7.0
 40
7.0
 40
8.0
 40
8.0
 40
8.0
 40
8.0
 10
43.00736625443913
 20
211.0296684585273
 10
43.10624049486579
 20
211.3259466702588
 10
43.14327527133223
 20
211.7335014661639
 10
43.14327527133223
 20
212.8324869259586
 10
43.14327527133223
 20
213.9314723857533
 10
43.10624049486579
 20
214.3390271816583
 10
43.00736625443913
 20
214.6353053933898
 10
42.82219237210695
 20
215.2158039826544
 10
42.37760279973546
 20
215.5613470598249
 10
41.68617213584582
 20
215.5613470598249
 10
40.99456921718191
 20
215.5613470598249
 10
40.55015189958468
 20
215.2158039826544
 10
40.36480576247824
 20
214.6353053933898
 10
40.26610377682583
 20
214.3390271816583
 10
40.2290690003594
 20
213.9314723857533
 10
40.2290690003594
 20
212.8324869259586
 10
40.2290690003594
 20
211.7335014661639
 10
40.26610377682583
 20
211.3259466702588
 10
40.36480576247824
 20
211.0296684585273
 10
40.55015189958468
 20
210.4491698692627
 10
40.99456921718191
 20
210.1032822825436
 10
41.68617213584582
 20
210.1032822825436
 10
42.37760279973546
 20
210.1032822825436
 10
42.82219237210695
 20
210.4491698692627
 10
43.00736625443913
 20
211.0296684585273
 97
        0
 97
        1
330
C6
 92
        1
 93
        1
 72
     4
 94
        3
 73
     0
 74
     0
 95
       29
 96
       25
 40
0.0
 40
0.0
 40
0.0
 40
0.0
 40
1.0
 40
1.0
 40
1.0
 40
2.0
 40
2.0
 40
2.0
 40
3.0
 40
3.0
 40
3.0
 40
4.0
 40
4.0
 40
4.0
 40
5.0
 40
5.0
 40
5.0
 40
6.0
 40
6.0
 40
6.0
 40
7.0
 40
7.0
 40
7.0
 40
8.0
 40
8.0
 40
8.0
 40
8.0
 10
38.62365450423297
 20
210.5356417659425
 10
38.4384806219008
 20
211.1161403552071
 10
38.38904350168746
 20
211.5853623602981
 10
38.38904350168746
 20
212.8324869259586
 10
38.38904350168746
 20
214.079611491619
 10
38.4384806219008
 20
214.54883349671
 10
38.62365450423297
 20
215.1293320859746
 10
39.05584173285756
 20
216.4877332358086
 10
40.2166666566125
 20
217.1667615559514
 10
41.68617213584582
 20
217.1667615559514
 10
43.15567761507913
 20
217.1667615559514
 10
44.31633028405981
 20
216.4877332358086
 10
44.7485175126844
 20
215.1293320859746
 10
44.93386364979084
 20
214.54883349671
 10
44.98312851522991
 20
214.079611491619
 10
44.98312851522991
 20
212.8324869259586
 10
44.98312851522991
 20
211.5853623602981
 10
44.93386364979084
 20
211.1161403552071
 10
44.7485175126844
 20
210.5356417659425
 10
44.31633028405981
 20
209.1772406161084
 10
43.15567761507913
 20
208.4982122959658
 10
41.68617213584582
 20
208.4982122959658
 10
40.2166666566125
 20
208.4982122959658
 10
39.05584173285756
 20
209.1772406161084
 10
38.62365450423297
 20
210.5356417659425
 97
        0
 97
        1
330
C7
 75
     2
 76
     1
 98
        1
 10
0.0
 20
0.0
450
        0
451
        0
460
0.0
461
0.0
452
        0
462
0.0
453
        0
470

  0
SPLINE
  5
C9
330
AF
100
AcDbEntity
  8
Ebene 1
100
AcDbSpline
210
0.0
220
0.0
230
1.0
 70
     9
 71
     3
 72
    65
 73
    61
 74
     0
 42
0.0000000001
 43
0.0000000001
 40
0.0
 40
0.0
 40
0.0
 40
0.0
 40
1.0
 40
1.0
 40
1.0
 40
2.0
 40
2.0
 40
2.0
 40
3.0
 40
3.0
 40
3.0
 40
4.0
 40
4.0
 40
4.0
 40
5.0
 40
5.0
 40
5.0
 40
6.0
 40
6.0
 40
6.0
 40
7.0
 40
7.0
 40
7.0
 40
8.0
 40
8.0
 40
8.0
 40
9.0
 40
9.0
 40
9.0
 40
10.0
 40
10.0
 40
10.0
 40
11.0
 40
11.0
 40
11.0
 40
12.0
 40
12.0
 40
12.0
 40
13.0
 40
13.0
 40
13.0
 40
14.0
 40
14.0
 40
14.0
 40
15.0
 40
15.0
 40
15.0
 40
16.0
 40
16.0
 40
16.0
 40
17.0
 40
17.0
 40
17.0
 40
18.0
 40
18.0
 40
18.0
 40
19.0
 40
19.0
 40
19.0
 40
20.0
 40
20.0
 40
20.0
 40
20.0
 10
46.36530082391215
 20
216.907345865912
 30
0.0
 10
46.36530082391215
 20
216.9814154188449
 30
0.0
 10
46.41456568935121
 20
217.0310247938325
 30
0.0
 10
46.48880749705835
 20
217.0310247938325
 30
0.0
 10
46.48880749705835
 20
217.0310247938325
 30
0.0
 10
47.97054306526431
 20
217.0310247938325
 30
0.0
 10
47.97054306526431
 20
217.0310247938325
 30
0.0
 10
48.05701496194409
 20
217.0310247938325
 30
0.0
 10
48.13108451487695
 20
216.9938177625919
 30
0.0
 10
48.18052163509029
 20
216.907345865912
 30
0.0
 10
48.18052163509029
 20
216.907345865912
 30
0.0
 10
51.14416502627646
 20
211.6222248819903
 30
0.0
 10
51.14416502627646
 20
211.6222248819903
 30
0.0
 10
51.14416502627646
 20
211.6222248819903
 30
0.0
 10
51.20583223546243
 20
211.6222248819903
 30
0.0
 10
51.20583223546243
 20
211.6222248819903
 30
0.0
 10
51.20583223546243
 20
211.6222248819903
 30
0.0
 10
51.20583223546243
 20
216.907345865912
 30
0.0
 10
51.20583223546243
 20
216.907345865912
 30
0.0
 10
51.20583223546243
 20
216.9814154188449
 30
0.0
 10
51.25526935567577
 20
217.0310247938325
 30
0.0
 10
51.32933890860864
 20
217.0310247938325
 30
0.0
 10
51.32933890860864
 20
217.0310247938325
 30
0.0
 10
52.72477483490908
 20
217.0310247938325
 30
0.0
 10
52.72477483490908
 20
217.0310247938325
 30
0.0
 10
52.79884438784196
 20
217.0310247938325
 30
0.0
 10
52.84828150805529
 20
216.9814154188449
 30
0.0
 10
52.84828150805529
 20
216.907345865912
 30
0.0
 10
52.84828150805529
 20
216.907345865912
 30
0.0
 10
52.84828150805529
 20
208.7572834764565
 30
0.0
 10
52.84828150805529
 20
208.7572834764565
 30
0.0
 10
52.84828150805529
 20
208.6832139235236
 30
0.0
 10
52.79884438784196
 20
208.6339490580846
 30
0.0
 10
52.72477483490908
 20
208.6339490580846
 30
0.0
 10
52.72477483490908
 20
208.6339490580846
 30
0.0
 10
51.25526935567577
 20
208.6339490580846
 30
0.0
 10
51.25526935567577
 20
208.6339490580846
 30
0.0
 10
51.1563951152491
 20
208.6339490580846
 30
0.0
 10
51.09472790606313
 20
208.6711560893253
 30
0.0
 10
51.04529078584979
 20
208.7572834764565
 30
0.0
 10
51.04529078584979
 20
208.7572834764565
 30
0.0
 10
48.06941730569098
 20
214.0303466261799
 30
0.0
 10
48.06941730569098
 20
214.0303466261799
 30
0.0
 10
48.06941730569098
 20
214.0303466261799
 30
0.0
 10
48.00757784173074
 20
214.0303466261799
 30
0.0
 10
48.00757784173074
 20
214.0303466261799
 30
0.0
 10
48.00757784173074
 20
214.0303466261799
 30
0.0
 10
48.00757784173074
 20
208.7572834764565
 30
0.0
 10
48.00757784173074
 20
208.7572834764565
 30
0.0
 10
48.00757784173074
 20
208.6832139235236
 30
0.0
 10
47.95814072151741
 20
208.6339490580846
 30
0.0
 10
47.88407116858453
 20
208.6339490580846
 30
0.0
 10
47.88407116858453
 20
208.6339490580846
 30
0.0
 10
46.48880749705835
 20
208.6339490580846
 30
0.0
 10
46.48880749705835
 20
208.6339490580846
 30
0.0
 10
46.41456568935121
 20
208.6339490580846
 30
0.0
 10
46.36530082391215
 20
208.6832139235236
 30
0.0
 10
46.36530082391215
 20
208.7572834764565
 30
0.0
 10
46.36530082391215
 20
208.7572834764565
 30
0.0
 10
46.36530082391215
 20
216.907345865912
 30
0.0
 10
46.36530082391215
 20
216.907345865912
 30
0.0
  0
HATCH
  5
CA
330
AF
100
AcDbEntity
  8
Ebene 1
 62
    18
420
        0
440
 33554687
100
AcDbHatch
 10
0.0
 20
0.0
 30
0.0
210
0.0
220
0.0
230
1.0
  2
SOLID
 70
     1
 71
     1
 91
        1
 92
        1
 93
        1
 72
     4
 94
        3
 73
     0
 74
     0
 95
       65
 96
       61
 40
0.0
 40
0.0
 40
0.0
 40
0.0
 40
1.0
 40
1.0
 40
1.0
 40
2.0
 40
2.0
 40
2.0
 40
3.0
 40
3.0
 40
3.0
 40
4.0
 40
4.0
 40
4.0
 40
5.0
 40
5.0
 40
5.0
 40
6.0
 40
6.0
 40
6.0
 40
7.0
 40
7.0
 40
7.0
 40
8.0
 40
8.0
 40
8.0
 40
9.0
 40
9.0
 40
9.0
 40
10.0
 40
10.0
 40
10.0
 40
11.0
 40
11.0
 40
11.0
 40
12.0
 40
12.0
 40
12.0
 40
13.0
 40
13.0
 40
13.0
 40
14.0
 40
14.0
 40
14.0
 40
15.0
 40
15.0
 40
15.0
 40
16.0
 40
16.0
 40
16.0
 40
17.0
 40
17.0
 40
17.0
 40
18.0
 40
18.0
 40
18.0
 40
19.0
 40
19.0
 40
19.0
 40
20.0
 40
20.0
 40
20.0
 40
20.0
 10
46.36530082391215
 20
216.907345865912
 10
46.36530082391215
 20
216.9814154188449
 10
46.41456568935121
 20
217.0310247938325
 10
46.48880749705835
 20
217.0310247938325
 10
46.48880749705835
 20
217.0310247938325
 10
47.97054306526431
 20
217.0310247938325
 10
47.97054306526431
 20
217.0310247938325
 10
48.05701496194409
 20
217.0310247938325
 10
48.13108451487695
 20
216.9938177625919
 10
48.18052163509029
 20
216.907345865912
 10
48.18052163509029
 20
216.907345865912
 10
51.14416502627646
 20
211.6222248819903
 10
51.14416502627646
 20
211.6222248819903
 10
51.14416502627646
 20
211.6222248819903
 10
51.20583223546243
 20
211.6222248819903
 10
51.20583223546243
 20
211.6222248819903
 10
51.20583223546243
 20
211.6222248819903
 10
51.20583223546243
 20
216.907345865912
 10
51.20583223546243
 20
216.907345865912
 10
51.20583223546243
 20
216.9814154188449
 10
51.25526935567577
 20
217.0310247938325
 10
51.32933890860864
 20
217.0310247938325
 10
51.32933890860864
 20
217.0310247938325
 10
52.72477483490908
 20
217.0310247938325
 10
52.72477483490908
 20
217.0310247938325
 10
52.79884438784196
 20
217.0310247938325
 10
52.84828150805529
 20
216.9814154188449
 10
52.84828150805529
 20
216.907345865912
 10
52.84828150805529
 20
216.907345865912
 10
52.84828150805529
 20
208.7572834764565
 10
52.84828150805529
 20
208.7572834764565
 10
52.84828150805529
 20
208.6832139235236
 10
52.79884438784196
 20
208.6339490580846
 10
52.72477483490908
 20
208.6339490580846
 10
52.72477483490908
 20
208.6339490580846
 10
51.25526935567577
 20
208.6339490580846
 10
51.25526935567577
 20
208.6339490580846
 10
51.1563951152491
 20
208.6339490580846
 10
51.09472790606313
 20
208.6711560893253
 10
51.04529078584979
 20
208.7572834764565
 10
51.04529078584979
 20
208.7572834764565
 10
48.06941730569098
 20
214.0303466261799
 10
48.06941730569098
 20
214.0303466261799
 10
48.06941730569098
 20
214.0303466261799
 10
48.00757784173074
 20
214.0303466261799
 10
48.00757784173074
 20
214.0303466261799
 10
48.00757784173074
 20
214.0303466261799
 10
48.00757784173074
 20
208.7572834764565
 10
48.00757784173074
 20
208.7572834764565
 10
48.00757784173074
 20
208.6832139235236
 10
47.95814072151741
 20
208.6339490580846
 10
47.88407116858453
 20
208.6339490580846
 10
47.88407116858453
 20
208.6339490580846
 10
46.48880749705835
 20
208.6339490580846
 10
46.48880749705835
 20
208.6339490580846
 10
46.41456568935121
 20
208.6339490580846
 10
46.36530082391215
 20
208.6832139235236
 10
46.36530082391215
 20
208.7572834764565
 10
46.36530082391215
 20
208.7572834764565
 10
46.36530082391215
 20
216.907345865912
 10
46.36530082391215
 20
216.907345865912
 97
        0
 97
        1
330
C9
 75
     2
 76
     1
 98
        1
 10
0.0
 20
0.0
450
        0
451
        0
460
0.0
461
0.0
452
        0
462
0.0
453
        0
470

  0
SPLINE
  5
CB
330
AF
100
AcDbEntity
  8
Ebene 1
100
AcDbSpline
210
0.0
220
0.0
230
1.0
 70
     9
 71
     3
 72
    77
 73
    73
 74
     0
 42
0.0000000001
 43
0.0000000001
 40
0.0
 40
0.0
 40
0.0
 40
0.0
 40
1.0
 40
1.0
 40
1.0
 40
2.0
 40
2.0
 40
2.0
 40
3.0
 40
3.0
 40
3.0
 40
4.0
 40
4.0
 40
4.0
 40
5.0
 40
5.0
 40
5.0
 40
6.0
 40
6.0
 40
6.0
 40
7.0
 40
7.0
 40
7.0
 40
8.0
 40
8.0
 40
8.0
 40
9.0
 40
9.0
 40
9.0
 40
10.0
 40
10.0
 40
10.0
 40
11.0
 40
11.0
 40
11.0
 40
12.0
 40
12.0
 40
12.0
 40
13.0
 40
13.0
 40
13.0
 40
14.0
 40
14.0
 40
14.0
 40
15.0
 40
15.0
 40
15.0
 40
16.0
 40
16.0
 40
16.0
 40
17.0
 40
17.0
 40
17.0
 40
18.0
 40
18.0
 40
18.0
 40
19.0
 40
19.0
 40
19.0
 40
20.0
 40
20.0
 40
20.0
 40
21.0
 40
21.0
 40
21.0
 40
22.0
 40
22.0
 40
22.0
 40
23.0
 40
23.0
 40
23.0
 40
24.0
 40
24.0
 40
24.0
 40
24.0
 10
54.45266247553615
 20
216.907345865912
 30
0.0
 10
54.45266247553615
 20
216.9814154188449
 30
0.0
 10
54.50192734097521
 20
217.0310247938325
 30
0.0
 10
54.57616914868235
 20
217.0310247938325
 30
0.0
 10
54.57616914868235
 20
217.0310247938325
 30
0.0
 10
59.95999211825653
 20
217.0310247938325
 30
0.0
 10
59.95999211825653
 20
217.0310247938325
 30
0.0
 10
60.0340616711894
 20
217.0310247938325
 30
0.0
 10
60.08349879140274
 20
216.9814154188449
 30
0.0
 10
60.08349879140274
 20
216.907345865912
 30
0.0
 10
60.08349879140274
 20
216.907345865912
 30
0.0
 10
60.08349879140274
 20
215.5861517473188
 30
0.0
 10
60.08349879140274
 20
215.5861517473188
 30
0.0
 10
60.08349879140274
 20
215.5120821943859
 30
0.0
 10
60.0340616711894
 20
215.4628173289468
 30
0.0
 10
59.95999211825653
 20
215.4628173289468
 30
0.0
 10
59.95999211825653
 20
215.4628173289468
 30
0.0
 10
56.34195283964715
 20
215.4628173289468
 30
0.0
 10
56.34195283964715
 20
215.4628173289468
 30
0.0
 10
56.29251571943381
 20
215.4628173289468
 30
0.0
 10
56.26788328671428
 20
215.438012641453
 30
0.0
 10
56.26788328671428
 20
215.388747776014
 30
0.0
 10
56.26788328671428
 20
215.388747776014
 30
0.0
 10
56.26788328671428
 20
213.7216660707015
 30
0.0
 10
56.26788328671428
 20
213.7216660707015
 30
0.0
 10
56.26788328671428
 20
213.6720566957139
 30
0.0
 10
56.29251571943381
 20
213.6475965177687
 30
0.0
 10
56.34195283964715
 20
213.6475965177687
 30
0.0
 10
56.34195283964715
 20
213.6475965177687
 30
0.0
 10
59.35503335104666
 20
213.6475965177687
 30
0.0
 10
59.35503335104666
 20
213.6475965177687
 30
0.0
 10
59.42910290397954
 20
213.6475965177687
 30
0.0
 10
59.4783677694186
 20
213.5979871427811
 30
0.0
 10
59.4783677694186
 20
213.5239175898482
 30
0.0
 10
59.4783677694186
 20
213.5239175898482
 30
0.0
 10
59.4783677694186
 20
212.2151258150018
 30
0.0
 10
59.4783677694186
 20
212.2151258150018
 30
0.0
 10
59.4783677694186
 20
212.1410562620689
 30
0.0
 10
59.42910290397954
 20
212.0914468870813
 30
0.0
 10
59.35503335104666
 20
212.0914468870813
 30
0.0
 10
59.35503335104666
 20
212.0914468870813
 30
0.0
 10
56.34195283964715
 20
212.0914468870813
 30
0.0
 10
56.34195283964715
 20
212.0914468870813
 30
0.0
 10
56.29251571943381
 20
212.0914468870813
 30
0.0
 10
56.26788328671428
 20
212.066986709136
 30
0.0
 10
56.26788328671428
 20
212.0173773341484
 30
0.0
 10
56.26788328671428
 20
212.0173773341484
 30
0.0
 10
56.26788328671428
 20
210.2762260759031
 30
0.0
 10
56.26788328671428
 20
210.2762260759031
 30
0.0
 10
56.26788328671428
 20
210.2269612104641
 30
0.0
 10
56.29251571943381
 20
210.2021565229703
 30
0.0
 10
56.34195283964715
 20
210.2021565229703
 30
0.0
 10
56.34195283964715
 20
210.2021565229703
 30
0.0
 10
59.95999211825653
 20
210.2021565229703
 30
0.0
 10
59.95999211825653
 20
210.2021565229703
 30
0.0
 10
60.0340616711894
 20
210.2021565229703
 30
0.0
 10
60.08349879140274
 20
210.1528916575312
 30
0.0
 10
60.08349879140274
 20
210.0788221045984
 30
0.0
 10
60.08349879140274
 20
210.0788221045984
 30
0.0
 10
60.08349879140274
 20
208.7572834764565
 30
0.0
 10
60.08349879140274
 20
208.7572834764565
 30
0.0
 10
60.08349879140274
 20
208.6832139235236
 30
0.0
 10
60.0340616711894
 20
208.6339490580846
 30
0.0
 10
59.95999211825653
 20
208.6339490580846
 30
0.0
 10
59.95999211825653
 20
208.6339490580846
 30
0.0
 10
54.57616914868235
 20
208.6339490580846
 30
0.0
 10
54.57616914868235
 20
208.6339490580846
 30
0.0
 10
54.50192734097521
 20
208.6339490580846
 30
0.0
 10
54.45266247553615
 20
208.6832139235236
 30
0.0
 10
54.45266247553615
 20
208.7572834764565
 30
0.0
 10
54.45266247553615
 20
208.7572834764565
 30
0.0
 10
54.45266247553615
 20
216.907345865912
 30
0.0
 10
54.45266247553615
 20
216.907345865912
 30
0.0
  0
HATCH
  5
CC
330
AF
100
AcDbEntity
  8
Ebene 1
 62
    18
420
        0
440
 33554687
100
AcDbHatch
 10
0.0
 20
0.0
 30
0.0
210
0.0
220
0.0
230
1.0
  2
SOLID
 70
     1
 71
     1
 91
        1
 92
        1
 93
        1
 72
     4
 94
        3
 73
     0
 74
     0
 95
       77
 96
       73
 40
0.0
 40
0.0
 40
0.0
 40
0.0
 40
1.0
 40
1.0
 40
1.0
 40
2.0
 40
2.0
 40
2.0
 40
3.0
 40
3.0
 40
3.0
 40
4.0
 40
4.0
 40
4.0
 40
5.0
 40
5.0
 40
5.0
 40
6.0
 40
6.0
 40
6.0
 40
7.0
 40
7.0
 40
7.0
 40
8.0
 40
8.0
 40
8.0
 40
9.0
 40
9.0
 40
9.0
 40
10.0
 40
10.0
 40
10.0
 40
11.0
 40
11.0
 40
11.0
 40
12.0
 40
12.0
 40
12.0
 40
13.0
 40
13.0
 40
13.0
 40
14.0
 40
14.0
 40
14.0
 40
15.0
 40
15.0
 40
15.0
 40
16.0
 40
16.0
 40
16.0
 40
17.0
 40
17.0
 40
17.0
 40
18.0
 40
18.0
 40
18.0
 40
19.0
 40
19.0
 40
19.0
 40
20.0
 40
20.0
 40
20.0
 40
21.0
 40
21.0
 40
21.0
 40
22.0
 40
22.0
 40
22.0
 40
23.0
 40
23.0
 40
23.0
 40
24.0
 40
24.0
 40
24.0
 40
24.0
 10
54.45266247553615
 20
216.907345865912
 10
54.45266247553615
 20
216.9814154188449
 10
54.50192734097521
 20
217.0310247938325
 10
54.57616914868235
 20
217.0310247938325
 10
54.57616914868235
 20
217.0310247938325
 10
59.95999211825653
 20
217.0310247938325
 10
59.95999211825653
 20
217.0310247938325
 10
60.0340616711894
 20
217.0310247938325
 10
60.08349879140274
 20
216.9814154188449
 10
60.08349879140274
 20
216.907345865912
 10
60.08349879140274
 20
216.907345865912
 10
60.08349879140274
 20
215.5861517473188
 10
60.08349879140274
 20
215.5861517473188
 10
60.08349879140274
 20
215.5120821943859
 10
60.0340616711894
 20
215.4628173289468
 10
59.95999211825653
 20
215.4628173289468
 10
59.95999211825653
 20
215.4628173289468
 10
56.34195283964715
 20
215.4628173289468
 10
56.34195283964715
 20
215.4628173289468
 10
56.29251571943381
 20
215.4628173289468
 10
56.26788328671428
 20
215.438012641453
 10
56.26788328671428
 20
215.388747776014
 10
56.26788328671428
 20
215.388747776014
 10
56.26788328671428
 20
213.7216660707015
 10
56.26788328671428
 20
213.7216660707015
 10
56.26788328671428
 20
213.6720566957139
 10
56.29251571943381
 20
213.6475965177687
 10
56.34195283964715
 20
213.6475965177687
 10
56.34195283964715
 20
213.6475965177687
 10
59.35503335104666
 20
213.6475965177687
 10
59.35503335104666
 20
213.6475965177687
 10
59.42910290397954
 20
213.6475965177687
 10
59.4783677694186
 20
213.5979871427811
 10
59.4783677694186
 20
213.5239175898482
 10
59.4783677694186
 20
213.5239175898482
 10
59.4783677694186
 20
212.2151258150018
 10
59.4783677694186
 20
212.2151258150018
 10
59.4783677694186
 20
212.1410562620689
 10
59.42910290397954
 20
212.0914468870813
 10
59.35503335104666
 20
212.0914468870813
 10
59.35503335104666
 20
212.0914468870813
 10
56.34195283964715
 20
212.0914468870813
 10
56.34195283964715
 20
212.0914468870813
 10
56.29251571943381
 20
212.0914468870813
 10
56.26788328671428
 20
212.066986709136
 10
56.26788328671428
 20
212.0173773341484
 10
56.26788328671428
 20
212.0173773341484
 10
56.26788328671428
 20
210.2762260759031
 10
56.26788328671428
 20
210.2762260759031
 10
56.26788328671428
 20
210.2269612104641
 10
56.29251571943381
 20
210.2021565229703
 10
56.34195283964715
 20
210.2021565229703
 10
56.34195283964715
 20
210.2021565229703
 10
59.95999211825653
 20
210.2021565229703
 10
59.95999211825653
 20
210.2021565229703
 10
60.0340616711894
 20
210.2021565229703
 10
60.08349879140274
 20
210.1528916575312
 10
60.08349879140274
 20
210.0788221045984
 10
60.08349879140274
 20
210.0788221045984
 10
60.08349879140274
 20
208.7572834764565
 10
60.08349879140274
 20
208.7572834764565
 10
60.08349879140274
 20
208.6832139235236
 10
60.0340616711894
 20
208.6339490580846
 10
59.95999211825653
 20
208.6339490580846
 10
59.95999211825653
 20
208.6339490580846
 10
54.57616914868235
 20
208.6339490580846
 10
54.57616914868235
 20
208.6339490580846
 10
54.50192734097521
 20
208.6339490580846
 10
54.45266247553615
 20
208.6832139235236
 10
54.45266247553615
 20
208.7572834764565
 10
54.45266247553615
 20
208.7572834764565
 10
54.45266247553615
 20
216.907345865912
 10
54.45266247553615
 20
216.907345865912
 97
        0
 97
        1
330
CB
 75
     2
 76
     1
 98
        1
 10
0.0
 20
0.0
450
        0
451
        0
460
0.0
461
0.0
452
        0
462
0.0
453
        0
470

  0
SPLINE
  5
CD
330
AF
100
AcDbEntity
  8
Ebene 1
100
AcDbSpline
210
0.0
220
0.0
230
1.0
 70
     9
 71
     3
 72
    41
 73
    37
 74
     0
 42
0.0000000001
 43
0.0000000001
 40
0.0
 40
0.0
 40
0.0
 40
0.0
 40
1.0
 40
1.0
 40
1.0
 40
2.0
 40
2.0
 40
2.0
 40
3.0
 40
3.0
 40
3.0
 40
4.0
 40
4.0
 40
4.0
 40
5.0
 40
5.0
 40
5.0
 40
6.0
 40
6.0
 40
6.0
 40
7.0
 40
7.0
 40
7.0
 40
8.0
 40
8.0
 40
8.0
 40
9.0
 40
9.0
 40
9.0
 40
10.0
 40
10.0
 40
10.0
 40
11.0
 40
11.0
 40
11.0
 40
12.0
 40
12.0
 40
12.0
 40
12.0
 10
61.42863632361854
 20
216.907345865912
 30
0.0
 10
61.42863632361854
 20
216.9814154188449
 30
0.0
 10
61.47790118905761
 20
217.0310247938325
 30
0.0
 10
61.55214299676474
 20
217.0310247938325
 30
0.0
 10
61.55214299676474
 20
217.0310247938325
 30
0.0
 10
63.12035046165046
 20
217.0310247938325
 30
0.0
 10
63.12035046165046
 20
217.0310247938325
 30
0.0
 10
63.19442001458334
 20
217.0310247938325
 30
0.0
 10
63.24385713479667
 20
216.9814154188449
 30
0.0
 10
63.24385713479667
 20
216.907345865912
 30
0.0
 10
63.24385713479667
 20
216.907345865912
 30
0.0
 10
63.24385713479667
 20
210.3258354508908
 30
0.0
 10
63.24385713479667
 20
210.3258354508908
 30
0.0
 10
63.24385713479667
 20
210.2762260759031
 30
0.0
 10
63.26848956751621
 20
210.2517658979579
 30
0.0
 10
63.31792668772955
 20
210.2517658979579
 30
0.0
 10
63.31792668772955
 20
210.2517658979579
 30
0.0
 10
67.0224378630187
 20
210.2517658979579
 30
0.0
 10
67.0224378630187
 20
210.2517658979579
 30
0.0
 10
67.09650741595156
 20
210.2517658979579
 30
0.0
 10
67.1459445361649
 20
210.2021565229703
 30
0.0
 10
67.1459445361649
 20
210.1280869700374
 30
0.0
 10
67.1459445361649
 20
210.1280869700374
 30
0.0
 10
67.1459445361649
 20
208.7572834764565
 30
0.0
 10
67.1459445361649
 20
208.7572834764565
 30
0.0
 10
67.1459445361649
 20
208.6832139235236
 30
0.0
 10
67.09650741595156
 20
208.6339490580846
 30
0.0
 10
67.0224378630187
 20
208.6339490580846
 30
0.0
 10
67.0224378630187
 20
208.6339490580846
 30
0.0
 10
61.55214299676474
 20
208.6339490580846
 30
0.0
 10
61.55214299676474
 20
208.6339490580846
 30
0.0
 10
61.47790118905761
 20
208.6339490580846
 30
0.0
 10
61.42863632361854
 20
208.6832139235236
 30
0.0
 10
61.42863632361854
 20
208.7572834764565
 30
0.0
 10
61.42863632361854
 20
208.7572834764565
 30
0.0
 10
61.42863632361854
 20
216.907345865912
 30
0.0
 10
61.42863632361854
 20
216.907345865912
 30
0.0
  0
HATCH
  5
CE
330
AF
100
AcDbEntity
  8
Ebene 1
 62
    18
420
        0
440
 33554687
100
AcDbHatch
 10
0.0
 20
0.0
 30
0.0
210
0.0
220
0.0
230
1.0
  2
SOLID
 70
     1
 71
     1
 91
        1
 92
        1
 93
        1
 72
     4
 94
        3
 73
     0
 74
     0
 95
       41
 96
       37
 40
0.0
 40
0.0
 40
0.0
 40
0.0
 40
1.0
 40
1.0
 40
1.0
 40
2.0
 40
2.0
 40
2.0
 40
3.0
 40
3.0
 40
3.0
 40
4.0
 40
4.0
 40
4.0
 40
5.0
 40
5.0
 40
5.0
 40
6.0
 40
6.0
 40
6.0
 40
7.0
 40
7.0
 40
7.0
 40
8.0
 40
8.0
 40
8.0
 40
9.0
 40
9.0
 40
9.0
 40
10.0
 40
10.0
 40
10.0
 40
11.0
 40
11.0
 40
11.0
 40
12.0
 40
12.0
 40
12.0
 40
12.0
 10
61.42863632361854
 20
216.907345865912
 10
61.42863632361854
 20
216.9814154188449
 10
61.47790118905761
 20
217.0310247938325
 10
61.55214299676474
 20
217.0310247938325
 10
61.55214299676474
 20
217.0310247938325
 10
63.12035046165046
 20
217.0310247938325
 10
63.12035046165046
 20
217.0310247938325
 10
63.19442001458334
 20
217.0310247938325
 10
63.24385713479667
 20
216.9814154188449
 10
63.24385713479667
 20
216.907345865912
 10
63.24385713479667
 20
216.907345865912
 10
63.24385713479667
 20
210.3258354508908
 10
63.24385713479667
 20
210.3258354508908
 10
63.24385713479667
 20
210.2762260759031
 10
63.26848956751621
 20
210.2517658979579
 10
63.31792668772955
 20
210.2517658979579
 10
63.31792668772955
 20
210.2517658979579
 10
67.0224378630187
 20
210.2517658979579
 10
67.0224378630187
 20
210.2517658979579
 10
67.09650741595156
 20
210.2517658979579
 10
67.1459445361649
 20
210.2021565229703
 10
67.1459445361649
 20
210.1280869700374
 10
67.1459445361649
 20
210.1280869700374
 10
67.1459445361649
 20
208.7572834764565
 10
67.1459445361649
 20
208.7572834764565
 10
67.1459445361649
 20
208.6832139235236
 10
67.09650741595156
 20
208.6339490580846
 10
67.0224378630187
 20
208.6339490580846
 10
67.0224378630187
 20
208.6339490580846
 10
61.55214299676474
 20
208.6339490580846
 10
61.55214299676474
 20
208.6339490580846
 10
61.47790118905761
 20
208.6339490580846
 10
61.42863632361854
 20
208.6832139235236
 10
61.42863632361854
 20
208.7572834764565
 10
61.42863632361854
 20
208.7572834764565
 10
61.42863632361854
 20
216.907345865912
 10
61.42863632361854
 20
216.907345865912
 97
        0
 97
        1
330
CD
 75
     2
 76
     1
 98
        1
 10
0.0
 20
0.0
450
        0
451
        0
460
0.0
461
0.0
452
        0
462
0.0
453
        0
470

  0
SPLINE
  5
CF
330
AF
100
AcDbEntity
  8
Ebene 1
100
AcDbSpline
210
0.0
220
0.0
230
1.0
 70
     9
 71
     3
 72
    41
 73
    37
 74
     0
 42
0.0000000001
 43
0.0000000001
 40
0.0
 40
0.0
 40
0.0
 40
0.0
 40
1.0
 40
1.0
 40
1.0
 40
2.0
 40
2.0
 40
2.0
 40
3.0
 40
3.0
 40
3.0
 40
4.0
 40
4.0
 40
4.0
 40
5.0
 40
5.0
 40
5.0
 40
6.0
 40
6.0
 40
6.0
 40
7.0
 40
7.0
 40
7.0
 40
8.0
 40
8.0
 40
8.0
 40
9.0
 40
9.0
 40
9.0
 40
10.0
 40
10.0
 40
10.0
 40
11.0
 40
11.0
 40
11.0
 40
12.0
 40
12.0
 40
12.0
 40
12.0
 10
68.21943628936876
 20
216.907345865912
 30
0.0
 10
68.21943628936876
 20
216.9814154188449
 30
0.0
 10
68.26870115480783
 20
217.0310247938325
 30
0.0
 10
68.34294296251496
 20
217.0310247938325
 30
0.0
 10
68.34294296251496
 20
217.0310247938325
 30
0.0
 10
69.91115042740069
 20
217.0310247938325
 30
0.0
 10
69.91115042740069
 20
217.0310247938325
 30
0.0
 10
69.98521998033355
 20
217.0310247938325
 30
0.0
 10
70.03465710054689
 20
216.9814154188449
 30
0.0
 10
70.03465710054689
 20
216.907345865912
 30
0.0
 10
70.03465710054689
 20
216.907345865912
 30
0.0
 10
70.03465710054689
 20
210.3258354508908
 30
0.0
 10
70.03465710054689
 20
210.3258354508908
 30
0.0
 10
70.03465710054689
 20
210.2762260759031
 30
0.0
 10
70.05928953326644
 20
210.2517658979579
 30
0.0
 10
70.10872665347976
 20
210.2517658979579
 30
0.0
 10
70.10872665347976
 20
210.2517658979579
 30
0.0
 10
73.81323782876892
 20
210.2517658979579
 30
0.0
 10
73.81323782876892
 20
210.2517658979579
 30
0.0
 10
73.88730738170179
 20
210.2517658979579
 30
0.0
 10
73.93674450191513
 20
210.2021565229703
 30
0.0
 10
73.93674450191513
 20
210.1280869700374
 30
0.0
 10
73.93674450191513
 20
210.1280869700374
 30
0.0
 10
73.93674450191513
 20
208.7572834764565
 30
0.0
 10
73.93674450191513
 20
208.7572834764565
 30
0.0
 10
73.93674450191513
 20
208.6832139235236
 30
0.0
 10
73.88730738170179
 20
208.6339490580846
 30
0.0
 10
73.81323782876892
 20
208.6339490580846
 30
0.0
 10
73.81323782876892
 20
208.6339490580846
 30
0.0
 10
68.34294296251496
 20
208.6339490580846
 30
0.0
 10
68.34294296251496
 20
208.6339490580846
 30
0.0
 10
68.26870115480783
 20
208.6339490580846
 30
0.0
 10
68.21943628936876
 20
208.6832139235236
 30
0.0
 10
68.21943628936876
 20
208.7572834764565
 30
0.0
 10
68.21943628936876
 20
208.7572834764565
 30
0.0
 10
68.21943628936876
 20
216.907345865912
 30
0.0
 10
68.21943628936876
 20
216.907345865912
 30
0.0
  0
HATCH
  5
D0
330
AF
100
AcDbEntity
  8
Ebene 1
 62
    18
420
        0
440
 33554687
100
AcDbHatch
 10
0.0
 20
0.0
 30
0.0
210
0.0
220
0.0
230
1.0
  2
SOLID
 70
     1
 71
     1
 91
        1
 92
        1
 93
        1
 72
     4
 94
        3
 73
     0
 74
     0
 95
       41
 96
       37
 40
0.0
 40
0.0
 40
0.0
 40
0.0
 40
1.0
 40
1.0
 40
1.0
 40
2.0
 40
2.0
 40
2.0
 40
3.0
 40
3.0
 40
3.0
 40
4.0
 40
4.0
 40
4.0
 40
5.0
 40
5.0
 40
5.0
 40
6.0
 40
6.0
 40
6.0
 40
7.0
 40
7.0
 40
7.0
 40
8.0
 40
8.0
 40
8.0
 40
9.0
 40
9.0
 40
9.0
 40
10.0
 40
10.0
 40
10.0
 40
11.0
 40
11.0
 40
11.0
 40
12.0
 40
12.0
 40
12.0
 40
12.0
 10
68.21943628936876
 20
216.907345865912
 10
68.21943628936876
 20
216.9814154188449
 10
68.26870115480783
 20
217.0310247938325
 10
68.34294296251496
 20
217.0310247938325
 10
68.34294296251496
 20
217.0310247938325
 10
69.91115042740069
 20
217.0310247938325
 10
69.91115042740069
 20
217.0310247938325
 10
69.98521998033355
 20
217.0310247938325
 10
70.03465710054689
 20
216.9814154188449
 10
70.03465710054689
 20
216.907345865912
 10
70.03465710054689
 20
216.907345865912
 10
70.03465710054689
 20
210.3258354508908
 10
70.03465710054689
 20
210.3258354508908
 10
70.03465710054689
 20
210.2762260759031
 10
70.05928953326644
 20
210.2517658979579
 10
70.10872665347976
 20
210.2517658979579
 10
70.10872665347976
 20
210.2517658979579
 10
73.81323782876892
 20
210.2517658979579
 10
73.81323782876892
 20
210.2517658979579
 10
73.88730738170179
 20
210.2517658979579
 10
73.93674450191513
 20
210.2021565229703
 10
73.93674450191513
 20
210.1280869700374
 10
73.93674450191513
 20
210.1280869700374
 10
73.93674450191513
 20
208.7572834764565
 10
73.93674450191513
 20
208.7572834764565
 10
73.93674450191513
 20
208.6832139235236
 10
73.88730738170179
 20
208.6339490580846
 10
73.81323782876892
 20
208.6339490580846
 10
73.81323782876892
 20
208.6339490580846
 10
68.34294296251496
 20
208.6339490580846
 10
68.34294296251496
 20
208.6339490580846
 10
68.26870115480783
 20
208.6339490580846
 10
68.21943628936876
 20
208.6832139235236
 10
68.21943628936876
 20
208.7572834764565
 10
68.21943628936876
 20
208.7572834764565
 10
68.21943628936876
 20
216.907345865912
 10
68.21943628936876
 20
216.907345865912
 97
        0
 97
        1
330
CF
 75
     2
 76
     1
 98
        1
 10
0.0
 20
0.0
450
        0
451
        0
460
0.0
461
0.0
452
        0
462
0.0
453
        0
470

  0
SPLINE
  5
D1
330
AF
100
AcDbEntity
  8
Ebene 1
100
AcDbSpline
210
0.0
220
0.0
230
1.0
 70
     9
 71
     3
 72
    77
 73
    73
 74
     0
 42
0.0000000001
 43
0.0000000001
 40
0.0
 40
0.0
 40
0.0
 40
0.0
 40
1.0
 40
1.0
 40
1.0
 40
2.0
 40
2.0
 40
2.0
 40
3.0
 40
3.0
 40
3.0
 40
4.0
 40
4.0
 40
4.0
 40
5.0
 40
5.0
 40
5.0
 40
6.0
 40
6.0
 40
6.0
 40
7.0
 40
7.0
 40
7.0
 40
8.0
 40
8.0
 40
8.0
 40
9.0
 40
9.0
 40
9.0
 40
10.0
 40
10.0
 40
10.0
 40
11.0
 40
11.0
 40
11.0
 40
12.0
 40
12.0
 40
12.0
 40
13.0
 40
13.0
 40
13.0
 40
14.0
 40
14.0
 40
14.0
 40
15.0
 40
15.0
 40
15.0
 40
16.0
 40
16.0
 40
16.0
 40
17.0
 40
17.0
 40
17.0
 40
18.0
 40
18.0
 40
18.0
 40
19.0
 40
19.0
 40
19.0
 40
20.0
 40
20.0
 40
20.0
 40
21.0
 40
21.0
 40
21.0
 40
22.0
 40
22.0
 40
22.0
 40
23.0
 40
23.0
 40
23.0
 40
24.0
 40
24.0
 40
24.0
 40
24.0
 10
75.01023625511897
 20
216.907345865912
 30
0.0
 10
75.01023625511897
 20
216.9814154188449
 30
0.0
 10
75.05950112055804
 20
217.0310247938325
 30
0.0
 10
75.13374292826518
 20
217.0310247938325
 30
0.0
 10
75.13374292826518
 20
217.0310247938325
 30
0.0
 10
80.51756589783936
 20
217.0310247938325
 30
0.0
 10
80.51756589783936
 20
217.0310247938325
 30
0.0
 10
80.59163545077224
 20
217.0310247938325
 30
0.0
 10
80.64107257098557
 20
216.9814154188449
 30
0.0
 10
80.64107257098557
 20
216.907345865912
 30
0.0
 10
80.64107257098557
 20
216.907345865912
 30
0.0
 10
80.64107257098557
 20
215.5861517473188
 30
0.0
 10
80.64107257098557
 20
215.5861517473188
 30
0.0
 10
80.64107257098557
 20
215.5120821943859
 30
0.0
 10
80.59163545077224
 20
215.4628173289468
 30
0.0
 10
80.51756589783936
 20
215.4628173289468
 30
0.0
 10
80.51756589783936
 20
215.4628173289468
 30
0.0
 10
76.89952661922998
 20
215.4628173289468
 30
0.0
 10
76.89952661922998
 20
215.4628173289468
 30
0.0
 10
76.85008949901664
 20
215.4628173289468
 30
0.0
 10
76.8254570662971
 20
215.438012641453
 30
0.0
 10
76.8254570662971
 20
215.388747776014
 30
0.0
 10
76.8254570662971
 20
215.388747776014
 30
0.0
 10
76.8254570662971
 20
213.7216660707015
 30
0.0
 10
76.8254570662971
 20
213.7216660707015
 30
0.0
 10
76.8254570662971
 20
213.6720566957139
 30
0.0
 10
76.85008949901664
 20
213.6475965177687
 30
0.0
 10
76.89952661922998
 20
213.6475965177687
 30
0.0
 10
76.89952661922998
 20
213.6475965177687
 30
0.0
 10
79.91260713062949
 20
213.6475965177687
 30
0.0
 10
79.91260713062949
 20
213.6475965177687
 30
0.0
 10
79.98667668356237
 20
213.6475965177687
 30
0.0
 10
80.03594154900143
 20
213.5979871427811
 30
0.0
 10
80.03594154900143
 20
213.5239175898482
 30
0.0
 10
80.03594154900143
 20
213.5239175898482
 30
0.0
 10
80.03594154900143
 20
212.2151258150018
 30
0.0
 10
80.03594154900143
 20
212.2151258150018
 30
0.0
 10
80.03594154900143
 20
212.1410562620689
 30
0.0
 10
79.98667668356237
 20
212.0914468870813
 30
0.0
 10
79.91260713062949
 20
212.0914468870813
 30
0.0
 10
79.91260713062949
 20
212.0914468870813
 30
0.0
 10
76.89952661922998
 20
212.0914468870813
 30
0.0
 10
76.89952661922998
 20
212.0914468870813
 30
0.0
 10
76.85008949901664
 20
212.0914468870813
 30
0.0
 10
76.8254570662971
 20
212.066986709136
 30
0.0
 10
76.8254570662971
 20
212.0173773341484
 30
0.0
 10
76.8254570662971
 20
212.0173773341484
 30
0.0
 10
76.8254570662971
 20
210.2762260759031
 30
0.0
 10
76.8254570662971
 20
210.2762260759031
 30
0.0
 10
76.8254570662971
 20
210.2269612104641
 30
0.0
 10
76.85008949901664
 20
210.2021565229703
 30
0.0
 10
76.89952661922998
 20
210.2021565229703
 30
0.0
 10
76.89952661922998
 20
210.2021565229703
 30
0.0
 10
80.51756589783936
 20
210.2021565229703
 30
0.0
 10
80.51756589783936
 20
210.2021565229703
 30
0.0
 10
80.59163545077224
 20
210.2021565229703
 30
0.0
 10
80.64107257098557
 20
210.1528916575312
 30
0.0
 10
80.64107257098557
 20
210.0788221045984
 30
0.0
 10
80.64107257098557
 20
210.0788221045984
 30
0.0
 10
80.64107257098557
 20
208.7572834764565
 30
0.0
 10
80.64107257098557
 20
208.7572834764565
 30
0.0
 10
80.64107257098557
 20
208.6832139235236
 30
0.0
 10
80.59163545077224
 20
208.6339490580846
 30
0.0
 10
80.51756589783936
 20
208.6339490580846
 30
0.0
 10
80.51756589783936
 20
208.6339490580846
 30
0.0
 10
75.13374292826518
 20
208.6339490580846
 30
0.0
 10
75.13374292826518
 20
208.6339490580846
 30
0.0
 10
75.05950112055804
 20
208.6339490580846
 30
0.0
 10
75.01023625511897
 20
208.6832139235236
 30
0.0
 10
75.01023625511897
 20
208.7572834764565
 30
0.0
 10
75.01023625511897
 20
208.7572834764565
 30
0.0
 10
75.01023625511897
 20
216.907345865912
 30
0.0
 10
75.01023625511897
 20
216.907345865912
 30
0.0
  0
HATCH
  5
D2
330
AF
100
AcDbEntity
  8
Ebene 1
 62
    18
420
        0
440
 33554687
100
AcDbHatch
 10
0.0
 20
0.0
 30
0.0
210
0.0
220
0.0
230
1.0
  2
SOLID
 70
     1
 71
     1
 91
        1
 92
        1
 93
        1
 72
     4
 94
        3
 73
     0
 74
     0
 95
       77
 96
       73
 40
0.0
 40
0.0
 40
0.0
 40
0.0
 40
1.0
 40
1.0
 40
1.0
 40
2.0
 40
2.0
 40
2.0
 40
3.0
 40
3.0
 40
3.0
 40
4.0
 40
4.0
 40
4.0
 40
5.0
 40
5.0
 40
5.0
 40
6.0
 40
6.0
 40
6.0
 40
7.0
 40
7.0
 40
7.0
 40
8.0
 40
8.0
 40
8.0
 40
9.0
 40
9.0
 40
9.0
 40
10.0
 40
10.0
 40
10.0
 40
11.0
 40
11.0
 40
11.0
 40
12.0
 40
12.0
 40
12.0
 40
13.0
 40
13.0
 40
13.0
 40
14.0
 40
14.0
 40
14.0
 40
15.0
 40
15.0
 40
15.0
 40
16.0
 40
16.0
 40
16.0
 40
17.0
 40
17.0
 40
17.0
 40
18.0
 40
18.0
 40
18.0
 40
19.0
 40
19.0
 40
19.0
 40
20.0
 40
20.0
 40
20.0
 40
21.0
 40
21.0
 40
21.0
 40
22.0
 40
22.0
 40
22.0
 40
23.0
 40
23.0
 40
23.0
 40
24.0
 40
24.0
 40
24.0
 40
24.0
 10
75.01023625511897
 20
216.907345865912
 10
75.01023625511897
 20
216.9814154188449
 10
75.05950112055804
 20
217.0310247938325
 10
75.13374292826518
 20
217.0310247938325
 10
75.13374292826518
 20
217.0310247938325
 10
80.51756589783936
 20
217.0310247938325
 10
80.51756589783936
 20
217.0310247938325
 10
80.59163545077224
 20
217.0310247938325
 10
80.64107257098557
 20
216.9814154188449
 10
80.64107257098557
 20
216.907345865912
 10
80.64107257098557
 20
216.907345865912
 10
80.64107257098557
 20
215.5861517473188
 10
80.64107257098557
 20
215.5861517473188
 10
80.64107257098557
 20
215.5120821943859
 10
80.59163545077224
 20
215.4628173289468
 10
80.51756589783936
 20
215.4628173289468
 10
80.51756589783936
 20
215.4628173289468
 10
76.89952661922998
 20
215.4628173289468
 10
76.89952661922998
 20
215.4628173289468
 10
76.85008949901664
 20
215.4628173289468
 10
76.8254570662971
 20
215.438012641453
 10
76.8254570662971
 20
215.388747776014
 10
76.8254570662971
 20
215.388747776014
 10
76.8254570662971
 20
213.7216660707015
 10
76.8254570662971
 20
213.7216660707015
 10
76.8254570662971
 20
213.6720566957139
 10
76.85008949901664
 20
213.6475965177687
 10
76.89952661922998
 20
213.6475965177687
 10
76.89952661922998
 20
213.6475965177687
 10
79.91260713062949
 20
213.6475965177687
 10
79.91260713062949
 20
213.6475965177687
 10
79.98667668356237
 20
213.6475965177687
 10
80.03594154900143
 20
213.5979871427811
 10
80.03594154900143
 20
213.5239175898482
 10
80.03594154900143
 20
213.5239175898482
 10
80.03594154900143
 20
212.2151258150018
 10
80.03594154900143
 20
212.2151258150018
 10
80.03594154900143
 20
212.1410562620689
 10
79.98667668356237
 20
212.0914468870813
 10
79.91260713062949
 20
212.0914468870813
 10
79.91260713062949
 20
212.0914468870813
 10
76.89952661922998
 20
212.0914468870813
 10
76.89952661922998
 20
212.0914468870813
 10
76.85008949901664
 20
212.0914468870813
 10
76.8254570662971
 20
212.066986709136
 10
76.8254570662971
 20
212.0173773341484
 10
76.8254570662971
 20
212.0173773341484
 10
76.8254570662971
 20
210.2762260759031
 10
76.8254570662971
 20
210.2762260759031
 10
76.8254570662971
 20
210.2269612104641
 10
76.85008949901664
 20
210.2021565229703
 10
76.89952661922998
 20
210.2021565229703
 10
76.89952661922998
 20
210.2021565229703
 10
80.51756589783936
 20
210.2021565229703
 10
80.51756589783936
 20
210.2021565229703
 10
80.59163545077224
 20
210.2021565229703
 10
80.64107257098557
 20
210.1528916575312
 10
80.64107257098557
 20
210.0788221045984
 10
80.64107257098557
 20
210.0788221045984
 10
80.64107257098557
 20
208.7572834764565
 10
80.64107257098557
 20
208.7572834764565
 10
80.64107257098557
 20
208.6832139235236
 10
80.59163545077224
 20
208.6339490580846
 10
80.51756589783936
 20
208.6339490580846
 10
80.51756589783936
 20
208.6339490580846
 10
75.13374292826518
 20
208.6339490580846
 10
75.13374292826518
 20
208.6339490580846
 10
75.05950112055804
 20
208.6339490580846
 10
75.01023625511897
 20
208.6832139235236
 10
75.01023625511897
 20
208.7572834764565
 10
75.01023625511897
 20
208.7572834764565
 10
75.01023625511897
 20
216.907345865912
 10
75.01023625511897
 20
216.907345865912
 97
        0
 97
        1
330
D1
 75
     2
 76
     1
 98
        1
 10
0.0
 20
0.0
450
        0
451
        0
460
0.0
461
0.0
452
        0
462
0.0
453
        0
470

  0
SPLINE
  5
D3
330
AF
100
AcDbEntity
  8
Ebene 1
100
AcDbSpline
210
0.0
220
0.0
230
1.0
 70
     9
 71
     3
 72
    41
 73
    37
 74
     0
 42
0.0000000001
 43
0.0000000001
 40
0.0
 40
0.0
 40
0.0
 40
0.0
 40
1.0
 40
1.0
 40
1.0
 40
2.0
 40
2.0
 40
2.0
 40
3.0
 40
3.0
 40
3.0
 40
4.0
 40
4.0
 40
4.0
 40
5.0
 40
5.0
 40
5.0
 40
6.0
 40
6.0
 40
6.0
 40
7.0
 40
7.0
 40
7.0
 40
8.0
 40
8.0
 40
8.0
 40
9.0
 40
9.0
 40
9.0
 40
10.0
 40
10.0
 40
10.0
 40
11.0
 40
11.0
 40
11.0
 40
12.0
 40
12.0
 40
12.0
 40
12.0
 10
84.90007186462568
 20
216.907345865912
 30
0.0
 10
84.90007186462568
 20
216.9814154188449
 30
0.0
 10
84.94933673006476
 20
217.0310247938325
 30
0.0
 10
85.02357853777189
 20
217.0310247938325
 30
0.0
 10
85.02357853777189
 20
217.0310247938325
 30
0.0
 10
86.59178600265761
 20
217.0310247938325
 30
0.0
 10
86.59178600265761
 20
217.0310247938325
 30
0.0
 10
86.66585555559048
 20
217.0310247938325
 30
0.0
 10
86.71529267580382
 20
216.9814154188449
 30
0.0
 10
86.71529267580382
 20
216.907345865912
 30
0.0
 10
86.71529267580382
 20
216.907345865912
 30
0.0
 10
86.71529267580382
 20
210.3258354508908
 30
0.0
 10
86.71529267580382
 20
210.3258354508908
 30
0.0
 10
86.71529267580382
 20
210.2762260759031
 30
0.0
 10
86.73992510852334
 20
210.2517658979579
 30
0.0
 10
86.78936222873669
 20
210.2517658979579
 30
0.0
 10
86.78936222873669
 20
210.2517658979579
 30
0.0
 10
90.49387340402585
 20
210.2517658979579
 30
0.0
 10
90.49387340402585
 20
210.2517658979579
 30
0.0
 10
90.56794295695871
 20
210.2517658979579
 30
0.0
 10
90.61738007717204
 20
210.2021565229703
 30
0.0
 10
90.61738007717204
 20
210.1280869700374
 30
0.0
 10
90.61738007717204
 20
210.1280869700374
 30
0.0
 10
90.61738007717204
 20
208.7572834764565
 30
0.0
 10
90.61738007717204
 20
208.7572834764565
 30
0.0
 10
90.61738007717204
 20
208.6832139235236
 30
0.0
 10
90.56794295695871
 20
208.6339490580846
 30
0.0
 10
90.49387340402585
 20
208.6339490580846
 30
0.0
 10
90.49387340402585
 20
208.6339490580846
 30
0.0
 10
85.02357853777189
 20
208.6339490580846
 30
0.0
 10
85.02357853777189
 20
208.6339490580846
 30
0.0
 10
84.94933673006476
 20
208.6339490580846
 30
0.0
 10
84.90007186462568
 20
208.6832139235236
 30
0.0
 10
84.90007186462568
 20
208.7572834764565
 30
0.0
 10
84.90007186462568
 20
208.7572834764565
 30
0.0
 10
84.90007186462568
 20
216.907345865912
 30
0.0
 10
84.90007186462568
 20
216.907345865912
 30
0.0
  0
HATCH
  5
D4
330
AF
100
AcDbEntity
  8
Ebene 1
 62
    18
420
        0
440
 33554687
100
AcDbHatch
 10
0.0
 20
0.0
 30
0.0
210
0.0
220
0.0
230
1.0
  2
SOLID
 70
     1
 71
     1
 91
        1
 92
        1
 93
        1
 72
     4
 94
        3
 73
     0
 74
     0
 95
       41
 96
       37
 40
0.0
 40
0.0
 40
0.0
 40
0.0
 40
1.0
 40
1.0
 40
1.0
 40
2.0
 40
2.0
 40
2.0
 40
3.0
 40
3.0
 40
3.0
 40
4.0
 40
4.0
 40
4.0
 40
5.0
 40
5.0
 40
5.0
 40
6.0
 40
6.0
 40
6.0
 40
7.0
 40
7.0
 40
7.0
 40
8.0
 40
8.0
 40
8.0
 40
9.0
 40
9.0
 40
9.0
 40
10.0
 40
10.0
 40
10.0
 40
11.0
 40
11.0
 40
11.0
 40
12.0
 40
12.0
 40
12.0
 40
12.0
 10
84.90007186462568
 20
216.907345865912
 10
84.90007186462568
 20
216.9814154188449
 10
84.94933673006476
 20
217.0310247938325
 10
85.02357853777189
 20
217.0310247938325
 10
85.02357853777189
 20
217.0310247938325
 10
86.59178600265761
 20
217.0310247938325
 10
86.59178600265761
 20
217.0310247938325
 10
86.66585555559048
 20
217.0310247938325
 10
86.71529267580382
 20
216.9814154188449
 10
86.71529267580382
 20
216.907345865912
 10
86.71529267580382
 20
216.907345865912
 10
86.71529267580382
 20
210.3258354508908
 10
86.71529267580382
 20
210.3258354508908
 10
86.71529267580382
 20
210.2762260759031
 10
86.73992510852334
 20
210.2517658979579
 10
86.78936222873669
 20
210.2517658979579
 10
86.78936222873669
 20
210.2517658979579
 10
90.49387340402585
 20
210.2517658979579
 10
90.49387340402585
 20
210.2517658979579
 10
90.56794295695871
 20
210.2517658979579
 10
90.61738007717204
 20
210.2021565229703
 10
90.61738007717204
 20
210.1280869700374
 10
90.61738007717204
 20
210.1280869700374
 10
90.61738007717204
 20
208.7572834764565
 10
90.61738007717204
 20
208.7572834764565
 10
90.61738007717204
 20
208.6832139235236
 10
90.56794295695871
 20
208.6339490580846
 10
90.49387340402585
 20
208.6339490580846
 10
90.49387340402585
 20
208.6339490580846
 10
85.02357853777189
 20
208.6339490580846
 10
85.02357853777189
 20
208.6339490580846
 10
84.94933673006476
 20
208.6339490580846
 10
84.90007186462568
 20
208.6832139235236
 10
84.90007186462568
 20
208.7572834764565
 10
84.90007186462568
 20
208.7572834764565
 10
84.90007186462568
 20
216.907345865912
 10
84.90007186462568
 20
216.907345865912
 97
        0
 97
        1
330
D3
 75
     2
 76
     1
 98
        1
 10
0.0
 20
0.0
450
        0
451
        0
460
0.0
461
0.0
452
        0
462
0.0
453
        0
470

  0
SPLINE
  5
D5
330
AF
100
AcDbEntity
  8
Ebene 1
100
AcDbSpline
210
0.0
220
0.0
230
1.0
 70
     9
 71
     3
 72
    29
 73
    25
 74
     0
 42
0.0000000001
 43
0.0000000001
 40
0.0
 40
0.0
 40
0.0
 40
0.0
 40
1.0
 40
1.0
 40
1.0
 40
2.0
 40
2.0
 40
2.0
 40
3.0
 40
3.0
 40
3.0
 40
4.0
 40
4.0
 40
4.0
 40
5.0
 40
5.0
 40
5.0
 40
6.0
 40
6.0
 40
6.0
 40
7.0
 40
7.0
 40
7.0
 40
8.0
 40
8.0
 40
8.0
 40
8.0
 10
95.16094425789381
 20
218.0187336694537
 30
0.0
 10
95.08687470496091
 20
218.0187336694537
 30
0.0
 10
95.03760983952185
 20
218.0683430444413
 30
0.0
 10
95.03760983952185
 20
218.1424125973741
 30
0.0
 10
95.03760983952185
 20
218.1424125973741
 30
0.0
 10
95.03760983952185
 20
219.3523301317939
 30
0.0
 10
95.03760983952185
 20
219.3523301317939
 30
0.0
 10
95.03760983952185
 20
219.4263996847267
 30
0.0
 10
95.08687470496091
 20
219.4760090597143
 30
0.0
 10
95.16094425789381
 20
219.4760090597143
 30
0.0
 10
95.16094425789381
 20
219.4760090597143
 30
0.0
 10
96.27233206143539
 20
219.4760090597143
 30
0.0
 10
96.27233206143539
 20
219.4760090597143
 30
0.0
 10
96.34640161436827
 20
219.4760090597143
 30
0.0
 10
96.3958387345816
 20
219.4263996847267
 30
0.0
 10
96.3958387345816
 20
219.3523301317939
 30
0.0
 10
96.3958387345816
 20
219.3523301317939
 30
0.0
 10
96.3958387345816
 20
218.1424125973741
 30
0.0
 10
96.3958387345816
 20
218.1424125973741
 30
0.0
 10
96.3958387345816
 20
218.0683430444413
 30
0.0
 10
96.34640161436827
 20
218.0187336694537
 30
0.0
 10
96.27233206143539
 20
218.0187336694537
 30
0.0
 10
96.27233206143539
 20
218.0187336694537
 30
0.0
 10
95.16094425789381
 20
218.0187336694537
 30
0.0
 10
95.16094425789381
 20
218.0187336694537
 30
0.0
  0
SPLINE
  5
D6
330
AF
100
AcDbEntity
  8
Ebene 1
100
AcDbSpline
210
0.0
220
0.0
230
1.0
 70
     9
 71
     3
 72
    29
 73
    25
 74
     0
 42
0.0000000001
 43
0.0000000001
 40
0.0
 40
0.0
 40
0.0
 40
0.0
 40
1.0
 40
1.0
 40
1.0
 40
2.0
 40
2.0
 40
2.0
 40
3.0
 40
3.0
 40
3.0
 40
4.0
 40
4.0
 40
4.0
 40
5.0
 40
5.0
 40
5.0
 40
6.0
 40
6.0
 40
6.0
 40
7.0
 40
7.0
 40
7.0
 40
8.0
 40
8.0
 40
8.0
 40
8.0
 10
95.79070771259747
 20
211.0296684585273
 30
0.0
 10
95.88958195302414
 20
211.3259466702588
 30
0.0
 10
95.92661672949057
 20
211.7335014661639
 30
0.0
 10
95.92661672949057
 20
212.8324869259586
 30
0.0
 10
95.92661672949057
 20
213.9314723857533
 30
0.0
 10
95.88958195302414
 20
214.3390271816583
 30
0.0
 10
95.79070771259747
 20
214.6353053933898
 30
0.0
 10
95.60553383026528
 20
215.2158039826544
 30
0.0
 10
95.16094425789381
 20
215.5613470598249
 30
0.0
 10
94.46951359400415
 20
215.5613470598249
 30
0.0
 10
93.77791067534024
 20
215.5613470598249
 30
0.0
 10
93.33349335774302
 20
215.2158039826544
 30
0.0
 10
93.14814722063657
 20
214.6353053933898
 30
0.0
 10
93.04944523498418
 20
214.3390271816583
 30
0.0
 10
93.01241045851773
 20
213.9314723857533
 30
0.0
 10
93.01241045851773
 20
212.8324869259586
 30
0.0
 10
93.01241045851773
 20
211.7335014661639
 30
0.0
 10
93.04944523498418
 20
211.3259466702588
 30
0.0
 10
93.14814722063657
 20
211.0296684585273
 30
0.0
 10
93.33349335774302
 20
210.4491698692627
 30
0.0
 10
93.77791067534024
 20
210.1032822825436
 30
0.0
 10
94.46951359400415
 20
210.1032822825436
 30
0.0
 10
95.16094425789381
 20
210.1032822825436
 30
0.0
 10
95.60553383026528
 20
210.4491698692627
 30
0.0
 10
95.79070771259747
 20
211.0296684585273
 30
0.0
  0
SPLINE
  5
D7
330
AF
100
AcDbEntity
  8
Ebene 1
100
AcDbSpline
210
0.0
220
0.0
230
1.0
 70
     9
 71
     3
 72
    29
 73
    25
 74
     0
 42
0.0000000001
 43
0.0000000001
 40
0.0
 40
0.0
 40
0.0
 40
0.0
 40
1.0
 40
1.0
 40
1.0
 40
2.0
 40
2.0
 40
2.0
 40
3.0
 40
3.0
 40
3.0
 40
4.0
 40
4.0
 40
4.0
 40
5.0
 40
5.0
 40
5.0
 40
6.0
 40
6.0
 40
6.0
 40
7.0
 40
7.0
 40
7.0
 40
8.0
 40
8.0
 40
8.0
 40
8.0
 10
92.65429278282601
 20
218.0187336694537
 30
0.0
 10
92.58022322989313
 20
218.0187336694537
 30
0.0
 10
92.5307861096798
 20
218.0683430444413
 30
0.0
 10
92.5307861096798
 20
218.1424125973741
 30
0.0
 10
92.5307861096798
 20
218.1424125973741
 30
0.0
 10
92.5307861096798
 20
219.3523301317939
 30
0.0
 10
92.5307861096798
 20
219.3523301317939
 30
0.0
 10
92.5307861096798
 20
219.4263996847267
 30
0.0
 10
92.58022322989313
 20
219.4760090597143
 30
0.0
 10
92.65429278282601
 20
219.4760090597143
 30
0.0
 10
92.65429278282601
 20
219.4760090597143
 30
0.0
 10
93.76568058636761
 20
219.4760090597143
 30
0.0
 10
93.76568058636761
 20
219.4760090597143
 30
0.0
 10
93.83975013930047
 20
219.4760090597143
 30
0.0
 10
93.88918725951382
 20
219.4263996847267
 30
0.0
 10
93.88918725951382
 20
219.3523301317939
 30
0.0
 10
93.88918725951382
 20
219.3523301317939
 30
0.0
 10
93.88918725951382
 20
218.1424125973741
 30
0.0
 10
93.88918725951382
 20
218.1424125973741
 30
0.0
 10
93.88918725951382
 20
218.0683430444413
 30
0.0
 10
93.83975013930047
 20
218.0187336694537
 30
0.0
 10
93.76568058636761
 20
218.0187336694537
 30
0.0
 10
93.76568058636761
 20
218.0187336694537
 30
0.0
 10
92.65429278282601
 20
218.0187336694537
 30
0.0
 10
92.65429278282601
 20
218.0187336694537
 30
0.0
  0
SPLINE
  5
D8
330
AF
100
AcDbEntity
  8
Ebene 1
100
AcDbSpline
210
0.0
220
0.0
230
1.0
 70
     9
 71
     3
 72
    29
 73
    25
 74
     0
 42
0.0000000001
 43
0.0000000001
 40
0.0
 40
0.0
 40
0.0
 40
0.0
 40
1.0
 40
1.0
 40
1.0
 40
2.0
 40
2.0
 40
2.0
 40
3.0
 40
3.0
 40
3.0
 40
4.0
 40
4.0
 40
4.0
 40
5.0
 40
5.0
 40
5.0
 40
6.0
 40
6.0
 40
6.0
 40
7.0
 40
7.0
 40
7.0
 40
8.0
 40
8.0
 40
8.0
 40
8.0
 10
91.4069959623913
 20
210.5356417659425
 30
0.0
 10
91.22182208005913
 20
211.1161403552071
 30
0.0
 10
91.1723849598458
 20
211.5853623602981
 30
0.0
 10
91.1723849598458
 20
212.8324869259586
 30
0.0
 10
91.1723849598458
 20
214.079611491619
 30
0.0
 10
91.22182208005913
 20
214.54883349671
 30
0.0
 10
91.4069959623913
 20
215.1293320859746
 30
0.0
 10
91.83918319101591
 20
216.4877332358086
 30
0.0
 10
93.00000811477083
 20
217.1667615559514
 30
0.0
 10
94.46951359400415
 20
217.1667615559514
 30
0.0
 10
95.93901907323747
 20
217.1667615559514
 30
0.0
 10
97.09967174221816
 20
216.4877332358086
 30
0.0
 10
97.53185897084273
 20
215.1293320859746
 30
0.0
 10
97.71720510794917
 20
214.54883349671
 30
0.0
 10
97.76646997338826
 20
214.079611491619
 30
0.0
 10
97.76646997338826
 20
212.8324869259586
 30
0.0
 10
97.76646997338826
 20
211.5853623602981
 30
0.0
 10
97.71720510794917
 20
211.1161403552071
 30
0.0
 10
97.53185897084273
 20
210.5356417659425
 30
0.0
 10
97.09967174221816
 20
209.1772406161084
 30
0.0
 10
95.93901907323747
 20
208.4982122959658
 30
0.0
 10
94.46951359400415
 20
208.4982122959658
 30
0.0
 10
93.00000811477083
 20
208.4982122959658
 30
0.0
 10
91.83918319101591
 20
209.1772406161084
 30
0.0
 10
91.4069959623913
 20
210.5356417659425
 30
0.0
  0
HATCH
  5
D9
330
AF
100
AcDbEntity
  8
Ebene 1
 62
    18
420
        0
440
 33554687
100
AcDbHatch
 10
0.0
 20
0.0
 30
0.0
210
0.0
220
0.0
230
1.0
  2
SOLID
 70
     1
 71
     1
 91
        4
 92
        1
 93
        1
 72
     4
 94
        3
 73
     0
 74
     0
 95
       29
 96
       25
 40
0.0
 40
0.0
 40
0.0
 40
0.0
 40
1.0
 40
1.0
 40
1.0
 40
2.0
 40
2.0
 40
2.0
 40
3.0
 40
3.0
 40
3.0
 40
4.0
 40
4.0
 40
4.0
 40
5.0
 40
5.0
 40
5.0
 40
6.0
 40
6.0
 40
6.0
 40
7.0
 40
7.0
 40
7.0
 40
8.0
 40
8.0
 40
8.0
 40
8.0
 10
95.16094425789381
 20
218.0187336694537
 10
95.08687470496091
 20
218.0187336694537
 10
95.03760983952185
 20
218.0683430444413
 10
95.03760983952185
 20
218.1424125973741
 10
95.03760983952185
 20
218.1424125973741
 10
95.03760983952185
 20
219.3523301317939
 10
95.03760983952185
 20
219.3523301317939
 10
95.03760983952185
 20
219.4263996847267
 10
95.08687470496091
 20
219.4760090597143
 10
95.16094425789381
 20
219.4760090597143
 10
95.16094425789381
 20
219.4760090597143
 10
96.27233206143539
 20
219.4760090597143
 10
96.27233206143539
 20
219.4760090597143
 10
96.34640161436827
 20
219.4760090597143
 10
96.3958387345816
 20
219.4263996847267
 10
96.3958387345816
 20
219.3523301317939
 10
96.3958387345816
 20
219.3523301317939
 10
96.3958387345816
 20
218.1424125973741
 10
96.3958387345816
 20
218.1424125973741
 10
96.3958387345816
 20
218.0683430444413
 10
96.34640161436827
 20
218.0187336694537
 10
96.27233206143539
 20
218.0187336694537
 10
96.27233206143539
 20
218.0187336694537
 10
95.16094425789381
 20
218.0187336694537
 10
95.16094425789381
 20
218.0187336694537
 97
        0
 97
        1
330
D5
 92
        1
 93
        1
 72
     4
 94
        3
 73
     0
 74
     0
 95
       29
 96
       25
 40
0.0
 40
0.0
 40
0.0
 40
0.0
 40
1.0
 40
1.0
 40
1.0
 40
2.0
 40
2.0
 40
2.0
 40
3.0
 40
3.0
 40
3.0
 40
4.0
 40
4.0
 40
4.0
 40
5.0
 40
5.0
 40
5.0
 40
6.0
 40
6.0
 40
6.0
 40
7.0
 40
7.0
 40
7.0
 40
8.0
 40
8.0
 40
8.0
 40
8.0
 10
95.79070771259747
 20
211.0296684585273
 10
95.88958195302414
 20
211.3259466702588
 10
95.92661672949057
 20
211.7335014661639
 10
95.92661672949057
 20
212.8324869259586
 10
95.92661672949057
 20
213.9314723857533
 10
95.88958195302414
 20
214.3390271816583
 10
95.79070771259747
 20
214.6353053933898
 10
95.60553383026528
 20
215.2158039826544
 10
95.16094425789381
 20
215.5613470598249
 10
94.46951359400415
 20
215.5613470598249
 10
93.77791067534024
 20
215.5613470598249
 10
93.33349335774302
 20
215.2158039826544
 10
93.14814722063657
 20
214.6353053933898
 10
93.04944523498418
 20
214.3390271816583
 10
93.01241045851773
 20
213.9314723857533
 10
93.01241045851773
 20
212.8324869259586
 10
93.01241045851773
 20
211.7335014661639
 10
93.04944523498418
 20
211.3259466702588
 10
93.14814722063657
 20
211.0296684585273
 10
93.33349335774302
 20
210.4491698692627
 10
93.77791067534024
 20
210.1032822825436
 10
94.46951359400415
 20
210.1032822825436
 10
95.16094425789381
 20
210.1032822825436
 10
95.60553383026528
 20
210.4491698692627
 10
95.79070771259747
 20
211.0296684585273
 97
        0
 97
        1
330
D6
 92
        1
 93
        1
 72
     4
 94
        3
 73
     0
 74
     0
 95
       29
 96
       25
 40
0.0
 40
0.0
 40
0.0
 40
0.0
 40
1.0
 40
1.0
 40
1.0
 40
2.0
 40
2.0
 40
2.0
 40
3.0
 40
3.0
 40
3.0
 40
4.0
 40
4.0
 40
4.0
 40
5.0
 40
5.0
 40
5.0
 40
6.0
 40
6.0
 40
6.0
 40
7.0
 40
7.0
 40
7.0
 40
8.0
 40
8.0
 40
8.0
 40
8.0
 10
92.65429278282601
 20
218.0187336694537
 10
92.58022322989313
 20
218.0187336694537
 10
92.5307861096798
 20
218.0683430444413
 10
92.5307861096798
 20
218.1424125973741
 10
92.5307861096798
 20
218.1424125973741
 10
92.5307861096798
 20
219.3523301317939
 10
92.5307861096798
 20
219.3523301317939
 10
92.5307861096798
 20
219.4263996847267
 10
92.58022322989313
 20
219.4760090597143
 10
92.65429278282601
 20
219.4760090597143
 10
92.65429278282601
 20
219.4760090597143
 10
93.76568058636761
 20
219.4760090597143
 10
93.76568058636761
 20
219.4760090597143
 10
93.83975013930047
 20
219.4760090597143
 10
93.88918725951382
 20
219.4263996847267
 10
93.88918725951382
 20
219.3523301317939
 10
93.88918725951382
 20
219.3523301317939
 10
93.88918725951382
 20
218.1424125973741
 10
93.88918725951382
 20
218.1424125973741
 10
93.88918725951382
 20
218.0683430444413
 10
93.83975013930047
 20
218.0187336694537
 10
93.76568058636761
 20
218.0187336694537
 10
93.76568058636761
 20
218.0187336694537
 10
92.65429278282601
 20
218.0187336694537
 10
92.65429278282601
 20
218.0187336694537
 97
        0
 97
        1
330
D7
 92
        1
 93
        1
 72
     4
 94
        3
 73
     0
 74
     0
 95
       29
 96
       25
 40
0.0
 40
0.0
 40
0.0
 40
0.0
 40
1.0
 40
1.0
 40
1.0
 40
2.0
 40
2.0
 40
2.0
 40
3.0
 40
3.0
 40
3.0
 40
4.0
 40
4.0
 40
4.0
 40
5.0
 40
5.0
 40
5.0
 40
6.0
 40
6.0
 40
6.0
 40
7.0
 40
7.0
 40
7.0
 40
8.0
 40
8.0
 40
8.0
 40
8.0
 10
91.4069959623913
 20
210.5356417659425
 10
91.22182208005913
 20
211.1161403552071
 10
91.1723849598458
 20
211.5853623602981
 10
91.1723849598458
 20
212.8324869259586
 10
91.1723849598458
 20
214.079611491619
 10
91.22182208005913
 20
214.54883349671
 10
91.4069959623913
 20
215.1293320859746
 10
91.83918319101591
 20
216.4877332358086
 10
93.00000811477083
 20
217.1667615559514
 10
94.46951359400415
 20
217.1667615559514
 10
95.93901907323747
 20
217.1667615559514
 10
97.09967174221816
 20
216.4877332358086
 10
97.53185897084273
 20
215.1293320859746
 10
97.71720510794917
 20
214.54883349671
 10
97.76646997338826
 20
214.079611491619
 10
97.76646997338826
 20
212.8324869259586
 10
97.76646997338826
 20
211.5853623602981
 10
97.71720510794917
 20
211.1161403552071
 10
97.53185897084273
 20
210.5356417659425
 10
97.09967174221816
 20
209.1772406161084
 10
95.93901907323747
 20
208.4982122959658
 10
94.46951359400415
 20
208.4982122959658
 10
93.00000811477083
 20
208.4982122959658
 10
91.83918319101591
 20
209.1772406161084
 10
91.4069959623913
 20
210.5356417659425
 97
        0
 97
        1
330
D8
 75
     2
 76
     1
 98
        1
 10
0.0
 20
0.0
450
        0
451
        0
460
0.0
461
0.0
452
        0
462
0.0
453
        0
470

  0
SPLINE
  5
DA
330
AF
100
AcDbEntity
  8
Ebene 1
100
AcDbSpline
210
0.0
220
0.0
230
1.0
 70
     9
 71
     3
 72
    65
 73
    61
 74
     0
 42
0.0000000001
 43
0.0000000001
 40
0.0
 40
0.0
 40
0.0
 40
0.0
 40
1.0
 40
1.0
 40
1.0
 40
2.0
 40
2.0
 40
2.0
 40
3.0
 40
3.0
 40
3.0
 40
4.0
 40
4.0
 40
4.0
 40
5.0
 40
5.0
 40
5.0
 40
6.0
 40
6.0
 40
6.0
 40
7.0
 40
7.0
 40
7.0
 40
8.0
 40
8.0
 40
8.0
 40
9.0
 40
9.0
 40
9.0
 40
10.0
 40
10.0
 40
10.0
 40
11.0
 40
11.0
 40
11.0
 40
12.0
 40
12.0
 40
12.0
 40
13.0
 40
13.0
 40
13.0
 40
14.0
 40
14.0
 40
14.0
 40
15.0
 40
15.0
 40
15.0
 40
16.0
 40
16.0
 40
16.0
 40
17.0
 40
17.0
 40
17.0
 40
18.0
 40
18.0
 40
18.0
 40
19.0
 40
19.0
 40
19.0
 40
20.0
 40
20.0
 40
20.0
 40
20.0
 10
98.74108748616542
 20
209.6464626211995
 30
0.0
 10
98.69165036595209
 20
209.6960719961871
 30
0.0
 10
98.66701793323256
 20
209.7821993833183
 30
0.0
 10
98.72868514241853
 20
209.8566134457998
 30
0.0
 10
98.72868514241853
 20
209.8566134457998
 30
0.0
 10
99.66730140737485
 20
210.9307942181007
 30
0.0
 10
99.66730140737485
 20
210.9307942181007
 30
0.0
 10
99.71656627281392
 20
210.9924614272866
 30
0.0
 10
99.7906358257468
 20
210.9924614272866
 30
0.0
 10
99.85247528970703
 20
210.9431965618476
 30
0.0
 10
100.4081691914778
 20
210.4984347347018
 30
0.0
 10
101.1614393193277
 20
210.0788221045984
 30
0.0
 10
102.0504462092964
 20
210.0788221045984
 30
0.0
 10
102.9272230102925
 20
210.0788221045984
 30
0.0
 10
103.4212497028773
 20
210.4863769005034
 30
0.0
 10
103.4212497028773
 20
211.0789333239664
 30
0.0
 10
103.4212497028773
 20
211.5729600165512
 30
0.0
 10
103.1247992363716
 20
211.8816405720296
 30
0.0
 10
102.1245157622293
 20
212.0173773341484
 30
0.0
 10
102.1245157622293
 20
212.0173773341484
 30
0.0
 10
101.680098444632
 20
212.0790445433344
 30
0.0
 10
101.680098444632
 20
212.0790445433344
 30
0.0
 10
99.97598196285323
 20
212.3136555458799
 30
0.0
 10
99.02513560892428
 20
213.1163627939431
 30
0.0
 10
99.02513560892428
 20
214.5984428716976
 30
0.0
 10
99.02513560892428
 20
216.1418456490896
 30
0.0
 10
100.1857882779049
 20
217.1667615559514
 30
0.0
 10
102.0011813438573
 20
217.1667615559514
 30
0.0
 10
103.1123968926247
 20
217.1667615559514
 30
0.0
 10
104.1497151432334
 20
216.8332763129792
 30
0.0
 10
104.8535481508699
 20
216.2899847549553
 30
0.0
 10
104.9276177038028
 20
216.2407198895162
 30
0.0
 10
104.9400200475497
 20
216.1911105145286
 30
0.0
 10
104.8783528383637
 20
216.1046386178488
 30
0.0
 10
104.8783528383637
 20
216.1046386178488
 30
0.0
 10
104.1250827105139
 20
214.9811929801089
 30
0.0
 10
104.1250827105139
 20
214.9811929801089
 30
0.0
 10
104.0756455903005
 20
214.9191812613744
 30
0.0
 10
104.0139783811145
 20
214.907123427176
 30
0.0
 10
103.9521389171543
 20
214.9439859488682
 30
0.0
 10
103.3099731187037
 20
215.3639430885201
 30
0.0
 10
102.692612007747
 20
215.5861517473188
 30
0.0
 10
102.0011813438573
 20
215.5861517473188
 30
0.0
 10
101.2601413049801
 20
215.5861517473188
 30
0.0
 10
100.8773911965688
 20
215.2034016389075
 30
0.0
 10
100.8773911965688
 20
214.6725124246305
 30
0.0
 10
100.8773911965688
 20
214.1908880757926
 30
0.0
 10
101.2231065285136
 20
213.8822075203142
 30
0.0
 10
102.1863552261895
 20
213.7461262486468
 30
0.0
 10
102.1863552261895
 20
213.7461262486468
 30
0.0
 10
102.630944798561
 20
213.6844590394609
 30
0.0
 10
102.630944798561
 20
213.6844590394609
 30
0.0
 10
104.3596937130594
 20
213.4498480369153
 30
0.0
 10
105.2735052905219
 20
212.659543132599
 30
0.0
 10
105.2735052905219
 20
211.1406005331524
 30
0.0
 10
105.2735052905219
 20
209.6220024432542
 30
0.0
 10
104.1497151432334
 20
208.4982122959658
 30
0.0
 10
101.9763766563635
 20
208.4982122959658
 30
0.0
 10
100.6674126267429
 20
208.4982122959658
 30
0.0
 10
99.39548337358864
 20
209.0166991664959
 30
0.0
 10
98.74108748616542
 20
209.6464626211995
 30
0.0
  0
HATCH
  5
DB
330
AF
100
AcDbEntity
  8
Ebene 1
 62
    18
420
        0
440
 33554687
100
AcDbHatch
 10
0.0
 20
0.0
 30
0.0
210
0.0
220
0.0
230
1.0
  2
SOLID
 70
     1
 71
     1
 91
        1
 92
        1
 93
        1
 72
     4
 94
        3
 73
     0
 74
     0
 95
       65
 96
       61
 40
0.0
 40
0.0
 40
0.0
 40
0.0
 40
1.0
 40
1.0
 40
1.0
 40
2.0
 40
2.0
 40
2.0
 40
3.0
 40
3.0
 40
3.0
 40
4.0
 40
4.0
 40
4.0
 40
5.0
 40
5.0
 40
5.0
 40
6.0
 40
6.0
 40
6.0
 40
7.0
 40
7.0
 40
7.0
 40
8.0
 40
8.0
 40
8.0
 40
9.0
 40
9.0
 40
9.0
 40
10.0
 40
10.0
 40
10.0
 40
11.0
 40
11.0
 40
11.0
 40
12.0
 40
12.0
 40
12.0
 40
13.0
 40
13.0
 40
13.0
 40
14.0
 40
14.0
 40
14.0
 40
15.0
 40
15.0
 40
15.0
 40
16.0
 40
16.0
 40
16.0
 40
17.0
 40
17.0
 40
17.0
 40
18.0
 40
18.0
 40
18.0
 40
19.0
 40
19.0
 40
19.0
 40
20.0
 40
20.0
 40
20.0
 40
20.0
 10
98.74108748616542
 20
209.6464626211995
 10
98.69165036595209
 20
209.6960719961871
 10
98.66701793323256
 20
209.7821993833183
 10
98.72868514241853
 20
209.8566134457998
 10
98.72868514241853
 20
209.8566134457998
 10
99.66730140737485
 20
210.9307942181007
 10
99.66730140737485
 20
210.9307942181007
 10
99.71656627281392
 20
210.9924614272866
 10
99.7906358257468
 20
210.9924614272866
 10
99.85247528970703
 20
210.9431965618476
 10
100.4081691914778
 20
210.4984347347018
 10
101.1614393193277
 20
210.0788221045984
 10
102.0504462092964
 20
210.0788221045984
 10
102.9272230102925
 20
210.0788221045984
 10
103.4212497028773
 20
210.4863769005034
 10
103.4212497028773
 20
211.0789333239664
 10
103.4212497028773
 20
211.5729600165512
 10
103.1247992363716
 20
211.8816405720296
 10
102.1245157622293
 20
212.0173773341484
 10
102.1245157622293
 20
212.0173773341484
 10
101.680098444632
 20
212.0790445433344
 10
101.680098444632
 20
212.0790445433344
 10
99.97598196285323
 20
212.3136555458799
 10
99.02513560892428
 20
213.1163627939431
 10
99.02513560892428
 20
214.5984428716976
 10
99.02513560892428
 20
216.1418456490896
 10
100.1857882779049
 20
217.1667615559514
 10
102.0011813438573
 20
217.1667615559514
 10
103.1123968926247
 20
217.1667615559514
 10
104.1497151432334
 20
216.8332763129792
 10
104.8535481508699
 20
216.2899847549553
 10
104.9276177038028
 20
216.2407198895162
 10
104.9400200475497
 20
216.1911105145286
 10
104.8783528383637
 20
216.1046386178488
 10
104.8783528383637
 20
216.1046386178488
 10
104.1250827105139
 20
214.9811929801089
 10
104.1250827105139
 20
214.9811929801089
 10
104.0756455903005
 20
214.9191812613744
 10
104.0139783811145
 20
214.907123427176
 10
103.9521389171543
 20
214.9439859488682
 10
103.3099731187037
 20
215.3639430885201
 10
102.692612007747
 20
215.5861517473188
 10
102.0011813438573
 20
215.5861517473188
 10
101.2601413049801
 20
215.5861517473188
 10
100.8773911965688
 20
215.2034016389075
 10
100.8773911965688
 20
214.6725124246305
 10
100.8773911965688
 20
214.1908880757926
 10
101.2231065285136
 20
213.8822075203142
 10
102.1863552261895
 20
213.7461262486468
 10
102.1863552261895
 20
213.7461262486468
 10
102.630944798561
 20
213.6844590394609
 10
102.630944798561
 20
213.6844590394609
 10
104.3596937130594
 20
213.4498480369153
 10
105.2735052905219
 20
212.659543132599
 10
105.2735052905219
 20
211.1406005331524
 10
105.2735052905219
 20
209.6220024432542
 10
104.1497151432334
 20
208.4982122959658
 10
101.9763766563635
 20
208.4982122959658
 10
100.6674126267429
 20
208.4982122959658
 10
99.39548337358864
 20
209.0166991664959
 10
98.74108748616542
 20
209.6464626211995
 97
        0
 97
        1
330
DA
 75
     2
 76
     1
 98
        1
 10
0.0
 20
0.0
450
        0
451
        0
460
0.0
461
0.0
452
        0
462
0.0
453
        0
470

  0
SPLINE
  5
DC
330
AF
100
AcDbEntity
  8
Ebene 1
100
AcDbSpline
210
0.0
220
0.0
230
1.0
 70
     9
 71
     3
 72
    47
 73
    43
 74
     0
 42
0.0000000001
 43
0.0000000001
 40
0.0
 40
0.0
 40
0.0
 40
0.0
 40
1.0
 40
1.0
 40
1.0
 40
2.0
 40
2.0
 40
2.0
 40
3.0
 40
3.0
 40
3.0
 40
4.0
 40
4.0
 40
4.0
 40
5.0
 40
5.0
 40
5.0
 40
6.0
 40
6.0
 40
6.0
 40
7.0
 40
7.0
 40
7.0
 40
8.0
 40
8.0
 40
8.0
 40
9.0
 40
9.0
 40
9.0
 40
10.0
 40
10.0
 40
10.0
 40
11.0
 40
11.0
 40
11.0
 40
12.0
 40
12.0
 40
12.0
 40
13.0
 40
13.0
 40
13.0
 40
14.0
 40
14.0
 40
14.0
 40
14.0
 10
106.458101373125
 20
211.7210991224169
 30
0.0
 10
106.458101373125
 20
211.7210991224169
 30
0.0
 10
106.458101373125
 20
216.907345865912
 30
0.0
 10
106.458101373125
 20
216.907345865912
 30
0.0
 10
106.458101373125
 20
216.9814154188449
 30
0.0
 10
106.5073662385641
 20
217.0310247938325
 30
0.0
 10
106.581435791497
 20
217.0310247938325
 30
0.0
 10
106.581435791497
 20
217.0310247938325
 30
0.0
 10
108.149815511157
 20
217.0310247938325
 30
0.0
 10
108.149815511157
 20
217.0310247938325
 30
0.0
 10
108.2238850640898
 20
217.0310247938325
 30
0.0
 10
108.2733221843032
 20
216.9814154188449
 30
0.0
 10
108.2733221843032
 20
216.907345865912
 30
0.0
 10
108.2733221843032
 20
216.907345865912
 30
0.0
 10
108.2733221843032
 20
211.6718342569779
 30
0.0
 10
108.2733221843032
 20
211.6718342569779
 30
0.0
 10
108.2733221843032
 20
210.6713785280613
 30
0.0
 10
108.829016086074
 20
210.1032822825436
 30
0.0
 10
109.6809881995763
 20
210.1032822825436
 30
0.0
 10
110.5207302241059
 20
210.1032822825436
 30
0.0
 10
111.0764241258767
 20
210.6713785280613
 30
0.0
 10
111.0764241258767
 20
211.6718342569779
 30
0.0
 10
111.0764241258767
 20
211.6718342569779
 30
0.0
 10
111.0764241258767
 20
216.907345865912
 30
0.0
 10
111.0764241258767
 20
216.907345865912
 30
0.0
 10
111.0764241258767
 20
216.9814154188449
 30
0.0
 10
111.12586124609
 20
217.0310247938325
 30
0.0
 10
111.1999307990229
 20
217.0310247938325
 30
0.0
 10
111.1999307990229
 20
217.0310247938325
 30
0.0
 10
112.7681382639087
 20
217.0310247938325
 30
0.0
 10
112.7681382639087
 20
217.0310247938325
 30
0.0
 10
112.8422078168415
 20
217.0310247938325
 30
0.0
 10
112.8916449370549
 20
216.9814154188449
 30
0.0
 10
112.8916449370549
 20
216.907345865912
 30
0.0
 10
112.8916449370549
 20
216.907345865912
 30
0.0
 10
112.8916449370549
 20
211.7210991224169
 30
0.0
 10
112.8916449370549
 20
211.7210991224169
 30
0.0
 10
112.8916449370549
 20
209.6340602774526
 30
0.0
 10
111.5580484747146
 20
208.4982122959658
 30
0.0
 10
109.6809881995763
 20
208.4982122959658
 30
0.0
 10
107.7916978354652
 20
208.4982122959658
 30
0.0
 10
106.458101373125
 20
209.6340602774526
 30
0.0
 10
106.458101373125
 20
211.7210991224169
 30
0.0
  0
HATCH
  5
DD
330
AF
100
AcDbEntity
  8
Ebene 1
 62
    18
420
        0
440
 33554687
100
AcDbHatch
 10
0.0
 20
0.0
 30
0.0
210
0.0
220
0.0
230
1.0
  2
SOLID
 70
     1
 71
     1
 91
        1
 92
        1
 93
        1
 72
     4
 94
        3
 73
     0
 74
     0
 95
       47
 96
       43
 40
0.0
 40
0.0
 40
0.0
 40
0.0
 40
1.0
 40
1.0
 40
1.0
 40
2.0
 40
2.0
 40
2.0
 40
3.0
 40
3.0
 40
3.0
 40
4.0
 40
4.0
 40
4.0
 40
5.0
 40
5.0
 40
5.0
 40
6.0
 40
6.0
 40
6.0
 40
7.0
 40
7.0
 40
7.0
 40
8.0
 40
8.0
 40
8.0
 40
9.0
 40
9.0
 40
9.0
 40
10.0
 40
10.0
 40
10.0
 40
11.0
 40
11.0
 40
11.0
 40
12.0
 40
12.0
 40
12.0
 40
13.0
 40
13.0
 40
13.0
 40
14.0
 40
14.0
 40
14.0
 40
14.0
 10
106.458101373125
 20
211.7210991224169
 10
106.458101373125
 20
211.7210991224169
 10
106.458101373125
 20
216.907345865912
 10
106.458101373125
 20
216.907345865912
 10
106.458101373125
 20
216.9814154188449
 10
106.5073662385641
 20
217.0310247938325
 10
106.581435791497
 20
217.0310247938325
 10
106.581435791497
 20
217.0310247938325
 10
108.149815511157
 20
217.0310247938325
 10
108.149815511157
 20
217.0310247938325
 10
108.2238850640898
 20
217.0310247938325
 10
108.2733221843032
 20
216.9814154188449
 10
108.2733221843032
 20
216.907345865912
 10
108.2733221843032
 20
216.907345865912
 10
108.2733221843032
 20
211.6718342569779
 10
108.2733221843032
 20
211.6718342569779
 10
108.2733221843032
 20
210.6713785280613
 10
108.829016086074
 20
210.1032822825436
 10
109.6809881995763
 20
210.1032822825436
 10
110.5207302241059
 20
210.1032822825436
 10
111.0764241258767
 20
210.6713785280613
 10
111.0764241258767
 20
211.6718342569779
 10
111.0764241258767
 20
211.6718342569779
 10
111.0764241258767
 20
216.907345865912
 10
111.0764241258767
 20
216.907345865912
 10
111.0764241258767
 20
216.9814154188449
 10
111.12586124609
 20
217.0310247938325
 10
111.1999307990229
 20
217.0310247938325
 10
111.1999307990229
 20
217.0310247938325
 10
112.7681382639087
 20
217.0310247938325
 10
112.7681382639087
 20
217.0310247938325
 10
112.8422078168415
 20
217.0310247938325
 10
112.8916449370549
 20
216.9814154188449
 10
112.8916449370549
 20
216.907345865912
 10
112.8916449370549
 20
216.907345865912
 10
112.8916449370549
 20
211.7210991224169
 10
112.8916449370549
 20
211.7210991224169
 10
112.8916449370549
 20
209.6340602774526
 10
111.5580484747146
 20
208.4982122959658
 10
109.6809881995763
 20
208.4982122959658
 10
107.7916978354652
 20
208.4982122959658
 10
106.458101373125
 20
209.6340602774526
 10
106.458101373125
 20
211.7210991224169
 97
        0
 97
        1
330
DC
 75
     2
 76
     1
 98
        1
 10
0.0
 20
0.0
450
        0
451
        0
460
0.0
461
0.0
452
        0
462
0.0
453
        0
470

  0
SPLINE
  5
DE
330
AF
100
AcDbEntity
  8
Ebene 1
100
AcDbSpline
210
0.0
220
0.0
230
1.0
 70
     9
 71
     3
 72
    65
 73
    61
 74
     0
 42
0.0000000001
 43
0.0000000001
 40
0.0
 40
0.0
 40
0.0
 40
0.0
 40
1.0
 40
1.0
 40
1.0
 40
2.0
 40
2.0
 40
2.0
 40
3.0
 40
3.0
 40
3.0
 40
4.0
 40
4.0
 40
4.0
 40
5.0
 40
5.0
 40
5.0
 40
6.0
 40
6.0
 40
6.0
 40
7.0
 40
7.0
 40
7.0
 40
8.0
 40
8.0
 40
8.0
 40
9.0
 40
9.0
 40
9.0
 40
10.0
 40
10.0
 40
10.0
 40
11.0
 40
11.0
 40
11.0
 40
12.0
 40
12.0
 40
12.0
 40
13.0
 40
13.0
 40
13.0
 40
14.0
 40
14.0
 40
14.0
 40
15.0
 40
15.0
 40
15.0
 40
16.0
 40
16.0
 40
16.0
 40
17.0
 40
17.0
 40
17.0
 40
18.0
 40
18.0
 40
18.0
 40
19.0
 40
19.0
 40
19.0
 40
20.0
 40
20.0
 40
20.0
 40
20.0
 10
114.4589911280693
 20
216.907345865912
 30
0.0
 10
114.4589911280693
 20
216.9814154188449
 30
0.0
 10
114.5082559935083
 20
217.0310247938325
 30
0.0
 10
114.5824978012155
 20
217.0310247938325
 30
0.0
 10
114.5824978012155
 20
217.0310247938325
 30
0.0
 10
116.0642333694214
 20
217.0310247938325
 30
0.0
 10
116.0642333694214
 20
217.0310247938325
 30
0.0
 10
116.1507052661012
 20
217.0310247938325
 30
0.0
 10
116.2247748190341
 20
216.9938177625919
 30
0.0
 10
116.2742119392474
 20
216.907345865912
 30
0.0
 10
116.2742119392474
 20
216.907345865912
 30
0.0
 10
119.2378553304336
 20
211.6222248819903
 30
0.0
 10
119.2378553304336
 20
211.6222248819903
 30
0.0
 10
119.2378553304336
 20
211.6222248819903
 30
0.0
 10
119.2995225396195
 20
211.6222248819903
 30
0.0
 10
119.2995225396195
 20
211.6222248819903
 30
0.0
 10
119.2995225396195
 20
211.6222248819903
 30
0.0
 10
119.2995225396195
 20
216.907345865912
 30
0.0
 10
119.2995225396195
 20
216.907345865912
 30
0.0
 10
119.2995225396195
 20
216.9814154188449
 30
0.0
 10
119.3489596598329
 20
217.0310247938325
 30
0.0
 10
119.4230292127657
 20
217.0310247938325
 30
0.0
 10
119.4230292127657
 20
217.0310247938325
 30
0.0
 10
120.8184651390662
 20
217.0310247938325
 30
0.0
 10
120.8184651390662
 20
217.0310247938325
 30
0.0
 10
120.8925346919991
 20
217.0310247938325
 30
0.0
 10
120.9419718122124
 20
216.9814154188449
 30
0.0
 10
120.9419718122124
 20
216.907345865912
 30
0.0
 10
120.9419718122124
 20
216.907345865912
 30
0.0
 10
120.9419718122124
 20
208.7572834764565
 30
0.0
 10
120.9419718122124
 20
208.7572834764565
 30
0.0
 10
120.9419718122124
 20
208.6832139235236
 30
0.0
 10
120.8925346919991
 20
208.6339490580846
 30
0.0
 10
120.8184651390662
 20
208.6339490580846
 30
0.0
 10
120.8184651390662
 20
208.6339490580846
 30
0.0
 10
119.3489596598329
 20
208.6339490580846
 30
0.0
 10
119.3489596598329
 20
208.6339490580846
 30
0.0
 10
119.2500854194062
 20
208.6339490580846
 30
0.0
 10
119.1884182102202
 20
208.6711560893253
 30
0.0
 10
119.1389810900069
 20
208.7572834764565
 30
0.0
 10
119.1389810900069
 20
208.7572834764565
 30
0.0
 10
116.1631076098481
 20
214.0303466261799
 30
0.0
 10
116.1631076098481
 20
214.0303466261799
 30
0.0
 10
116.1631076098481
 20
214.0303466261799
 30
0.0
 10
116.1012681458879
 20
214.0303466261799
 30
0.0
 10
116.1012681458879
 20
214.0303466261799
 30
0.0
 10
116.1012681458879
 20
214.0303466261799
 30
0.0
 10
116.1012681458879
 20
208.7572834764565
 30
0.0
 10
116.1012681458879
 20
208.7572834764565
 30
0.0
 10
116.1012681458879
 20
208.6832139235236
 30
0.0
 10
116.0518310256745
 20
208.6339490580846
 30
0.0
 10
115.9777614727417
 20
208.6339490580846
 30
0.0
 10
115.9777614727417
 20
208.6339490580846
 30
0.0
 10
114.5824978012155
 20
208.6339490580846
 30
0.0
 10
114.5824978012155
 20
208.6339490580846
 30
0.0
 10
114.5082559935083
 20
208.6339490580846
 30
0.0
 10
114.4589911280693
 20
208.6832139235236
 30
0.0
 10
114.4589911280693
 20
208.7572834764565
 30
0.0
 10
114.4589911280693
 20
208.7572834764565
 30
0.0
 10
114.4589911280693
 20
216.907345865912
 30
0.0
 10
114.4589911280693
 20
216.907345865912
 30
0.0
  0
HATCH
  5
DF
330
AF
100
AcDbEntity
  8
Ebene 1
 62
    18
420
        0
440
 33554687
100
AcDbHatch
 10
0.0
 20
0.0
 30
0.0
210
0.0
220
0.0
230
1.0
  2
SOLID
 70
     1
 71
     1
 91
        1
 92
        1
 93
        1
 72
     4
 94
        3
 73
     0
 74
     0
 95
       65
 96
       61
 40
0.0
 40
0.0
 40
0.0
 40
0.0
 40
1.0
 40
1.0
 40
1.0
 40
2.0
 40
2.0
 40
2.0
 40
3.0
 40
3.0
 40
3.0
 40
4.0
 40
4.0
 40
4.0
 40
5.0
 40
5.0
 40
5.0
 40
6.0
 40
6.0
 40
6.0
 40
7.0
 40
7.0
 40
7.0
 40
8.0
 40
8.0
 40
8.0
 40
9.0
 40
9.0
 40
9.0
 40
10.0
 40
10.0
 40
10.0
 40
11.0
 40
11.0
 40
11.0
 40
12.0
 40
12.0
 40
12.0
 40
13.0
 40
13.0
 40
13.0
 40
14.0
 40
14.0
 40
14.0
 40
15.0
 40
15.0
 40
15.0
 40
16.0
 40
16.0
 40
16.0
 40
17.0
 40
17.0
 40
17.0
 40
18.0
 40
18.0
 40
18.0
 40
19.0
 40
19.0
 40
19.0
 40
20.0
 40
20.0
 40
20.0
 40
20.0
 10
114.4589911280693
 20
216.907345865912
 10
114.4589911280693
 20
216.9814154188449
 10
114.5082559935083
 20
217.0310247938325
 10
114.5824978012155
 20
217.0310247938325
 10
114.5824978012155
 20
217.0310247938325
 10
116.0642333694214
 20
217.0310247938325
 10
116.0642333694214
 20
217.0310247938325
 10
116.1507052661012
 20
217.0310247938325
 10
116.2247748190341
 20
216.9938177625919
 10
116.2742119392474
 20
216.907345865912
 10
116.2742119392474
 20
216.907345865912
 10
119.2378553304336
 20
211.6222248819903
 10
119.2378553304336
 20
211.6222248819903
 10
119.2378553304336
 20
211.6222248819903
 10
119.2995225396195
 20
211.6222248819903
 10
119.2995225396195
 20
211.6222248819903
 10
119.2995225396195
 20
211.6222248819903
 10
119.2995225396195
 20
216.907345865912
 10
119.2995225396195
 20
216.907345865912
 10
119.2995225396195
 20
216.9814154188449
 10
119.3489596598329
 20
217.0310247938325
 10
119.4230292127657
 20
217.0310247938325
 10
119.4230292127657
 20
217.0310247938325
 10
120.8184651390662
 20
217.0310247938325
 10
120.8184651390662
 20
217.0310247938325
 10
120.8925346919991
 20
217.0310247938325
 10
120.9419718122124
 20
216.9814154188449
 10
120.9419718122124
 20
216.907345865912
 10
120.9419718122124
 20
216.907345865912
 10
120.9419718122124
 20
208.7572834764565
 10
120.9419718122124
 20
208.7572834764565
 10
120.9419718122124
 20
208.6832139235236
 10
120.8925346919991
 20
208.6339490580846
 10
120.8184651390662
 20
208.6339490580846
 10
120.8184651390662
 20
208.6339490580846
 10
119.3489596598329
 20
208.6339490580846
 10
119.3489596598329
 20
208.6339490580846
 10
119.2500854194062
 20
208.6339490580846
 10
119.1884182102202
 20
208.6711560893253
 10
119.1389810900069
 20
208.7572834764565
 10
119.1389810900069
 20
208.7572834764565
 10
116.1631076098481
 20
214.0303466261799
 10
116.1631076098481
 20
214.0303466261799
 10
116.1631076098481
 20
214.0303466261799
 10
116.1012681458879
 20
214.0303466261799
 10
116.1012681458879
 20
214.0303466261799
 10
116.1012681458879
 20
214.0303466261799
 10
116.1012681458879
 20
208.7572834764565
 10
116.1012681458879
 20
208.7572834764565
 10
116.1012681458879
 20
208.6832139235236
 10
116.0518310256745
 20
208.6339490580846
 10
115.9777614727417
 20
208.6339490580846
 10
115.9777614727417
 20
208.6339490580846
 10
114.5824978012155
 20
208.6339490580846
 10
114.5824978012155
 20
208.6339490580846
 10
114.5082559935083
 20
208.6339490580846
 10
114.4589911280693
 20
208.6832139235236
 10
114.4589911280693
 20
208.7572834764565
 10
114.4589911280693
 20
208.7572834764565
 10
114.4589911280693
 20
216.907345865912
 10
114.4589911280693
 20
216.907345865912
 97
        0
 97
        1
330
DE
 75
     2
 76
     1
 98
        1
 10
0.0
 20
0.0
450
        0
451
        0
460
0.0
461
0.0
452
        0
462
0.0
453
        0
470

  0
SPLINE
  5
E0
330
AF
100
AcDbEntity
  8
Ebene 1
100
AcDbSpline
210
0.0
220
0.0
230
1.0
 70
    11
 71
     3
 72
    80
 73
    76
 74
     0
 42
0.0000000001
 43
0.0000000001
 40
0.0
 40
0.0
 40
0.0
 40
0.0
 40
1.0
 40
1.0
 40
1.0
 40
2.0
 40
2.0
 40
2.0
 40
3.0
 40
3.0
 40
3.0
 40
4.0
 40
4.0
 40
4.0
 40
5.0
 40
5.0
 40
5.0
 40
6.0
 40
6.0
 40
6.0
 40
7.0
 40
7.0
 40
7.0
 40
8.0
 40
8.0
 40
8.0
 40
9.0
 40
9.0
 40
9.0
 40
10.0
 40
10.0
 40
10.0
 40
11.0
 40
11.0
 40
11.0
 40
12.0
 40
12.0
 40
12.0
 40
13.0
 40
13.0
 40
13.0
 40
14.0
 40
14.0
 40
14.0
 40
15.0
 40
15.0
 40
15.0
 40
16.0
 40
16.0
 40
16.0
 40
17.0
 40
17.0
 40
17.0
 40
18.0
 40
18.0
 40
18.0
 40
19.0
 40
19.0
 40
19.0
 40
20.0
 40
20.0
 40
20.0
 40
21.0
 40
21.0
 40
21.0
 40
22.0
 40
22.0
 40
22.0
 40
23.0
 40
23.0
 40
23.0
 40
24.0
 40
24.0
 40
24.0
 40
25.0
 40
25.0
 40
25.0
 40
25.0
 10
122.3239718661204
 20
212.8324869259586
 30
0.0
 10
122.3239718661204
 20
214.079611491619
 30
0.0
 10
122.3734089863337
 20
214.54883349671
 30
0.0
 10
122.5585828686659
 20
215.1293320859746
 30
0.0
 10
122.9907700972905
 20
216.4877332358086
 30
0.0
 10
124.1515950210454
 20
217.1667615559514
 30
0.0
 10
125.6457329329983
 20
217.1667615559514
 30
0.0
 10
127.2141126526583
 20
217.1667615559514
 30
0.0
 10
128.2390285595201
 20
216.388858995382
 30
0.0
 10
128.6341810116782
 20
215.3763454322671
 30
0.0
 10
128.6712157881447
 20
215.3022758793341
 30
0.0
 10
128.6588134443978
 20
215.2282063264013
 30
0.0
 10
128.5847438914649
 20
215.1909992951606
 30
0.0
 10
128.5847438914649
 20
215.1909992951606
 30
0.0
 10
127.2633775180973
 20
214.6353053933898
 30
0.0
 10
127.2633775180973
 20
214.6353053933898
 30
0.0
 10
127.1769056214176
 20
214.610500705896
 30
0.0
 10
127.1152384122316
 20
214.6353053933898
 30
0.0
 10
127.090605979512
 20
214.6969726025758
 30
0.0
 10
126.7571207365399
 20
215.2650688480935
 30
0.0
 10
126.3373358516622
 20
215.5613470598249
 30
0.0
 10
125.6457329329983
 20
215.5613470598249
 30
0.0
 10
124.9294975816148
 20
215.5613470598249
 30
0.0
 10
124.4850802640176
 20
215.2034016389075
 30
0.0
 10
124.2997341269112
 20
214.6229030496429
 30
0.0
 10
124.2010321412587
 20
214.3266248379114
 30
0.0
 10
124.1639973647923
 20
213.9314723857533
 30
0.0
 10
124.1639973647923
 20
212.8324869259586
 30
0.0
 10
124.1639973647923
 20
211.7335014661639
 30
0.0
 10
124.2010321412587
 20
211.3259466702588
 30
0.0
 10
124.2997341269112
 20
211.0296684585273
 30
0.0
 10
124.4850802640176
 20
210.4491698692627
 30
0.0
 10
124.9418999253617
 20
210.1032822825436
 30
0.0
 10
125.6705376204921
 20
210.1032822825436
 30
0.0
 10
126.3003010751957
 20
210.1032822825436
 30
0.0
 10
126.8435926332196
 20
210.4123073475705
 30
0.0
 10
127.0165364265792
 20
210.9676567397928
 30
0.0
 10
127.0782036357652
 20
211.177807564393
 30
0.0
 10
127.1152384122316
 20
211.4372232544324
 30
0.0
 10
127.1152384122316
 20
211.7951686753498
 30
0.0
 10
127.1152384122316
 20
211.8444335407889
 30
0.0
 10
127.090605979512
 20
211.8692382282827
 30
0.0
 10
127.0411688592987
 20
211.8692382282827
 30
0.0
 10
127.0411688592987
 20
211.8692382282827
 30
0.0
 10
125.9051486230376
 20
211.8692382282827
 30
0.0
 10
125.9051486230376
 20
211.8692382282827
 30
0.0
 10
125.8310790701047
 20
211.8692382282827
 30
0.0
 10
125.7816419498914
 20
211.9185030937217
 30
0.0
 10
125.7816419498914
 20
211.9929171562032
 30
0.0
 10
125.7816419498914
 20
211.9929171562032
 30
0.0
 10
125.7816419498914
 20
213.1780300031291
 30
0.0
 10
125.7816419498914
 20
213.1780300031291
 30
0.0
 10
125.7816419498914
 20
213.2524440656105
 30
0.0
 10
125.8310790701047
 20
213.3017089310496
 30
0.0
 10
125.9051486230376
 20
213.3017089310496
 30
0.0
 10
125.9051486230376
 20
213.3017089310496
 30
0.0
 10
128.7947224612909
 20
213.3017089310496
 30
0.0
 10
128.7947224612909
 20
213.3017089310496
 30
0.0
 10
128.8687920142237
 20
213.3017089310496
 30
0.0
 10
128.9180568796628
 20
213.2524440656105
 30
0.0
 10
128.9180568796628
 20
213.1780300031291
 30
0.0
 10
128.9180568796628
 20
213.1780300031291
 30
0.0
 10
128.9180568796628
 20
212.4865993392395
 30
0.0
 10
128.9180568796628
 20
212.4865993392395
 30
0.0
 10
128.9180568796628
 20
211.7459038099108
 30
0.0
 10
128.8563896704769
 20
211.0541286364726
 30
0.0
 10
128.7082505646111
 20
210.5973089751285
 30
0.0
 10
128.2882934249592
 20
209.2513101690414
 30
0.0
 10
127.1276407559785
 20
208.4982122959658
 30
0.0
 10
125.6457329329983
 20
208.4982122959658
 30
0.0
 10
124.1515950210454
 20
208.4982122959658
 30
0.0
 10
122.9907700972905
 20
209.1772406161084
 30
0.0
 10
122.5585828686659
 20
210.5356417659425
 30
0.0
 10
122.3734089863337
 20
211.1161403552071
 30
0.0
 10
122.3239718661204
 20
211.5853623602981
 30
0.0
 10
122.3239718661204
 20
212.8324869259586
 30
0.0
  0
HATCH
  5
E1
330
AF
100
AcDbEntity
  8
Ebene 1
 62
    18
420
        0
440
 33554687
100
AcDbHatch
 10
0.0
 20
0.0
 30
0.0
210
0.0
220
0.0
230
1.0
  2
SOLID
 70
     1
 71
     1
 91
        1
 92
        1
 93
        1
 72
     4
 94
        3
 73
     0
 74
     0
 95
       80
 96
       76
 40
0.0
 40
0.0
 40
0.0
 40
0.0
 40
1.0
 40
1.0
 40
1.0
 40
2.0
 40
2.0
 40
2.0
 40
3.0
 40
3.0
 40
3.0
 40
4.0
 40
4.0
 40
4.0
 40
5.0
 40
5.0
 40
5.0
 40
6.0
 40
6.0
 40
6.0
 40
7.0
 40
7.0
 40
7.0
 40
8.0
 40
8.0
 40
8.0
 40
9.0
 40
9.0
 40
9.0
 40
10.0
 40
10.0
 40
10.0
 40
11.0
 40
11.0
 40
11.0
 40
12.0
 40
12.0
 40
12.0
 40
13.0
 40
13.0
 40
13.0
 40
14.0
 40
14.0
 40
14.0
 40
15.0
 40
15.0
 40
15.0
 40
16.0
 40
16.0
 40
16.0
 40
17.0
 40
17.0
 40
17.0
 40
18.0
 40
18.0
 40
18.0
 40
19.0
 40
19.0
 40
19.0
 40
20.0
 40
20.0
 40
20.0
 40
21.0
 40
21.0
 40
21.0
 40
22.0
 40
22.0
 40
22.0
 40
23.0
 40
23.0
 40
23.0
 40
24.0
 40
24.0
 40
24.0
 40
25.0
 40
25.0
 40
25.0
 40
25.0
 10
122.3239718661204
 20
212.8324869259586
 10
122.3239718661204
 20
214.079611491619
 10
122.3734089863337
 20
214.54883349671
 10
122.5585828686659
 20
215.1293320859746
 10
122.9907700972905
 20
216.4877332358086
 10
124.1515950210454
 20
217.1667615559514
 10
125.6457329329983
 20
217.1667615559514
 10
127.2141126526583
 20
217.1667615559514
 10
128.2390285595201
 20
216.388858995382
 10
128.6341810116782
 20
215.3763454322671
 10
128.6712157881447
 20
215.3022758793341
 10
128.6588134443978
 20
215.2282063264013
 10
128.5847438914649
 20
215.1909992951606
 10
128.5847438914649
 20
215.1909992951606
 10
127.2633775180973
 20
214.6353053933898
 10
127.2633775180973
 20
214.6353053933898
 10
127.1769056214176
 20
214.610500705896
 10
127.1152384122316
 20
214.6353053933898
 10
127.090605979512
 20
214.6969726025758
 10
126.7571207365399
 20
215.2650688480935
 10
126.3373358516622
 20
215.5613470598249
 10
125.6457329329983
 20
215.5613470598249
 10
124.9294975816148
 20
215.5613470598249
 10
124.4850802640176
 20
215.2034016389075
 10
124.2997341269112
 20
214.6229030496429
 10
124.2010321412587
 20
214.3266248379114
 10
124.1639973647923
 20
213.9314723857533
 10
124.1639973647923
 20
212.8324869259586
 10
124.1639973647923
 20
211.7335014661639
 10
124.2010321412587
 20
211.3259466702588
 10
124.2997341269112
 20
211.0296684585273
 10
124.4850802640176
 20
210.4491698692627
 10
124.9418999253617
 20
210.1032822825436
 10
125.6705376204921
 20
210.1032822825436
 10
126.3003010751957
 20
210.1032822825436
 10
126.8435926332196
 20
210.4123073475705
 10
127.0165364265792
 20
210.9676567397928
 10
127.0782036357652
 20
211.177807564393
 10
127.1152384122316
 20
211.4372232544324
 10
127.1152384122316
 20
211.7951686753498
 10
127.1152384122316
 20
211.8444335407889
 10
127.090605979512
 20
211.8692382282827
 10
127.0411688592987
 20
211.8692382282827
 10
127.0411688592987
 20
211.8692382282827
 10
125.9051486230376
 20
211.8692382282827
 10
125.9051486230376
 20
211.8692382282827
 10
125.8310790701047
 20
211.8692382282827
 10
125.7816419498914
 20
211.9185030937217
 10
125.7816419498914
 20
211.9929171562032
 10
125.7816419498914
 20
211.9929171562032
 10
125.7816419498914
 20
213.1780300031291
 10
125.7816419498914
 20
213.1780300031291
 10
125.7816419498914
 20
213.2524440656105
 10
125.8310790701047
 20
213.3017089310496
 10
125.9051486230376
 20
213.3017089310496
 10
125.9051486230376
 20
213.3017089310496
 10
128.7947224612909
 20
213.3017089310496
 10
128.7947224612909
 20
213.3017089310496
 10
128.8687920142237
 20
213.3017089310496
 10
128.9180568796628
 20
213.2524440656105
 10
128.9180568796628
 20
213.1780300031291
 10
128.9180568796628
 20
213.1780300031291
 10
128.9180568796628
 20
212.4865993392395
 10
128.9180568796628
 20
212.4865993392395
 10
128.9180568796628
 20
211.7459038099108
 10
128.8563896704769
 20
211.0541286364726
 10
128.7082505646111
 20
210.5973089751285
 10
128.2882934249592
 20
209.2513101690414
 10
127.1276407559785
 20
208.4982122959658
 10
125.6457329329983
 20
208.4982122959658
 10
124.1515950210454
 20
208.4982122959658
 10
122.9907700972905
 20
209.1772406161084
 10
122.5585828686659
 20
210.5356417659425
 10
122.3734089863337
 20
211.1161403552071
 10
122.3239718661204
 20
211.5853623602981
 10
122.3239718661204
 20
212.8324869259586
 97
        0
 97
        1
330
E0
 75
     2
 76
     1
 98
        1
 10
0.0
 20
0.0
450
        0
451
        0
460
0.0
461
0.0
452
        0
462
0.0
453
        0
470

  0
SPLINE
  5
E2
330
AF
100
AcDbEntity
  8
Ebene 1
100
AcDbSpline
210
0.0
220
0.0
230
1.0
 70
     9
 71
     3
 72
    77
 73
    73
 74
     0
 42
0.0000000001
 43
0.0000000001
 40
0.0
 40
0.0
 40
0.0
 40
0.0
 40
1.0
 40
1.0
 40
1.0
 40
2.0
 40
2.0
 40
2.0
 40
3.0
 40
3.0
 40
3.0
 40
4.0
 40
4.0
 40
4.0
 40
5.0
 40
5.0
 40
5.0
 40
6.0
 40
6.0
 40
6.0
 40
7.0
 40
7.0
 40
7.0
 40
8.0
 40
8.0
 40
8.0
 40
9.0
 40
9.0
 40
9.0
 40
10.0
 40
10.0
 40
10.0
 40
11.0
 40
11.0
 40
11.0
 40
12.0
 40
12.0
 40
12.0
 40
13.0
 40
13.0
 40
13.0
 40
14.0
 40
14.0
 40
14.0
 40
15.0
 40
15.0
 40
15.0
 40
16.0
 40
16.0
 40
16.0
 40
17.0
 40
17.0
 40
17.0
 40
18.0
 40
18.0
 40
18.0
 40
19.0
 40
19.0
 40
19.0
 40
20.0
 40
20.0
 40
20.0
 40
21.0
 40
21.0
 40
21.0
 40
22.0
 40
22.0
 40
22.0
 40
23.0
 40
23.0
 40
23.0
 40
24.0
 40
24.0
 40
24.0
 40
24.0
 10
130.3002291883451
 20
216.907345865912
 30
0.0
 10
130.3002291883451
 20
216.9814154188449
 30
0.0
 10
130.3494940537841
 20
217.0310247938325
 30
0.0
 10
130.4237358614912
 20
217.0310247938325
 30
0.0
 10
130.4237358614912
 20
217.0310247938325
 30
0.0
 10
135.8075588310655
 20
217.0310247938325
 30
0.0
 10
135.8075588310655
 20
217.0310247938325
 30
0.0
 10
135.8816283839983
 20
217.0310247938325
 30
0.0
 10
135.9310655042117
 20
216.9814154188449
 30
0.0
 10
135.9310655042117
 20
216.907345865912
 30
0.0
 10
135.9310655042117
 20
216.907345865912
 30
0.0
 10
135.9310655042117
 20
215.5861517473188
 30
0.0
 10
135.9310655042117
 20
215.5861517473188
 30
0.0
 10
135.9310655042117
 20
215.5120821943859
 30
0.0
 10
135.8816283839983
 20
215.4628173289468
 30
0.0
 10
135.8075588310655
 20
215.4628173289468
 30
0.0
 10
135.8075588310655
 20
215.4628173289468
 30
0.0
 10
132.1895195524561
 20
215.4628173289468
 30
0.0
 10
132.1895195524561
 20
215.4628173289468
 30
0.0
 10
132.1400824322427
 20
215.4628173289468
 30
0.0
 10
132.1154499995232
 20
215.438012641453
 30
0.0
 10
132.1154499995232
 20
215.388747776014
 30
0.0
 10
132.1154499995232
 20
215.388747776014
 30
0.0
 10
132.1154499995232
 20
213.7216660707015
 30
0.0
 10
132.1154499995232
 20
213.7216660707015
 30
0.0
 10
132.1154499995232
 20
213.6720566957139
 30
0.0
 10
132.1400824322427
 20
213.6475965177687
 30
0.0
 10
132.1895195524561
 20
213.6475965177687
 30
0.0
 10
132.1895195524561
 20
213.6475965177687
 30
0.0
 10
135.2026000638556
 20
213.6475965177687
 30
0.0
 10
135.2026000638556
 20
213.6475965177687
 30
0.0
 10
135.2766696167885
 20
213.6475965177687
 30
0.0
 10
135.3259344822275
 20
213.5979871427811
 30
0.0
 10
135.3259344822275
 20
213.5239175898482
 30
0.0
 10
135.3259344822275
 20
213.5239175898482
 30
0.0
 10
135.3259344822275
 20
212.2151258150018
 30
0.0
 10
135.3259344822275
 20
212.2151258150018
 30
0.0
 10
135.3259344822275
 20
212.1410562620689
 30
0.0
 10
135.2766696167885
 20
212.0914468870813
 30
0.0
 10
135.2026000638556
 20
212.0914468870813
 30
0.0
 10
135.2026000638556
 20
212.0914468870813
 30
0.0
 10
132.1895195524561
 20
212.0914468870813
 30
0.0
 10
132.1895195524561
 20
212.0914468870813
 30
0.0
 10
132.1400824322427
 20
212.0914468870813
 30
0.0
 10
132.1154499995232
 20
212.066986709136
 30
0.0
 10
132.1154499995232
 20
212.0173773341484
 30
0.0
 10
132.1154499995232
 20
212.0173773341484
 30
0.0
 10
132.1154499995232
 20
210.2762260759031
 30
0.0
 10
132.1154499995232
 20
210.2762260759031
 30
0.0
 10
132.1154499995232
 20
210.2269612104641
 30
0.0
 10
132.1400824322427
 20
210.2021565229703
 30
0.0
 10
132.1895195524561
 20
210.2021565229703
 30
0.0
 10
132.1895195524561
 20
210.2021565229703
 30
0.0
 10
135.8075588310655
 20
210.2021565229703
 30
0.0
 10
135.8075588310655
 20
210.2021565229703
 30
0.0
 10
135.8816283839983
 20
210.2021565229703
 30
0.0
 10
135.9310655042117
 20
210.1528916575312
 30
0.0
 10
135.9310655042117
 20
210.0788221045984
 30
0.0
 10
135.9310655042117
 20
210.0788221045984
 30
0.0
 10
135.9310655042117
 20
208.7572834764565
 30
0.0
 10
135.9310655042117
 20
208.7572834764565
 30
0.0
 10
135.9310655042117
 20
208.6832139235236
 30
0.0
 10
135.8816283839983
 20
208.6339490580846
 30
0.0
 10
135.8075588310655
 20
208.6339490580846
 30
0.0
 10
135.8075588310655
 20
208.6339490580846
 30
0.0
 10
130.4237358614912
 20
208.6339490580846
 30
0.0
 10
130.4237358614912
 20
208.6339490580846
 30
0.0
 10
130.3494940537841
 20
208.6339490580846
 30
0.0
 10
130.3002291883451
 20
208.6832139235236
 30
0.0
 10
130.3002291883451
 20
208.7572834764565
 30
0.0
 10
130.3002291883451
 20
208.7572834764565
 30
0.0
 10
130.3002291883451
 20
216.907345865912
 30
0.0
 10
130.3002291883451
 20
216.907345865912
 30
0.0
  0
HATCH
  5
E3
330
AF
100
AcDbEntity
  8
Ebene 1
 62
    18
420
        0
440
 33554687
100
AcDbHatch
 10
0.0
 20
0.0
 30
0.0
210
0.0
220
0.0
230
1.0
  2
SOLID
 70
     1
 71
     1
 91
        1
 92
        1
 93
        1
 72
     4
 94
        3
 73
     0
 74
     0
 95
       77
 96
       73
 40
0.0
 40
0.0
 40
0.0
 40
0.0
 40
1.0
 40
1.0
 40
1.0
 40
2.0
 40
2.0
 40
2.0
 40
3.0
 40
3.0
 40
3.0
 40
4.0
 40
4.0
 40
4.0
 40
5.0
 40
5.0
 40
5.0
 40
6.0
 40
6.0
 40
6.0
 40
7.0
 40
7.0
 40
7.0
 40
8.0
 40
8.0
 40
8.0
 40
9.0
 40
9.0
 40
9.0
 40
10.0
 40
10.0
 40
10.0
 40
11.0
 40
11.0
 40
11.0
 40
12.0
 40
12.0
 40
12.0
 40
13.0
 40
13.0
 40
13.0
 40
14.0
 40
14.0
 40
14.0
 40
15.0
 40
15.0
 40
15.0
 40
16.0
 40
16.0
 40
16.0
 40
17.0
 40
17.0
 40
17.0
 40
18.0
 40
18.0
 40
18.0
 40
19.0
 40
19.0
 40
19.0
 40
20.0
 40
20.0
 40
20.0
 40
21.0
 40
21.0
 40
21.0
 40
22.0
 40
22.0
 40
22.0
 40
23.0
 40
23.0
 40
23.0
 40
24.0
 40
24.0
 40
24.0
 40
24.0
 10
130.3002291883451
 20
216.907345865912
 10
130.3002291883451
 20
216.9814154188449
 10
130.3494940537841
 20
217.0310247938325
 10
130.4237358614912
 20
217.0310247938325
 10
130.4237358614912
 20
217.0310247938325
 10
135.8075588310655
 20
217.0310247938325
 10
135.8075588310655
 20
217.0310247938325
 10
135.8816283839983
 20
217.0310247938325
 10
135.9310655042117
 20
216.9814154188449
 10
135.9310655042117
 20
216.907345865912
 10
135.9310655042117
 20
216.907345865912
 10
135.9310655042117
 20
215.5861517473188
 10
135.9310655042117
 20
215.5861517473188
 10
135.9310655042117
 20
215.5120821943859
 10
135.8816283839983
 20
215.4628173289468
 10
135.8075588310655
 20
215.4628173289468
 10
135.8075588310655
 20
215.4628173289468
 10
132.1895195524561
 20
215.4628173289468
 10
132.1895195524561
 20
215.4628173289468
 10
132.1400824322427
 20
215.4628173289468
 10
132.1154499995232
 20
215.438012641453
 10
132.1154499995232
 20
215.388747776014
 10
132.1154499995232
 20
215.388747776014
 10
132.1154499995232
 20
213.7216660707015
 10
132.1154499995232
 20
213.7216660707015
 10
132.1154499995232
 20
213.6720566957139
 10
132.1400824322427
 20
213.6475965177687
 10
132.1895195524561
 20
213.6475965177687
 10
132.1895195524561
 20
213.6475965177687
 10
135.2026000638556
 20
213.6475965177687
 10
135.2026000638556
 20
213.6475965177687
 10
135.2766696167885
 20
213.6475965177687
 10
135.3259344822275
 20
213.5979871427811
 10
135.3259344822275
 20
213.5239175898482
 10
135.3259344822275
 20
213.5239175898482
 10
135.3259344822275
 20
212.2151258150018
 10
135.3259344822275
 20
212.2151258150018
 10
135.3259344822275
 20
212.1410562620689
 10
135.2766696167885
 20
212.0914468870813
 10
135.2026000638556
 20
212.0914468870813
 10
135.2026000638556
 20
212.0914468870813
 10
132.1895195524561
 20
212.0914468870813
 10
132.1895195524561
 20
212.0914468870813
 10
132.1400824322427
 20
212.0914468870813
 10
132.1154499995232
 20
212.066986709136
 10
132.1154499995232
 20
212.0173773341484
 10
132.1154499995232
 20
212.0173773341484
 10
132.1154499995232
 20
210.2762260759031
 10
132.1154499995232
 20
210.2762260759031
 10
132.1154499995232
 20
210.2269612104641
 10
132.1400824322427
 20
210.2021565229703
 10
132.1895195524561
 20
210.2021565229703
 10
132.1895195524561
 20
210.2021565229703
 10
135.8075588310655
 20
210.2021565229703
 10
135.8075588310655
 20
210.2021565229703
 10
135.8816283839983
 20
210.2021565229703
 10
135.9310655042117
 20
210.1528916575312
 10
135.9310655042117
 20
210.0788221045984
 10
135.9310655042117
 20
210.0788221045984
 10
135.9310655042117
 20
208.7572834764565
 10
135.9310655042117
 20
208.7572834764565
 10
135.9310655042117
 20
208.6832139235236
 10
135.8816283839983
 20
208.6339490580846
 10
135.8075588310655
 20
208.6339490580846
 10
135.8075588310655
 20
208.6339490580846
 10
130.4237358614912
 20
208.6339490580846
 10
130.4237358614912
 20
208.6339490580846
 10
130.3494940537841
 20
208.6339490580846
 10
130.3002291883451
 20
208.6832139235236
 10
130.3002291883451
 20
208.7572834764565
 10
130.3002291883451
 20
208.7572834764565
 10
130.3002291883451
 20
216.907345865912
 10
130.3002291883451
 20
216.907345865912
 97
        0
 97
        1
330
E2
 75
     2
 76
     1
 98
        1
 10
0.0
 20
0.0
450
        0
451
        0
460
0.0
461
0.0
452
        0
462
0.0
453
        0
470

  0
SPLINE
  5
E4
330
AF
100
AcDbEntity
  8
Ebene 1
100
AcDbSpline
210
0.0
220
0.0
230
1.0
 70
     9
 71
     3
 72
    65
 73
    61
 74
     0
 42
0.0000000001
 43
0.0000000001
 40
0.0
 40
0.0
 40
0.0
 40
0.0
 40
1.0
 40
1.0
 40
1.0
 40
2.0
 40
2.0
 40
2.0
 40
3.0
 40
3.0
 40
3.0
 40
4.0
 40
4.0
 40
4.0
 40
5.0
 40
5.0
 40
5.0
 40
6.0
 40
6.0
 40
6.0
 40
7.0
 40
7.0
 40
7.0
 40
8.0
 40
8.0
 40
8.0
 40
9.0
 40
9.0
 40
9.0
 40
10.0
 40
10.0
 40
10.0
 40
11.0
 40
11.0
 40
11.0
 40
12.0
 40
12.0
 40
12.0
 40
13.0
 40
13.0
 40
13.0
 40
14.0
 40
14.0
 40
14.0
 40
15.0
 40
15.0
 40
15.0
 40
16.0
 40
16.0
 40
16.0
 40
17.0
 40
17.0
 40
17.0
 40
18.0
 40
18.0
 40
18.0
 40
19.0
 40
19.0
 40
19.0
 40
20.0
 40
20.0
 40
20.0
 40
20.0
 10
137.2762030364275
 20
216.907345865912
 30
0.0
 10
137.2762030364275
 20
216.9814154188449
 30
0.0
 10
137.3254679018665
 20
217.0310247938325
 30
0.0
 10
137.3997097095737
 20
217.0310247938325
 30
0.0
 10
137.3997097095737
 20
217.0310247938325
 30
0.0
 10
138.8814452777796
 20
217.0310247938325
 30
0.0
 10
138.8814452777796
 20
217.0310247938325
 30
0.0
 10
138.9679171744594
 20
217.0310247938325
 30
0.0
 10
139.0419867273923
 20
216.9938177625919
 30
0.0
 10
139.0914238476056
 20
216.907345865912
 30
0.0
 10
139.0914238476056
 20
216.907345865912
 30
0.0
 10
142.0550672387918
 20
211.6222248819903
 30
0.0
 10
142.0550672387918
 20
211.6222248819903
 30
0.0
 10
142.0550672387918
 20
211.6222248819903
 30
0.0
 10
142.1167344479777
 20
211.6222248819903
 30
0.0
 10
142.1167344479777
 20
211.6222248819903
 30
0.0
 10
142.1167344479777
 20
211.6222248819903
 30
0.0
 10
142.1167344479777
 20
216.907345865912
 30
0.0
 10
142.1167344479777
 20
216.907345865912
 30
0.0
 10
142.1167344479777
 20
216.9814154188449
 30
0.0
 10
142.1661715681911
 20
217.0310247938325
 30
0.0
 10
142.2402411211239
 20
217.0310247938325
 30
0.0
 10
142.2402411211239
 20
217.0310247938325
 30
0.0
 10
143.6356770474244
 20
217.0310247938325
 30
0.0
 10
143.6356770474244
 20
217.0310247938325
 30
0.0
 10
143.7097466003573
 20
217.0310247938325
 30
0.0
 10
143.7591837205706
 20
216.9814154188449
 30
0.0
 10
143.7591837205706
 20
216.907345865912
 30
0.0
 10
143.7591837205706
 20
216.907345865912
 30
0.0
 10
143.7591837205706
 20
208.7572834764565
 30
0.0
 10
143.7591837205706
 20
208.7572834764565
 30
0.0
 10
143.7591837205706
 20
208.6832139235236
 30
0.0
 10
143.7097466003573
 20
208.6339490580846
 30
0.0
 10
143.6356770474244
 20
208.6339490580846
 30
0.0
 10
143.6356770474244
 20
208.6339490580846
 30
0.0
 10
142.1661715681911
 20
208.6339490580846
 30
0.0
 10
142.1661715681911
 20
208.6339490580846
 30
0.0
 10
142.0672973277644
 20
208.6339490580846
 30
0.0
 10
142.0056301185784
 20
208.6711560893253
 30
0.0
 10
141.9561929983651
 20
208.7572834764565
 30
0.0
 10
141.9561929983651
 20
208.7572834764565
 30
0.0
 10
138.9803195182063
 20
214.0303466261799
 30
0.0
 10
138.9803195182063
 20
214.0303466261799
 30
0.0
 10
138.9803195182063
 20
214.0303466261799
 30
0.0
 10
138.9184800542461
 20
214.0303466261799
 30
0.0
 10
138.9184800542461
 20
214.0303466261799
 30
0.0
 10
138.9184800542461
 20
214.0303466261799
 30
0.0
 10
138.9184800542461
 20
208.7572834764565
 30
0.0
 10
138.9184800542461
 20
208.7572834764565
 30
0.0
 10
138.9184800542461
 20
208.6832139235236
 30
0.0
 10
138.8690429340327
 20
208.6339490580846
 30
0.0
 10
138.7949733810998
 20
208.6339490580846
 30
0.0
 10
138.7949733810998
 20
208.6339490580846
 30
0.0
 10
137.3997097095737
 20
208.6339490580846
 30
0.0
 10
137.3997097095737
 20
208.6339490580846
 30
0.0
 10
137.3254679018665
 20
208.6339490580846
 30
0.0
 10
137.2762030364275
 20
208.6832139235236
 30
0.0
 10
137.2762030364275
 20
208.7572834764565
 30
0.0
 10
137.2762030364275
 20
208.7572834764565
 30
0.0
 10
137.2762030364275
 20
216.907345865912
 30
0.0
 10
137.2762030364275
 20
216.907345865912
 30
0.0
  0
HATCH
  5
E5
330
AF
100
AcDbEntity
  8
Ebene 1
 62
    18
420
        0
440
 33554687
100
AcDbHatch
 10
0.0
 20
0.0
 30
0.0
210
0.0
220
0.0
230
1.0
  2
SOLID
 70
     1
 71
     1
 91
        1
 92
        1
 93
        1
 72
     4
 94
        3
 73
     0
 74
     0
 95
       65
 96
       61
 40
0.0
 40
0.0
 40
0.0
 40
0.0
 40
1.0
 40
1.0
 40
1.0
 40
2.0
 40
2.0
 40
2.0
 40
3.0
 40
3.0
 40
3.0
 40
4.0
 40
4.0
 40
4.0
 40
5.0
 40
5.0
 40
5.0
 40
6.0
 40
6.0
 40
6.0
 40
7.0
 40
7.0
 40
7.0
 40
8.0
 40
8.0
 40
8.0
 40
9.0
 40
9.0
 40
9.0
 40
10.0
 40
10.0
 40
10.0
 40
11.0
 40
11.0
 40
11.0
 40
12.0
 40
12.0
 40
12.0
 40
13.0
 40
13.0
 40
13.0
 40
14.0
 40
14.0
 40
14.0
 40
15.0
 40
15.0
 40
15.0
 40
16.0
 40
16.0
 40
16.0
 40
17.0
 40
17.0
 40
17.0
 40
18.0
 40
18.0
 40
18.0
 40
19.0
 40
19.0
 40
19.0
 40
20.0
 40
20.0
 40
20.0
 40
20.0
 10
137.2762030364275
 20
216.907345865912
 10
137.2762030364275
 20
216.9814154188449
 10
137.3254679018665
 20
217.0310247938325
 10
137.3997097095737
 20
217.0310247938325
 10
137.3997097095737
 20
217.0310247938325
 10
138.8814452777796
 20
217.0310247938325
 10
138.8814452777796
 20
217.0310247938325
 10
138.9679171744594
 20
217.0310247938325
 10
139.0419867273923
 20
216.9938177625919
 10
139.0914238476056
 20
216.907345865912
 10
139.0914238476056
 20
216.907345865912
 10
142.0550672387918
 20
211.6222248819903
 10
142.0550672387918
 20
211.6222248819903
 10
142.0550672387918
 20
211.6222248819903
 10
142.1167344479777
 20
211.6222248819903
 10
142.1167344479777
 20
211.6222248819903
 10
142.1167344479777
 20
211.6222248819903
 10
142.1167344479777
 20
216.907345865912
 10
142.1167344479777
 20
216.907345865912
 10
142.1167344479777
 20
216.9814154188449
 10
142.1661715681911
 20
217.0310247938325
 10
142.2402411211239
 20
217.0310247938325
 10
142.2402411211239
 20
217.0310247938325
 10
143.6356770474244
 20
217.0310247938325
 10
143.6356770474244
 20
217.0310247938325
 10
143.7097466003573
 20
217.0310247938325
 10
143.7591837205706
 20
216.9814154188449
 10
143.7591837205706
 20
216.907345865912
 10
143.7591837205706
 20
216.907345865912
 10
143.7591837205706
 20
208.7572834764565
 10
143.7591837205706
 20
208.7572834764565
 10
143.7591837205706
 20
208.6832139235236
 10
143.7097466003573
 20
208.6339490580846
 10
143.6356770474244
 20
208.6339490580846
 10
143.6356770474244
 20
208.6339490580846
 10
142.1661715681911
 20
208.6339490580846
 10
142.1661715681911
 20
208.6339490580846
 10
142.0672973277644
 20
208.6339490580846
 10
142.0056301185784
 20
208.6711560893253
 10
141.9561929983651
 20
208.7572834764565
 10
141.9561929983651
 20
208.7572834764565
 10
138.9803195182063
 20
214.0303466261799
 10
138.9803195182063
 20
214.0303466261799
 10
138.9803195182063
 20
214.0303466261799
 10
138.9184800542461
 20
214.0303466261799
 10
138.9184800542461
 20
214.0303466261799
 10
138.9184800542461
 20
214.0303466261799
 10
138.9184800542461
 20
208.7572834764565
 10
138.9184800542461
 20
208.7572834764565
 10
138.9184800542461
 20
208.6832139235236
 10
138.8690429340327
 20
208.6339490580846
 10
138.7949733810998
 20
208.6339490580846
 10
138.7949733810998
 20
208.6339490580846
 10
137.3997097095737
 20
208.6339490580846
 10
137.3997097095737
 20
208.6339490580846
 10
137.3254679018665
 20
208.6339490580846
 10
137.2762030364275
 20
208.6832139235236
 10
137.2762030364275
 20
208.7572834764565
 10
137.2762030364275
 20
208.7572834764565
 10
137.2762030364275
 20
216.907345865912
 10
137.2762030364275
 20
216.907345865912
 97
        0
 97
        1
330
E4
 75
     2
 76
     1
 98
        1
 10
0.0
 20
0.0
450
        0
451
        0
460
0.0
461
0.0
452
        0
462
0.0
453
        0
470

  0
ENDBLK
  5
B2
330
AF
100
AcDbEntity
  8
0
100
AcDbBlockEnd
  0
BLOCK
  5
E8
330
E6
100
AcDbEntity
  8
0
100
AcDbBlockBegin
  2
Block_6
 70
     0
 10
0.0
 20
0.0
 30
0.0
  3
Block_6
  1

  0
INSERT
  5
EB
330
E6
100
AcDbEntity
  8
Ebene 1
100
AcDbBlockReference
  2
Block_7
 10
0.0
 20
0.0
 30
0.0
  0
ENDBLK
  5
E9
330
E6
100
AcDbEntity
  8
0
100
AcDbBlockEnd
  0
BLOCK
  5
EC
330
EA
100
AcDbEntity
  8
0
100
AcDbBlockBegin
  2
Block_7
 70
     0
 10
0.0
 20
0.0
 30
0.0
  3
Block_7
  1

  0
SPLINE
  5
EE
330
EA
100
AcDbEntity
  8
Ebene 1
100
AcDbSpline
210
0.0
220
0.0
230
1.0
 70
     9
 71
     3
 72
    83
 73
    79
 74
     0
 42
0.0000000001
 43
0.0000000001
 40
0.0
 40
0.0
 40
0.0
 40
0.0
 40
1.0
 40
1.0
 40
1.0
 40
2.0
 40
2.0
 40
2.0
 40
3.0
 40
3.0
 40
3.0
 40
4.0
 40
4.0
 40
4.0
 40
5.0
 40
5.0
 40
5.0
 40
6.0
 40
6.0
 40
6.0
 40
7.0
 40
7.0
 40
7.0
 40
8.0
 40
8.0
 40
8.0
 40
9.0
 40
9.0
 40
9.0
 40
10.0
 40
10.0
 40
10.0
 40
11.0
 40
11.0
 40
11.0
 40
12.0
 40
12.0
 40
12.0
 40
13.0
 40
13.0
 40
13.0
 40
14.0
 40
14.0
 40
14.0
 40
15.0
 40
15.0
 40
15.0
 40
16.0
 40
16.0
 40
16.0
 40
17.0
 40
17.0
 40
17.0
 40
18.0
 40
18.0
 40
18.0
 40
19.0
 40
19.0
 40
19.0
 40
20.0
 40
20.0
 40
20.0
 40
21.0
 40
21.0
 40
21.0
 40
22.0
 40
22.0
 40
22.0
 40
23.0
 40
23.0
 40
23.0
 40
24.0
 40
24.0
 40
24.0
 40
25.0
 40
25.0
 40
25.0
 40
26.0
 40
26.0
 40
26.0
 40
26.0
 10
309.3275444105154
 20
216.907345865912
 30
0.0
 10
309.3275444105154
 20
216.9814154188449
 30
0.0
 10
309.3768092759544
 20
217.0310247938325
 30
0.0
 10
309.4512233384358
 20
217.0310247938325
 30
0.0
 10
309.4512233384358
 20
217.0310247938325
 30
0.0
 10
310.9205565628949
 20
217.0310247938325
 30
0.0
 10
310.9205565628949
 20
217.0310247938325
 30
0.0
 10
311.0194308033215
 20
217.0310247938325
 30
0.0
 10
311.0810980125076
 20
216.9938177625919
 30
0.0
 10
311.1179605341997
 20
216.907345865912
 30
0.0
 10
311.1179605341997
 20
216.907345865912
 30
0.0
 10
313.2422064104047
 20
212.1162515745751
 30
0.0
 10
313.2422064104047
 20
212.1162515745751
 30
0.0
 10
313.2422064104047
 20
212.1162515745751
 30
0.0
 10
313.2914712758438
 20
212.1162515745751
 30
0.0
 10
313.2914712758438
 20
212.1162515745751
 30
0.0
 10
313.2914712758438
 20
212.1162515745751
 30
0.0
 10
315.3785101208082
 20
216.907345865912
 30
0.0
 10
315.3785101208082
 20
216.907345865912
 30
0.0
 10
315.4153726425004
 20
216.9938177625919
 30
0.0
 10
315.4770398516863
 20
217.0310247938325
 30
0.0
 10
315.575914092113
 20
217.0310247938325
 30
0.0
 10
315.575914092113
 20
217.0310247938325
 30
0.0
 10
317.0207871386268
 20
217.0310247938325
 30
0.0
 10
317.0207871386268
 20
217.0310247938325
 30
0.0
 10
317.0948566915596
 20
217.0310247938325
 30
0.0
 10
317.1441215569987
 20
216.9814154188449
 30
0.0
 10
317.1441215569987
 20
216.907345865912
 30
0.0
 10
317.1441215569987
 20
216.907345865912
 30
0.0
 10
317.1441215569987
 20
208.7572834764565
 30
0.0
 10
317.1441215569987
 20
208.7572834764565
 30
0.0
 10
317.1441215569987
 20
208.6832139235236
 30
0.0
 10
317.0948566915596
 20
208.6339490580846
 30
0.0
 10
317.0207871386268
 20
208.6339490580846
 30
0.0
 10
317.0207871386268
 20
208.6339490580846
 30
0.0
 10
315.6251789575521
 20
208.6339490580846
 30
0.0
 10
315.6251789575521
 20
208.6339490580846
 30
0.0
 10
315.5511094046192
 20
208.6339490580846
 30
0.0
 10
315.5018445391801
 20
208.6832139235236
 30
0.0
 10
315.5018445391801
 20
208.7572834764565
 30
0.0
 10
315.5018445391801
 20
208.7572834764565
 30
0.0
 10
315.5018445391801
 20
213.487055068156
 30
0.0
 10
315.5018445391801
 20
213.487055068156
 30
0.0
 10
315.5018445391801
 20
213.487055068156
 30
0.0
 10
315.452579673741
 20
213.487055068156
 30
0.0
 10
315.452579673741
 20
213.487055068156
 30
0.0
 10
315.452579673741
 20
213.487055068156
 30
0.0
 10
313.8964300430537
 20
209.942740832931
 30
0.0
 10
313.8964300430537
 20
209.942740832931
 30
0.0
 10
313.8471651776146
 20
209.8318087583059
 30
0.0
 10
313.7730956246817
 20
209.7821993833183
 30
0.0
 10
313.6618190405082
 20
209.7821993833183
 30
0.0
 10
313.6618190405082
 20
209.7821993833183
 30
0.0
 10
312.8098469270059
 20
209.7821993833183
 30
0.0
 10
312.8098469270059
 20
209.7821993833183
 30
0.0
 10
312.6985703428323
 20
209.7821993833183
 30
0.0
 10
312.6245007898995
 20
209.8318087583059
 30
0.0
 10
312.5752359244604
 20
209.942740832931
 30
0.0
 10
312.5752359244604
 20
209.942740832931
 30
0.0
 10
311.0194308033215
 20
213.487055068156
 30
0.0
 10
311.0194308033215
 20
213.487055068156
 30
0.0
 10
311.0194308033215
 20
213.487055068156
 30
0.0
 10
310.9698214283339
 20
213.487055068156
 30
0.0
 10
310.9698214283339
 20
213.487055068156
 30
0.0
 10
310.9698214283339
 20
213.487055068156
 30
0.0
 10
310.9698214283339
 20
208.7572834764565
 30
0.0
 10
310.9698214283339
 20
208.7572834764565
 30
0.0
 10
310.9698214283339
 20
208.6832139235236
 30
0.0
 10
310.9205565628949
 20
208.6339490580846
 30
0.0
 10
310.846487009962
 20
208.6339490580846
 30
0.0
 10
310.846487009962
 20
208.6339490580846
 30
0.0
 10
309.4512233384358
 20
208.6339490580846
 30
0.0
 10
309.4512233384358
 20
208.6339490580846
 30
0.0
 10
309.3768092759544
 20
208.6339490580846
 30
0.0
 10
309.3275444105154
 20
208.6832139235236
 30
0.0
 10
309.3275444105154
 20
208.7572834764565
 30
0.0
 10
309.3275444105154
 20
208.7572834764565
 30
0.0
 10
309.3275444105154
 20
216.907345865912
 30
0.0
 10
309.3275444105154
 20
216.907345865912
 30
0.0
  0
HATCH
  5
EF
330
EA
100
AcDbEntity
  8
Ebene 1
 62
    18
420
        0
440
 33554687
100
AcDbHatch
 10
0.0
 20
0.0
 30
0.0
210
0.0
220
0.0
230
1.0
  2
SOLID
 70
     1
 71
     1
 91
        1
 92
        1
 93
        1
 72
     4
 94
        3
 73
     0
 74
     0
 95
       83
 96
       79
 40
0.0
 40
0.0
 40
0.0
 40
0.0
 40
1.0
 40
1.0
 40
1.0
 40
2.0
 40
2.0
 40
2.0
 40
3.0
 40
3.0
 40
3.0
 40
4.0
 40
4.0
 40
4.0
 40
5.0
 40
5.0
 40
5.0
 40
6.0
 40
6.0
 40
6.0
 40
7.0
 40
7.0
 40
7.0
 40
8.0
 40
8.0
 40
8.0
 40
9.0
 40
9.0
 40
9.0
 40
10.0
 40
10.0
 40
10.0
 40
11.0
 40
11.0
 40
11.0
 40
12.0
 40
12.0
 40
12.0
 40
13.0
 40
13.0
 40
13.0
 40
14.0
 40
14.0
 40
14.0
 40
15.0
 40
15.0
 40
15.0
 40
16.0
 40
16.0
 40
16.0
 40
17.0
 40
17.0
 40
17.0
 40
18.0
 40
18.0
 40
18.0
 40
19.0
 40
19.0
 40
19.0
 40
20.0
 40
20.0
 40
20.0
 40
21.0
 40
21.0
 40
21.0
 40
22.0
 40
22.0
 40
22.0
 40
23.0
 40
23.0
 40
23.0
 40
24.0
 40
24.0
 40
24.0
 40
25.0
 40
25.0
 40
25.0
 40
26.0
 40
26.0
 40
26.0
 40
26.0
 10
309.3275444105154
 20
216.907345865912
 10
309.3275444105154
 20
216.9814154188449
 10
309.3768092759544
 20
217.0310247938325
 10
309.4512233384358
 20
217.0310247938325
 10
309.4512233384358
 20
217.0310247938325
 10
310.9205565628949
 20
217.0310247938325
 10
310.9205565628949
 20
217.0310247938325
 10
311.0194308033215
 20
217.0310247938325
 10
311.0810980125076
 20
216.9938177625919
 10
311.1179605341997
 20
216.907345865912
 10
311.1179605341997
 20
216.907345865912
 10
313.2422064104047
 20
212.1162515745751
 10
313.2422064104047
 20
212.1162515745751
 10
313.2422064104047
 20
212.1162515745751
 10
313.2914712758438
 20
212.1162515745751
 10
313.2914712758438
 20
212.1162515745751
 10
313.2914712758438
 20
212.1162515745751
 10
315.3785101208082
 20
216.907345865912
 10
315.3785101208082
 20
216.907345865912
 10
315.4153726425004
 20
216.9938177625919
 10
315.4770398516863
 20
217.0310247938325
 10
315.575914092113
 20
217.0310247938325
 10
315.575914092113
 20
217.0310247938325
 10
317.0207871386268
 20
217.0310247938325
 10
317.0207871386268
 20
217.0310247938325
 10
317.0948566915596
 20
217.0310247938325
 10
317.1441215569987
 20
216.9814154188449
 10
317.1441215569987
 20
216.907345865912
 10
317.1441215569987
 20
216.907345865912
 10
317.1441215569987
 20
208.7572834764565
 10
317.1441215569987
 20
208.7572834764565
 10
317.1441215569987
 20
208.6832139235236
 10
317.0948566915596
 20
208.6339490580846
 10
317.0207871386268
 20
208.6339490580846
 10
317.0207871386268
 20
208.6339490580846
 10
315.6251789575521
 20
208.6339490580846
 10
315.6251789575521
 20
208.6339490580846
 10
315.5511094046192
 20
208.6339490580846
 10
315.5018445391801
 20
208.6832139235236
 10
315.5018445391801
 20
208.7572834764565
 10
315.5018445391801
 20
208.7572834764565
 10
315.5018445391801
 20
213.487055068156
 10
315.5018445391801
 20
213.487055068156
 10
315.5018445391801
 20
213.487055068156
 10
315.452579673741
 20
213.487055068156
 10
315.452579673741
 20
213.487055068156
 10
315.452579673741
 20
213.487055068156
 10
313.8964300430537
 20
209.942740832931
 10
313.8964300430537
 20
209.942740832931
 10
313.8471651776146
 20
209.8318087583059
 10
313.7730956246817
 20
209.7821993833183
 10
313.6618190405082
 20
209.7821993833183
 10
313.6618190405082
 20
209.7821993833183
 10
312.8098469270059
 20
209.7821993833183
 10
312.8098469270059
 20
209.7821993833183
 10
312.6985703428323
 20
209.7821993833183
 10
312.6245007898995
 20
209.8318087583059
 10
312.5752359244604
 20
209.942740832931
 10
312.5752359244604
 20
209.942740832931
 10
311.0194308033215
 20
213.487055068156
 10
311.0194308033215
 20
213.487055068156
 10
311.0194308033215
 20
213.487055068156
 10
310.9698214283339
 20
213.487055068156
 10
310.9698214283339
 20
213.487055068156
 10
310.9698214283339
 20
213.487055068156
 10
310.9698214283339
 20
208.7572834764565
 10
310.9698214283339
 20
208.7572834764565
 10
310.9698214283339
 20
208.6832139235236
 10
310.9205565628949
 20
208.6339490580846
 10
310.846487009962
 20
208.6339490580846
 10
310.846487009962
 20
208.6339490580846
 10
309.4512233384358
 20
208.6339490580846
 10
309.4512233384358
 20
208.6339490580846
 10
309.3768092759544
 20
208.6339490580846
 10
309.3275444105154
 20
208.6832139235236
 10
309.3275444105154
 20
208.7572834764565
 10
309.3275444105154
 20
208.7572834764565
 10
309.3275444105154
 20
216.907345865912
 10
309.3275444105154
 20
216.907345865912
 97
        0
 97
        1
330
EE
 75
     2
 76
     1
 98
        1
 10
0.0
 20
0.0
450
        0
451
        0
460
0.0
461
0.0
452
        0
462
0.0
453
        0
470

  0
SPLINE
  5
F0
330
EA
100
AcDbEntity
  8
Ebene 1
100
AcDbSpline
210
0.0
220
0.0
230
1.0
 70
    11
 71
     3
 72
    17
 73
    13
 74
     0
 42
0.0000000001
 43
0.0000000001
 40
0.0
 40
0.0
 40
0.0
 40
0.0
 40
1.0
 40
1.0
 40
1.0
 40
2.0
 40
2.0
 40
2.0
 40
3.0
 40
3.0
 40
3.0
 40
4.0
 40
4.0
 40
4.0
 40
4.0
 10
322.8974310173659
 20
211.770363987856
 30
0.0
 10
322.8974310173659
 20
211.770363987856
 30
0.0
 10
321.946584663437
 20
214.7093749463227
 30
0.0
 10
321.946584663437
 20
214.7093749463227
 30
0.0
 10
321.946584663437
 20
214.7093749463227
 30
0.0
 10
321.9097221417448
 20
214.7093749463227
 30
0.0
 10
321.9097221417448
 20
214.7093749463227
 30
0.0
 10
321.9097221417448
 20
214.7093749463227
 30
0.0
 10
320.9588757878159
 20
211.770363987856
 30
0.0
 10
320.9588757878159
 20
211.770363987856
 30
0.0
 10
320.9588757878159
 20
211.770363987856
 30
0.0
 10
322.8974310173659
 20
211.770363987856
 30
0.0
 10
322.8974310173659
 20
211.770363987856
 30
0.0
  0
SPLINE
  5
F1
330
EA
100
AcDbEntity
  8
Ebene 1
100
AcDbSpline
210
0.0
220
0.0
230
1.0
 70
     9
 71
     3
 72
    47
 73
    43
 74
     0
 42
0.0000000001
 43
0.0000000001
 40
0.0
 40
0.0
 40
0.0
 40
0.0
 40
1.0
 40
1.0
 40
1.0
 40
2.0
 40
2.0
 40
2.0
 40
3.0
 40
3.0
 40
3.0
 40
4.0
 40
4.0
 40
4.0
 40
5.0
 40
5.0
 40
5.0
 40
6.0
 40
6.0
 40
6.0
 40
7.0
 40
7.0
 40
7.0
 40
8.0
 40
8.0
 40
8.0
 40
9.0
 40
9.0
 40
9.0
 40
10.0
 40
10.0
 40
10.0
 40
11.0
 40
11.0
 40
11.0
 40
12.0
 40
12.0
 40
12.0
 40
13.0
 40
13.0
 40
13.0
 40
14.0
 40
14.0
 40
14.0
 40
14.0
 10
321.008140653255
 20
216.907345865912
 30
0.0
 10
321.0329453407487
 20
216.9814154188449
 30
0.0
 10
321.0822102061878
 20
217.0310247938325
 30
0.0
 10
321.1686821028676
 20
217.0310247938325
 30
0.0
 10
321.1686821028676
 20
217.0310247938325
 30
0.0
 10
322.7244872240064
 20
217.0310247938325
 30
0.0
 10
322.7244872240064
 20
217.0310247938325
 30
0.0
 10
322.8109591206862
 20
217.0310247938325
 30
0.0
 10
322.8605684956737
 20
216.9814154188449
 30
0.0
 10
322.885028673619
 20
216.907345865912
 30
0.0
 10
322.885028673619
 20
216.907345865912
 30
0.0
 10
325.725165391659
 20
208.7572834764565
 30
0.0
 10
325.725165391659
 20
208.7572834764565
 30
0.0
 10
325.7499700791528
 20
208.6832139235236
 30
0.0
 10
325.725165391659
 20
208.6339490580846
 30
0.0
 10
325.6386934949792
 20
208.6339490580846
 30
0.0
 10
325.6386934949792
 20
208.6339490580846
 30
0.0
 10
324.0336235084013
 20
208.6339490580846
 30
0.0
 10
324.0336235084013
 20
208.6339490580846
 30
0.0
 10
323.9471516117216
 20
208.6339490580846
 30
0.0
 10
323.897542236734
 20
208.6711560893253
 30
0.0
 10
323.8730820587887
 20
208.7572834764565
 30
0.0
 10
323.8730820587887
 20
208.7572834764565
 30
0.0
 10
323.3914577099508
 20
210.2269612104641
 30
0.0
 10
323.3914577099508
 20
210.2269612104641
 30
0.0
 10
323.3914577099508
 20
210.2269612104641
 30
0.0
 10
320.4524467514841
 20
210.2269612104641
 30
0.0
 10
320.4524467514841
 20
210.2269612104641
 30
0.0
 10
320.4524467514841
 20
210.2269612104641
 30
0.0
 10
319.9832247463931
 20
208.7572834764565
 30
0.0
 10
319.9832247463931
 20
208.7572834764565
 30
0.0
 10
319.9584200588993
 20
208.6711560893253
 30
0.0
 10
319.9091551934602
 20
208.6339490580846
 30
0.0
 10
319.8226832967804
 20
208.6339490580846
 30
0.0
 10
319.8226832967804
 20
208.6339490580846
 30
0.0
 10
318.2048664569072
 20
208.6339490580846
 30
0.0
 10
318.2048664569072
 20
208.6339490580846
 30
0.0
 10
318.1187390697759
 20
208.6339490580846
 30
0.0
 10
318.0939343822821
 20
208.6832139235236
 30
0.0
 10
318.1187390697759
 20
208.7572834764565
 30
0.0
 10
318.1187390697759
 20
208.7572834764565
 30
0.0
 10
321.008140653255
 20
216.907345865912
 30
0.0
 10
321.008140653255
 20
216.907345865912
 30
0.0
  0
HATCH
  5
F2
330
EA
100
AcDbEntity
  8
Ebene 1
 62
    18
420
        0
440
 33554687
100
AcDbHatch
 10
0.0
 20
0.0
 30
0.0
210
0.0
220
0.0
230
1.0
  2
SOLID
 70
     1
 71
     1
 91
        2
 92
        1
 93
        1
 72
     4
 94
        3
 73
     0
 74
     0
 95
       17
 96
       13
 40
0.0
 40
0.0
 40
0.0
 40
0.0
 40
1.0
 40
1.0
 40
1.0
 40
2.0
 40
2.0
 40
2.0
 40
3.0
 40
3.0
 40
3.0
 40
4.0
 40
4.0
 40
4.0
 40
4.0
 10
322.8974310173659
 20
211.770363987856
 10
322.8974310173659
 20
211.770363987856
 10
321.946584663437
 20
214.7093749463227
 10
321.946584663437
 20
214.7093749463227
 10
321.946584663437
 20
214.7093749463227
 10
321.9097221417448
 20
214.7093749463227
 10
321.9097221417448
 20
214.7093749463227
 10
321.9097221417448
 20
214.7093749463227
 10
320.9588757878159
 20
211.770363987856
 10
320.9588757878159
 20
211.770363987856
 10
320.9588757878159
 20
211.770363987856
 10
322.8974310173659
 20
211.770363987856
 10
322.8974310173659
 20
211.770363987856
 97
        0
 97
        1
330
F0
 92
        1
 93
        1
 72
     4
 94
        3
 73
     0
 74
     0
 95
       47
 96
       43
 40
0.0
 40
0.0
 40
0.0
 40
0.0
 40
1.0
 40
1.0
 40
1.0
 40
2.0
 40
2.0
 40
2.0
 40
3.0
 40
3.0
 40
3.0
 40
4.0
 40
4.0
 40
4.0
 40
5.0
 40
5.0
 40
5.0
 40
6.0
 40
6.0
 40
6.0
 40
7.0
 40
7.0
 40
7.0
 40
8.0
 40
8.0
 40
8.0
 40
9.0
 40
9.0
 40
9.0
 40
10.0
 40
10.0
 40
10.0
 40
11.0
 40
11.0
 40
11.0
 40
12.0
 40
12.0
 40
12.0
 40
13.0
 40
13.0
 40
13.0
 40
14.0
 40
14.0
 40
14.0
 40
14.0
 10
321.008140653255
 20
216.907345865912
 10
321.0329453407487
 20
216.9814154188449
 10
321.0822102061878
 20
217.0310247938325
 10
321.1686821028676
 20
217.0310247938325
 10
321.1686821028676
 20
217.0310247938325
 10
322.7244872240064
 20
217.0310247938325
 10
322.7244872240064
 20
217.0310247938325
 10
322.8109591206862
 20
217.0310247938325
 10
322.8605684956737
 20
216.9814154188449
 10
322.885028673619
 20
216.907345865912
 10
322.885028673619
 20
216.907345865912
 10
325.725165391659
 20
208.7572834764565
 10
325.725165391659
 20
208.7572834764565
 10
325.7499700791528
 20
208.6832139235236
 10
325.725165391659
 20
208.6339490580846
 10
325.6386934949792
 20
208.6339490580846
 10
325.6386934949792
 20
208.6339490580846
 10
324.0336235084013
 20
208.6339490580846
 10
324.0336235084013
 20
208.6339490580846
 10
323.9471516117216
 20
208.6339490580846
 10
323.897542236734
 20
208.6711560893253
 10
323.8730820587887
 20
208.7572834764565
 10
323.8730820587887
 20
208.7572834764565
 10
323.3914577099508
 20
210.2269612104641
 10
323.3914577099508
 20
210.2269612104641
 10
323.3914577099508
 20
210.2269612104641
 10
320.4524467514841
 20
210.2269612104641
 10
320.4524467514841
 20
210.2269612104641
 10
320.4524467514841
 20
210.2269612104641
 10
319.9832247463931
 20
208.7572834764565
 10
319.9832247463931
 20
208.7572834764565
 10
319.9584200588993
 20
208.6711560893253
 10
319.9091551934602
 20
208.6339490580846
 10
319.8226832967804
 20
208.6339490580846
 10
319.8226832967804
 20
208.6339490580846
 10
318.2048664569072
 20
208.6339490580846
 10
318.2048664569072
 20
208.6339490580846
 10
318.1187390697759
 20
208.6339490580846
 10
318.0939343822821
 20
208.6832139235236
 10
318.1187390697759
 20
208.7572834764565
 10
318.1187390697759
 20
208.7572834764565
 10
321.008140653255
 20
216.907345865912
 10
321.008140653255
 20
216.907345865912
 97
        0
 97
        1
330
F1
 75
     2
 76
     1
 98
        1
 10
0.0
 20
0.0
450
        0
451
        0
460
0.0
461
0.0
452
        0
462
0.0
453
        0
470

  0
SPLINE
  5
F3
330
EA
100
AcDbEntity
  8
Ebene 1
100
AcDbSpline
210
0.0
220
0.0
230
1.0
 70
     9
 71
     3
 72
    53
 73
    49
 74
     0
 42
0.0000000001
 43
0.0000000001
 40
0.0
 40
0.0
 40
0.0
 40
0.0
 40
1.0
 40
1.0
 40
1.0
 40
2.0
 40
2.0
 40
2.0
 40
3.0
 40
3.0
 40
3.0
 40
4.0
 40
4.0
 40
4.0
 40
5.0
 40
5.0
 40
5.0
 40
6.0
 40
6.0
 40
6.0
 40
7.0
 40
7.0
 40
7.0
 40
8.0
 40
8.0
 40
8.0
 40
9.0
 40
9.0
 40
9.0
 40
10.0
 40
10.0
 40
10.0
 40
11.0
 40
11.0
 40
11.0
 40
12.0
 40
12.0
 40
12.0
 40
13.0
 40
13.0
 40
13.0
 40
14.0
 40
14.0
 40
14.0
 40
15.0
 40
15.0
 40
15.0
 40
16.0
 40
16.0
 40
16.0
 40
16.0
 10
327.7622503520872
 20
208.6339490580846
 30
0.0
 10
327.6881807991543
 20
208.6339490580846
 30
0.0
 10
327.6385714241667
 20
208.6832139235236
 30
0.0
 10
327.6385714241667
 20
208.7572834764565
 30
0.0
 10
327.6385714241667
 20
208.7572834764565
 30
0.0
 10
327.6385714241667
 20
215.3391384010263
 30
0.0
 10
327.6385714241667
 20
215.3391384010263
 30
0.0
 10
327.6385714241667
 20
215.388747776014
 30
0.0
 10
327.6141112462215
 20
215.4132079539592
 30
0.0
 10
327.5645018712339
 20
215.4132079539592
 30
0.0
 10
327.5645018712339
 20
215.4132079539592
 30
0.0
 10
325.4406005045774
 20
215.4132079539592
 30
0.0
 10
325.4406005045774
 20
215.4132079539592
 30
0.0
 10
325.3665309516445
 20
215.4132079539592
 30
0.0
 10
325.3172660862054
 20
215.4628173289468
 30
0.0
 10
325.3172660862054
 20
215.5368868818797
 30
0.0
 10
325.3172660862054
 20
215.5368868818797
 30
0.0
 10
325.3172660862054
 20
216.907345865912
 30
0.0
 10
325.3172660862054
 20
216.907345865912
 30
0.0
 10
325.3172660862054
 20
216.9814154188449
 30
0.0
 10
325.3665309516445
 20
217.0310247938325
 30
0.0
 10
325.4406005045774
 20
217.0310247938325
 30
0.0
 10
325.4406005045774
 20
217.0310247938325
 30
0.0
 10
331.6517631549343
 20
217.0310247938325
 30
0.0
 10
331.6517631549343
 20
217.0310247938325
 30
0.0
 10
331.7258327078671
 20
217.0310247938325
 30
0.0
 10
331.7754420828547
 20
216.9814154188449
 30
0.0
 10
331.7754420828547
 20
216.907345865912
 30
0.0
 10
331.7754420828547
 20
216.907345865912
 30
0.0
 10
331.7754420828547
 20
215.5368868818797
 30
0.0
 10
331.7754420828547
 20
215.5368868818797
 30
0.0
 10
331.7754420828547
 20
215.4628173289468
 30
0.0
 10
331.7258327078671
 20
215.4132079539592
 30
0.0
 10
331.6517631549343
 20
215.4132079539592
 30
0.0
 10
331.6517631549343
 20
215.4132079539592
 30
0.0
 10
329.5278617882778
 20
215.4132079539592
 30
0.0
 10
329.5278617882778
 20
215.4132079539592
 30
0.0
 10
329.4785969228387
 20
215.4132079539592
 30
0.0
 10
329.4537922353449
 20
215.388747776014
 30
0.0
 10
329.4537922353449
 20
215.3391384010263
 30
0.0
 10
329.4537922353449
 20
215.3391384010263
 30
0.0
 10
329.4537922353449
 20
208.7572834764565
 30
0.0
 10
329.4537922353449
 20
208.7572834764565
 30
0.0
 10
329.4537922353449
 20
208.6832139235236
 30
0.0
 10
329.4045273699059
 20
208.6339490580846
 30
0.0
 10
329.330457816973
 20
208.6339490580846
 30
0.0
 10
329.330457816973
 20
208.6339490580846
 30
0.0
 10
327.7622503520872
 20
208.6339490580846
 30
0.0
 10
327.7622503520872
 20
208.6339490580846
 30
0.0
  0
HATCH
  5
F4
330
EA
100
AcDbEntity
  8
Ebene 1
 62
    18
420
        0
440
 33554687
100
AcDbHatch
 10
0.0
 20
0.0
 30
0.0
210
0.0
220
0.0
230
1.0
  2
SOLID
 70
     1
 71
     1
 91
        1
 92
        1
 93
        1
 72
     4
 94
        3
 73
     0
 74
     0
 95
       53
 96
       49
 40
0.0
 40
0.0
 40
0.0
 40
0.0
 40
1.0
 40
1.0
 40
1.0
 40
2.0
 40
2.0
 40
2.0
 40
3.0
 40
3.0
 40
3.0
 40
4.0
 40
4.0
 40
4.0
 40
5.0
 40
5.0
 40
5.0
 40
6.0
 40
6.0
 40
6.0
 40
7.0
 40
7.0
 40
7.0
 40
8.0
 40
8.0
 40
8.0
 40
9.0
 40
9.0
 40
9.0
 40
10.0
 40
10.0
 40
10.0
 40
11.0
 40
11.0
 40
11.0
 40
12.0
 40
12.0
 40
12.0
 40
13.0
 40
13.0
 40
13.0
 40
14.0
 40
14.0
 40
14.0
 40
15.0
 40
15.0
 40
15.0
 40
16.0
 40
16.0
 40
16.0
 40
16.0
 10
327.7622503520872
 20
208.6339490580846
 10
327.6881807991543
 20
208.6339490580846
 10
327.6385714241667
 20
208.6832139235236
 10
327.6385714241667
 20
208.7572834764565
 10
327.6385714241667
 20
208.7572834764565
 10
327.6385714241667
 20
215.3391384010263
 10
327.6385714241667
 20
215.3391384010263
 10
327.6385714241667
 20
215.388747776014
 10
327.6141112462215
 20
215.4132079539592
 10
327.5645018712339
 20
215.4132079539592
 10
327.5645018712339
 20
215.4132079539592
 10
325.4406005045774
 20
215.4132079539592
 10
325.4406005045774
 20
215.4132079539592
 10
325.3665309516445
 20
215.4132079539592
 10
325.3172660862054
 20
215.4628173289468
 10
325.3172660862054
 20
215.5368868818797
 10
325.3172660862054
 20
215.5368868818797
 10
325.3172660862054
 20
216.907345865912
 10
325.3172660862054
 20
216.907345865912
 10
325.3172660862054
 20
216.9814154188449
 10
325.3665309516445
 20
217.0310247938325
 10
325.4406005045774
 20
217.0310247938325
 10
325.4406005045774
 20
217.0310247938325
 10
331.6517631549343
 20
217.0310247938325
 10
331.6517631549343
 20
217.0310247938325
 10
331.7258327078671
 20
217.0310247938325
 10
331.7754420828547
 20
216.9814154188449
 10
331.7754420828547
 20
216.907345865912
 10
331.7754420828547
 20
216.907345865912
 10
331.7754420828547
 20
215.5368868818797
 10
331.7754420828547
 20
215.5368868818797
 10
331.7754420828547
 20
215.4628173289468
 10
331.7258327078671
 20
215.4132079539592
 10
331.6517631549343
 20
215.4132079539592
 10
331.6517631549343
 20
215.4132079539592
 10
329.5278617882778
 20
215.4132079539592
 10
329.5278617882778
 20
215.4132079539592
 10
329.4785969228387
 20
215.4132079539592
 10
329.4537922353449
 20
215.388747776014
 10
329.4537922353449
 20
215.3391384010263
 10
329.4537922353449
 20
215.3391384010263
 10
329.4537922353449
 20
208.7572834764565
 10
329.4537922353449
 20
208.7572834764565
 10
329.4537922353449
 20
208.6832139235236
 10
329.4045273699059
 20
208.6339490580846
 10
329.330457816973
 20
208.6339490580846
 10
329.330457816973
 20
208.6339490580846
 10
327.7622503520872
 20
208.6339490580846
 10
327.7622503520872
 20
208.6339490580846
 97
        0
 97
        1
330
F3
 75
     2
 76
     1
 98
        1
 10
0.0
 20
0.0
450
        0
451
        0
460
0.0
461
0.0
452
        0
462
0.0
453
        0
470

  0
SPLINE
  5
F5
330
EA
100
AcDbEntity
  8
Ebene 1
100
AcDbSpline
210
0.0
220
0.0
230
1.0
 70
     9
 71
     3
 72
    77
 73
    73
 74
     0
 42
0.0000000001
 43
0.0000000001
 40
0.0
 40
0.0
 40
0.0
 40
0.0
 40
1.0
 40
1.0
 40
1.0
 40
2.0
 40
2.0
 40
2.0
 40
3.0
 40
3.0
 40
3.0
 40
4.0
 40
4.0
 40
4.0
 40
5.0
 40
5.0
 40
5.0
 40
6.0
 40
6.0
 40
6.0
 40
7.0
 40
7.0
 40
7.0
 40
8.0
 40
8.0
 40
8.0
 40
9.0
 40
9.0
 40
9.0
 40
10.0
 40
10.0
 40
10.0
 40
11.0
 40
11.0
 40
11.0
 40
12.0
 40
12.0
 40
12.0
 40
13.0
 40
13.0
 40
13.0
 40
14.0
 40
14.0
 40
14.0
 40
15.0
 40
15.0
 40
15.0
 40
16.0
 40
16.0
 40
16.0
 40
17.0
 40
17.0
 40
17.0
 40
18.0
 40
18.0
 40
18.0
 40
19.0
 40
19.0
 40
19.0
 40
20.0
 40
20.0
 40
20.0
 40
21.0
 40
21.0
 40
21.0
 40
22.0
 40
22.0
 40
22.0
 40
23.0
 40
23.0
 40
23.0
 40
24.0
 40
24.0
 40
24.0
 40
24.0
 10
332.7872666268726
 20
216.907345865912
 30
0.0
 10
332.7872666268726
 20
216.9814154188449
 30
0.0
 10
332.8365314923118
 20
217.0310247938325
 30
0.0
 10
332.9106010452445
 20
217.0310247938325
 30
0.0
 10
332.9106010452445
 20
217.0310247938325
 30
0.0
 10
338.2945962695931
 20
217.0310247938325
 30
0.0
 10
338.2945962695931
 20
217.0310247938325
 30
0.0
 10
338.3686658225259
 20
217.0310247938325
 30
0.0
 10
338.417930687965
 20
216.9814154188449
 30
0.0
 10
338.417930687965
 20
216.907345865912
 30
0.0
 10
338.417930687965
 20
216.907345865912
 30
0.0
 10
338.417930687965
 20
215.5861517473188
 30
0.0
 10
338.417930687965
 20
215.5861517473188
 30
0.0
 10
338.417930687965
 20
215.5120821943859
 30
0.0
 10
338.3686658225259
 20
215.4628173289468
 30
0.0
 10
338.2945962695931
 20
215.4628173289468
 30
0.0
 10
338.2945962695931
 20
215.4628173289468
 30
0.0
 10
334.6765569909837
 20
215.4628173289468
 30
0.0
 10
334.6765569909837
 20
215.4628173289468
 30
0.0
 10
334.6269476159961
 20
215.4628173289468
 30
0.0
 10
334.6024874380508
 20
215.438012641453
 30
0.0
 10
334.6024874380508
 20
215.388747776014
 30
0.0
 10
334.6024874380508
 20
215.388747776014
 30
0.0
 10
334.6024874380508
 20
213.7216660707015
 30
0.0
 10
334.6024874380508
 20
213.7216660707015
 30
0.0
 10
334.6024874380508
 20
213.6720566957139
 30
0.0
 10
334.6269476159961
 20
213.6475965177687
 30
0.0
 10
334.6765569909837
 20
213.6475965177687
 30
0.0
 10
334.6765569909837
 20
213.6475965177687
 30
0.0
 10
337.6896375023832
 20
213.6475965177687
 30
0.0
 10
337.6896375023832
 20
213.6475965177687
 30
0.0
 10
337.7637070553161
 20
213.6475965177687
 30
0.0
 10
337.8129719207551
 20
213.5979871427811
 30
0.0
 10
337.8129719207551
 20
213.5239175898482
 30
0.0
 10
337.8129719207551
 20
213.5239175898482
 30
0.0
 10
337.8129719207551
 20
212.2151258150018
 30
0.0
 10
337.8129719207551
 20
212.2151258150018
 30
0.0
 10
337.8129719207551
 20
212.1410562620689
 30
0.0
 10
337.7637070553161
 20
212.0914468870813
 30
0.0
 10
337.6896375023832
 20
212.0914468870813
 30
0.0
 10
337.6896375023832
 20
212.0914468870813
 30
0.0
 10
334.6765569909837
 20
212.0914468870813
 30
0.0
 10
334.6765569909837
 20
212.0914468870813
 30
0.0
 10
334.6269476159961
 20
212.0914468870813
 30
0.0
 10
334.6024874380508
 20
212.066986709136
 30
0.0
 10
334.6024874380508
 20
212.0173773341484
 30
0.0
 10
334.6024874380508
 20
212.0173773341484
 30
0.0
 10
334.6024874380508
 20
210.2762260759031
 30
0.0
 10
334.6024874380508
 20
210.2762260759031
 30
0.0
 10
334.6024874380508
 20
210.2269612104641
 30
0.0
 10
334.6269476159961
 20
210.2021565229703
 30
0.0
 10
334.6765569909837
 20
210.2021565229703
 30
0.0
 10
334.6765569909837
 20
210.2021565229703
 30
0.0
 10
338.2945962695931
 20
210.2021565229703
 30
0.0
 10
338.2945962695931
 20
210.2021565229703
 30
0.0
 10
338.3686658225259
 20
210.2021565229703
 30
0.0
 10
338.417930687965
 20
210.1528916575312
 30
0.0
 10
338.417930687965
 20
210.0788221045984
 30
0.0
 10
338.417930687965
 20
210.0788221045984
 30
0.0
 10
338.417930687965
 20
208.7572834764565
 30
0.0
 10
338.417930687965
 20
208.7572834764565
 30
0.0
 10
338.417930687965
 20
208.6832139235236
 30
0.0
 10
338.3686658225259
 20
208.6339490580846
 30
0.0
 10
338.2945962695931
 20
208.6339490580846
 30
0.0
 10
338.2945962695931
 20
208.6339490580846
 30
0.0
 10
332.9106010452445
 20
208.6339490580846
 30
0.0
 10
332.9106010452445
 20
208.6339490580846
 30
0.0
 10
332.8365314923118
 20
208.6339490580846
 30
0.0
 10
332.7872666268726
 20
208.6832139235236
 30
0.0
 10
332.7872666268726
 20
208.7572834764565
 30
0.0
 10
332.7872666268726
 20
208.7572834764565
 30
0.0
 10
332.7872666268726
 20
216.907345865912
 30
0.0
 10
332.7872666268726
 20
216.907345865912
 30
0.0
  0
HATCH
  5
F6
330
EA
100
AcDbEntity
  8
Ebene 1
 62
    18
420
        0
440
 33554687
100
AcDbHatch
 10
0.0
 20
0.0
 30
0.0
210
0.0
220
0.0
230
1.0
  2
SOLID
 70
     1
 71
     1
 91
        1
 92
        1
 93
        1
 72
     4
 94
        3
 73
     0
 74
     0
 95
       77
 96
       73
 40
0.0
 40
0.0
 40
0.0
 40
0.0
 40
1.0
 40
1.0
 40
1.0
 40
2.0
 40
2.0
 40
2.0
 40
3.0
 40
3.0
 40
3.0
 40
4.0
 40
4.0
 40
4.0
 40
5.0
 40
5.0
 40
5.0
 40
6.0
 40
6.0
 40
6.0
 40
7.0
 40
7.0
 40
7.0
 40
8.0
 40
8.0
 40
8.0
 40
9.0
 40
9.0
 40
9.0
 40
10.0
 40
10.0
 40
10.0
 40
11.0
 40
11.0
 40
11.0
 40
12.0
 40
12.0
 40
12.0
 40
13.0
 40
13.0
 40
13.0
 40
14.0
 40
14.0
 40
14.0
 40
15.0
 40
15.0
 40
15.0
 40
16.0
 40
16.0
 40
16.0
 40
17.0
 40
17.0
 40
17.0
 40
18.0
 40
18.0
 40
18.0
 40
19.0
 40
19.0
 40
19.0
 40
20.0
 40
20.0
 40
20.0
 40
21.0
 40
21.0
 40
21.0
 40
22.0
 40
22.0
 40
22.0
 40
23.0
 40
23.0
 40
23.0
 40
24.0
 40
24.0
 40
24.0
 40
24.0
 10
332.7872666268726
 20
216.907345865912
 10
332.7872666268726
 20
216.9814154188449
 10
332.8365314923118
 20
217.0310247938325
 10
332.9106010452445
 20
217.0310247938325
 10
332.9106010452445
 20
217.0310247938325
 10
338.2945962695931
 20
217.0310247938325
 10
338.2945962695931
 20
217.0310247938325
 10
338.3686658225259
 20
217.0310247938325
 10
338.417930687965
 20
216.9814154188449
 10
338.417930687965
 20
216.907345865912
 10
338.417930687965
 20
216.907345865912
 10
338.417930687965
 20
215.5861517473188
 10
338.417930687965
 20
215.5861517473188
 10
338.417930687965
 20
215.5120821943859
 10
338.3686658225259
 20
215.4628173289468
 10
338.2945962695931
 20
215.4628173289468
 10
338.2945962695931
 20
215.4628173289468
 10
334.6765569909837
 20
215.4628173289468
 10
334.6765569909837
 20
215.4628173289468
 10
334.6269476159961
 20
215.4628173289468
 10
334.6024874380508
 20
215.438012641453
 10
334.6024874380508
 20
215.388747776014
 10
334.6024874380508
 20
215.388747776014
 10
334.6024874380508
 20
213.7216660707015
 10
334.6024874380508
 20
213.7216660707015
 10
334.6024874380508
 20
213.6720566957139
 10
334.6269476159961
 20
213.6475965177687
 10
334.6765569909837
 20
213.6475965177687
 10
334.6765569909837
 20
213.6475965177687
 10
337.6896375023832
 20
213.6475965177687
 10
337.6896375023832
 20
213.6475965177687
 10
337.7637070553161
 20
213.6475965177687
 10
337.8129719207551
 20
213.5979871427811
 10
337.8129719207551
 20
213.5239175898482
 10
337.8129719207551
 20
213.5239175898482
 10
337.8129719207551
 20
212.2151258150018
 10
337.8129719207551
 20
212.2151258150018
 10
337.8129719207551
 20
212.1410562620689
 10
337.7637070553161
 20
212.0914468870813
 10
337.6896375023832
 20
212.0914468870813
 10
337.6896375023832
 20
212.0914468870813
 10
334.6765569909837
 20
212.0914468870813
 10
334.6765569909837
 20
212.0914468870813
 10
334.6269476159961
 20
212.0914468870813
 10
334.6024874380508
 20
212.066986709136
 10
334.6024874380508
 20
212.0173773341484
 10
334.6024874380508
 20
212.0173773341484
 10
334.6024874380508
 20
210.2762260759031
 10
334.6024874380508
 20
210.2762260759031
 10
334.6024874380508
 20
210.2269612104641
 10
334.6269476159961
 20
210.2021565229703
 10
334.6765569909837
 20
210.2021565229703
 10
334.6765569909837
 20
210.2021565229703
 10
338.2945962695931
 20
210.2021565229703
 10
338.2945962695931
 20
210.2021565229703
 10
338.3686658225259
 20
210.2021565229703
 10
338.417930687965
 20
210.1528916575312
 10
338.417930687965
 20
210.0788221045984
 10
338.417930687965
 20
210.0788221045984
 10
338.417930687965
 20
208.7572834764565
 10
338.417930687965
 20
208.7572834764565
 10
338.417930687965
 20
208.6832139235236
 10
338.3686658225259
 20
208.6339490580846
 10
338.2945962695931
 20
208.6339490580846
 10
338.2945962695931
 20
208.6339490580846
 10
332.9106010452445
 20
208.6339490580846
 10
332.9106010452445
 20
208.6339490580846
 10
332.8365314923118
 20
208.6339490580846
 10
332.7872666268726
 20
208.6832139235236
 10
332.7872666268726
 20
208.7572834764565
 10
332.7872666268726
 20
208.7572834764565
 10
332.7872666268726
 20
216.907345865912
 10
332.7872666268726
 20
216.907345865912
 97
        0
 97
        1
330
F5
 75
     2
 76
     1
 98
        1
 10
0.0
 20
0.0
450
        0
451
        0
460
0.0
461
0.0
452
        0
462
0.0
453
        0
470

  0
SPLINE
  5
F7
330
EA
100
AcDbEntity
  8
Ebene 1
100
AcDbSpline
210
0.0
220
0.0
230
1.0
 70
     9
 71
     3
 72
    26
 73
    22
 74
     0
 42
0.0000000001
 43
0.0000000001
 40
0.0
 40
0.0
 40
0.0
 40
0.0
 40
1.0
 40
1.0
 40
1.0
 40
2.0
 40
2.0
 40
2.0
 40
3.0
 40
3.0
 40
3.0
 40
4.0
 40
4.0
 40
4.0
 40
5.0
 40
5.0
 40
5.0
 40
6.0
 40
6.0
 40
6.0
 40
7.0
 40
7.0
 40
7.0
 40
7.0
 10
344.2704588983074
 20
214.4254990783381
 30
0.0
 10
344.2704588983074
 20
215.0552625330417
 30
0.0
 10
343.8256970711616
 20
215.4628173289468
 30
0.0
 10
343.134266407272
 20
215.4628173289468
 30
0.0
 10
343.134266407272
 20
215.4628173289468
 30
0.0
 10
341.6525308390661
 20
215.4628173289468
 30
0.0
 10
341.6525308390661
 20
215.4628173289468
 30
0.0
 10
341.6029214640785
 20
215.4628173289468
 30
0.0
 10
341.5784612861332
 20
215.438012641453
 30
0.0
 10
341.5784612861332
 20
215.388747776014
 30
0.0
 10
341.5784612861332
 20
215.388747776014
 30
0.0
 10
341.5784612861332
 20
213.4498480369153
 30
0.0
 10
341.5784612861332
 20
213.4498480369153
 30
0.0
 10
341.5784612861332
 20
213.4005831714762
 30
0.0
 10
341.6029214640785
 20
213.3757784839825
 30
0.0
 10
341.6525308390661
 20
213.3757784839825
 30
0.0
 10
341.6525308390661
 20
213.3757784839825
 30
0.0
 10
343.134266407272
 20
213.3757784839825
 30
0.0
 10
343.134266407272
 20
213.3757784839825
 30
0.0
 10
343.8256970711616
 20
213.3757784839825
 30
0.0
 10
344.2704588983074
 20
213.7833332798875
 30
0.0
 10
344.2704588983074
 20
214.4254990783381
 30
0.0
  0
SPLINE
  5
F8
330
EA
100
AcDbEntity
  8
Ebene 1
100
AcDbSpline
210
0.0
220
0.0
230
1.0
 70
     9
 71
     3
 72
    53
 73
    49
 74
     0
 42
0.0000000001
 43
0.0000000001
 40
0.0
 40
0.0
 40
0.0
 40
0.0
 40
1.0
 40
1.0
 40
1.0
 40
2.0
 40
2.0
 40
2.0
 40
3.0
 40
3.0
 40
3.0
 40
4.0
 40
4.0
 40
4.0
 40
5.0
 40
5.0
 40
5.0
 40
6.0
 40
6.0
 40
6.0
 40
7.0
 40
7.0
 40
7.0
 40
8.0
 40
8.0
 40
8.0
 40
9.0
 40
9.0
 40
9.0
 40
10.0
 40
10.0
 40
10.0
 40
11.0
 40
11.0
 40
11.0
 40
12.0
 40
12.0
 40
12.0
 40
13.0
 40
13.0
 40
13.0
 40
14.0
 40
14.0
 40
14.0
 40
15.0
 40
15.0
 40
15.0
 40
16.0
 40
16.0
 40
16.0
 40
16.0
 10
344.4061956604262
 20
208.6339490580846
 30
0.0
 10
344.2949190762527
 20
208.6339490580846
 30
0.0
 10
344.2580565545605
 20
208.6711560893253
 30
0.0
 10
344.2208495233198
 20
208.7572834764565
 30
0.0
 10
344.2208495233198
 20
208.7572834764565
 30
0.0
 10
342.775976476806
 20
211.8323757065905
 30
0.0
 10
342.775976476806
 20
211.8323757065905
 30
0.0
 10
342.775976476806
 20
211.8323757065905
 30
0.0
 10
341.6525308390661
 20
211.8323757065905
 30
0.0
 10
341.6525308390661
 20
211.8323757065905
 30
0.0
 10
341.6029214640785
 20
211.8323757065905
 30
0.0
 10
341.5784612861332
 20
211.8075710190967
 30
0.0
 10
341.5784612861332
 20
211.7579616441092
 30
0.0
 10
341.5784612861332
 20
211.7579616441092
 30
0.0
 10
341.5784612861332
 20
208.7572834764565
 30
0.0
 10
341.5784612861332
 20
208.7572834764565
 30
0.0
 10
341.5784612861332
 20
208.6832139235236
 30
0.0
 10
341.5288519111456
 20
208.6339490580846
 30
0.0
 10
341.4547823582127
 20
208.6339490580846
 30
0.0
 10
341.4547823582127
 20
208.6339490580846
 30
0.0
 10
339.886574893327
 20
208.6339490580846
 30
0.0
 10
339.886574893327
 20
208.6339490580846
 30
0.0
 10
339.8125053403941
 20
208.6339490580846
 30
0.0
 10
339.763240474955
 20
208.6832139235236
 30
0.0
 10
339.763240474955
 20
208.7572834764565
 30
0.0
 10
339.763240474955
 20
208.7572834764565
 30
0.0
 10
339.763240474955
 20
216.907345865912
 30
0.0
 10
339.763240474955
 20
216.907345865912
 30
0.0
 10
339.763240474955
 20
216.9814154188449
 30
0.0
 10
339.8125053403941
 20
217.0310247938325
 30
0.0
 10
339.886574893327
 20
217.0310247938325
 30
0.0
 10
339.886574893327
 20
217.0310247938325
 30
0.0
 10
343.2331406476987
 20
217.0310247938325
 30
0.0
 10
343.2331406476987
 20
217.0310247938325
 30
0.0
 10
344.9494872184502
 20
217.0310247938325
 30
0.0
 10
346.0856797094856
 20
215.9564995119831
 30
0.0
 10
346.0856797094856
 20
214.4254990783381
 30
0.0
 10
346.0856797094856
 20
213.3509737964887
 30
0.0
 10
345.5175834639679
 20
212.4990016829864
 30
0.0
 10
344.5911972879842
 20
212.0914468870813
 30
0.0
 10
344.5911972879842
 20
212.0914468870813
 30
0.0
 10
346.2462211590982
 20
208.7820881639503
 30
0.0
 10
346.2462211590982
 20
208.7820881639503
 30
0.0
 10
346.2830836807904
 20
208.7080186110175
 30
0.0
 10
346.2462211590982
 20
208.6339490580846
 30
0.0
 10
346.1597492624184
 20
208.6339490580846
 30
0.0
 10
346.1597492624184
 20
208.6339490580846
 30
0.0
 10
344.4061956604262
 20
208.6339490580846
 30
0.0
 10
344.4061956604262
 20
208.6339490580846
 30
0.0
  0
HATCH
  5
F9
330
EA
100
AcDbEntity
  8
Ebene 1
 62
    18
420
        0
440
 33554687
100
AcDbHatch
 10
0.0
 20
0.0
 30
0.0
210
0.0
220
0.0
230
1.0
  2
SOLID
 70
     1
 71
     1
 91
        2
 92
        1
 93
        1
 72
     4
 94
        3
 73
     0
 74
     0
 95
       26
 96
       22
 40
0.0
 40
0.0
 40
0.0
 40
0.0
 40
1.0
 40
1.0
 40
1.0
 40
2.0
 40
2.0
 40
2.0
 40
3.0
 40
3.0
 40
3.0
 40
4.0
 40
4.0
 40
4.0
 40
5.0
 40
5.0
 40
5.0
 40
6.0
 40
6.0
 40
6.0
 40
7.0
 40
7.0
 40
7.0
 40
7.0
 10
344.2704588983074
 20
214.4254990783381
 10
344.2704588983074
 20
215.0552625330417
 10
343.8256970711616
 20
215.4628173289468
 10
343.134266407272
 20
215.4628173289468
 10
343.134266407272
 20
215.4628173289468
 10
341.6525308390661
 20
215.4628173289468
 10
341.6525308390661
 20
215.4628173289468
 10
341.6029214640785
 20
215.4628173289468
 10
341.5784612861332
 20
215.438012641453
 10
341.5784612861332
 20
215.388747776014
 10
341.5784612861332
 20
215.388747776014
 10
341.5784612861332
 20
213.4498480369153
 10
341.5784612861332
 20
213.4498480369153
 10
341.5784612861332
 20
213.4005831714762
 10
341.6029214640785
 20
213.3757784839825
 10
341.6525308390661
 20
213.3757784839825
 10
341.6525308390661
 20
213.3757784839825
 10
343.134266407272
 20
213.3757784839825
 10
343.134266407272
 20
213.3757784839825
 10
343.8256970711616
 20
213.3757784839825
 10
344.2704588983074
 20
213.7833332798875
 10
344.2704588983074
 20
214.4254990783381
 97
        0
 97
        1
330
F7
 92
        1
 93
        1
 72
     4
 94
        3
 73
     0
 74
     0
 95
       53
 96
       49
 40
0.0
 40
0.0
 40
0.0
 40
0.0
 40
1.0
 40
1.0
 40
1.0
 40
2.0
 40
2.0
 40
2.0
 40
3.0
 40
3.0
 40
3.0
 40
4.0
 40
4.0
 40
4.0
 40
5.0
 40
5.0
 40
5.0
 40
6.0
 40
6.0
 40
6.0
 40
7.0
 40
7.0
 40
7.0
 40
8.0
 40
8.0
 40
8.0
 40
9.0
 40
9.0
 40
9.0
 40
10.0
 40
10.0
 40
10.0
 40
11.0
 40
11.0
 40
11.0
 40
12.0
 40
12.0
 40
12.0
 40
13.0
 40
13.0
 40
13.0
 40
14.0
 40
14.0
 40
14.0
 40
15.0
 40
15.0
 40
15.0
 40
16.0
 40
16.0
 40
16.0
 40
16.0
 10
344.4061956604262
 20
208.6339490580846
 10
344.2949190762527
 20
208.6339490580846
 10
344.2580565545605
 20
208.6711560893253
 10
344.2208495233198
 20
208.7572834764565
 10
344.2208495233198
 20
208.7572834764565
 10
342.775976476806
 20
211.8323757065905
 10
342.775976476806
 20
211.8323757065905
 10
342.775976476806
 20
211.8323757065905
 10
341.6525308390661
 20
211.8323757065905
 10
341.6525308390661
 20
211.8323757065905
 10
341.6029214640785
 20
211.8323757065905
 10
341.5784612861332
 20
211.8075710190967
 10
341.5784612861332
 20
211.7579616441092
 10
341.5784612861332
 20
211.7579616441092
 10
341.5784612861332
 20
208.7572834764565
 10
341.5784612861332
 20
208.7572834764565
 10
341.5784612861332
 20
208.6832139235236
 10
341.5288519111456
 20
208.6339490580846
 10
341.4547823582127
 20
208.6339490580846
 10
341.4547823582127
 20
208.6339490580846
 10
339.886574893327
 20
208.6339490580846
 10
339.886574893327
 20
208.6339490580846
 10
339.8125053403941
 20
208.6339490580846
 10
339.763240474955
 20
208.6832139235236
 10
339.763240474955
 20
208.7572834764565
 10
339.763240474955
 20
208.7572834764565
 10
339.763240474955
 20
216.907345865912
 10
339.763240474955
 20
216.907345865912
 10
339.763240474955
 20
216.9814154188449
 10
339.8125053403941
 20
217.0310247938325
 10
339.886574893327
 20
217.0310247938325
 10
339.886574893327
 20
217.0310247938325
 10
343.2331406476987
 20
217.0310247938325
 10
343.2331406476987
 20
217.0310247938325
 10
344.9494872184502
 20
217.0310247938325
 10
346.0856797094856
 20
215.9564995119831
 10
346.0856797094856
 20
214.4254990783381
 10
346.0856797094856
 20
213.3509737964887
 10
345.5175834639679
 20
212.4990016829864
 10
344.5911972879842
 20
212.0914468870813
 10
344.5911972879842
 20
212.0914468870813
 10
346.2462211590982
 20
208.7820881639503
 10
346.2462211590982
 20
208.7820881639503
 10
346.2830836807904
 20
208.7080186110175
 10
346.2462211590982
 20
208.6339490580846
 10
346.1597492624184
 20
208.6339490580846
 10
346.1597492624184
 20
208.6339490580846
 10
344.4061956604262
 20
208.6339490580846
 10
344.4061956604262
 20
208.6339490580846
 97
        0
 97
        1
330
F8
 75
     2
 76
     1
 98
        1
 10
0.0
 20
0.0
450
        0
451
        0
460
0.0
461
0.0
452
        0
462
0.0
453
        0
470

  0
SPLINE
  5
FA
330
EA
100
AcDbEntity
  8
Ebene 1
100
AcDbSpline
210
0.0
220
0.0
230
1.0
 70
     9
 71
     3
 72
    29
 73
    25
 74
     0
 42
0.0000000001
 43
0.0000000001
 40
0.0
 40
0.0
 40
0.0
 40
0.0
 40
1.0
 40
1.0
 40
1.0
 40
2.0
 40
2.0
 40
2.0
 40
3.0
 40
3.0
 40
3.0
 40
4.0
 40
4.0
 40
4.0
 40
5.0
 40
5.0
 40
5.0
 40
6.0
 40
6.0
 40
6.0
 40
7.0
 40
7.0
 40
7.0
 40
8.0
 40
8.0
 40
8.0
 40
8.0
 10
347.4678520181678
 20
216.907345865912
 30
0.0
 10
347.4678520181678
 20
216.9814154188449
 30
0.0
 10
347.5171168836068
 20
217.0310247938325
 30
0.0
 10
347.5911864365397
 20
217.0310247938325
 30
0.0
 10
347.5911864365397
 20
217.0310247938325
 30
0.0
 10
349.1593939014255
 20
217.0310247938325
 30
0.0
 10
349.1593939014255
 20
217.0310247938325
 30
0.0
 10
349.2334634543583
 20
217.0310247938325
 30
0.0
 10
349.2830728293459
 20
216.9814154188449
 30
0.0
 10
349.2830728293459
 20
216.907345865912
 30
0.0
 10
349.2830728293459
 20
216.907345865912
 30
0.0
 10
349.2830728293459
 20
208.7572834764565
 30
0.0
 10
349.2830728293459
 20
208.7572834764565
 30
0.0
 10
349.2830728293459
 20
208.6832139235236
 30
0.0
 10
349.2334634543583
 20
208.6339490580846
 30
0.0
 10
349.1593939014255
 20
208.6339490580846
 30
0.0
 10
349.1593939014255
 20
208.6339490580846
 30
0.0
 10
347.5911864365397
 20
208.6339490580846
 30
0.0
 10
347.5911864365397
 20
208.6339490580846
 30
0.0
 10
347.5171168836068
 20
208.6339490580846
 30
0.0
 10
347.4678520181678
 20
208.6832139235236
 30
0.0
 10
347.4678520181678
 20
208.7572834764565
 30
0.0
 10
347.4678520181678
 20
208.7572834764565
 30
0.0
 10
347.4678520181678
 20
216.907345865912
 30
0.0
 10
347.4678520181678
 20
216.907345865912
 30
0.0
  0
HATCH
  5
FB
330
EA
100
AcDbEntity
  8
Ebene 1
 62
    18
420
        0
440
 33554687
100
AcDbHatch
 10
0.0
 20
0.0
 30
0.0
210
0.0
220
0.0
230
1.0
  2
SOLID
 70
     1
 71
     1
 91
        1
 92
        1
 93
        1
 72
     4
 94
        3
 73
     0
 74
     0
 95
       29
 96
       25
 40
0.0
 40
0.0
 40
0.0
 40
0.0
 40
1.0
 40
1.0
 40
1.0
 40
2.0
 40
2.0
 40
2.0
 40
3.0
 40
3.0
 40
3.0
 40
4.0
 40
4.0
 40
4.0
 40
5.0
 40
5.0
 40
5.0
 40
6.0
 40
6.0
 40
6.0
 40
7.0
 40
7.0
 40
7.0
 40
8.0
 40
8.0
 40
8.0
 40
8.0
 10
347.4678520181678
 20
216.907345865912
 10
347.4678520181678
 20
216.9814154188449
 10
347.5171168836068
 20
217.0310247938325
 10
347.5911864365397
 20
217.0310247938325
 10
347.5911864365397
 20
217.0310247938325
 10
349.1593939014255
 20
217.0310247938325
 10
349.1593939014255
 20
217.0310247938325
 10
349.2334634543583
 20
217.0310247938325
 10
349.2830728293459
 20
216.9814154188449
 10
349.2830728293459
 20
216.907345865912
 10
349.2830728293459
 20
216.907345865912
 10
349.2830728293459
 20
208.7572834764565
 10
349.2830728293459
 20
208.7572834764565
 10
349.2830728293459
 20
208.6832139235236
 10
349.2334634543583
 20
208.6339490580846
 10
349.1593939014255
 20
208.6339490580846
 10
349.1593939014255
 20
208.6339490580846
 10
347.5911864365397
 20
208.6339490580846
 10
347.5911864365397
 20
208.6339490580846
 10
347.5171168836068
 20
208.6339490580846
 10
347.4678520181678
 20
208.6832139235236
 10
347.4678520181678
 20
208.7572834764565
 10
347.4678520181678
 20
208.7572834764565
 10
347.4678520181678
 20
216.907345865912
 10
347.4678520181678
 20
216.907345865912
 97
        0
 97
        1
330
FA
 75
     2
 76
     1
 98
        1
 10
0.0
 20
0.0
450
        0
451
        0
460
0.0
461
0.0
452
        0
462
0.0
453
        0
470

  0
SPLINE
  5
FC
330
EA
100
AcDbEntity
  8
Ebene 1
100
AcDbSpline
210
0.0
220
0.0
230
1.0
 70
    11
 71
     3
 72
    17
 73
    13
 74
     0
 42
0.0000000001
 43
0.0000000001
 40
0.0
 40
0.0
 40
0.0
 40
0.0
 40
1.0
 40
1.0
 40
1.0
 40
2.0
 40
2.0
 40
2.0
 40
3.0
 40
3.0
 40
3.0
 40
4.0
 40
4.0
 40
4.0
 40
4.0
 10
355.0370713088102
 20
211.770363987856
 30
0.0
 10
355.0370713088102
 20
211.770363987856
 30
0.0
 10
354.0862249548812
 20
214.7093749463227
 30
0.0
 10
354.0862249548812
 20
214.7093749463227
 30
0.0
 10
354.0862249548812
 20
214.7093749463227
 30
0.0
 10
354.0490179236405
 20
214.7093749463227
 30
0.0
 10
354.0490179236405
 20
214.7093749463227
 30
0.0
 10
354.0490179236405
 20
214.7093749463227
 30
0.0
 10
353.0981715697116
 20
211.770363987856
 30
0.0
 10
353.0981715697116
 20
211.770363987856
 30
0.0
 10
353.0981715697116
 20
211.770363987856
 30
0.0
 10
355.0370713088102
 20
211.770363987856
 30
0.0
 10
355.0370713088102
 20
211.770363987856
 30
0.0
  0
SPLINE
  5
FD
330
EA
100
AcDbEntity
  8
Ebene 1
100
AcDbSpline
210
0.0
220
0.0
230
1.0
 70
     9
 71
     3
 72
    47
 73
    43
 74
     0
 42
0.0000000001
 43
0.0000000001
 40
0.0
 40
0.0
 40
0.0
 40
0.0
 40
1.0
 40
1.0
 40
1.0
 40
2.0
 40
2.0
 40
2.0
 40
3.0
 40
3.0
 40
3.0
 40
4.0
 40
4.0
 40
4.0
 40
5.0
 40
5.0
 40
5.0
 40
6.0
 40
6.0
 40
6.0
 40
7.0
 40
7.0
 40
7.0
 40
8.0
 40
8.0
 40
8.0
 40
9.0
 40
9.0
 40
9.0
 40
10.0
 40
10.0
 40
10.0
 40
11.0
 40
11.0
 40
11.0
 40
12.0
 40
12.0
 40
12.0
 40
13.0
 40
13.0
 40
13.0
 40
14.0
 40
14.0
 40
14.0
 40
14.0
 10
353.1474364351506
 20
216.907345865912
 30
0.0
 10
353.1722411226444
 20
216.9814154188449
 30
0.0
 10
353.2218504976321
 20
217.0310247938325
 30
0.0
 10
353.3079778847633
 20
217.0310247938325
 30
0.0
 10
353.3079778847633
 20
217.0310247938325
 30
0.0
 10
354.8641275154507
 20
217.0310247938325
 30
0.0
 10
354.8641275154507
 20
217.0310247938325
 30
0.0
 10
354.9505994121304
 20
217.0310247938325
 30
0.0
 10
354.9998642775695
 20
216.9814154188449
 30
0.0
 10
355.0246689650633
 20
216.907345865912
 30
0.0
 10
355.0246689650633
 20
216.907345865912
 30
0.0
 10
357.8648056831033
 20
208.7572834764565
 30
0.0
 10
357.8648056831033
 20
208.7572834764565
 30
0.0
 10
357.8892658610485
 20
208.6832139235236
 30
0.0
 10
357.8648056831033
 20
208.6339490580846
 30
0.0
 10
357.7783337864235
 20
208.6339490580846
 30
0.0
 10
357.7783337864235
 20
208.6339490580846
 30
0.0
 10
356.1729192902971
 20
208.6339490580846
 30
0.0
 10
356.1729192902971
 20
208.6339490580846
 30
0.0
 10
356.0864473936173
 20
208.6339490580846
 30
0.0
 10
356.0371825281782
 20
208.6711560893253
 30
0.0
 10
356.0123778406844
 20
208.7572834764565
 30
0.0
 10
356.0123778406844
 20
208.7572834764565
 30
0.0
 10
355.5307534918465
 20
210.2269612104641
 30
0.0
 10
355.5307534918465
 20
210.2269612104641
 30
0.0
 10
355.5307534918465
 20
210.2269612104641
 30
0.0
 10
352.5920870429284
 20
210.2269612104641
 30
0.0
 10
352.5920870429284
 20
210.2269612104641
 30
0.0
 10
352.5920870429284
 20
210.2269612104641
 30
0.0
 10
352.1225205282888
 20
208.7572834764565
 30
0.0
 10
352.1225205282888
 20
208.7572834764565
 30
0.0
 10
352.0980603503435
 20
208.6711560893253
 30
0.0
 10
352.0484509753559
 20
208.6339490580846
 30
0.0
 10
351.9619790786762
 20
208.6339490580846
 30
0.0
 10
351.9619790786762
 20
208.6339490580846
 30
0.0
 10
350.3445067483514
 20
208.6339490580846
 30
0.0
 10
350.3445067483514
 20
208.6339490580846
 30
0.0
 10
350.2580348516716
 20
208.6339490580846
 30
0.0
 10
350.2332301641778
 20
208.6832139235236
 30
0.0
 10
350.2580348516716
 20
208.7572834764565
 30
0.0
 10
350.2580348516716
 20
208.7572834764565
 30
0.0
 10
353.1474364351506
 20
216.907345865912
 30
0.0
 10
353.1474364351506
 20
216.907345865912
 30
0.0
  0
HATCH
  5
FE
330
EA
100
AcDbEntity
  8
Ebene 1
 62
    18
420
        0
440
 33554687
100
AcDbHatch
 10
0.0
 20
0.0
 30
0.0
210
0.0
220
0.0
230
1.0
  2
SOLID
 70
     1
 71
     1
 91
        2
 92
        1
 93
        1
 72
     4
 94
        3
 73
     0
 74
     0
 95
       17
 96
       13
 40
0.0
 40
0.0
 40
0.0
 40
0.0
 40
1.0
 40
1.0
 40
1.0
 40
2.0
 40
2.0
 40
2.0
 40
3.0
 40
3.0
 40
3.0
 40
4.0
 40
4.0
 40
4.0
 40
4.0
 10
355.0370713088102
 20
211.770363987856
 10
355.0370713088102
 20
211.770363987856
 10
354.0862249548812
 20
214.7093749463227
 10
354.0862249548812
 20
214.7093749463227
 10
354.0862249548812
 20
214.7093749463227
 10
354.0490179236405
 20
214.7093749463227
 10
354.0490179236405
 20
214.7093749463227
 10
354.0490179236405
 20
214.7093749463227
 10
353.0981715697116
 20
211.770363987856
 10
353.0981715697116
 20
211.770363987856
 10
353.0981715697116
 20
211.770363987856
 10
355.0370713088102
 20
211.770363987856
 10
355.0370713088102
 20
211.770363987856
 97
        0
 97
        1
330
FC
 92
        1
 93
        1
 72
     4
 94
        3
 73
     0
 74
     0
 95
       47
 96
       43
 40
0.0
 40
0.0
 40
0.0
 40
0.0
 40
1.0
 40
1.0
 40
1.0
 40
2.0
 40
2.0
 40
2.0
 40
3.0
 40
3.0
 40
3.0
 40
4.0
 40
4.0
 40
4.0
 40
5.0
 40
5.0
 40
5.0
 40
6.0
 40
6.0
 40
6.0
 40
7.0
 40
7.0
 40
7.0
 40
8.0
 40
8.0
 40
8.0
 40
9.0
 40
9.0
 40
9.0
 40
10.0
 40
10.0
 40
10.0
 40
11.0
 40
11.0
 40
11.0
 40
12.0
 40
12.0
 40
12.0
 40
13.0
 40
13.0
 40
13.0
 40
14.0
 40
14.0
 40
14.0
 40
14.0
 10
353.1474364351506
 20
216.907345865912
 10
353.1722411226444
 20
216.9814154188449
 10
353.2218504976321
 20
217.0310247938325
 10
353.3079778847633
 20
217.0310247938325
 10
353.3079778847633
 20
217.0310247938325
 10
354.8641275154507
 20
217.0310247938325
 10
354.8641275154507
 20
217.0310247938325
 10
354.9505994121304
 20
217.0310247938325
 10
354.9998642775695
 20
216.9814154188449
 10
355.0246689650633
 20
216.907345865912
 10
355.0246689650633
 20
216.907345865912
 10
357.8648056831033
 20
208.7572834764565
 10
357.8648056831033
 20
208.7572834764565
 10
357.8892658610485
 20
208.6832139235236
 10
357.8648056831033
 20
208.6339490580846
 10
357.7783337864235
 20
208.6339490580846
 10
357.7783337864235
 20
208.6339490580846
 10
356.1729192902971
 20
208.6339490580846
 10
356.1729192902971
 20
208.6339490580846
 10
356.0864473936173
 20
208.6339490580846
 10
356.0371825281782
 20
208.6711560893253
 10
356.0123778406844
 20
208.7572834764565
 10
356.0123778406844
 20
208.7572834764565
 10
355.5307534918465
 20
210.2269612104641
 10
355.5307534918465
 20
210.2269612104641
 10
355.5307534918465
 20
210.2269612104641
 10
352.5920870429284
 20
210.2269612104641
 10
352.5920870429284
 20
210.2269612104641
 10
352.5920870429284
 20
210.2269612104641
 10
352.1225205282888
 20
208.7572834764565
 10
352.1225205282888
 20
208.7572834764565
 10
352.0980603503435
 20
208.6711560893253
 10
352.0484509753559
 20
208.6339490580846
 10
351.9619790786762
 20
208.6339490580846
 10
351.9619790786762
 20
208.6339490580846
 10
350.3445067483514
 20
208.6339490580846
 10
350.3445067483514
 20
208.6339490580846
 10
350.2580348516716
 20
208.6339490580846
 10
350.2332301641778
 20
208.6832139235236
 10
350.2580348516716
 20
208.7572834764565
 10
350.2580348516716
 20
208.7572834764565
 10
353.1474364351506
 20
216.907345865912
 10
353.1474364351506
 20
216.907345865912
 97
        0
 97
        1
330
FD
 75
     2
 76
     1
 98
        1
 10
0.0
 20
0.0
450
        0
451
        0
460
0.0
461
0.0
452
        0
462
0.0
453
        0
470

  0
SPLINE
  5
FF
330
EA
100
AcDbEntity
  8
Ebene 1
100
AcDbSpline
210
0.0
220
0.0
230
1.0
 70
     9
 71
     3
 72
    41
 73
    37
 74
     0
 42
0.0000000001
 43
0.0000000001
 40
0.0
 40
0.0
 40
0.0
 40
0.0
 40
1.0
 40
1.0
 40
1.0
 40
2.0
 40
2.0
 40
2.0
 40
3.0
 40
3.0
 40
3.0
 40
4.0
 40
4.0
 40
4.0
 40
5.0
 40
5.0
 40
5.0
 40
6.0
 40
6.0
 40
6.0
 40
7.0
 40
7.0
 40
7.0
 40
8.0
 40
8.0
 40
8.0
 40
9.0
 40
9.0
 40
9.0
 40
10.0
 40
10.0
 40
10.0
 40
11.0
 40
11.0
 40
11.0
 40
12.0
 40
12.0
 40
12.0
 40
12.0
 10
358.8394231958805
 20
216.907345865912
 30
0.0
 10
358.8394231958805
 20
216.9814154188449
 30
0.0
 10
358.8886880613195
 20
217.0310247938325
 30
0.0
 10
358.9631021238009
 20
217.0310247938325
 30
0.0
 10
358.9631021238009
 20
217.0310247938325
 30
0.0
 10
360.5313095886866
 20
217.0310247938325
 30
0.0
 10
360.5313095886866
 20
217.0310247938325
 30
0.0
 10
360.6053791416195
 20
217.0310247938325
 30
0.0
 10
360.6546440070586
 20
216.9814154188449
 30
0.0
 10
360.6546440070586
 20
216.907345865912
 30
0.0
 10
360.6546440070586
 20
216.907345865912
 30
0.0
 10
360.6546440070586
 20
210.3258354508908
 30
0.0
 10
360.6546440070586
 20
210.3258354508908
 30
0.0
 10
360.6546440070586
 20
210.2762260759031
 30
0.0
 10
360.6794486945524
 20
210.2517658979579
 30
0.0
 10
360.7287135599914
 20
210.2517658979579
 30
0.0
 10
360.7287135599914
 20
210.2517658979579
 30
0.0
 10
364.4332247352806
 20
210.2517658979579
 30
0.0
 10
364.4332247352806
 20
210.2517658979579
 30
0.0
 10
364.5072942882135
 20
210.2517658979579
 30
0.0
 10
364.5569036632011
 20
210.2021565229703
 30
0.0
 10
364.5569036632011
 20
210.1280869700374
 30
0.0
 10
364.5569036632011
 20
210.1280869700374
 30
0.0
 10
364.5569036632011
 20
208.7572834764565
 30
0.0
 10
364.5569036632011
 20
208.7572834764565
 30
0.0
 10
364.5569036632011
 20
208.6832139235236
 30
0.0
 10
364.5072942882135
 20
208.6339490580846
 30
0.0
 10
364.4332247352806
 20
208.6339490580846
 30
0.0
 10
364.4332247352806
 20
208.6339490580846
 30
0.0
 10
358.9631021238009
 20
208.6339490580846
 30
0.0
 10
358.9631021238009
 20
208.6339490580846
 30
0.0
 10
358.8886880613195
 20
208.6339490580846
 30
0.0
 10
358.8394231958805
 20
208.6832139235236
 30
0.0
 10
358.8394231958805
 20
208.7572834764565
 30
0.0
 10
358.8394231958805
 20
208.7572834764565
 30
0.0
 10
358.8394231958805
 20
216.907345865912
 30
0.0
 10
358.8394231958805
 20
216.907345865912
 30
0.0
  0
HATCH
  5
100
330
EA
100
AcDbEntity
  8
Ebene 1
 62
    18
420
        0
440
 33554687
100
AcDbHatch
 10
0.0
 20
0.0
 30
0.0
210
0.0
220
0.0
230
1.0
  2
SOLID
 70
     1
 71
     1
 91
        1
 92
        1
 93
        1
 72
     4
 94
        3
 73
     0
 74
     0
 95
       41
 96
       37
 40
0.0
 40
0.0
 40
0.0
 40
0.0
 40
1.0
 40
1.0
 40
1.0
 40
2.0
 40
2.0
 40
2.0
 40
3.0
 40
3.0
 40
3.0
 40
4.0
 40
4.0
 40
4.0
 40
5.0
 40
5.0
 40
5.0
 40
6.0
 40
6.0
 40
6.0
 40
7.0
 40
7.0
 40
7.0
 40
8.0
 40
8.0
 40
8.0
 40
9.0
 40
9.0
 40
9.0
 40
10.0
 40
10.0
 40
10.0
 40
11.0
 40
11.0
 40
11.0
 40
12.0
 40
12.0
 40
12.0
 40
12.0
 10
358.8394231958805
 20
216.907345865912
 10
358.8394231958805
 20
216.9814154188449
 10
358.8886880613195
 20
217.0310247938325
 10
358.9631021238009
 20
217.0310247938325
 10
358.9631021238009
 20
217.0310247938325
 10
360.5313095886866
 20
217.0310247938325
 10
360.5313095886866
 20
217.0310247938325
 10
360.6053791416195
 20
217.0310247938325
 10
360.6546440070586
 20
216.9814154188449
 10
360.6546440070586
 20
216.907345865912
 10
360.6546440070586
 20
216.907345865912
 10
360.6546440070586
 20
210.3258354508908
 10
360.6546440070586
 20
210.3258354508908
 10
360.6546440070586
 20
210.2762260759031
 10
360.6794486945524
 20
210.2517658979579
 10
360.7287135599914
 20
210.2517658979579
 10
360.7287135599914
 20
210.2517658979579
 10
364.4332247352806
 20
210.2517658979579
 10
364.4332247352806
 20
210.2517658979579
 10
364.5072942882135
 20
210.2517658979579
 10
364.5569036632011
 20
210.2021565229703
 10
364.5569036632011
 20
210.1280869700374
 10
364.5569036632011
 20
210.1280869700374
 10
364.5569036632011
 20
208.7572834764565
 10
364.5569036632011
 20
208.7572834764565
 10
364.5569036632011
 20
208.6832139235236
 10
364.5072942882135
 20
208.6339490580846
 10
364.4332247352806
 20
208.6339490580846
 10
364.4332247352806
 20
208.6339490580846
 10
358.9631021238009
 20
208.6339490580846
 10
358.9631021238009
 20
208.6339490580846
 10
358.8886880613195
 20
208.6339490580846
 10
358.8394231958805
 20
208.6832139235236
 10
358.8394231958805
 20
208.7572834764565
 10
358.8394231958805
 20
208.7572834764565
 10
358.8394231958805
 20
216.907345865912
 10
358.8394231958805
 20
216.907345865912
 97
        0
 97
        1
330
FF
 75
     2
 76
     1
 98
        1
 10
0.0
 20
0.0
450
        0
451
        0
460
0.0
461
0.0
452
        0
462
0.0
453
        0
470

  0
SPLINE
  5
101
330
EA
100
AcDbEntity
  8
Ebene 1
100
AcDbSpline
210
0.0
220
0.0
230
1.0
 70
     9
 71
     3
 72
    29
 73
    25
 74
     0
 42
0.0000000001
 43
0.0000000001
 40
0.0
 40
0.0
 40
0.0
 40
0.0
 40
1.0
 40
1.0
 40
1.0
 40
2.0
 40
2.0
 40
2.0
 40
3.0
 40
3.0
 40
3.0
 40
4.0
 40
4.0
 40
4.0
 40
5.0
 40
5.0
 40
5.0
 40
6.0
 40
6.0
 40
6.0
 40
7.0
 40
7.0
 40
7.0
 40
8.0
 40
8.0
 40
8.0
 40
8.0
 10
368.5442571778292
 20
216.907345865912
 30
0.0
 10
368.5442571778292
 20
216.9814154188449
 30
0.0
 10
368.5935220432683
 20
217.0310247938325
 30
0.0
 10
368.6675915962012
 20
217.0310247938325
 30
0.0
 10
368.6675915962012
 20
217.0310247938325
 30
0.0
 10
370.2357990610869
 20
217.0310247938325
 30
0.0
 10
370.2357990610869
 20
217.0310247938325
 30
0.0
 10
370.3098686140198
 20
217.0310247938325
 30
0.0
 10
370.3594779890074
 20
216.9814154188449
 30
0.0
 10
370.3594779890074
 20
216.907345865912
 30
0.0
 10
370.3594779890074
 20
216.907345865912
 30
0.0
 10
370.3594779890074
 20
208.7572834764565
 30
0.0
 10
370.3594779890074
 20
208.7572834764565
 30
0.0
 10
370.3594779890074
 20
208.6832139235236
 30
0.0
 10
370.3098686140198
 20
208.6339490580846
 30
0.0
 10
370.2357990610869
 20
208.6339490580846
 30
0.0
 10
370.2357990610869
 20
208.6339490580846
 30
0.0
 10
368.6675915962012
 20
208.6339490580846
 30
0.0
 10
368.6675915962012
 20
208.6339490580846
 30
0.0
 10
368.5935220432683
 20
208.6339490580846
 30
0.0
 10
368.5442571778292
 20
208.6832139235236
 30
0.0
 10
368.5442571778292
 20
208.7572834764565
 30
0.0
 10
368.5442571778292
 20
208.7572834764565
 30
0.0
 10
368.5442571778292
 20
216.907345865912
 30
0.0
 10
368.5442571778292
 20
216.907345865912
 30
0.0
  0
HATCH
  5
102
330
EA
100
AcDbEntity
  8
Ebene 1
 62
    18
420
        0
440
 33554687
100
AcDbHatch
 10
0.0
 20
0.0
 30
0.0
210
0.0
220
0.0
230
1.0
  2
SOLID
 70
     1
 71
     1
 91
        1
 92
        1
 93
        1
 72
     4
 94
        3
 73
     0
 74
     0
 95
       29
 96
       25
 40
0.0
 40
0.0
 40
0.0
 40
0.0
 40
1.0
 40
1.0
 40
1.0
 40
2.0
 40
2.0
 40
2.0
 40
3.0
 40
3.0
 40
3.0
 40
4.0
 40
4.0
 40
4.0
 40
5.0
 40
5.0
 40
5.0
 40
6.0
 40
6.0
 40
6.0
 40
7.0
 40
7.0
 40
7.0
 40
8.0
 40
8.0
 40
8.0
 40
8.0
 10
368.5442571778292
 20
216.907345865912
 10
368.5442571778292
 20
216.9814154188449
 10
368.5935220432683
 20
217.0310247938325
 10
368.6675915962012
 20
217.0310247938325
 10
368.6675915962012
 20
217.0310247938325
 10
370.2357990610869
 20
217.0310247938325
 10
370.2357990610869
 20
217.0310247938325
 10
370.3098686140198
 20
217.0310247938325
 10
370.3594779890074
 20
216.9814154188449
 10
370.3594779890074
 20
216.907345865912
 10
370.3594779890074
 20
216.907345865912
 10
370.3594779890074
 20
208.7572834764565
 10
370.3594779890074
 20
208.7572834764565
 10
370.3594779890074
 20
208.6832139235236
 10
370.3098686140198
 20
208.6339490580846
 10
370.2357990610869
 20
208.6339490580846
 10
370.2357990610869
 20
208.6339490580846
 10
368.6675915962012
 20
208.6339490580846
 10
368.6675915962012
 20
208.6339490580846
 10
368.5935220432683
 20
208.6339490580846
 10
368.5442571778292
 20
208.6832139235236
 10
368.5442571778292
 20
208.7572834764565
 10
368.5442571778292
 20
208.7572834764565
 10
368.5442571778292
 20
216.907345865912
 10
368.5442571778292
 20
216.907345865912
 97
        0
 97
        1
330
101
 75
     2
 76
     1
 98
        1
 10
0.0
 20
0.0
450
        0
451
        0
460
0.0
461
0.0
452
        0
462
0.0
453
        0
470

  0
SPLINE
  5
103
330
EA
100
AcDbEntity
  8
Ebene 1
100
AcDbSpline
210
0.0
220
0.0
230
1.0
 70
     9
 71
     3
 72
    83
 73
    79
 74
     0
 42
0.0000000001
 43
0.0000000001
 40
0.0
 40
0.0
 40
0.0
 40
0.0
 40
1.0
 40
1.0
 40
1.0
 40
2.0
 40
2.0
 40
2.0
 40
3.0
 40
3.0
 40
3.0
 40
4.0
 40
4.0
 40
4.0
 40
5.0
 40
5.0
 40
5.0
 40
6.0
 40
6.0
 40
6.0
 40
7.0
 40
7.0
 40
7.0
 40
8.0
 40
8.0
 40
8.0
 40
9.0
 40
9.0
 40
9.0
 40
10.0
 40
10.0
 40
10.0
 40
11.0
 40
11.0
 40
11.0
 40
12.0
 40
12.0
 40
12.0
 40
13.0
 40
13.0
 40
13.0
 40
14.0
 40
14.0
 40
14.0
 40
15.0
 40
15.0
 40
15.0
 40
16.0
 40
16.0
 40
16.0
 40
17.0
 40
17.0
 40
17.0
 40
18.0
 40
18.0
 40
18.0
 40
19.0
 40
19.0
 40
19.0
 40
20.0
 40
20.0
 40
20.0
 40
21.0
 40
21.0
 40
21.0
 40
22.0
 40
22.0
 40
22.0
 40
23.0
 40
23.0
 40
23.0
 40
24.0
 40
24.0
 40
24.0
 40
25.0
 40
25.0
 40
25.0
 40
26.0
 40
26.0
 40
26.0
 40
26.0
 10
371.9642034660367
 20
216.907345865912
 30
0.0
 10
371.9642034660367
 20
216.9814154188449
 30
0.0
 10
372.0134683314758
 20
217.0310247938325
 30
0.0
 10
372.0878823939572
 20
217.0310247938325
 30
0.0
 10
372.0878823939572
 20
217.0310247938325
 30
0.0
 10
373.5572156184162
 20
217.0310247938325
 30
0.0
 10
373.5572156184162
 20
217.0310247938325
 30
0.0
 10
373.656089858843
 20
217.0310247938325
 30
0.0
 10
373.7177570680289
 20
216.9938177625919
 30
0.0
 10
373.7546195897211
 20
216.907345865912
 30
0.0
 10
373.7546195897211
 20
216.907345865912
 30
0.0
 10
375.8788654659261
 20
212.1162515745751
 30
0.0
 10
375.8788654659261
 20
212.1162515745751
 30
0.0
 10
375.8788654659261
 20
212.1162515745751
 30
0.0
 10
375.9281303313652
 20
212.1162515745751
 30
0.0
 10
375.9281303313652
 20
212.1162515745751
 30
0.0
 10
375.9281303313652
 20
212.1162515745751
 30
0.0
 10
378.0151691763296
 20
216.907345865912
 30
0.0
 10
378.0151691763296
 20
216.907345865912
 30
0.0
 10
378.0520316980217
 20
216.9938177625919
 30
0.0
 10
378.1136989072077
 20
217.0310247938325
 30
0.0
 10
378.2125731476344
 20
217.0310247938325
 30
0.0
 10
378.2125731476344
 20
217.0310247938325
 30
0.0
 10
379.6574461941482
 20
217.0310247938325
 30
0.0
 10
379.6574461941482
 20
217.0310247938325
 30
0.0
 10
379.731515747081
 20
217.0310247938325
 30
0.0
 10
379.7807806125201
 20
216.9814154188449
 30
0.0
 10
379.7807806125201
 20
216.907345865912
 30
0.0
 10
379.7807806125201
 20
216.907345865912
 30
0.0
 10
379.7807806125201
 20
208.7572834764565
 30
0.0
 10
379.7807806125201
 20
208.7572834764565
 30
0.0
 10
379.7807806125201
 20
208.6832139235236
 30
0.0
 10
379.731515747081
 20
208.6339490580846
 30
0.0
 10
379.6574461941482
 20
208.6339490580846
 30
0.0
 10
379.6574461941482
 20
208.6339490580846
 30
0.0
 10
378.2618380130734
 20
208.6339490580846
 30
0.0
 10
378.2618380130734
 20
208.6339490580846
 30
0.0
 10
378.1877684601406
 20
208.6339490580846
 30
0.0
 10
378.1385035947015
 20
208.6832139235236
 30
0.0
 10
378.1385035947015
 20
208.7572834764565
 30
0.0
 10
378.1385035947015
 20
208.7572834764565
 30
0.0
 10
378.1385035947015
 20
213.487055068156
 30
0.0
 10
378.1385035947015
 20
213.487055068156
 30
0.0
 10
378.1385035947015
 20
213.487055068156
 30
0.0
 10
378.0892387292624
 20
213.487055068156
 30
0.0
 10
378.0892387292624
 20
213.487055068156
 30
0.0
 10
378.0892387292624
 20
213.487055068156
 30
0.0
 10
376.5330890985751
 20
209.942740832931
 30
0.0
 10
376.5330890985751
 20
209.942740832931
 30
0.0
 10
376.483824233136
 20
209.8318087583059
 30
0.0
 10
376.4097546802032
 20
209.7821993833183
 30
0.0
 10
376.2984780960295
 20
209.7821993833183
 30
0.0
 10
376.2984780960295
 20
209.7821993833183
 30
0.0
 10
375.4465059825273
 20
209.7821993833183
 30
0.0
 10
375.4465059825273
 20
209.7821993833183
 30
0.0
 10
375.3352293983537
 20
209.7821993833183
 30
0.0
 10
375.2611598454208
 20
209.8318087583059
 30
0.0
 10
375.2118949799818
 20
209.942740832931
 30
0.0
 10
375.2118949799818
 20
209.942740832931
 30
0.0
 10
373.656089858843
 20
213.487055068156
 30
0.0
 10
373.656089858843
 20
213.487055068156
 30
0.0
 10
373.656089858843
 20
213.487055068156
 30
0.0
 10
373.6064804838554
 20
213.487055068156
 30
0.0
 10
373.6064804838554
 20
213.487055068156
 30
0.0
 10
373.6064804838554
 20
213.487055068156
 30
0.0
 10
373.6064804838554
 20
208.7572834764565
 30
0.0
 10
373.6064804838554
 20
208.7572834764565
 30
0.0
 10
373.6064804838554
 20
208.6832139235236
 30
0.0
 10
373.5572156184162
 20
208.6339490580846
 30
0.0
 10
373.4831460654834
 20
208.6339490580846
 30
0.0
 10
373.4831460654834
 20
208.6339490580846
 30
0.0
 10
372.0878823939572
 20
208.6339490580846
 30
0.0
 10
372.0878823939572
 20
208.6339490580846
 30
0.0
 10
372.0134683314758
 20
208.6339490580846
 30
0.0
 10
371.9642034660367
 20
208.6832139235236
 30
0.0
 10
371.9642034660367
 20
208.7572834764565
 30
0.0
 10
371.9642034660367
 20
208.7572834764565
 30
0.0
 10
371.9642034660367
 20
216.907345865912
 30
0.0
 10
371.9642034660367
 20
216.907345865912
 30
0.0
  0
HATCH
  5
104
330
EA
100
AcDbEntity
  8
Ebene 1
 62
    18
420
        0
440
 33554687
100
AcDbHatch
 10
0.0
 20
0.0
 30
0.0
210
0.0
220
0.0
230
1.0
  2
SOLID
 70
     1
 71
     1
 91
        1
 92
        1
 93
        1
 72
     4
 94
        3
 73
     0
 74
     0
 95
       83
 96
       79
 40
0.0
 40
0.0
 40
0.0
 40
0.0
 40
1.0
 40
1.0
 40
1.0
 40
2.0
 40
2.0
 40
2.0
 40
3.0
 40
3.0
 40
3.0
 40
4.0
 40
4.0
 40
4.0
 40
5.0
 40
5.0
 40
5.0
 40
6.0
 40
6.0
 40
6.0
 40
7.0
 40
7.0
 40
7.0
 40
8.0
 40
8.0
 40
8.0
 40
9.0
 40
9.0
 40
9.0
 40
10.0
 40
10.0
 40
10.0
 40
11.0
 40
11.0
 40
11.0
 40
12.0
 40
12.0
 40
12.0
 40
13.0
 40
13.0
 40
13.0
 40
14.0
 40
14.0
 40
14.0
 40
15.0
 40
15.0
 40
15.0
 40
16.0
 40
16.0
 40
16.0
 40
17.0
 40
17.0
 40
17.0
 40
18.0
 40
18.0
 40
18.0
 40
19.0
 40
19.0
 40
19.0
 40
20.0
 40
20.0
 40
20.0
 40
21.0
 40
21.0
 40
21.0
 40
22.0
 40
22.0
 40
22.0
 40
23.0
 40
23.0
 40
23.0
 40
24.0
 40
24.0
 40
24.0
 40
25.0
 40
25.0
 40
25.0
 40
26.0
 40
26.0
 40
26.0
 40
26.0
 10
371.9642034660367
 20
216.907345865912
 10
371.9642034660367
 20
216.9814154188449
 10
372.0134683314758
 20
217.0310247938325
 10
372.0878823939572
 20
217.0310247938325
 10
372.0878823939572
 20
217.0310247938325
 10
373.5572156184162
 20
217.0310247938325
 10
373.5572156184162
 20
217.0310247938325
 10
373.656089858843
 20
217.0310247938325
 10
373.7177570680289
 20
216.9938177625919
 10
373.7546195897211
 20
216.907345865912
 10
373.7546195897211
 20
216.907345865912
 10
375.8788654659261
 20
212.1162515745751
 10
375.8788654659261
 20
212.1162515745751
 10
375.8788654659261
 20
212.1162515745751
 10
375.9281303313652
 20
212.1162515745751
 10
375.9281303313652
 20
212.1162515745751
 10
375.9281303313652
 20
212.1162515745751
 10
378.0151691763296
 20
216.907345865912
 10
378.0151691763296
 20
216.907345865912
 10
378.0520316980217
 20
216.9938177625919
 10
378.1136989072077
 20
217.0310247938325
 10
378.2125731476344
 20
217.0310247938325
 10
378.2125731476344
 20
217.0310247938325
 10
379.6574461941482
 20
217.0310247938325
 10
379.6574461941482
 20
217.0310247938325
 10
379.731515747081
 20
217.0310247938325
 10
379.7807806125201
 20
216.9814154188449
 10
379.7807806125201
 20
216.907345865912
 10
379.7807806125201
 20
216.907345865912
 10
379.7807806125201
 20
208.7572834764565
 10
379.7807806125201
 20
208.7572834764565
 10
379.7807806125201
 20
208.6832139235236
 10
379.731515747081
 20
208.6339490580846
 10
379.6574461941482
 20
208.6339490580846
 10
379.6574461941482
 20
208.6339490580846
 10
378.2618380130734
 20
208.6339490580846
 10
378.2618380130734
 20
208.6339490580846
 10
378.1877684601406
 20
208.6339490580846
 10
378.1385035947015
 20
208.6832139235236
 10
378.1385035947015
 20
208.7572834764565
 10
378.1385035947015
 20
208.7572834764565
 10
378.1385035947015
 20
213.487055068156
 10
378.1385035947015
 20
213.487055068156
 10
378.1385035947015
 20
213.487055068156
 10
378.0892387292624
 20
213.487055068156
 10
378.0892387292624
 20
213.487055068156
 10
378.0892387292624
 20
213.487055068156
 10
376.5330890985751
 20
209.942740832931
 10
376.5330890985751
 20
209.942740832931
 10
376.483824233136
 20
209.8318087583059
 10
376.4097546802032
 20
209.7821993833183
 10
376.2984780960295
 20
209.7821993833183
 10
376.2984780960295
 20
209.7821993833183
 10
375.4465059825273
 20
209.7821993833183
 10
375.4465059825273
 20
209.7821993833183
 10
375.3352293983537
 20
209.7821993833183
 10
375.2611598454208
 20
209.8318087583059
 10
375.2118949799818
 20
209.942740832931
 10
375.2118949799818
 20
209.942740832931
 10
373.656089858843
 20
213.487055068156
 10
373.656089858843
 20
213.487055068156
 10
373.656089858843
 20
213.487055068156
 10
373.6064804838554
 20
213.487055068156
 10
373.6064804838554
 20
213.487055068156
 10
373.6064804838554
 20
213.487055068156
 10
373.6064804838554
 20
208.7572834764565
 10
373.6064804838554
 20
208.7572834764565
 10
373.6064804838554
 20
208.6832139235236
 10
373.5572156184162
 20
208.6339490580846
 10
373.4831460654834
 20
208.6339490580846
 10
373.4831460654834
 20
208.6339490580846
 10
372.0878823939572
 20
208.6339490580846
 10
372.0878823939572
 20
208.6339490580846
 10
372.0134683314758
 20
208.6339490580846
 10
371.9642034660367
 20
208.6832139235236
 10
371.9642034660367
 20
208.7572834764565
 10
371.9642034660367
 20
208.7572834764565
 10
371.9642034660367
 20
216.907345865912
 10
371.9642034660367
 20
216.907345865912
 97
        0
 97
        1
330
103
 75
     2
 76
     1
 98
        1
 10
0.0
 20
0.0
450
        0
451
        0
460
0.0
461
0.0
452
        0
462
0.0
453
        0
470

  0
SPLINE
  5
105
330
EA
100
AcDbEntity
  8
Ebene 1
100
AcDbSpline
210
0.0
220
0.0
230
1.0
 70
     9
 71
     3
 72
    65
 73
    61
 74
     0
 42
0.0000000001
 43
0.0000000001
 40
0.0
 40
0.0
 40
0.0
 40
0.0
 40
1.0
 40
1.0
 40
1.0
 40
2.0
 40
2.0
 40
2.0
 40
3.0
 40
3.0
 40
3.0
 40
4.0
 40
4.0
 40
4.0
 40
5.0
 40
5.0
 40
5.0
 40
6.0
 40
6.0
 40
6.0
 40
7.0
 40
7.0
 40
7.0
 40
8.0
 40
8.0
 40
8.0
 40
9.0
 40
9.0
 40
9.0
 40
10.0
 40
10.0
 40
10.0
 40
11.0
 40
11.0
 40
11.0
 40
12.0
 40
12.0
 40
12.0
 40
13.0
 40
13.0
 40
13.0
 40
14.0
 40
14.0
 40
14.0
 40
15.0
 40
15.0
 40
15.0
 40
16.0
 40
16.0
 40
16.0
 40
17.0
 40
17.0
 40
17.0
 40
18.0
 40
18.0
 40
18.0
 40
19.0
 40
19.0
 40
19.0
 40
20.0
 40
20.0
 40
20.0
 40
20.0
 10
383.8914685455202
 20
209.6464626211995
 30
0.0
 10
383.8418591705326
 20
209.6960719961871
 30
0.0
 10
383.8173989925873
 20
209.7821993833183
 30
0.0
 10
383.8790662017733
 20
209.8566134457998
 30
0.0
 10
383.8790662017733
 20
209.8566134457998
 30
0.0
 10
384.8175102119554
 20
210.9307942181007
 30
0.0
 10
384.8175102119554
 20
210.9307942181007
 30
0.0
 10
384.8667750773945
 20
210.9924614272866
 30
0.0
 10
384.9408446303273
 20
210.9924614272866
 30
0.0
 10
385.0028563490618
 20
210.9431965618476
 30
0.0
 10
385.5585502508326
 20
210.4984347347018
 30
0.0
 10
386.3116481239083
 20
210.0788221045984
 30
0.0
 10
387.2008272686512
 20
210.0788221045984
 30
0.0
 10
388.0776040696473
 20
210.0788221045984
 30
0.0
 10
388.5716307622321
 20
210.4863769005034
 30
0.0
 10
388.5716307622321
 20
211.0789333239664
 30
0.0
 10
388.5716307622321
 20
211.5729600165512
 30
0.0
 10
388.2750080409521
 20
211.8816405720296
 30
0.0
 10
387.2748968215841
 20
212.0173773341484
 30
0.0
 10
387.2748968215841
 20
212.0173773341484
 30
0.0
 10
386.8304795039869
 20
212.0790445433344
 30
0.0
 10
386.8304795039869
 20
212.0790445433344
 30
0.0
 10
385.1261907674338
 20
212.3136555458799
 30
0.0
 10
384.1753444135048
 20
213.1163627939431
 30
0.0
 10
384.1753444135048
 20
214.5984428716976
 30
0.0
 10
384.1753444135048
 20
216.1418456490896
 30
0.0
 10
385.3359970824854
 20
217.1667615559514
 30
0.0
 10
387.1512178936636
 20
217.1667615559514
 30
0.0
 10
388.2626056972052
 20
217.1667615559514
 30
0.0
 10
389.2999239478139
 20
216.8332763129792
 30
0.0
 10
390.0037569554505
 20
216.2899847549553
 30
0.0
 10
390.0778265083833
 20
216.2407198895162
 30
0.0
 10
390.0902288521302
 20
216.1911105145286
 30
0.0
 10
390.0285616429443
 20
216.1046386178488
 30
0.0
 10
390.0285616429443
 20
216.1046386178488
 30
0.0
 10
389.2754637698687
 20
214.9811929801089
 30
0.0
 10
389.2754637698687
 20
214.9811929801089
 30
0.0
 10
389.2258543948811
 20
214.9191812613744
 30
0.0
 10
389.1641871856951
 20
214.907123427176
 30
0.0
 10
389.1025199765091
 20
214.9439859488682
 30
0.0
 10
388.4603541780585
 20
215.3639430885201
 30
0.0
 10
387.8429930671018
 20
215.5861517473188
 30
0.0
 10
387.1512178936636
 20
215.5861517473188
 30
0.0
 10
386.4105223643349
 20
215.5861517473188
 30
0.0
 10
386.0277722559236
 20
215.2034016389075
 30
0.0
 10
386.0277722559236
 20
214.6725124246305
 30
0.0
 10
386.0277722559236
 20
214.1908880757926
 30
0.0
 10
386.3733153330942
 20
213.8822075203142
 30
0.0
 10
387.33656403077
 20
213.7461262486468
 30
0.0
 10
387.33656403077
 20
213.7461262486468
 30
0.0
 10
387.7813258579158
 20
213.6844590394609
 30
0.0
 10
387.7813258579158
 20
213.6844590394609
 30
0.0
 10
389.5100747724141
 20
213.4498480369153
 30
0.0
 10
390.4237140951024
 20
212.659543132599
 30
0.0
 10
390.4237140951024
 20
211.1406005331524
 30
0.0
 10
390.4237140951024
 20
209.6220024432542
 30
0.0
 10
389.2999239478139
 20
208.4982122959658
 30
0.0
 10
387.1267577157183
 20
208.4982122959658
 30
0.0
 10
385.8176214313234
 20
208.4982122959658
 30
0.0
 10
384.5456921781691
 20
209.0166991664959
 30
0.0
 10
383.8914685455202
 20
209.6464626211995
 30
0.0
  0
HATCH
  5
106
330
EA
100
AcDbEntity
  8
Ebene 1
 62
    18
420
        0
440
 33554687
100
AcDbHatch
 10
0.0
 20
0.0
 30
0.0
210
0.0
220
0.0
230
1.0
  2
SOLID
 70
     1
 71
     1
 91
        1
 92
        1
 93
        1
 72
     4
 94
        3
 73
     0
 74
     0
 95
       65
 96
       61
 40
0.0
 40
0.0
 40
0.0
 40
0.0
 40
1.0
 40
1.0
 40
1.0
 40
2.0
 40
2.0
 40
2.0
 40
3.0
 40
3.0
 40
3.0
 40
4.0
 40
4.0
 40
4.0
 40
5.0
 40
5.0
 40
5.0
 40
6.0
 40
6.0
 40
6.0
 40
7.0
 40
7.0
 40
7.0
 40
8.0
 40
8.0
 40
8.0
 40
9.0
 40
9.0
 40
9.0
 40
10.0
 40
10.0
 40
10.0
 40
11.0
 40
11.0
 40
11.0
 40
12.0
 40
12.0
 40
12.0
 40
13.0
 40
13.0
 40
13.0
 40
14.0
 40
14.0
 40
14.0
 40
15.0
 40
15.0
 40
15.0
 40
16.0
 40
16.0
 40
16.0
 40
17.0
 40
17.0
 40
17.0
 40
18.0
 40
18.0
 40
18.0
 40
19.0
 40
19.0
 40
19.0
 40
20.0
 40
20.0
 40
20.0
 40
20.0
 10
383.8914685455202
 20
209.6464626211995
 10
383.8418591705326
 20
209.6960719961871
 10
383.8173989925873
 20
209.7821993833183
 10
383.8790662017733
 20
209.8566134457998
 10
383.8790662017733
 20
209.8566134457998
 10
384.8175102119554
 20
210.9307942181007
 10
384.8175102119554
 20
210.9307942181007
 10
384.8667750773945
 20
210.9924614272866
 10
384.9408446303273
 20
210.9924614272866
 10
385.0028563490618
 20
210.9431965618476
 10
385.5585502508326
 20
210.4984347347018
 10
386.3116481239083
 20
210.0788221045984
 10
387.2008272686512
 20
210.0788221045984
 10
388.0776040696473
 20
210.0788221045984
 10
388.5716307622321
 20
210.4863769005034
 10
388.5716307622321
 20
211.0789333239664
 10
388.5716307622321
 20
211.5729600165512
 10
388.2750080409521
 20
211.8816405720296
 10
387.2748968215841
 20
212.0173773341484
 10
387.2748968215841
 20
212.0173773341484
 10
386.8304795039869
 20
212.0790445433344
 10
386.8304795039869
 20
212.0790445433344
 10
385.1261907674338
 20
212.3136555458799
 10
384.1753444135048
 20
213.1163627939431
 10
384.1753444135048
 20
214.5984428716976
 10
384.1753444135048
 20
216.1418456490896
 10
385.3359970824854
 20
217.1667615559514
 10
387.1512178936636
 20
217.1667615559514
 10
388.2626056972052
 20
217.1667615559514
 10
389.2999239478139
 20
216.8332763129792
 10
390.0037569554505
 20
216.2899847549553
 10
390.0778265083833
 20
216.2407198895162
 10
390.0902288521302
 20
216.1911105145286
 10
390.0285616429443
 20
216.1046386178488
 10
390.0285616429443
 20
216.1046386178488
 10
389.2754637698687
 20
214.9811929801089
 10
389.2754637698687
 20
214.9811929801089
 10
389.2258543948811
 20
214.9191812613744
 10
389.1641871856951
 20
214.907123427176
 10
389.1025199765091
 20
214.9439859488682
 10
388.4603541780585
 20
215.3639430885201
 10
387.8429930671018
 20
215.5861517473188
 10
387.1512178936636
 20
215.5861517473188
 10
386.4105223643349
 20
215.5861517473188
 10
386.0277722559236
 20
215.2034016389075
 10
386.0277722559236
 20
214.6725124246305
 10
386.0277722559236
 20
214.1908880757926
 10
386.3733153330942
 20
213.8822075203142
 10
387.33656403077
 20
213.7461262486468
 10
387.33656403077
 20
213.7461262486468
 10
387.7813258579158
 20
213.6844590394609
 10
387.7813258579158
 20
213.6844590394609
 10
389.5100747724141
 20
213.4498480369153
 10
390.4237140951024
 20
212.659543132599
 10
390.4237140951024
 20
211.1406005331524
 10
390.4237140951024
 20
209.6220024432542
 10
389.2999239478139
 20
208.4982122959658
 10
387.1267577157183
 20
208.4982122959658
 10
385.8176214313234
 20
208.4982122959658
 10
384.5456921781691
 20
209.0166991664959
 10
383.8914685455202
 20
209.6464626211995
 97
        0
 97
        1
330
105
 75
     2
 76
     1
 98
        1
 10
0.0
 20
0.0
450
        0
451
        0
460
0.0
461
0.0
452
        0
462
0.0
453
        0
470

  0
SPLINE
  5
107
330
EA
100
AcDbEntity
  8
Ebene 1
100
AcDbSpline
210
0.0
220
0.0
230
1.0
 70
     9
 71
     3
 72
    53
 73
    49
 74
     0
 42
0.0000000001
 43
0.0000000001
 40
0.0
 40
0.0
 40
0.0
 40
0.0
 40
1.0
 40
1.0
 40
1.0
 40
2.0
 40
2.0
 40
2.0
 40
3.0
 40
3.0
 40
3.0
 40
4.0
 40
4.0
 40
4.0
 40
5.0
 40
5.0
 40
5.0
 40
6.0
 40
6.0
 40
6.0
 40
7.0
 40
7.0
 40
7.0
 40
8.0
 40
8.0
 40
8.0
 40
9.0
 40
9.0
 40
9.0
 40
10.0
 40
10.0
 40
10.0
 40
11.0
 40
11.0
 40
11.0
 40
12.0
 40
12.0
 40
12.0
 40
13.0
 40
13.0
 40
13.0
 40
14.0
 40
14.0
 40
14.0
 40
15.0
 40
15.0
 40
15.0
 40
16.0
 40
16.0
 40
16.0
 40
16.0
 10
393.3372313469782
 20
208.6339490580846
 30
0.0
 10
393.2631617940454
 20
208.6339490580846
 30
0.0
 10
393.2135524190578
 20
208.6832139235236
 30
0.0
 10
393.2135524190578
 20
208.7572834764565
 30
0.0
 10
393.2135524190578
 20
208.7572834764565
 30
0.0
 10
393.2135524190578
 20
211.9805148124563
 30
0.0
 10
393.2135524190578
 20
211.9805148124563
 30
0.0
 10
393.2135524190578
 20
211.9805148124563
 30
0.0
 10
390.7317056314838
 20
216.907345865912
 30
0.0
 10
390.7317056314838
 20
216.907345865912
 30
0.0
 10
390.70690094399
 20
216.9693575846466
 30
0.0
 10
390.7317056314838
 20
217.0310247938325
 30
0.0
 10
390.8181775281635
 20
217.0310247938325
 30
0.0
 10
390.8181775281635
 20
217.0310247938325
 30
0.0
 10
392.4232475147414
 20
217.0310247938325
 30
0.0
 10
392.4232475147414
 20
217.0310247938325
 30
0.0
 10
392.5097194114212
 20
217.0310247938325
 30
0.0
 10
392.5717311301557
 20
216.9938177625919
 30
0.0
 10
392.6085936518479
 20
216.907345865912
 30
0.0
 10
392.6085936518479
 20
216.907345865912
 30
0.0
 10
394.1275362512945
 20
213.8450004890735
 30
0.0
 10
394.1275362512945
 20
213.8450004890735
 30
0.0
 10
394.1275362512945
 20
213.8450004890735
 30
0.0
 10
394.1643987729867
 20
213.8450004890735
 30
0.0
 10
394.1643987729867
 20
213.8450004890735
 30
0.0
 10
394.1643987729867
 20
213.8450004890735
 30
0.0
 10
395.6833413724334
 20
216.907345865912
 30
0.0
 10
395.6833413724334
 20
216.907345865912
 30
0.0
 10
395.7205484036741
 20
216.9938177625919
 30
0.0
 10
395.78221561286
 20
217.0310247938325
 30
0.0
 10
395.8686875095398
 20
217.0310247938325
 30
0.0
 10
395.8686875095398
 20
217.0310247938325
 30
0.0
 10
397.4244926306786
 20
217.0310247938325
 30
0.0
 10
397.4244926306786
 20
217.0310247938325
 30
0.0
 10
397.5109645273584
 20
217.0310247938325
 30
0.0
 10
397.5481715585991
 20
216.9693575846466
 30
0.0
 10
397.5109645273584
 20
216.907345865912
 30
0.0
 10
397.5109645273584
 20
216.907345865912
 30
0.0
 10
395.0287732302358
 20
211.9805148124563
 30
0.0
 10
395.0287732302358
 20
211.9805148124563
 30
0.0
 10
395.0287732302358
 20
211.9805148124563
 30
0.0
 10
395.0287732302358
 20
208.7572834764565
 30
0.0
 10
395.0287732302358
 20
208.7572834764565
 30
0.0
 10
395.0287732302358
 20
208.6832139235236
 30
0.0
 10
394.9795083647968
 20
208.6339490580846
 30
0.0
 10
394.9054388118639
 20
208.6339490580846
 30
0.0
 10
394.9054388118639
 20
208.6339490580846
 30
0.0
 10
393.3372313469782
 20
208.6339490580846
 30
0.0
 10
393.3372313469782
 20
208.6339490580846
 30
0.0
  0
HATCH
  5
108
330
EA
100
AcDbEntity
  8
Ebene 1
 62
    18
420
        0
440
 33554687
100
AcDbHatch
 10
0.0
 20
0.0
 30
0.0
210
0.0
220
0.0
230
1.0
  2
SOLID
 70
     1
 71
     1
 91
        1
 92
        1
 93
        1
 72
     4
 94
        3
 73
     0
 74
     0
 95
       53
 96
       49
 40
0.0
 40
0.0
 40
0.0
 40
0.0
 40
1.0
 40
1.0
 40
1.0
 40
2.0
 40
2.0
 40
2.0
 40
3.0
 40
3.0
 40
3.0
 40
4.0
 40
4.0
 40
4.0
 40
5.0
 40
5.0
 40
5.0
 40
6.0
 40
6.0
 40
6.0
 40
7.0
 40
7.0
 40
7.0
 40
8.0
 40
8.0
 40
8.0
 40
9.0
 40
9.0
 40
9.0
 40
10.0
 40
10.0
 40
10.0
 40
11.0
 40
11.0
 40
11.0
 40
12.0
 40
12.0
 40
12.0
 40
13.0
 40
13.0
 40
13.0
 40
14.0
 40
14.0
 40
14.0
 40
15.0
 40
15.0
 40
15.0
 40
16.0
 40
16.0
 40
16.0
 40
16.0
 10
393.3372313469782
 20
208.6339490580846
 10
393.2631617940454
 20
208.6339490580846
 10
393.2135524190578
 20
208.6832139235236
 10
393.2135524190578
 20
208.7572834764565
 10
393.2135524190578
 20
208.7572834764565
 10
393.2135524190578
 20
211.9805148124563
 10
393.2135524190578
 20
211.9805148124563
 10
393.2135524190578
 20
211.9805148124563
 10
390.7317056314838
 20
216.907345865912
 10
390.7317056314838
 20
216.907345865912
 10
390.70690094399
 20
216.9693575846466
 10
390.7317056314838
 20
217.0310247938325
 10
390.8181775281635
 20
217.0310247938325
 10
390.8181775281635
 20
217.0310247938325
 10
392.4232475147414
 20
217.0310247938325
 10
392.4232475147414
 20
217.0310247938325
 10
392.5097194114212
 20
217.0310247938325
 10
392.5717311301557
 20
216.9938177625919
 10
392.6085936518479
 20
216.907345865912
 10
392.6085936518479
 20
216.907345865912
 10
394.1275362512945
 20
213.8450004890735
 10
394.1275362512945
 20
213.8450004890735
 10
394.1275362512945
 20
213.8450004890735
 10
394.1643987729867
 20
213.8450004890735
 10
394.1643987729867
 20
213.8450004890735
 10
394.1643987729867
 20
213.8450004890735
 10
395.6833413724334
 20
216.907345865912
 10
395.6833413724334
 20
216.907345865912
 10
395.7205484036741
 20
216.9938177625919
 10
395.78221561286
 20
217.0310247938325
 10
395.8686875095398
 20
217.0310247938325
 10
395.8686875095398
 20
217.0310247938325
 10
397.4244926306786
 20
217.0310247938325
 10
397.4244926306786
 20
217.0310247938325
 10
397.5109645273584
 20
217.0310247938325
 10
397.5481715585991
 20
216.9693575846466
 10
397.5109645273584
 20
216.907345865912
 10
397.5109645273584
 20
216.907345865912
 10
395.0287732302358
 20
211.9805148124563
 10
395.0287732302358
 20
211.9805148124563
 10
395.0287732302358
 20
211.9805148124563
 10
395.0287732302358
 20
208.7572834764565
 10
395.0287732302358
 20
208.7572834764565
 10
395.0287732302358
 20
208.6832139235236
 10
394.9795083647968
 20
208.6339490580846
 10
394.9054388118639
 20
208.6339490580846
 10
394.9054388118639
 20
208.6339490580846
 10
393.3372313469782
 20
208.6339490580846
 10
393.3372313469782
 20
208.6339490580846
 97
        0
 97
        1
330
107
 75
     2
 76
     1
 98
        1
 10
0.0
 20
0.0
450
        0
451
        0
460
0.0
461
0.0
452
        0
462
0.0
453
        0
470

  0
SPLINE
  5
109
330
EA
100
AcDbEntity
  8
Ebene 1
100
AcDbSpline
210
0.0
220
0.0
230
1.0
 70
     9
 71
     3
 72
    65
 73
    61
 74
     0
 42
0.0000000001
 43
0.0000000001
 40
0.0
 40
0.0
 40
0.0
 40
0.0
 40
1.0
 40
1.0
 40
1.0
 40
2.0
 40
2.0
 40
2.0
 40
3.0
 40
3.0
 40
3.0
 40
4.0
 40
4.0
 40
4.0
 40
5.0
 40
5.0
 40
5.0
 40
6.0
 40
6.0
 40
6.0
 40
7.0
 40
7.0
 40
7.0
 40
8.0
 40
8.0
 40
8.0
 40
9.0
 40
9.0
 40
9.0
 40
10.0
 40
10.0
 40
10.0
 40
11.0
 40
11.0
 40
11.0
 40
12.0
 40
12.0
 40
12.0
 40
13.0
 40
13.0
 40
13.0
 40
14.0
 40
14.0
 40
14.0
 40
15.0
 40
15.0
 40
15.0
 40
16.0
 40
16.0
 40
16.0
 40
17.0
 40
17.0
 40
17.0
 40
18.0
 40
18.0
 40
18.0
 40
19.0
 40
19.0
 40
19.0
 40
20.0
 40
20.0
 40
20.0
 40
20.0
 10
397.670816957874
 20
209.6464626211995
 30
0.0
 10
397.6215520924349
 20
209.6960719961871
 30
0.0
 10
397.5967474049411
 20
209.7821993833183
 30
0.0
 10
397.6584146141271
 20
209.8566134457998
 30
0.0
 10
397.6584146141271
 20
209.8566134457998
 30
0.0
 10
398.5972031338576
 20
210.9307942181007
 30
0.0
 10
398.5972031338576
 20
210.9307942181007
 30
0.0
 10
398.6464679992968
 20
210.9924614272866
 30
0.0
 10
398.7205375522296
 20
210.9924614272866
 30
0.0
 10
398.7822047614156
 20
210.9431965618476
 30
0.0
 10
399.3378986631864
 20
210.4984347347018
 30
0.0
 10
400.0913410458105
 20
210.0788221045984
 30
0.0
 10
400.9801756810049
 20
210.0788221045984
 30
0.0
 10
401.856952482001
 20
210.0788221045984
 30
0.0
 10
402.3509791745858
 20
210.4863769005034
 30
0.0
 10
402.3509791745858
 20
211.0789333239664
 30
0.0
 10
402.3509791745858
 20
211.5729600165512
 30
0.0
 10
402.0547009628543
 20
211.8816405720296
 30
0.0
 10
401.0542452339378
 20
212.0173773341484
 30
0.0
 10
401.0542452339378
 20
212.0173773341484
 30
0.0
 10
400.6098279163406
 20
212.0790445433344
 30
0.0
 10
400.6098279163406
 20
212.0790445433344
 30
0.0
 10
398.9058836893361
 20
212.3136555458799
 30
0.0
 10
397.9550373354071
 20
213.1163627939431
 30
0.0
 10
397.9550373354071
 20
214.5984428716976
 30
0.0
 10
397.9550373354071
 20
216.1418456490896
 30
0.0
 10
399.1156900043878
 20
217.1667615559514
 30
0.0
 10
400.9309108155658
 20
217.1667615559514
 30
0.0
 10
402.0422986191075
 20
217.1667615559514
 30
0.0
 10
403.0796168697162
 20
216.8332763129792
 30
0.0
 10
403.7834498773527
 20
216.2899847549553
 30
0.0
 10
403.8575194302856
 20
216.2407198895162
 30
0.0
 10
403.8699217740325
 20
216.1911105145286
 30
0.0
 10
403.8082545648465
 20
216.1046386178488
 30
0.0
 10
403.8082545648465
 20
216.1046386178488
 30
0.0
 10
403.0548121822223
 20
214.9811929801089
 30
0.0
 10
403.0548121822223
 20
214.9811929801089
 30
0.0
 10
403.0055473167833
 20
214.9191812613744
 30
0.0
 10
402.9438801075974
 20
214.907123427176
 30
0.0
 10
402.8818683888628
 20
214.9439859488682
 30
0.0
 10
402.2397025904123
 20
215.3639430885201
 30
0.0
 10
401.6223414794555
 20
215.5861517473188
 30
0.0
 10
400.9309108155658
 20
215.5861517473188
 30
0.0
 10
400.1898707766886
 20
215.5861517473188
 30
0.0
 10
399.8071206682774
 20
215.2034016389075
 30
0.0
 10
399.8071206682774
 20
214.6725124246305
 30
0.0
 10
399.8071206682774
 20
214.1908880757926
 30
0.0
 10
400.1530082549964
 20
213.8822075203142
 30
0.0
 10
401.1162569526723
 20
213.7461262486468
 30
0.0
 10
401.1162569526723
 20
213.7461262486468
 30
0.0
 10
401.5606742702695
 20
213.6844590394609
 30
0.0
 10
401.5606742702695
 20
213.6844590394609
 30
0.0
 10
403.2894231847679
 20
213.4498480369153
 30
0.0
 10
404.2034070170047
 20
212.659543132599
 30
0.0
 10
404.2034070170047
 20
211.1406005331524
 30
0.0
 10
404.2034070170047
 20
209.6220024432542
 30
0.0
 10
403.0796168697162
 20
208.4982122959658
 30
0.0
 10
400.906106128072
 20
208.4982122959658
 30
0.0
 10
399.5973143532257
 20
208.4982122959658
 30
0.0
 10
398.3253851000715
 20
209.0166991664959
 30
0.0
 10
397.670816957874
 20
209.6464626211995
 30
0.0
  0
HATCH
  5
10A
330
EA
100
AcDbEntity
  8
Ebene 1
 62
    18
420
        0
440
 33554687
100
AcDbHatch
 10
0.0
 20
0.0
 30
0.0
210
0.0
220
0.0
230
1.0
  2
SOLID
 70
     1
 71
     1
 91
        1
 92
        1
 93
        1
 72
     4
 94
        3
 73
     0
 74
     0
 95
       65
 96
       61
 40
0.0
 40
0.0
 40
0.0
 40
0.0
 40
1.0
 40
1.0
 40
1.0
 40
2.0
 40
2.0
 40
2.0
 40
3.0
 40
3.0
 40
3.0
 40
4.0
 40
4.0
 40
4.0
 40
5.0
 40
5.0
 40
5.0
 40
6.0
 40
6.0
 40
6.0
 40
7.0
 40
7.0
 40
7.0
 40
8.0
 40
8.0
 40
8.0
 40
9.0
 40
9.0
 40
9.0
 40
10.0
 40
10.0
 40
10.0
 40
11.0
 40
11.0
 40
11.0
 40
12.0
 40
12.0
 40
12.0
 40
13.0
 40
13.0
 40
13.0
 40
14.0
 40
14.0
 40
14.0
 40
15.0
 40
15.0
 40
15.0
 40
16.0
 40
16.0
 40
16.0
 40
17.0
 40
17.0
 40
17.0
 40
18.0
 40
18.0
 40
18.0
 40
19.0
 40
19.0
 40
19.0
 40
20.0
 40
20.0
 40
20.0
 40
20.0
 10
397.670816957874
 20
209.6464626211995
 10
397.6215520924349
 20
209.6960719961871
 10
397.5967474049411
 20
209.7821993833183
 10
397.6584146141271
 20
209.8566134457998
 10
397.6584146141271
 20
209.8566134457998
 10
398.5972031338576
 20
210.9307942181007
 10
398.5972031338576
 20
210.9307942181007
 10
398.6464679992968
 20
210.9924614272866
 10
398.7205375522296
 20
210.9924614272866
 10
398.7822047614156
 20
210.9431965618476
 10
399.3378986631864
 20
210.4984347347018
 10
400.0913410458105
 20
210.0788221045984
 10
400.9801756810049
 20
210.0788221045984
 10
401.856952482001
 20
210.0788221045984
 10
402.3509791745858
 20
210.4863769005034
 10
402.3509791745858
 20
211.0789333239664
 10
402.3509791745858
 20
211.5729600165512
 10
402.0547009628543
 20
211.8816405720296
 10
401.0542452339378
 20
212.0173773341484
 10
401.0542452339378
 20
212.0173773341484
 10
400.6098279163406
 20
212.0790445433344
 10
400.6098279163406
 20
212.0790445433344
 10
398.9058836893361
 20
212.3136555458799
 10
397.9550373354071
 20
213.1163627939431
 10
397.9550373354071
 20
214.5984428716976
 10
397.9550373354071
 20
216.1418456490896
 10
399.1156900043878
 20
217.1667615559514
 10
400.9309108155658
 20
217.1667615559514
 10
402.0422986191075
 20
217.1667615559514
 10
403.0796168697162
 20
216.8332763129792
 10
403.7834498773527
 20
216.2899847549553
 10
403.8575194302856
 20
216.2407198895162
 10
403.8699217740325
 20
216.1911105145286
 10
403.8082545648465
 20
216.1046386178488
 10
403.8082545648465
 20
216.1046386178488
 10
403.0548121822223
 20
214.9811929801089
 10
403.0548121822223
 20
214.9811929801089
 10
403.0055473167833
 20
214.9191812613744
 10
402.9438801075974
 20
214.907123427176
 10
402.8818683888628
 20
214.9439859488682
 10
402.2397025904123
 20
215.3639430885201
 10
401.6223414794555
 20
215.5861517473188
 10
400.9309108155658
 20
215.5861517473188
 10
400.1898707766886
 20
215.5861517473188
 10
399.8071206682774
 20
215.2034016389075
 10
399.8071206682774
 20
214.6725124246305
 10
399.8071206682774
 20
214.1908880757926
 10
400.1530082549964
 20
213.8822075203142
 10
401.1162569526723
 20
213.7461262486468
 10
401.1162569526723
 20
213.7461262486468
 10
401.5606742702695
 20
213.6844590394609
 10
401.5606742702695
 20
213.6844590394609
 10
403.2894231847679
 20
213.4498480369153
 10
404.2034070170047
 20
212.659543132599
 10
404.2034070170047
 20
211.1406005331524
 10
404.2034070170047
 20
209.6220024432542
 10
403.0796168697162
 20
208.4982122959658
 10
400.906106128072
 20
208.4982122959658
 10
399.5973143532257
 20
208.4982122959658
 10
398.3253851000715
 20
209.0166991664959
 10
397.670816957874
 20
209.6464626211995
 97
        0
 97
        1
330
109
 75
     2
 76
     1
 98
        1
 10
0.0
 20
0.0
450
        0
451
        0
460
0.0
461
0.0
452
        0
462
0.0
453
        0
470

  0
SPLINE
  5
10B
330
EA
100
AcDbEntity
  8
Ebene 1
100
AcDbSpline
210
0.0
220
0.0
230
1.0
 70
     9
 71
     3
 72
    53
 73
    49
 74
     0
 42
0.0000000001
 43
0.0000000001
 40
0.0
 40
0.0
 40
0.0
 40
0.0
 40
1.0
 40
1.0
 40
1.0
 40
2.0
 40
2.0
 40
2.0
 40
3.0
 40
3.0
 40
3.0
 40
4.0
 40
4.0
 40
4.0
 40
5.0
 40
5.0
 40
5.0
 40
6.0
 40
6.0
 40
6.0
 40
7.0
 40
7.0
 40
7.0
 40
8.0
 40
8.0
 40
8.0
 40
9.0
 40
9.0
 40
9.0
 40
10.0
 40
10.0
 40
10.0
 40
11.0
 40
11.0
 40
11.0
 40
12.0
 40
12.0
 40
12.0
 40
13.0
 40
13.0
 40
13.0
 40
14.0
 40
14.0
 40
14.0
 40
15.0
 40
15.0
 40
15.0
 40
16.0
 40
16.0
 40
16.0
 40
16.0
 10
407.1289821030789
 20
208.6339490580846
 30
0.0
 10
407.054912550146
 20
208.6339490580846
 30
0.0
 10
407.0056476847069
 20
208.6832139235236
 30
0.0
 10
407.0056476847069
 20
208.7572834764565
 30
0.0
 10
407.0056476847069
 20
208.7572834764565
 30
0.0
 10
407.0056476847069
 20
215.3391384010263
 30
0.0
 10
407.0056476847069
 20
215.3391384010263
 30
0.0
 10
407.0056476847069
 20
215.388747776014
 30
0.0
 10
406.9808429972131
 20
215.4132079539592
 30
0.0
 10
406.931578131774
 20
215.4132079539592
 30
0.0
 10
406.931578131774
 20
215.4132079539592
 30
0.0
 10
404.8076767651175
 20
215.4132079539592
 30
0.0
 10
404.8076767651175
 20
215.4132079539592
 30
0.0
 10
404.7332627026361
 20
215.4132079539592
 30
0.0
 10
404.683997837197
 20
215.4628173289468
 30
0.0
 10
404.683997837197
 20
215.5368868818797
 30
0.0
 10
404.683997837197
 20
215.5368868818797
 30
0.0
 10
404.683997837197
 20
216.907345865912
 30
0.0
 10
404.683997837197
 20
216.907345865912
 30
0.0
 10
404.683997837197
 20
216.9814154188449
 30
0.0
 10
404.7332627026361
 20
217.0310247938325
 30
0.0
 10
404.8076767651175
 20
217.0310247938325
 30
0.0
 10
404.8076767651175
 20
217.0310247938325
 30
0.0
 10
411.0188394154745
 20
217.0310247938325
 30
0.0
 10
411.0188394154745
 20
217.0310247938325
 30
0.0
 10
411.0929089684074
 20
217.0310247938325
 30
0.0
 10
411.1421738338464
 20
216.9814154188449
 30
0.0
 10
411.1421738338464
 20
216.907345865912
 30
0.0
 10
411.1421738338464
 20
216.907345865912
 30
0.0
 10
411.1421738338464
 20
215.5368868818797
 30
0.0
 10
411.1421738338464
 20
215.5368868818797
 30
0.0
 10
411.1421738338464
 20
215.4628173289468
 30
0.0
 10
411.0929089684074
 20
215.4132079539592
 30
0.0
 10
411.0188394154745
 20
215.4132079539592
 30
0.0
 10
411.0188394154745
 20
215.4132079539592
 30
0.0
 10
408.8949380488179
 20
215.4132079539592
 30
0.0
 10
408.8949380488179
 20
215.4132079539592
 30
0.0
 10
408.8453286738303
 20
215.4132079539592
 30
0.0
 10
408.820868495885
 20
215.388747776014
 30
0.0
 10
408.820868495885
 20
215.3391384010263
 30
0.0
 10
408.820868495885
 20
215.3391384010263
 30
0.0
 10
408.820868495885
 20
208.7572834764565
 30
0.0
 10
408.820868495885
 20
208.7572834764565
 30
0.0
 10
408.820868495885
 20
208.6832139235236
 30
0.0
 10
408.7712591208974
 20
208.6339490580846
 30
0.0
 10
408.6971895679646
 20
208.6339490580846
 30
0.0
 10
408.6971895679646
 20
208.6339490580846
 30
0.0
 10
407.1289821030789
 20
208.6339490580846
 30
0.0
 10
407.1289821030789
 20
208.6339490580846
 30
0.0
  0
HATCH
  5
10C
330
EA
100
AcDbEntity
  8
Ebene 1
 62
    18
420
        0
440
 33554687
100
AcDbHatch
 10
0.0
 20
0.0
 30
0.0
210
0.0
220
0.0
230
1.0
  2
SOLID
 70
     1
 71
     1
 91
        1
 92
        1
 93
        1
 72
     4
 94
        3
 73
     0
 74
     0
 95
       53
 96
       49
 40
0.0
 40
0.0
 40
0.0
 40
0.0
 40
1.0
 40
1.0
 40
1.0
 40
2.0
 40
2.0
 40
2.0
 40
3.0
 40
3.0
 40
3.0
 40
4.0
 40
4.0
 40
4.0
 40
5.0
 40
5.0
 40
5.0
 40
6.0
 40
6.0
 40
6.0
 40
7.0
 40
7.0
 40
7.0
 40
8.0
 40
8.0
 40
8.0
 40
9.0
 40
9.0
 40
9.0
 40
10.0
 40
10.0
 40
10.0
 40
11.0
 40
11.0
 40
11.0
 40
12.0
 40
12.0
 40
12.0
 40
13.0
 40
13.0
 40
13.0
 40
14.0
 40
14.0
 40
14.0
 40
15.0
 40
15.0
 40
15.0
 40
16.0
 40
16.0
 40
16.0
 40
16.0
 10
407.1289821030789
 20
208.6339490580846
 10
407.054912550146
 20
208.6339490580846
 10
407.0056476847069
 20
208.6832139235236
 10
407.0056476847069
 20
208.7572834764565
 10
407.0056476847069
 20
208.7572834764565
 10
407.0056476847069
 20
215.3391384010263
 10
407.0056476847069
 20
215.3391384010263
 10
407.0056476847069
 20
215.388747776014
 10
406.9808429972131
 20
215.4132079539592
 10
406.931578131774
 20
215.4132079539592
 10
406.931578131774
 20
215.4132079539592
 10
404.8076767651175
 20
215.4132079539592
 10
404.8076767651175
 20
215.4132079539592
 10
404.7332627026361
 20
215.4132079539592
 10
404.683997837197
 20
215.4628173289468
 10
404.683997837197
 20
215.5368868818797
 10
404.683997837197
 20
215.5368868818797
 10
404.683997837197
 20
216.907345865912
 10
404.683997837197
 20
216.907345865912
 10
404.683997837197
 20
216.9814154188449
 10
404.7332627026361
 20
217.0310247938325
 10
404.8076767651175
 20
217.0310247938325
 10
404.8076767651175
 20
217.0310247938325
 10
411.0188394154745
 20
217.0310247938325
 10
411.0188394154745
 20
217.0310247938325
 10
411.0929089684074
 20
217.0310247938325
 10
411.1421738338464
 20
216.9814154188449
 10
411.1421738338464
 20
216.907345865912
 10
411.1421738338464
 20
216.907345865912
 10
411.1421738338464
 20
215.5368868818797
 10
411.1421738338464
 20
215.5368868818797
 10
411.1421738338464
 20
215.4628173289468
 10
411.0929089684074
 20
215.4132079539592
 10
411.0188394154745
 20
215.4132079539592
 10
411.0188394154745
 20
215.4132079539592
 10
408.8949380488179
 20
215.4132079539592
 10
408.8949380488179
 20
215.4132079539592
 10
408.8453286738303
 20
215.4132079539592
 10
408.820868495885
 20
215.388747776014
 10
408.820868495885
 20
215.3391384010263
 10
408.820868495885
 20
215.3391384010263
 10
408.820868495885
 20
208.7572834764565
 10
408.820868495885
 20
208.7572834764565
 10
408.820868495885
 20
208.6832139235236
 10
408.7712591208974
 20
208.6339490580846
 10
408.6971895679646
 20
208.6339490580846
 10
408.6971895679646
 20
208.6339490580846
 10
407.1289821030789
 20
208.6339490580846
 10
407.1289821030789
 20
208.6339490580846
 97
        0
 97
        1
330
10B
 75
     2
 76
     1
 98
        1
 10
0.0
 20
0.0
450
        0
451
        0
460
0.0
461
0.0
452
        0
462
0.0
453
        0
470

  0
SPLINE
  5
10D
330
EA
100
AcDbEntity
  8
Ebene 1
100
AcDbSpline
210
0.0
220
0.0
230
1.0
 70
     9
 71
     3
 72
    77
 73
    73
 74
     0
 42
0.0000000001
 43
0.0000000001
 40
0.0
 40
0.0
 40
0.0
 40
0.0
 40
1.0
 40
1.0
 40
1.0
 40
2.0
 40
2.0
 40
2.0
 40
3.0
 40
3.0
 40
3.0
 40
4.0
 40
4.0
 40
4.0
 40
5.0
 40
5.0
 40
5.0
 40
6.0
 40
6.0
 40
6.0
 40
7.0
 40
7.0
 40
7.0
 40
8.0
 40
8.0
 40
8.0
 40
9.0
 40
9.0
 40
9.0
 40
10.0
 40
10.0
 40
10.0
 40
11.0
 40
11.0
 40
11.0
 40
12.0
 40
12.0
 40
12.0
 40
13.0
 40
13.0
 40
13.0
 40
14.0
 40
14.0
 40
14.0
 40
15.0
 40
15.0
 40
15.0
 40
16.0
 40
16.0
 40
16.0
 40
17.0
 40
17.0
 40
17.0
 40
18.0
 40
18.0
 40
18.0
 40
19.0
 40
19.0
 40
19.0
 40
20.0
 40
20.0
 40
20.0
 40
21.0
 40
21.0
 40
21.0
 40
22.0
 40
22.0
 40
22.0
 40
23.0
 40
23.0
 40
23.0
 40
24.0
 40
24.0
 40
24.0
 40
24.0
 10
412.1539983778642
 20
216.907345865912
 30
0.0
 10
412.1539983778642
 20
216.9814154188449
 30
0.0
 10
412.2032632433033
 20
217.0310247938325
 30
0.0
 10
412.2776773057847
 20
217.0310247938325
 30
0.0
 10
412.2776773057847
 20
217.0310247938325
 30
0.0
 10
417.6613280205846
 20
217.0310247938325
 30
0.0
 10
417.6613280205846
 20
217.0310247938325
 30
0.0
 10
417.7353975735175
 20
217.0310247938325
 30
0.0
 10
417.7850069485051
 20
216.9814154188449
 30
0.0
 10
417.7850069485051
 20
216.907345865912
 30
0.0
 10
417.7850069485051
 20
216.907345865912
 30
0.0
 10
417.7850069485051
 20
215.5861517473188
 30
0.0
 10
417.7850069485051
 20
215.5861517473188
 30
0.0
 10
417.7850069485051
 20
215.5120821943859
 30
0.0
 10
417.7353975735175
 20
215.4628173289468
 30
0.0
 10
417.6613280205846
 20
215.4628173289468
 30
0.0
 10
417.6613280205846
 20
215.4628173289468
 30
0.0
 10
414.0432887419753
 20
215.4628173289468
 30
0.0
 10
414.0432887419753
 20
215.4628173289468
 30
0.0
 10
413.9940238765362
 20
215.4628173289468
 30
0.0
 10
413.9692191890424
 20
215.438012641453
 30
0.0
 10
413.9692191890424
 20
215.388747776014
 30
0.0
 10
413.9692191890424
 20
215.388747776014
 30
0.0
 10
413.9692191890424
 20
213.7216660707015
 30
0.0
 10
413.9692191890424
 20
213.7216660707015
 30
0.0
 10
413.9692191890424
 20
213.6720566957139
 30
0.0
 10
413.9940238765362
 20
213.6475965177687
 30
0.0
 10
414.0432887419753
 20
213.6475965177687
 30
0.0
 10
414.0432887419753
 20
213.6475965177687
 30
0.0
 10
417.0563692533748
 20
213.6475965177687
 30
0.0
 10
417.0563692533748
 20
213.6475965177687
 30
0.0
 10
417.1304388063076
 20
213.6475965177687
 30
0.0
 10
417.1797036717467
 20
213.5979871427811
 30
0.0
 10
417.1797036717467
 20
213.5239175898482
 30
0.0
 10
417.1797036717467
 20
213.5239175898482
 30
0.0
 10
417.1797036717467
 20
212.2151258150018
 30
0.0
 10
417.1797036717467
 20
212.2151258150018
 30
0.0
 10
417.1797036717467
 20
212.1410562620689
 30
0.0
 10
417.1304388063076
 20
212.0914468870813
 30
0.0
 10
417.0563692533748
 20
212.0914468870813
 30
0.0
 10
417.0563692533748
 20
212.0914468870813
 30
0.0
 10
414.0432887419753
 20
212.0914468870813
 30
0.0
 10
414.0432887419753
 20
212.0914468870813
 30
0.0
 10
413.9940238765362
 20
212.0914468870813
 30
0.0
 10
413.9692191890424
 20
212.066986709136
 30
0.0
 10
413.9692191890424
 20
212.0173773341484
 30
0.0
 10
413.9692191890424
 20
212.0173773341484
 30
0.0
 10
413.9692191890424
 20
210.2762260759031
 30
0.0
 10
413.9692191890424
 20
210.2762260759031
 30
0.0
 10
413.9692191890424
 20
210.2269612104641
 30
0.0
 10
413.9940238765362
 20
210.2021565229703
 30
0.0
 10
414.0432887419753
 20
210.2021565229703
 30
0.0
 10
414.0432887419753
 20
210.2021565229703
 30
0.0
 10
417.6613280205846
 20
210.2021565229703
 30
0.0
 10
417.6613280205846
 20
210.2021565229703
 30
0.0
 10
417.7353975735175
 20
210.2021565229703
 30
0.0
 10
417.7850069485051
 20
210.1528916575312
 30
0.0
 10
417.7850069485051
 20
210.0788221045984
 30
0.0
 10
417.7850069485051
 20
210.0788221045984
 30
0.0
 10
417.7850069485051
 20
208.7572834764565
 30
0.0
 10
417.7850069485051
 20
208.7572834764565
 30
0.0
 10
417.7850069485051
 20
208.6832139235236
 30
0.0
 10
417.7353975735175
 20
208.6339490580846
 30
0.0
 10
417.6613280205846
 20
208.6339490580846
 30
0.0
 10
417.6613280205846
 20
208.6339490580846
 30
0.0
 10
412.2776773057847
 20
208.6339490580846
 30
0.0
 10
412.2776773057847
 20
208.6339490580846
 30
0.0
 10
412.2032632433033
 20
208.6339490580846
 30
0.0
 10
412.1539983778642
 20
208.6832139235236
 30
0.0
 10
412.1539983778642
 20
208.7572834764565
 30
0.0
 10
412.1539983778642
 20
208.7572834764565
 30
0.0
 10
412.1539983778642
 20
216.907345865912
 30
0.0
 10
412.1539983778642
 20
216.907345865912
 30
0.0
  0
HATCH
  5
10E
330
EA
100
AcDbEntity
  8
Ebene 1
 62
    18
420
        0
440
 33554687
100
AcDbHatch
 10
0.0
 20
0.0
 30
0.0
210
0.0
220
0.0
230
1.0
  2
SOLID
 70
     1
 71
     1
 91
        1
 92
        1
 93
        1
 72
     4
 94
        3
 73
     0
 74
     0
 95
       77
 96
       73
 40
0.0
 40
0.0
 40
0.0
 40
0.0
 40
1.0
 40
1.0
 40
1.0
 40
2.0
 40
2.0
 40
2.0
 40
3.0
 40
3.0
 40
3.0
 40
4.0
 40
4.0
 40
4.0
 40
5.0
 40
5.0
 40
5.0
 40
6.0
 40
6.0
 40
6.0
 40
7.0
 40
7.0
 40
7.0
 40
8.0
 40
8.0
 40
8.0
 40
9.0
 40
9.0
 40
9.0
 40
10.0
 40
10.0
 40
10.0
 40
11.0
 40
11.0
 40
11.0
 40
12.0
 40
12.0
 40
12.0
 40
13.0
 40
13.0
 40
13.0
 40
14.0
 40
14.0
 40
14.0
 40
15.0
 40
15.0
 40
15.0
 40
16.0
 40
16.0
 40
16.0
 40
17.0
 40
17.0
 40
17.0
 40
18.0
 40
18.0
 40
18.0
 40
19.0
 40
19.0
 40
19.0
 40
20.0
 40
20.0
 40
20.0
 40
21.0
 40
21.0
 40
21.0
 40
22.0
 40
22.0
 40
22.0
 40
23.0
 40
23.0
 40
23.0
 40
24.0
 40
24.0
 40
24.0
 40
24.0
 10
412.1539983778642
 20
216.907345865912
 10
412.1539983778642
 20
216.9814154188449
 10
412.2032632433033
 20
217.0310247938325
 10
412.2776773057847
 20
217.0310247938325
 10
412.2776773057847
 20
217.0310247938325
 10
417.6613280205846
 20
217.0310247938325
 10
417.6613280205846
 20
217.0310247938325
 10
417.7353975735175
 20
217.0310247938325
 10
417.7850069485051
 20
216.9814154188449
 10
417.7850069485051
 20
216.907345865912
 10
417.7850069485051
 20
216.907345865912
 10
417.7850069485051
 20
215.5861517473188
 10
417.7850069485051
 20
215.5861517473188
 10
417.7850069485051
 20
215.5120821943859
 10
417.7353975735175
 20
215.4628173289468
 10
417.6613280205846
 20
215.4628173289468
 10
417.6613280205846
 20
215.4628173289468
 10
414.0432887419753
 20
215.4628173289468
 10
414.0432887419753
 20
215.4628173289468
 10
413.9940238765362
 20
215.4628173289468
 10
413.9692191890424
 20
215.438012641453
 10
413.9692191890424
 20
215.388747776014
 10
413.9692191890424
 20
215.388747776014
 10
413.9692191890424
 20
213.7216660707015
 10
413.9692191890424
 20
213.7216660707015
 10
413.9692191890424
 20
213.6720566957139
 10
413.9940238765362
 20
213.6475965177687
 10
414.0432887419753
 20
213.6475965177687
 10
414.0432887419753
 20
213.6475965177687
 10
417.0563692533748
 20
213.6475965177687
 10
417.0563692533748
 20
213.6475965177687
 10
417.1304388063076
 20
213.6475965177687
 10
417.1797036717467
 20
213.5979871427811
 10
417.1797036717467
 20
213.5239175898482
 10
417.1797036717467
 20
213.5239175898482
 10
417.1797036717467
 20
212.2151258150018
 10
417.1797036717467
 20
212.2151258150018
 10
417.1797036717467
 20
212.1410562620689
 10
417.1304388063076
 20
212.0914468870813
 10
417.0563692533748
 20
212.0914468870813
 10
417.0563692533748
 20
212.0914468870813
 10
414.0432887419753
 20
212.0914468870813
 10
414.0432887419753
 20
212.0914468870813
 10
413.9940238765362
 20
212.0914468870813
 10
413.9692191890424
 20
212.066986709136
 10
413.9692191890424
 20
212.0173773341484
 10
413.9692191890424
 20
212.0173773341484
 10
413.9692191890424
 20
210.2762260759031
 10
413.9692191890424
 20
210.2762260759031
 10
413.9692191890424
 20
210.2269612104641
 10
413.9940238765362
 20
210.2021565229703
 10
414.0432887419753
 20
210.2021565229703
 10
414.0432887419753
 20
210.2021565229703
 10
417.6613280205846
 20
210.2021565229703
 10
417.6613280205846
 20
210.2021565229703
 10
417.7353975735175
 20
210.2021565229703
 10
417.7850069485051
 20
210.1528916575312
 10
417.7850069485051
 20
210.0788221045984
 10
417.7850069485051
 20
210.0788221045984
 10
417.7850069485051
 20
208.7572834764565
 10
417.7850069485051
 20
208.7572834764565
 10
417.7850069485051
 20
208.6832139235236
 10
417.7353975735175
 20
208.6339490580846
 10
417.6613280205846
 20
208.6339490580846
 10
417.6613280205846
 20
208.6339490580846
 10
412.2776773057847
 20
208.6339490580846
 10
412.2776773057847
 20
208.6339490580846
 10
412.2032632433033
 20
208.6339490580846
 10
412.1539983778642
 20
208.6832139235236
 10
412.1539983778642
 20
208.7572834764565
 10
412.1539983778642
 20
208.7572834764565
 10
412.1539983778642
 20
216.907345865912
 10
412.1539983778642
 20
216.907345865912
 97
        0
 97
        1
330
10D
 75
     2
 76
     1
 98
        1
 10
0.0
 20
0.0
450
        0
451
        0
460
0.0
461
0.0
452
        0
462
0.0
453
        0
470

  0
SPLINE
  5
10F
330
EA
100
AcDbEntity
  8
Ebene 1
100
AcDbSpline
210
0.0
220
0.0
230
1.0
 70
     9
 71
     3
 72
    83
 73
    79
 74
     0
 42
0.0000000001
 43
0.0000000001
 40
0.0
 40
0.0
 40
0.0
 40
0.0
 40
1.0
 40
1.0
 40
1.0
 40
2.0
 40
2.0
 40
2.0
 40
3.0
 40
3.0
 40
3.0
 40
4.0
 40
4.0
 40
4.0
 40
5.0
 40
5.0
 40
5.0
 40
6.0
 40
6.0
 40
6.0
 40
7.0
 40
7.0
 40
7.0
 40
8.0
 40
8.0
 40
8.0
 40
9.0
 40
9.0
 40
9.0
 40
10.0
 40
10.0
 40
10.0
 40
11.0
 40
11.0
 40
11.0
 40
12.0
 40
12.0
 40
12.0
 40
13.0
 40
13.0
 40
13.0
 40
14.0
 40
14.0
 40
14.0
 40
15.0
 40
15.0
 40
15.0
 40
16.0
 40
16.0
 40
16.0
 40
17.0
 40
17.0
 40
17.0
 40
18.0
 40
18.0
 40
18.0
 40
19.0
 40
19.0
 40
19.0
 40
20.0
 40
20.0
 40
20.0
 40
21.0
 40
21.0
 40
21.0
 40
22.0
 40
22.0
 40
22.0
 40
23.0
 40
23.0
 40
23.0
 40
24.0
 40
24.0
 40
24.0
 40
25.0
 40
25.0
 40
25.0
 40
26.0
 40
26.0
 40
26.0
 40
26.0
 10
419.1299722259467
 20
216.907345865912
 30
0.0
 10
419.1299722259467
 20
216.9814154188449
 30
0.0
 10
419.1792370913857
 20
217.0310247938325
 30
0.0
 10
419.2536511538671
 20
217.0310247938325
 30
0.0
 10
419.2536511538671
 20
217.0310247938325
 30
0.0
 10
420.7229843783261
 20
217.0310247938325
 30
0.0
 10
420.7229843783261
 20
217.0310247938325
 30
0.0
 10
420.8218586187529
 20
217.0310247938325
 30
0.0
 10
420.8835258279388
 20
216.9938177625919
 30
0.0
 10
420.920388349631
 20
216.907345865912
 30
0.0
 10
420.920388349631
 20
216.907345865912
 30
0.0
 10
423.044634225836
 20
212.1162515745751
 30
0.0
 10
423.044634225836
 20
212.1162515745751
 30
0.0
 10
423.044634225836
 20
212.1162515745751
 30
0.0
 10
423.0938990912751
 20
212.1162515745751
 30
0.0
 10
423.0938990912751
 20
212.1162515745751
 30
0.0
 10
423.0938990912751
 20
212.1162515745751
 30
0.0
 10
425.1809379362395
 20
216.907345865912
 30
0.0
 10
425.1809379362395
 20
216.907345865912
 30
0.0
 10
425.2178004579317
 20
216.9938177625919
 30
0.0
 10
425.2794676671176
 20
217.0310247938325
 30
0.0
 10
425.3783419075443
 20
217.0310247938325
 30
0.0
 10
425.3783419075443
 20
217.0310247938325
 30
0.0
 10
426.8232149540581
 20
217.0310247938325
 30
0.0
 10
426.8232149540581
 20
217.0310247938325
 30
0.0
 10
426.8972845069909
 20
217.0310247938325
 30
0.0
 10
426.94654937243
 20
216.9814154188449
 30
0.0
 10
426.94654937243
 20
216.907345865912
 30
0.0
 10
426.94654937243
 20
216.907345865912
 30
0.0
 10
426.94654937243
 20
208.7572834764565
 30
0.0
 10
426.94654937243
 20
208.7572834764565
 30
0.0
 10
426.94654937243
 20
208.6832139235236
 30
0.0
 10
426.8972845069909
 20
208.6339490580846
 30
0.0
 10
426.8232149540581
 20
208.6339490580846
 30
0.0
 10
426.8232149540581
 20
208.6339490580846
 30
0.0
 10
425.4276067729834
 20
208.6339490580846
 30
0.0
 10
425.4276067729834
 20
208.6339490580846
 30
0.0
 10
425.3535372200505
 20
208.6339490580846
 30
0.0
 10
425.3042723546114
 20
208.6832139235236
 30
0.0
 10
425.3042723546114
 20
208.7572834764565
 30
0.0
 10
425.3042723546114
 20
208.7572834764565
 30
0.0
 10
425.3042723546114
 20
213.487055068156
 30
0.0
 10
425.3042723546114
 20
213.487055068156
 30
0.0
 10
425.3042723546114
 20
213.487055068156
 30
0.0
 10
425.2550074891724
 20
213.487055068156
 30
0.0
 10
425.2550074891724
 20
213.487055068156
 30
0.0
 10
425.2550074891724
 20
213.487055068156
 30
0.0
 10
423.698857858485
 20
209.942740832931
 30
0.0
 10
423.698857858485
 20
209.942740832931
 30
0.0
 10
423.6495929930459
 20
209.8318087583059
 30
0.0
 10
423.575523440113
 20
209.7821993833183
 30
0.0
 10
423.4642468559394
 20
209.7821993833183
 30
0.0
 10
423.4642468559394
 20
209.7821993833183
 30
0.0
 10
422.6122747424372
 20
209.7821993833183
 30
0.0
 10
422.6122747424372
 20
209.7821993833183
 30
0.0
 10
422.5009981582636
 20
209.7821993833183
 30
0.0
 10
422.4269286053307
 20
209.8318087583059
 30
0.0
 10
422.3776637398917
 20
209.942740832931
 30
0.0
 10
422.3776637398917
 20
209.942740832931
 30
0.0
 10
420.8218586187529
 20
213.487055068156
 30
0.0
 10
420.8218586187529
 20
213.487055068156
 30
0.0
 10
420.8218586187529
 20
213.487055068156
 30
0.0
 10
420.7722492437652
 20
213.487055068156
 30
0.0
 10
420.7722492437652
 20
213.487055068156
 30
0.0
 10
420.7722492437652
 20
213.487055068156
 30
0.0
 10
420.7722492437652
 20
208.7572834764565
 30
0.0
 10
420.7722492437652
 20
208.7572834764565
 30
0.0
 10
420.7722492437652
 20
208.6832139235236
 30
0.0
 10
420.7229843783261
 20
208.6339490580846
 30
0.0
 10
420.6489148253933
 20
208.6339490580846
 30
0.0
 10
420.6489148253933
 20
208.6339490580846
 30
0.0
 10
419.2536511538671
 20
208.6339490580846
 30
0.0
 10
419.2536511538671
 20
208.6339490580846
 30
0.0
 10
419.1792370913857
 20
208.6339490580846
 30
0.0
 10
419.1299722259467
 20
208.6832139235236
 30
0.0
 10
419.1299722259467
 20
208.7572834764565
 30
0.0
 10
419.1299722259467
 20
208.7572834764565
 30
0.0
 10
419.1299722259467
 20
216.907345865912
 30
0.0
 10
419.1299722259467
 20
216.907345865912
 30
0.0
  0
HATCH
  5
110
330
EA
100
AcDbEntity
  8
Ebene 1
 62
    18
420
        0
440
 33554687
100
AcDbHatch
 10
0.0
 20
0.0
 30
0.0
210
0.0
220
0.0
230
1.0
  2
SOLID
 70
     1
 71
     1
 91
        1
 92
        1
 93
        1
 72
     4
 94
        3
 73
     0
 74
     0
 95
       83
 96
       79
 40
0.0
 40
0.0
 40
0.0
 40
0.0
 40
1.0
 40
1.0
 40
1.0
 40
2.0
 40
2.0
 40
2.0
 40
3.0
 40
3.0
 40
3.0
 40
4.0
 40
4.0
 40
4.0
 40
5.0
 40
5.0
 40
5.0
 40
6.0
 40
6.0
 40
6.0
 40
7.0
 40
7.0
 40
7.0
 40
8.0
 40
8.0
 40
8.0
 40
9.0
 40
9.0
 40
9.0
 40
10.0
 40
10.0
 40
10.0
 40
11.0
 40
11.0
 40
11.0
 40
12.0
 40
12.0
 40
12.0
 40
13.0
 40
13.0
 40
13.0
 40
14.0
 40
14.0
 40
14.0
 40
15.0
 40
15.0
 40
15.0
 40
16.0
 40
16.0
 40
16.0
 40
17.0
 40
17.0
 40
17.0
 40
18.0
 40
18.0
 40
18.0
 40
19.0
 40
19.0
 40
19.0
 40
20.0
 40
20.0
 40
20.0
 40
21.0
 40
21.0
 40
21.0
 40
22.0
 40
22.0
 40
22.0
 40
23.0
 40
23.0
 40
23.0
 40
24.0
 40
24.0
 40
24.0
 40
25.0
 40
25.0
 40
25.0
 40
26.0
 40
26.0
 40
26.0
 40
26.0
 10
419.1299722259467
 20
216.907345865912
 10
419.1299722259467
 20
216.9814154188449
 10
419.1792370913857
 20
217.0310247938325
 10
419.2536511538671
 20
217.0310247938325
 10
419.2536511538671
 20
217.0310247938325
 10
420.7229843783261
 20
217.0310247938325
 10
420.7229843783261
 20
217.0310247938325
 10
420.8218586187529
 20
217.0310247938325
 10
420.8835258279388
 20
216.9938177625919
 10
420.920388349631
 20
216.907345865912
 10
420.920388349631
 20
216.907345865912
 10
423.044634225836
 20
212.1162515745751
 10
423.044634225836
 20
212.1162515745751
 10
423.044634225836
 20
212.1162515745751
 10
423.0938990912751
 20
212.1162515745751
 10
423.0938990912751
 20
212.1162515745751
 10
423.0938990912751
 20
212.1162515745751
 10
425.1809379362395
 20
216.907345865912
 10
425.1809379362395
 20
216.907345865912
 10
425.2178004579317
 20
216.9938177625919
 10
425.2794676671176
 20
217.0310247938325
 10
425.3783419075443
 20
217.0310247938325
 10
425.3783419075443
 20
217.0310247938325
 10
426.8232149540581
 20
217.0310247938325
 10
426.8232149540581
 20
217.0310247938325
 10
426.8972845069909
 20
217.0310247938325
 10
426.94654937243
 20
216.9814154188449
 10
426.94654937243
 20
216.907345865912
 10
426.94654937243
 20
216.907345865912
 10
426.94654937243
 20
208.7572834764565
 10
426.94654937243
 20
208.7572834764565
 10
426.94654937243
 20
208.6832139235236
 10
426.8972845069909
 20
208.6339490580846
 10
426.8232149540581
 20
208.6339490580846
 10
426.8232149540581
 20
208.6339490580846
 10
425.4276067729834
 20
208.6339490580846
 10
425.4276067729834
 20
208.6339490580846
 10
425.3535372200505
 20
208.6339490580846
 10
425.3042723546114
 20
208.6832139235236
 10
425.3042723546114
 20
208.7572834764565
 10
425.3042723546114
 20
208.7572834764565
 10
425.3042723546114
 20
213.487055068156
 10
425.3042723546114
 20
213.487055068156
 10
425.3042723546114
 20
213.487055068156
 10
425.2550074891724
 20
213.487055068156
 10
425.2550074891724
 20
213.487055068156
 10
425.2550074891724
 20
213.487055068156
 10
423.698857858485
 20
209.942740832931
 10
423.698857858485
 20
209.942740832931
 10
423.6495929930459
 20
209.8318087583059
 10
423.575523440113
 20
209.7821993833183
 10
423.4642468559394
 20
209.7821993833183
 10
423.4642468559394
 20
209.7821993833183
 10
422.6122747424372
 20
209.7821993833183
 10
422.6122747424372
 20
209.7821993833183
 10
422.5009981582636
 20
209.7821993833183
 10
422.4269286053307
 20
209.8318087583059
 10
422.3776637398917
 20
209.942740832931
 10
422.3776637398917
 20
209.942740832931
 10
420.8218586187529
 20
213.487055068156
 10
420.8218586187529
 20
213.487055068156
 10
420.8218586187529
 20
213.487055068156
 10
420.7722492437652
 20
213.487055068156
 10
420.7722492437652
 20
213.487055068156
 10
420.7722492437652
 20
213.487055068156
 10
420.7722492437652
 20
208.7572834764565
 10
420.7722492437652
 20
208.7572834764565
 10
420.7722492437652
 20
208.6832139235236
 10
420.7229843783261
 20
208.6339490580846
 10
420.6489148253933
 20
208.6339490580846
 10
420.6489148253933
 20
208.6339490580846
 10
419.2536511538671
 20
208.6339490580846
 10
419.2536511538671
 20
208.6339490580846
 10
419.1792370913857
 20
208.6339490580846
 10
419.1299722259467
 20
208.6832139235236
 10
419.1299722259467
 20
208.7572834764565
 10
419.1299722259467
 20
208.7572834764565
 10
419.1299722259467
 20
216.907345865912
 10
419.1299722259467
 20
216.907345865912
 97
        0
 97
        1
330
10F
 75
     2
 76
     1
 98
        1
 10
0.0
 20
0.0
450
        0
451
        0
460
0.0
461
0.0
452
        0
462
0.0
453
        0
470

  0
ENDBLK
  5
ED
330
EA
100
AcDbEntity
  8
0
100
AcDbBlockEnd
  0
BLOCK
  5
113
330
111
100
AcDbEntity
  8
0
100
AcDbBlockBegin
  2
Block_8
 70
     0
 10
0.0
 20
0.0
 30
0.0
  3
Block_8
  1

  0
INSERT
  5
116
330
111
100
AcDbEntity
  8
Ebene 1
100
AcDbBlockReference
  2
Block_9
 10
0.0
 20
0.0
 30
0.0
  0
ENDBLK
  5
114
330
111
100
AcDbEntity
  8
0
100
AcDbBlockEnd
  0
BLOCK
  5
117
330
115
100
AcDbEntity
  8
0
100
AcDbBlockBegin
  2
Block_9
 70
     0
 10
0.0
 20
0.0
 30
0.0
  3
Block_9
  1

  0
SPLINE
  5
119
330
115
100
AcDbEntity
  8
Ebene 1
100
AcDbSpline
210
0.0
220
0.0
230
1.0
 70
     9
 71
     3
 72
    65
 73
    61
 74
     0
 42
0.0000000001
 43
0.0000000001
 40
0.0
 40
0.0
 40
0.0
 40
0.0
 40
1.0
 40
1.0
 40
1.0
 40
2.0
 40
2.0
 40
2.0
 40
3.0
 40
3.0
 40
3.0
 40
4.0
 40
4.0
 40
4.0
 40
5.0
 40
5.0
 40
5.0
 40
6.0
 40
6.0
 40
6.0
 40
7.0
 40
7.0
 40
7.0
 40
8.0
 40
8.0
 40
8.0
 40
9.0
 40
9.0
 40
9.0
 40
10.0
 40
10.0
 40
10.0
 40
11.0
 40
11.0
 40
11.0
 40
12.0
 40
12.0
 40
12.0
 40
13.0
 40
13.0
 40
13.0
 40
14.0
 40
14.0
 40
14.0
 40
15.0
 40
15.0
 40
15.0
 40
16.0
 40
16.0
 40
16.0
 40
17.0
 40
17.0
 40
17.0
 40
18.0
 40
18.0
 40
18.0
 40
19.0
 40
19.0
 40
19.0
 40
20.0
 40
20.0
 40
20.0
 40
20.0
 10
176.0302544047771
 20
209.6464626211995
 30
0.0
 10
175.9809895393381
 20
209.6960719961871
 30
0.0
 10
175.9561848518442
 20
209.7821993833183
 30
0.0
 10
176.0178520610302
 20
209.8566134457998
 30
0.0
 10
176.0178520610302
 20
209.8566134457998
 30
0.0
 10
176.9566405807608
 20
210.9307942181007
 30
0.0
 10
176.9566405807608
 20
210.9307942181007
 30
0.0
 10
177.0059054461999
 20
210.9924614272866
 30
0.0
 10
177.0799749991328
 20
210.9924614272866
 30
0.0
 10
177.1416422083187
 20
210.9431965618476
 30
0.0
 10
177.6973361100895
 20
210.4984347347018
 30
0.0
 10
178.4507784927137
 20
210.0788221045984
 30
0.0
 10
179.3396131279081
 20
210.0788221045984
 30
0.0
 10
180.2163899289042
 20
210.0788221045984
 30
0.0
 10
180.710416621489
 20
210.4863769005034
 30
0.0
 10
180.710416621489
 20
211.0789333239664
 30
0.0
 10
180.710416621489
 20
211.5729600165512
 30
0.0
 10
180.4141384097576
 20
211.8816405720296
 30
0.0
 10
179.413682680841
 20
212.0173773341484
 30
0.0
 10
179.413682680841
 20
212.0173773341484
 30
0.0
 10
178.9692653632438
 20
212.0790445433344
 30
0.0
 10
178.9692653632438
 20
212.0790445433344
 30
0.0
 10
177.2653211362392
 20
212.3136555458799
 30
0.0
 10
176.3144747823103
 20
213.1163627939431
 30
0.0
 10
176.3144747823103
 20
214.5984428716976
 30
0.0
 10
176.3144747823103
 20
216.1418456490896
 30
0.0
 10
177.4751274512909
 20
217.1667615559514
 30
0.0
 10
179.2903482624691
 20
217.1667615559514
 30
0.0
 10
180.4017360660107
 20
217.1667615559514
 30
0.0
 10
181.4390543166194
 20
216.8332763129792
 30
0.0
 10
182.1428873242559
 20
216.2899847549553
 30
0.0
 10
182.2169568771888
 20
216.2407198895162
 30
0.0
 10
182.2293592209357
 20
216.1911105145286
 30
0.0
 10
182.1676920117497
 20
216.1046386178488
 30
0.0
 10
182.1676920117497
 20
216.1046386178488
 30
0.0
 10
181.4142496291256
 20
214.9811929801089
 30
0.0
 10
181.4142496291256
 20
214.9811929801089
 30
0.0
 10
181.3649847636865
 20
214.9191812613744
 30
0.0
 10
181.3033175545005
 20
214.907123427176
 30
0.0
 10
181.2413058357661
 20
214.9439859488682
 30
0.0
 10
180.5991400373155
 20
215.3639430885201
 30
0.0
 10
179.9817789263587
 20
215.5861517473188
 30
0.0
 10
179.2903482624691
 20
215.5861517473188
 30
0.0
 10
178.5493082235918
 20
215.5861517473188
 30
0.0
 10
178.1665581151806
 20
215.2034016389075
 30
0.0
 10
178.1665581151806
 20
214.6725124246305
 30
0.0
 10
178.1665581151806
 20
214.1908880757926
 30
0.0
 10
178.5124457018997
 20
213.8822075203142
 30
0.0
 10
179.4756943995755
 20
213.7461262486468
 30
0.0
 10
179.4756943995755
 20
213.7461262486468
 30
0.0
 10
179.9201117171727
 20
213.6844590394609
 30
0.0
 10
179.9201117171727
 20
213.6844590394609
 30
0.0
 10
181.6488606316711
 20
213.4498480369153
 30
0.0
 10
182.5628444639079
 20
212.659543132599
 30
0.0
 10
182.5628444639079
 20
211.1406005331524
 30
0.0
 10
182.5628444639079
 20
209.6220024432542
 30
0.0
 10
181.4390543166194
 20
208.4982122959658
 30
0.0
 10
179.2655435749753
 20
208.4982122959658
 30
0.0
 10
177.9567518001288
 20
208.4982122959658
 30
0.0
 10
176.6848225469746
 20
209.0166991664959
 30
0.0
 10
176.0302544047771
 20
209.6464626211995
 30
0.0
  0
HATCH
  5
11A
330
115
100
AcDbEntity
  8
Ebene 1
 62
    18
420
        0
440
 33554687
100
AcDbHatch
 10
0.0
 20
0.0
 30
0.0
210
0.0
220
0.0
230
1.0
  2
SOLID
 70
     1
 71
     1
 91
        1
 92
        1
 93
        1
 72
     4
 94
        3
 73
     0
 74
     0
 95
       65
 96
       61
 40
0.0
 40
0.0
 40
0.0
 40
0.0
 40
1.0
 40
1.0
 40
1.0
 40
2.0
 40
2.0
 40
2.0
 40
3.0
 40
3.0
 40
3.0
 40
4.0
 40
4.0
 40
4.0
 40
5.0
 40
5.0
 40
5.0
 40
6.0
 40
6.0
 40
6.0
 40
7.0
 40
7.0
 40
7.0
 40
8.0
 40
8.0
 40
8.0
 40
9.0
 40
9.0
 40
9.0
 40
10.0
 40
10.0
 40
10.0
 40
11.0
 40
11.0
 40
11.0
 40
12.0
 40
12.0
 40
12.0
 40
13.0
 40
13.0
 40
13.0
 40
14.0
 40
14.0
 40
14.0
 40
15.0
 40
15.0
 40
15.0
 40
16.0
 40
16.0
 40
16.0
 40
17.0
 40
17.0
 40
17.0
 40
18.0
 40
18.0
 40
18.0
 40
19.0
 40
19.0
 40
19.0
 40
20.0
 40
20.0
 40
20.0
 40
20.0
 10
176.0302544047771
 20
209.6464626211995
 10
175.9809895393381
 20
209.6960719961871
 10
175.9561848518442
 20
209.7821993833183
 10
176.0178520610302
 20
209.8566134457998
 10
176.0178520610302
 20
209.8566134457998
 10
176.9566405807608
 20
210.9307942181007
 10
176.9566405807608
 20
210.9307942181007
 10
177.0059054461999
 20
210.9924614272866
 10
177.0799749991328
 20
210.9924614272866
 10
177.1416422083187
 20
210.9431965618476
 10
177.6973361100895
 20
210.4984347347018
 10
178.4507784927137
 20
210.0788221045984
 10
179.3396131279081
 20
210.0788221045984
 10
180.2163899289042
 20
210.0788221045984
 10
180.710416621489
 20
210.4863769005034
 10
180.710416621489
 20
211.0789333239664
 10
180.710416621489
 20
211.5729600165512
 10
180.4141384097576
 20
211.8816405720296
 10
179.413682680841
 20
212.0173773341484
 10
179.413682680841
 20
212.0173773341484
 10
178.9692653632438
 20
212.0790445433344
 10
178.9692653632438
 20
212.0790445433344
 10
177.2653211362392
 20
212.3136555458799
 10
176.3144747823103
 20
213.1163627939431
 10
176.3144747823103
 20
214.5984428716976
 10
176.3144747823103
 20
216.1418456490896
 10
177.4751274512909
 20
217.1667615559514
 10
179.2903482624691
 20
217.1667615559514
 10
180.4017360660107
 20
217.1667615559514
 10
181.4390543166194
 20
216.8332763129792
 10
182.1428873242559
 20
216.2899847549553
 10
182.2169568771888
 20
216.2407198895162
 10
182.2293592209357
 20
216.1911105145286
 10
182.1676920117497
 20
216.1046386178488
 10
182.1676920117497
 20
216.1046386178488
 10
181.4142496291256
 20
214.9811929801089
 10
181.4142496291256
 20
214.9811929801089
 10
181.3649847636865
 20
214.9191812613744
 10
181.3033175545005
 20
214.907123427176
 10
181.2413058357661
 20
214.9439859488682
 10
180.5991400373155
 20
215.3639430885201
 10
179.9817789263587
 20
215.5861517473188
 10
179.2903482624691
 20
215.5861517473188
 10
178.5493082235918
 20
215.5861517473188
 10
178.1665581151806
 20
215.2034016389075
 10
178.1665581151806
 20
214.6725124246305
 10
178.1665581151806
 20
214.1908880757926
 10
178.5124457018997
 20
213.8822075203142
 10
179.4756943995755
 20
213.7461262486468
 10
179.4756943995755
 20
213.7461262486468
 10
179.9201117171727
 20
213.6844590394609
 10
179.9201117171727
 20
213.6844590394609
 10
181.6488606316711
 20
213.4498480369153
 10
182.5628444639079
 20
212.659543132599
 10
182.5628444639079
 20
211.1406005331524
 10
182.5628444639079
 20
209.6220024432542
 10
181.4390543166194
 20
208.4982122959658
 10
179.2655435749753
 20
208.4982122959658
 10
177.9567518001288
 20
208.4982122959658
 10
176.6848225469746
 20
209.0166991664959
 10
176.0302544047771
 20
209.6464626211995
 97
        0
 97
        1
330
119
 75
     2
 76
     1
 98
        1
 10
0.0
 20
0.0
450
        0
451
        0
460
0.0
461
0.0
452
        0
462
0.0
453
        0
470

  0
SPLINE
  5
11B
330
115
100
AcDbEntity
  8
Ebene 1
100
AcDbSpline
210
0.0
220
0.0
230
1.0
 70
     9
 71
     3
 72
    53
 73
    49
 74
     0
 42
0.0000000001
 43
0.0000000001
 40
0.0
 40
0.0
 40
0.0
 40
0.0
 40
1.0
 40
1.0
 40
1.0
 40
2.0
 40
2.0
 40
2.0
 40
3.0
 40
3.0
 40
3.0
 40
4.0
 40
4.0
 40
4.0
 40
5.0
 40
5.0
 40
5.0
 40
6.0
 40
6.0
 40
6.0
 40
7.0
 40
7.0
 40
7.0
 40
8.0
 40
8.0
 40
8.0
 40
9.0
 40
9.0
 40
9.0
 40
10.0
 40
10.0
 40
10.0
 40
11.0
 40
11.0
 40
11.0
 40
12.0
 40
12.0
 40
12.0
 40
13.0
 40
13.0
 40
13.0
 40
14.0
 40
14.0
 40
14.0
 40
15.0
 40
15.0
 40
15.0
 40
16.0
 40
16.0
 40
16.0
 40
16.0
 10
185.488419549982
 20
208.6339490580846
 30
0.0
 10
185.4143499970492
 20
208.6339490580846
 30
0.0
 10
185.3650851316101
 20
208.6832139235236
 30
0.0
 10
185.3650851316101
 20
208.7572834764565
 30
0.0
 10
185.3650851316101
 20
208.7572834764565
 30
0.0
 10
185.3650851316101
 20
215.3391384010263
 30
0.0
 10
185.3650851316101
 20
215.3391384010263
 30
0.0
 10
185.3650851316101
 20
215.388747776014
 30
0.0
 10
185.3402804441163
 20
215.4132079539592
 30
0.0
 10
185.2910155786772
 20
215.4132079539592
 30
0.0
 10
185.2910155786772
 20
215.4132079539592
 30
0.0
 10
183.1671142120207
 20
215.4132079539592
 30
0.0
 10
183.1671142120207
 20
215.4132079539592
 30
0.0
 10
183.0927001495393
 20
215.4132079539592
 30
0.0
 10
183.0434352841002
 20
215.4628173289468
 30
0.0
 10
183.0434352841002
 20
215.5368868818797
 30
0.0
 10
183.0434352841002
 20
215.5368868818797
 30
0.0
 10
183.0434352841002
 20
216.907345865912
 30
0.0
 10
183.0434352841002
 20
216.907345865912
 30
0.0
 10
183.0434352841002
 20
216.9814154188449
 30
0.0
 10
183.0927001495393
 20
217.0310247938325
 30
0.0
 10
183.1671142120207
 20
217.0310247938325
 30
0.0
 10
183.1671142120207
 20
217.0310247938325
 30
0.0
 10
189.3782768623776
 20
217.0310247938325
 30
0.0
 10
189.3782768623776
 20
217.0310247938325
 30
0.0
 10
189.4523464153105
 20
217.0310247938325
 30
0.0
 10
189.5016112807496
 20
216.9814154188449
 30
0.0
 10
189.5016112807496
 20
216.907345865912
 30
0.0
 10
189.5016112807496
 20
216.907345865912
 30
0.0
 10
189.5016112807496
 20
215.5368868818797
 30
0.0
 10
189.5016112807496
 20
215.5368868818797
 30
0.0
 10
189.5016112807496
 20
215.4628173289468
 30
0.0
 10
189.4523464153105
 20
215.4132079539592
 30
0.0
 10
189.3782768623776
 20
215.4132079539592
 30
0.0
 10
189.3782768623776
 20
215.4132079539592
 30
0.0
 10
187.2543754957211
 20
215.4132079539592
 30
0.0
 10
187.2543754957211
 20
215.4132079539592
 30
0.0
 10
187.2047661207335
 20
215.4132079539592
 30
0.0
 10
187.1803059427882
 20
215.388747776014
 30
0.0
 10
187.1803059427882
 20
215.3391384010263
 30
0.0
 10
187.1803059427882
 20
215.3391384010263
 30
0.0
 10
187.1803059427882
 20
208.7572834764565
 30
0.0
 10
187.1803059427882
 20
208.7572834764565
 30
0.0
 10
187.1803059427882
 20
208.6832139235236
 30
0.0
 10
187.1306965678007
 20
208.6339490580846
 30
0.0
 10
187.0566270148678
 20
208.6339490580846
 30
0.0
 10
187.0566270148678
 20
208.6339490580846
 30
0.0
 10
185.488419549982
 20
208.6339490580846
 30
0.0
 10
185.488419549982
 20
208.6339490580846
 30
0.0
  0
HATCH
  5
11C
330
115
100
AcDbEntity
  8
Ebene 1
 62
    18
420
        0
440
 33554687
100
AcDbHatch
 10
0.0
 20
0.0
 30
0.0
210
0.0
220
0.0
230
1.0
  2
SOLID
 70
     1
 71
     1
 91
        1
 92
        1
 93
        1
 72
     4
 94
        3
 73
     0
 74
     0
 95
       53
 96
       49
 40
0.0
 40
0.0
 40
0.0
 40
0.0
 40
1.0
 40
1.0
 40
1.0
 40
2.0
 40
2.0
 40
2.0
 40
3.0
 40
3.0
 40
3.0
 40
4.0
 40
4.0
 40
4.0
 40
5.0
 40
5.0
 40
5.0
 40
6.0
 40
6.0
 40
6.0
 40
7.0
 40
7.0
 40
7.0
 40
8.0
 40
8.0
 40
8.0
 40
9.0
 40
9.0
 40
9.0
 40
10.0
 40
10.0
 40
10.0
 40
11.0
 40
11.0
 40
11.0
 40
12.0
 40
12.0
 40
12.0
 40
13.0
 40
13.0
 40
13.0
 40
14.0
 40
14.0
 40
14.0
 40
15.0
 40
15.0
 40
15.0
 40
16.0
 40
16.0
 40
16.0
 40
16.0
 10
185.488419549982
 20
208.6339490580846
 10
185.4143499970492
 20
208.6339490580846
 10
185.3650851316101
 20
208.6832139235236
 10
185.3650851316101
 20
208.7572834764565
 10
185.3650851316101
 20
208.7572834764565
 10
185.3650851316101
 20
215.3391384010263
 10
185.3650851316101
 20
215.3391384010263
 10
185.3650851316101
 20
215.388747776014
 10
185.3402804441163
 20
215.4132079539592
 10
185.2910155786772
 20
215.4132079539592
 10
185.2910155786772
 20
215.4132079539592
 10
183.1671142120207
 20
215.4132079539592
 10
183.1671142120207
 20
215.4132079539592
 10
183.0927001495393
 20
215.4132079539592
 10
183.0434352841002
 20
215.4628173289468
 10
183.0434352841002
 20
215.5368868818797
 10
183.0434352841002
 20
215.5368868818797
 10
183.0434352841002
 20
216.907345865912
 10
183.0434352841002
 20
216.907345865912
 10
183.0434352841002
 20
216.9814154188449
 10
183.0927001495393
 20
217.0310247938325
 10
183.1671142120207
 20
217.0310247938325
 10
183.1671142120207
 20
217.0310247938325
 10
189.3782768623776
 20
217.0310247938325
 10
189.3782768623776
 20
217.0310247938325
 10
189.4523464153105
 20
217.0310247938325
 10
189.5016112807496
 20
216.9814154188449
 10
189.5016112807496
 20
216.907345865912
 10
189.5016112807496
 20
216.907345865912
 10
189.5016112807496
 20
215.5368868818797
 10
189.5016112807496
 20
215.5368868818797
 10
189.5016112807496
 20
215.4628173289468
 10
189.4523464153105
 20
215.4132079539592
 10
189.3782768623776
 20
215.4132079539592
 10
189.3782768623776
 20
215.4132079539592
 10
187.2543754957211
 20
215.4132079539592
 10
187.2543754957211
 20
215.4132079539592
 10
187.2047661207335
 20
215.4132079539592
 10
187.1803059427882
 20
215.388747776014
 10
187.1803059427882
 20
215.3391384010263
 10
187.1803059427882
 20
215.3391384010263
 10
187.1803059427882
 20
208.7572834764565
 10
187.1803059427882
 20
208.7572834764565
 10
187.1803059427882
 20
208.6832139235236
 10
187.1306965678007
 20
208.6339490580846
 10
187.0566270148678
 20
208.6339490580846
 10
187.0566270148678
 20
208.6339490580846
 10
185.488419549982
 20
208.6339490580846
 10
185.488419549982
 20
208.6339490580846
 97
        0
 97
        1
330
11B
 75
     2
 76
     1
 98
        1
 10
0.0
 20
0.0
450
        0
451
        0
460
0.0
461
0.0
452
        0
462
0.0
453
        0
470

  0
SPLINE
  5
11D
330
115
100
AcDbEntity
  8
Ebene 1
100
AcDbSpline
210
0.0
220
0.0
230
1.0
 70
    11
 71
     3
 72
    17
 73
    13
 74
     0
 42
0.0000000001
 43
0.0000000001
 40
0.0
 40
0.0
 40
0.0
 40
0.0
 40
1.0
 40
1.0
 40
1.0
 40
2.0
 40
2.0
 40
2.0
 40
3.0
 40
3.0
 40
3.0
 40
4.0
 40
4.0
 40
4.0
 40
4.0
 10
193.872403922886
 20
211.770363987856
 30
0.0
 10
193.872403922886
 20
211.770363987856
 30
0.0
 10
192.9215575689571
 20
214.7093749463227
 30
0.0
 10
192.9215575689571
 20
214.7093749463227
 30
0.0
 10
192.9215575689571
 20
214.7093749463227
 30
0.0
 10
192.8846950472649
 20
214.7093749463227
 30
0.0
 10
192.8846950472649
 20
214.7093749463227
 30
0.0
 10
192.8846950472649
 20
214.7093749463227
 30
0.0
 10
191.933848693336
 20
211.770363987856
 30
0.0
 10
191.933848693336
 20
211.770363987856
 30
0.0
 10
191.933848693336
 20
211.770363987856
 30
0.0
 10
193.872403922886
 20
211.770363987856
 30
0.0
 10
193.872403922886
 20
211.770363987856
 30
0.0
  0
SPLINE
  5
11E
330
115
100
AcDbEntity
  8
Ebene 1
100
AcDbSpline
210
0.0
220
0.0
230
1.0
 70
     9
 71
     3
 72
    47
 73
    43
 74
     0
 42
0.0000000001
 43
0.0000000001
 40
0.0
 40
0.0
 40
0.0
 40
0.0
 40
1.0
 40
1.0
 40
1.0
 40
2.0
 40
2.0
 40
2.0
 40
3.0
 40
3.0
 40
3.0
 40
4.0
 40
4.0
 40
4.0
 40
5.0
 40
5.0
 40
5.0
 40
6.0
 40
6.0
 40
6.0
 40
7.0
 40
7.0
 40
7.0
 40
8.0
 40
8.0
 40
8.0
 40
9.0
 40
9.0
 40
9.0
 40
10.0
 40
10.0
 40
10.0
 40
11.0
 40
11.0
 40
11.0
 40
12.0
 40
12.0
 40
12.0
 40
13.0
 40
13.0
 40
13.0
 40
14.0
 40
14.0
 40
14.0
 40
14.0
 10
191.9831135587751
 20
216.907345865912
 30
0.0
 10
192.0079182462689
 20
216.9814154188449
 30
0.0
 10
192.0571831117079
 20
217.0310247938325
 30
0.0
 10
192.1436550083877
 20
217.0310247938325
 30
0.0
 10
192.1436550083877
 20
217.0310247938325
 30
0.0
 10
193.6994601295265
 20
217.0310247938325
 30
0.0
 10
193.6994601295265
 20
217.0310247938325
 30
0.0
 10
193.7859320262063
 20
217.0310247938325
 30
0.0
 10
193.8355414011939
 20
216.9814154188449
 30
0.0
 10
193.8600015791392
 20
216.907345865912
 30
0.0
 10
193.8600015791392
 20
216.907345865912
 30
0.0
 10
196.7001382971791
 20
208.7572834764565
 30
0.0
 10
196.7001382971791
 20
208.7572834764565
 30
0.0
 10
196.7249429846729
 20
208.6832139235236
 30
0.0
 10
196.7001382971791
 20
208.6339490580846
 30
0.0
 10
196.6136664004993
 20
208.6339490580846
 30
0.0
 10
196.6136664004993
 20
208.6339490580846
 30
0.0
 10
195.0085964139215
 20
208.6339490580846
 30
0.0
 10
195.0085964139215
 20
208.6339490580846
 30
0.0
 10
194.9221245172417
 20
208.6339490580846
 30
0.0
 10
194.8725151422541
 20
208.6711560893253
 30
0.0
 10
194.8480549643088
 20
208.7572834764565
 30
0.0
 10
194.8480549643088
 20
208.7572834764565
 30
0.0
 10
194.3664306154709
 20
210.2269612104641
 30
0.0
 10
194.3664306154709
 20
210.2269612104641
 30
0.0
 10
194.3664306154709
 20
210.2269612104641
 30
0.0
 10
191.4274196570042
 20
210.2269612104641
 30
0.0
 10
191.4274196570042
 20
210.2269612104641
 30
0.0
 10
191.4274196570042
 20
210.2269612104641
 30
0.0
 10
190.9581976519132
 20
208.7572834764565
 30
0.0
 10
190.9581976519132
 20
208.7572834764565
 30
0.0
 10
190.9333929644194
 20
208.6711560893253
 30
0.0
 10
190.8841280989803
 20
208.6339490580846
 30
0.0
 10
190.7976562023006
 20
208.6339490580846
 30
0.0
 10
190.7976562023006
 20
208.6339490580846
 30
0.0
 10
189.1798393624272
 20
208.6339490580846
 30
0.0
 10
189.1798393624272
 20
208.6339490580846
 30
0.0
 10
189.093711975296
 20
208.6339490580846
 30
0.0
 10
189.0689072878022
 20
208.6832139235236
 30
0.0
 10
189.093711975296
 20
208.7572834764565
 30
0.0
 10
189.093711975296
 20
208.7572834764565
 30
0.0
 10
191.9831135587751
 20
216.907345865912
 30
0.0
 10
191.9831135587751
 20
216.907345865912
 30
0.0
  0
HATCH
  5
11F
330
115
100
AcDbEntity
  8
Ebene 1
 62
    18
420
        0
440
 33554687
100
AcDbHatch
 10
0.0
 20
0.0
 30
0.0
210
0.0
220
0.0
230
1.0
  2
SOLID
 70
     1
 71
     1
 91
        2
 92
        1
 93
        1
 72
     4
 94
        3
 73
     0
 74
     0
 95
       17
 96
       13
 40
0.0
 40
0.0
 40
0.0
 40
0.0
 40
1.0
 40
1.0
 40
1.0
 40
2.0
 40
2.0
 40
2.0
 40
3.0
 40
3.0
 40
3.0
 40
4.0
 40
4.0
 40
4.0
 40
4.0
 10
193.872403922886
 20
211.770363987856
 10
193.872403922886
 20
211.770363987856
 10
192.9215575689571
 20
214.7093749463227
 10
192.9215575689571
 20
214.7093749463227
 10
192.9215575689571
 20
214.7093749463227
 10
192.8846950472649
 20
214.7093749463227
 10
192.8846950472649
 20
214.7093749463227
 10
192.8846950472649
 20
214.7093749463227
 10
191.933848693336
 20
211.770363987856
 10
191.933848693336
 20
211.770363987856
 10
191.933848693336
 20
211.770363987856
 10
193.872403922886
 20
211.770363987856
 10
193.872403922886
 20
211.770363987856
 97
        0
 97
        1
330
11D
 92
        1
 93
        1
 72
     4
 94
        3
 73
     0
 74
     0
 95
       47
 96
       43
 40
0.0
 40
0.0
 40
0.0
 40
0.0
 40
1.0
 40
1.0
 40
1.0
 40
2.0
 40
2.0
 40
2.0
 40
3.0
 40
3.0
 40
3.0
 40
4.0
 40
4.0
 40
4.0
 40
5.0
 40
5.0
 40
5.0
 40
6.0
 40
6.0
 40
6.0
 40
7.0
 40
7.0
 40
7.0
 40
8.0
 40
8.0
 40
8.0
 40
9.0
 40
9.0
 40
9.0
 40
10.0
 40
10.0
 40
10.0
 40
11.0
 40
11.0
 40
11.0
 40
12.0
 40
12.0
 40
12.0
 40
13.0
 40
13.0
 40
13.0
 40
14.0
 40
14.0
 40
14.0
 40
14.0
 10
191.9831135587751
 20
216.907345865912
 10
192.0079182462689
 20
216.9814154188449
 10
192.0571831117079
 20
217.0310247938325
 10
192.1436550083877
 20
217.0310247938325
 10
192.1436550083877
 20
217.0310247938325
 10
193.6994601295265
 20
217.0310247938325
 10
193.6994601295265
 20
217.0310247938325
 10
193.7859320262063
 20
217.0310247938325
 10
193.8355414011939
 20
216.9814154188449
 10
193.8600015791392
 20
216.907345865912
 10
193.8600015791392
 20
216.907345865912
 10
196.7001382971791
 20
208.7572834764565
 10
196.7001382971791
 20
208.7572834764565
 10
196.7249429846729
 20
208.6832139235236
 10
196.7001382971791
 20
208.6339490580846
 10
196.6136664004993
 20
208.6339490580846
 10
196.6136664004993
 20
208.6339490580846
 10
195.0085964139215
 20
208.6339490580846
 10
195.0085964139215
 20
208.6339490580846
 10
194.9221245172417
 20
208.6339490580846
 10
194.8725151422541
 20
208.6711560893253
 10
194.8480549643088
 20
208.7572834764565
 10
194.8480549643088
 20
208.7572834764565
 10
194.3664306154709
 20
210.2269612104641
 10
194.3664306154709
 20
210.2269612104641
 10
194.3664306154709
 20
210.2269612104641
 10
191.4274196570042
 20
210.2269612104641
 10
191.4274196570042
 20
210.2269612104641
 10
191.4274196570042
 20
210.2269612104641
 10
190.9581976519132
 20
208.7572834764565
 10
190.9581976519132
 20
208.7572834764565
 10
190.9333929644194
 20
208.6711560893253
 10
190.8841280989803
 20
208.6339490580846
 10
190.7976562023006
 20
208.6339490580846
 10
190.7976562023006
 20
208.6339490580846
 10
189.1798393624272
 20
208.6339490580846
 10
189.1798393624272
 20
208.6339490580846
 10
189.093711975296
 20
208.6339490580846
 10
189.0689072878022
 20
208.6832139235236
 10
189.093711975296
 20
208.7572834764565
 10
189.093711975296
 20
208.7572834764565
 10
191.9831135587751
 20
216.907345865912
 10
191.9831135587751
 20
216.907345865912
 97
        0
 97
        1
330
11E
 75
     2
 76
     1
 98
        1
 10
0.0
 20
0.0
450
        0
451
        0
460
0.0
461
0.0
452
        0
462
0.0
453
        0
470

  0
SPLINE
  5
120
330
115
100
AcDbEntity
  8
Ebene 1
100
AcDbSpline
210
0.0
220
0.0
230
1.0
 70
     9
 71
     3
 72
    26
 73
    22
 74
     0
 42
0.0000000001
 43
0.0000000001
 40
0.0
 40
0.0
 40
0.0
 40
0.0
 40
1.0
 40
1.0
 40
1.0
 40
2.0
 40
2.0
 40
2.0
 40
3.0
 40
3.0
 40
3.0
 40
4.0
 40
4.0
 40
4.0
 40
5.0
 40
5.0
 40
5.0
 40
6.0
 40
6.0
 40
6.0
 40
7.0
 40
7.0
 40
7.0
 40
7.0
 10
202.1823187428572
 20
214.4254990783381
 30
0.0
 10
202.1823187428572
 20
215.0552625330417
 30
0.0
 10
201.7375569157115
 20
215.4628173289468
 30
0.0
 10
201.0461262518218
 20
215.4628173289468
 30
0.0
 10
201.0461262518218
 20
215.4628173289468
 30
0.0
 10
199.5643906836158
 20
215.4628173289468
 30
0.0
 10
199.5643906836158
 20
215.4628173289468
 30
0.0
 10
199.5147813086282
 20
215.4628173289468
 30
0.0
 10
199.490321130683
 20
215.438012641453
 30
0.0
 10
199.490321130683
 20
215.388747776014
 30
0.0
 10
199.490321130683
 20
215.388747776014
 30
0.0
 10
199.490321130683
 20
213.4498480369153
 30
0.0
 10
199.490321130683
 20
213.4498480369153
 30
0.0
 10
199.490321130683
 20
213.4005831714762
 30
0.0
 10
199.5147813086282
 20
213.3757784839825
 30
0.0
 10
199.5643906836158
 20
213.3757784839825
 30
0.0
 10
199.5643906836158
 20
213.3757784839825
 30
0.0
 10
201.0461262518218
 20
213.3757784839825
 30
0.0
 10
201.0461262518218
 20
213.3757784839825
 30
0.0
 10
201.7375569157115
 20
213.3757784839825
 30
0.0
 10
202.1823187428572
 20
213.7833332798875
 30
0.0
 10
202.1823187428572
 20
214.4254990783381
 30
0.0
  0
SPLINE
  5
121
330
115
100
AcDbEntity
  8
Ebene 1
100
AcDbSpline
210
0.0
220
0.0
230
1.0
 70
     9
 71
     3
 72
    53
 73
    49
 74
     0
 42
0.0000000001
 43
0.0000000001
 40
0.0
 40
0.0
 40
0.0
 40
0.0
 40
1.0
 40
1.0
 40
1.0
 40
2.0
 40
2.0
 40
2.0
 40
3.0
 40
3.0
 40
3.0
 40
4.0
 40
4.0
 40
4.0
 40
5.0
 40
5.0
 40
5.0
 40
6.0
 40
6.0
 40
6.0
 40
7.0
 40
7.0
 40
7.0
 40
8.0
 40
8.0
 40
8.0
 40
9.0
 40
9.0
 40
9.0
 40
10.0
 40
10.0
 40
10.0
 40
11.0
 40
11.0
 40
11.0
 40
12.0
 40
12.0
 40
12.0
 40
13.0
 40
13.0
 40
13.0
 40
14.0
 40
14.0
 40
14.0
 40
15.0
 40
15.0
 40
15.0
 40
16.0
 40
16.0
 40
16.0
 40
16.0
 10
202.3180555049761
 20
208.6339490580846
 30
0.0
 10
202.2067789208025
 20
208.6339490580846
 30
0.0
 10
202.1699163991103
 20
208.6711560893253
 30
0.0
 10
202.1327093678696
 20
208.7572834764565
 30
0.0
 10
202.1327093678696
 20
208.7572834764565
 30
0.0
 10
200.6878363213558
 20
211.8323757065905
 30
0.0
 10
200.6878363213558
 20
211.8323757065905
 30
0.0
 10
200.6878363213558
 20
211.8323757065905
 30
0.0
 10
199.5643906836158
 20
211.8323757065905
 30
0.0
 10
199.5643906836158
 20
211.8323757065905
 30
0.0
 10
199.5147813086282
 20
211.8323757065905
 30
0.0
 10
199.490321130683
 20
211.8075710190967
 30
0.0
 10
199.490321130683
 20
211.7579616441092
 30
0.0
 10
199.490321130683
 20
211.7579616441092
 30
0.0
 10
199.490321130683
 20
208.7572834764565
 30
0.0
 10
199.490321130683
 20
208.7572834764565
 30
0.0
 10
199.490321130683
 20
208.6832139235236
 30
0.0
 10
199.4407117556954
 20
208.6339490580846
 30
0.0
 10
199.3666422027625
 20
208.6339490580846
 30
0.0
 10
199.3666422027625
 20
208.6339490580846
 30
0.0
 10
197.7984347378768
 20
208.6339490580846
 30
0.0
 10
197.7984347378768
 20
208.6339490580846
 30
0.0
 10
197.7243651849439
 20
208.6339490580846
 30
0.0
 10
197.6751003195048
 20
208.6832139235236
 30
0.0
 10
197.6751003195048
 20
208.7572834764565
 30
0.0
 10
197.6751003195048
 20
208.7572834764565
 30
0.0
 10
197.6751003195048
 20
216.907345865912
 30
0.0
 10
197.6751003195048
 20
216.907345865912
 30
0.0
 10
197.6751003195048
 20
216.9814154188449
 30
0.0
 10
197.7243651849439
 20
217.0310247938325
 30
0.0
 10
197.7984347378768
 20
217.0310247938325
 30
0.0
 10
197.7984347378768
 20
217.0310247938325
 30
0.0
 10
201.1450004922485
 20
217.0310247938325
 30
0.0
 10
201.1450004922485
 20
217.0310247938325
 30
0.0
 10
202.8613470629999
 20
217.0310247938325
 30
0.0
 10
203.9975395540353
 20
215.9564995119831
 30
0.0
 10
203.9975395540353
 20
214.4254990783381
 30
0.0
 10
203.9975395540353
 20
213.3509737964887
 30
0.0
 10
203.4294433085177
 20
212.4990016829864
 30
0.0
 10
202.503057132534
 20
212.0914468870813
 30
0.0
 10
202.503057132534
 20
212.0914468870813
 30
0.0
 10
204.158081003648
 20
208.7820881639503
 30
0.0
 10
204.158081003648
 20
208.7820881639503
 30
0.0
 10
204.1949435253402
 20
208.7080186110175
 30
0.0
 10
204.158081003648
 20
208.6339490580846
 30
0.0
 10
204.0716091069682
 20
208.6339490580846
 30
0.0
 10
204.0716091069682
 20
208.6339490580846
 30
0.0
 10
202.3180555049761
 20
208.6339490580846
 30
0.0
 10
202.3180555049761
 20
208.6339490580846
 30
0.0
  0
HATCH
  5
122
330
115
100
AcDbEntity
  8
Ebene 1
 62
    18
420
        0
440
 33554687
100
AcDbHatch
 10
0.0
 20
0.0
 30
0.0
210
0.0
220
0.0
230
1.0
  2
SOLID
 70
     1
 71
     1
 91
        2
 92
        1
 93
        1
 72
     4
 94
        3
 73
     0
 74
     0
 95
       26
 96
       22
 40
0.0
 40
0.0
 40
0.0
 40
0.0
 40
1.0
 40
1.0
 40
1.0
 40
2.0
 40
2.0
 40
2.0
 40
3.0
 40
3.0
 40
3.0
 40
4.0
 40
4.0
 40
4.0
 40
5.0
 40
5.0
 40
5.0
 40
6.0
 40
6.0
 40
6.0
 40
7.0
 40
7.0
 40
7.0
 40
7.0
 10
202.1823187428572
 20
214.4254990783381
 10
202.1823187428572
 20
215.0552625330417
 10
201.7375569157115
 20
215.4628173289468
 10
201.0461262518218
 20
215.4628173289468
 10
201.0461262518218
 20
215.4628173289468
 10
199.5643906836158
 20
215.4628173289468
 10
199.5643906836158
 20
215.4628173289468
 10
199.5147813086282
 20
215.4628173289468
 10
199.490321130683
 20
215.438012641453
 10
199.490321130683
 20
215.388747776014
 10
199.490321130683
 20
215.388747776014
 10
199.490321130683
 20
213.4498480369153
 10
199.490321130683
 20
213.4498480369153
 10
199.490321130683
 20
213.4005831714762
 10
199.5147813086282
 20
213.3757784839825
 10
199.5643906836158
 20
213.3757784839825
 10
199.5643906836158
 20
213.3757784839825
 10
201.0461262518218
 20
213.3757784839825
 10
201.0461262518218
 20
213.3757784839825
 10
201.7375569157115
 20
213.3757784839825
 10
202.1823187428572
 20
213.7833332798875
 10
202.1823187428572
 20
214.4254990783381
 97
        0
 97
        1
330
120
 92
        1
 93
        1
 72
     4
 94
        3
 73
     0
 74
     0
 95
       53
 96
       49
 40
0.0
 40
0.0
 40
0.0
 40
0.0
 40
1.0
 40
1.0
 40
1.0
 40
2.0
 40
2.0
 40
2.0
 40
3.0
 40
3.0
 40
3.0
 40
4.0
 40
4.0
 40
4.0
 40
5.0
 40
5.0
 40
5.0
 40
6.0
 40
6.0
 40
6.0
 40
7.0
 40
7.0
 40
7.0
 40
8.0
 40
8.0
 40
8.0
 40
9.0
 40
9.0
 40
9.0
 40
10.0
 40
10.0
 40
10.0
 40
11.0
 40
11.0
 40
11.0
 40
12.0
 40
12.0
 40
12.0
 40
13.0
 40
13.0
 40
13.0
 40
14.0
 40
14.0
 40
14.0
 40
15.0
 40
15.0
 40
15.0
 40
16.0
 40
16.0
 40
16.0
 40
16.0
 10
202.3180555049761
 20
208.6339490580846
 10
202.2067789208025
 20
208.6339490580846
 10
202.1699163991103
 20
208.6711560893253
 10
202.1327093678696
 20
208.7572834764565
 10
202.1327093678696
 20
208.7572834764565
 10
200.6878363213558
 20
211.8323757065905
 10
200.6878363213558
 20
211.8323757065905
 10
200.6878363213558
 20
211.8323757065905
 10
199.5643906836158
 20
211.8323757065905
 10
199.5643906836158
 20
211.8323757065905
 10
199.5147813086282
 20
211.8323757065905
 10
199.490321130683
 20
211.8075710190967
 10
199.490321130683
 20
211.7579616441092
 10
199.490321130683
 20
211.7579616441092
 10
199.490321130683
 20
208.7572834764565
 10
199.490321130683
 20
208.7572834764565
 10
199.490321130683
 20
208.6832139235236
 10
199.4407117556954
 20
208.6339490580846
 10
199.3666422027625
 20
208.6339490580846
 10
199.3666422027625
 20
208.6339490580846
 10
197.7984347378768
 20
208.6339490580846
 10
197.7984347378768
 20
208.6339490580846
 10
197.7243651849439
 20
208.6339490580846
 10
197.6751003195048
 20
208.6832139235236
 10
197.6751003195048
 20
208.7572834764565
 10
197.6751003195048
 20
208.7572834764565
 10
197.6751003195048
 20
216.907345865912
 10
197.6751003195048
 20
216.907345865912
 10
197.6751003195048
 20
216.9814154188449
 10
197.7243651849439
 20
217.0310247938325
 10
197.7984347378768
 20
217.0310247938325
 10
197.7984347378768
 20
217.0310247938325
 10
201.1450004922485
 20
217.0310247938325
 10
201.1450004922485
 20
217.0310247938325
 10
202.8613470629999
 20
217.0310247938325
 10
203.9975395540353
 20
215.9564995119831
 10
203.9975395540353
 20
214.4254990783381
 10
203.9975395540353
 20
213.3509737964887
 10
203.4294433085177
 20
212.4990016829864
 10
202.503057132534
 20
212.0914468870813
 10
202.503057132534
 20
212.0914468870813
 10
204.158081003648
 20
208.7820881639503
 10
204.158081003648
 20
208.7820881639503
 10
204.1949435253402
 20
208.7080186110175
 10
204.158081003648
 20
208.6339490580846
 10
204.0716091069682
 20
208.6339490580846
 10
204.0716091069682
 20
208.6339490580846
 10
202.3180555049761
 20
208.6339490580846
 10
202.3180555049761
 20
208.6339490580846
 97
        0
 97
        1
330
121
 75
     2
 76
     1
 98
        1
 10
0.0
 20
0.0
450
        0
451
        0
460
0.0
461
0.0
452
        0
462
0.0
453
        0
470

  0
SPLINE
  5
123
330
115
100
AcDbEntity
  8
Ebene 1
100
AcDbSpline
210
0.0
220
0.0
230
1.0
 70
     9
 71
     3
 72
    65
 73
    61
 74
     0
 42
0.0000000001
 43
0.0000000001
 40
0.0
 40
0.0
 40
0.0
 40
0.0
 40
1.0
 40
1.0
 40
1.0
 40
2.0
 40
2.0
 40
2.0
 40
3.0
 40
3.0
 40
3.0
 40
4.0
 40
4.0
 40
4.0
 40
5.0
 40
5.0
 40
5.0
 40
6.0
 40
6.0
 40
6.0
 40
7.0
 40
7.0
 40
7.0
 40
8.0
 40
8.0
 40
8.0
 40
9.0
 40
9.0
 40
9.0
 40
10.0
 40
10.0
 40
10.0
 40
11.0
 40
11.0
 40
11.0
 40
12.0
 40
12.0
 40
12.0
 40
13.0
 40
13.0
 40
13.0
 40
14.0
 40
14.0
 40
14.0
 40
15.0
 40
15.0
 40
15.0
 40
16.0
 40
16.0
 40
16.0
 40
17.0
 40
17.0
 40
17.0
 40
18.0
 40
18.0
 40
18.0
 40
19.0
 40
19.0
 40
19.0
 40
20.0
 40
20.0
 40
20.0
 40
20.0
 10
205.3797118627176
 20
216.907345865912
 30
0.0
 10
205.3797118627176
 20
216.9814154188449
 30
0.0
 10
205.4289767281566
 20
217.0310247938325
 30
0.0
 10
205.5030462810895
 20
217.0310247938325
 30
0.0
 10
205.5030462810895
 20
217.0310247938325
 30
0.0
 10
207.0712537459753
 20
217.0310247938325
 30
0.0
 10
207.0712537459753
 20
217.0310247938325
 30
0.0
 10
207.1453232989081
 20
217.0310247938325
 30
0.0
 10
207.1949326738957
 20
216.9814154188449
 30
0.0
 10
207.1949326738957
 20
216.907345865912
 30
0.0
 10
207.1949326738957
 20
216.907345865912
 30
0.0
 10
207.1949326738957
 20
213.2769042435558
 30
0.0
 10
207.1949326738957
 20
213.2769042435558
 30
0.0
 10
207.1949326738957
 20
213.2769042435558
 30
0.0
 10
209.9854600169481
 20
216.919748209659
 30
0.0
 10
209.9854600169481
 20
216.919748209659
 30
0.0
 10
210.0474717356826
 20
217.0062201063387
 30
0.0
 10
210.0967366011217
 20
217.0310247938325
 30
0.0
 10
210.1956108415483
 20
217.0310247938325
 30
0.0
 10
210.1956108415483
 20
217.0310247938325
 30
0.0
 10
211.9860269652327
 20
217.0310247938325
 30
0.0
 10
211.9860269652327
 20
217.0310247938325
 30
0.0
 10
212.0600965181655
 20
217.0310247938325
 30
0.0
 10
212.0973035494063
 20
216.9445528971527
 30
0.0
 10
212.0352918306717
 20
216.8704833442199
 30
0.0
 10
212.0352918306717
 20
216.8704833442199
 30
0.0
 10
209.4917778339118
 20
213.6844590394609
 30
0.0
 10
209.4917778339118
 20
213.6844590394609
 30
0.0
 10
209.4917778339118
 20
213.6844590394609
 30
0.0
 10
212.2699028332172
 20
208.7820881639503
 30
0.0
 10
212.2699028332172
 20
208.7820881639503
 30
0.0
 10
212.3195122082048
 20
208.6956162672705
 30
0.0
 10
212.2823051769641
 20
208.6339490580846
 30
0.0
 10
212.1958332802844
 20
208.6339490580846
 30
0.0
 10
212.1958332802844
 20
208.6339490580846
 30
0.0
 10
210.3806124691062
 20
208.6339490580846
 30
0.0
 10
210.3806124691062
 20
208.6339490580846
 30
0.0
 10
210.2820827382281
 20
208.6339490580846
 30
0.0
 10
210.2448757069874
 20
208.6587537455784
 30
0.0
 10
210.1956108415483
 20
208.7452256422581
 30
0.0
 10
210.1956108415483
 20
208.7452256422581
 30
0.0
 10
208.2939181336904
 20
212.2767930241877
 30
0.0
 10
208.2939181336904
 20
212.2767930241877
 30
0.0
 10
208.2939181336904
 20
212.2767930241877
 30
0.0
 10
207.1949326738957
 20
210.8935871868599
 30
0.0
 10
207.1949326738957
 20
210.8935871868599
 30
0.0
 10
207.1949326738957
 20
210.8935871868599
 30
0.0
 10
207.1949326738957
 20
208.7572834764565
 30
0.0
 10
207.1949326738957
 20
208.7572834764565
 30
0.0
 10
207.1949326738957
 20
208.6832139235236
 30
0.0
 10
207.1453232989081
 20
208.6339490580846
 30
0.0
 10
207.0712537459753
 20
208.6339490580846
 30
0.0
 10
207.0712537459753
 20
208.6339490580846
 30
0.0
 10
205.5030462810895
 20
208.6339490580846
 30
0.0
 10
205.5030462810895
 20
208.6339490580846
 30
0.0
 10
205.4289767281566
 20
208.6339490580846
 30
0.0
 10
205.3797118627176
 20
208.6832139235236
 30
0.0
 10
205.3797118627176
 20
208.7572834764565
 30
0.0
 10
205.3797118627176
 20
208.7572834764565
 30
0.0
 10
205.3797118627176
 20
216.907345865912
 30
0.0
 10
205.3797118627176
 20
216.907345865912
 30
0.0
  0
HATCH
  5
124
330
115
100
AcDbEntity
  8
Ebene 1
 62
    18
420
        0
440
 33554687
100
AcDbHatch
 10
0.0
 20
0.0
 30
0.0
210
0.0
220
0.0
230
1.0
  2
SOLID
 70
     1
 71
     1
 91
        1
 92
        1
 93
        1
 72
     4
 94
        3
 73
     0
 74
     0
 95
       65
 96
       61
 40
0.0
 40
0.0
 40
0.0
 40
0.0
 40
1.0
 40
1.0
 40
1.0
 40
2.0
 40
2.0
 40
2.0
 40
3.0
 40
3.0
 40
3.0
 40
4.0
 40
4.0
 40
4.0
 40
5.0
 40
5.0
 40
5.0
 40
6.0
 40
6.0
 40
6.0
 40
7.0
 40
7.0
 40
7.0
 40
8.0
 40
8.0
 40
8.0
 40
9.0
 40
9.0
 40
9.0
 40
10.0
 40
10.0
 40
10.0
 40
11.0
 40
11.0
 40
11.0
 40
12.0
 40
12.0
 40
12.0
 40
13.0
 40
13.0
 40
13.0
 40
14.0
 40
14.0
 40
14.0
 40
15.0
 40
15.0
 40
15.0
 40
16.0
 40
16.0
 40
16.0
 40
17.0
 40
17.0
 40
17.0
 40
18.0
 40
18.0
 40
18.0
 40
19.0
 40
19.0
 40
19.0
 40
20.0
 40
20.0
 40
20.0
 40
20.0
 10
205.3797118627176
 20
216.907345865912
 10
205.3797118627176
 20
216.9814154188449
 10
205.4289767281566
 20
217.0310247938325
 10
205.5030462810895
 20
217.0310247938325
 10
205.5030462810895
 20
217.0310247938325
 10
207.0712537459753
 20
217.0310247938325
 10
207.0712537459753
 20
217.0310247938325
 10
207.1453232989081
 20
217.0310247938325
 10
207.1949326738957
 20
216.9814154188449
 10
207.1949326738957
 20
216.907345865912
 10
207.1949326738957
 20
216.907345865912
 10
207.1949326738957
 20
213.2769042435558
 10
207.1949326738957
 20
213.2769042435558
 10
207.1949326738957
 20
213.2769042435558
 10
209.9854600169481
 20
216.919748209659
 10
209.9854600169481
 20
216.919748209659
 10
210.0474717356826
 20
217.0062201063387
 10
210.0967366011217
 20
217.0310247938325
 10
210.1956108415483
 20
217.0310247938325
 10
210.1956108415483
 20
217.0310247938325
 10
211.9860269652327
 20
217.0310247938325
 10
211.9860269652327
 20
217.0310247938325
 10
212.0600965181655
 20
217.0310247938325
 10
212.0973035494063
 20
216.9445528971527
 10
212.0352918306717
 20
216.8704833442199
 10
212.0352918306717
 20
216.8704833442199
 10
209.4917778339118
 20
213.6844590394609
 10
209.4917778339118
 20
213.6844590394609
 10
209.4917778339118
 20
213.6844590394609
 10
212.2699028332172
 20
208.7820881639503
 10
212.2699028332172
 20
208.7820881639503
 10
212.3195122082048
 20
208.6956162672705
 10
212.2823051769641
 20
208.6339490580846
 10
212.1958332802844
 20
208.6339490580846
 10
212.1958332802844
 20
208.6339490580846
 10
210.3806124691062
 20
208.6339490580846
 10
210.3806124691062
 20
208.6339490580846
 10
210.2820827382281
 20
208.6339490580846
 10
210.2448757069874
 20
208.6587537455784
 10
210.1956108415483
 20
208.7452256422581
 10
210.1956108415483
 20
208.7452256422581
 10
208.2939181336904
 20
212.2767930241877
 10
208.2939181336904
 20
212.2767930241877
 10
208.2939181336904
 20
212.2767930241877
 10
207.1949326738957
 20
210.8935871868599
 10
207.1949326738957
 20
210.8935871868599
 10
207.1949326738957
 20
210.8935871868599
 10
207.1949326738957
 20
208.7572834764565
 10
207.1949326738957
 20
208.7572834764565
 10
207.1949326738957
 20
208.6832139235236
 10
207.1453232989081
 20
208.6339490580846
 10
207.0712537459753
 20
208.6339490580846
 10
207.0712537459753
 20
208.6339490580846
 10
205.5030462810895
 20
208.6339490580846
 10
205.5030462810895
 20
208.6339490580846
 10
205.4289767281566
 20
208.6339490580846
 10
205.3797118627176
 20
208.6832139235236
 10
205.3797118627176
 20
208.7572834764565
 10
205.3797118627176
 20
208.7572834764565
 10
205.3797118627176
 20
216.907345865912
 10
205.3797118627176
 20
216.907345865912
 97
        0
 97
        1
330
123
 75
     2
 76
     1
 98
        1
 10
0.0
 20
0.0
450
        0
451
        0
460
0.0
461
0.0
452
        0
462
0.0
453
        0
470

  0
SPLINE
  5
125
330
115
100
AcDbEntity
  8
Ebene 1
100
AcDbSpline
210
0.0
220
0.0
230
1.0
 70
     9
 71
     3
 72
    77
 73
    73
 74
     0
 42
0.0000000001
 43
0.0000000001
 40
0.0
 40
0.0
 40
0.0
 40
0.0
 40
1.0
 40
1.0
 40
1.0
 40
2.0
 40
2.0
 40
2.0
 40
3.0
 40
3.0
 40
3.0
 40
4.0
 40
4.0
 40
4.0
 40
5.0
 40
5.0
 40
5.0
 40
6.0
 40
6.0
 40
6.0
 40
7.0
 40
7.0
 40
7.0
 40
8.0
 40
8.0
 40
8.0
 40
9.0
 40
9.0
 40
9.0
 40
10.0
 40
10.0
 40
10.0
 40
11.0
 40
11.0
 40
11.0
 40
12.0
 40
12.0
 40
12.0
 40
13.0
 40
13.0
 40
13.0
 40
14.0
 40
14.0
 40
14.0
 40
15.0
 40
15.0
 40
15.0
 40
16.0
 40
16.0
 40
16.0
 40
17.0
 40
17.0
 40
17.0
 40
18.0
 40
18.0
 40
18.0
 40
19.0
 40
19.0
 40
19.0
 40
20.0
 40
20.0
 40
20.0
 40
21.0
 40
21.0
 40
21.0
 40
22.0
 40
22.0
 40
22.0
 40
23.0
 40
23.0
 40
23.0
 40
24.0
 40
24.0
 40
24.0
 40
24.0
 10
213.3433945864211
 20
216.907345865912
 30
0.0
 10
213.3433945864211
 20
216.9814154188449
 30
0.0
 10
213.3926594518602
 20
217.0310247938325
 30
0.0
 10
213.4670735143416
 20
217.0310247938325
 30
0.0
 10
213.4670735143416
 20
217.0310247938325
 30
0.0
 10
218.8507242291415
 20
217.0310247938325
 30
0.0
 10
218.8507242291415
 20
217.0310247938325
 30
0.0
 10
218.9247937820744
 20
217.0310247938325
 30
0.0
 10
218.974403157062
 20
216.9814154188449
 30
0.0
 10
218.974403157062
 20
216.907345865912
 30
0.0
 10
218.974403157062
 20
216.907345865912
 30
0.0
 10
218.974403157062
 20
215.5861517473188
 30
0.0
 10
218.974403157062
 20
215.5861517473188
 30
0.0
 10
218.974403157062
 20
215.5120821943859
 30
0.0
 10
218.9247937820744
 20
215.4628173289468
 30
0.0
 10
218.8507242291415
 20
215.4628173289468
 30
0.0
 10
218.8507242291415
 20
215.4628173289468
 30
0.0
 10
215.2326849505321
 20
215.4628173289468
 30
0.0
 10
215.2326849505321
 20
215.4628173289468
 30
0.0
 10
215.1834200850931
 20
215.4628173289468
 30
0.0
 10
215.1586153975992
 20
215.438012641453
 30
0.0
 10
215.1586153975992
 20
215.388747776014
 30
0.0
 10
215.1586153975992
 20
215.388747776014
 30
0.0
 10
215.1586153975992
 20
213.7216660707015
 30
0.0
 10
215.1586153975992
 20
213.7216660707015
 30
0.0
 10
215.1586153975992
 20
213.6720566957139
 30
0.0
 10
215.1834200850931
 20
213.6475965177687
 30
0.0
 10
215.2326849505321
 20
213.6475965177687
 30
0.0
 10
215.2326849505321
 20
213.6475965177687
 30
0.0
 10
218.2457654619316
 20
213.6475965177687
 30
0.0
 10
218.2457654619316
 20
213.6475965177687
 30
0.0
 10
218.3198350148645
 20
213.6475965177687
 30
0.0
 10
218.3690998803036
 20
213.5979871427811
 30
0.0
 10
218.3690998803036
 20
213.5239175898482
 30
0.0
 10
218.3690998803036
 20
213.5239175898482
 30
0.0
 10
218.3690998803036
 20
212.2151258150018
 30
0.0
 10
218.3690998803036
 20
212.2151258150018
 30
0.0
 10
218.3690998803036
 20
212.1410562620689
 30
0.0
 10
218.3198350148645
 20
212.0914468870813
 30
0.0
 10
218.2457654619316
 20
212.0914468870813
 30
0.0
 10
218.2457654619316
 20
212.0914468870813
 30
0.0
 10
215.2326849505321
 20
212.0914468870813
 30
0.0
 10
215.2326849505321
 20
212.0914468870813
 30
0.0
 10
215.1834200850931
 20
212.0914468870813
 30
0.0
 10
215.1586153975992
 20
212.066986709136
 30
0.0
 10
215.1586153975992
 20
212.0173773341484
 30
0.0
 10
215.1586153975992
 20
212.0173773341484
 30
0.0
 10
215.1586153975992
 20
210.2762260759031
 30
0.0
 10
215.1586153975992
 20
210.2762260759031
 30
0.0
 10
215.1586153975992
 20
210.2269612104641
 30
0.0
 10
215.1834200850931
 20
210.2021565229703
 30
0.0
 10
215.2326849505321
 20
210.2021565229703
 30
0.0
 10
215.2326849505321
 20
210.2021565229703
 30
0.0
 10
218.8507242291415
 20
210.2021565229703
 30
0.0
 10
218.8507242291415
 20
210.2021565229703
 30
0.0
 10
218.9247937820744
 20
210.2021565229703
 30
0.0
 10
218.974403157062
 20
210.1528916575312
 30
0.0
 10
218.974403157062
 20
210.0788221045984
 30
0.0
 10
218.974403157062
 20
210.0788221045984
 30
0.0
 10
218.974403157062
 20
208.7572834764565
 30
0.0
 10
218.974403157062
 20
208.7572834764565
 30
0.0
 10
218.974403157062
 20
208.6832139235236
 30
0.0
 10
218.9247937820744
 20
208.6339490580846
 30
0.0
 10
218.8507242291415
 20
208.6339490580846
 30
0.0
 10
218.8507242291415
 20
208.6339490580846
 30
0.0
 10
213.4670735143416
 20
208.6339490580846
 30
0.0
 10
213.4670735143416
 20
208.6339490580846
 30
0.0
 10
213.3926594518602
 20
208.6339490580846
 30
0.0
 10
213.3433945864211
 20
208.6832139235236
 30
0.0
 10
213.3433945864211
 20
208.7572834764565
 30
0.0
 10
213.3433945864211
 20
208.7572834764565
 30
0.0
 10
213.3433945864211
 20
216.907345865912
 30
0.0
 10
213.3433945864211
 20
216.907345865912
 30
0.0
  0
HATCH
  5
126
330
115
100
AcDbEntity
  8
Ebene 1
 62
    18
420
        0
440
 33554687
100
AcDbHatch
 10
0.0
 20
0.0
 30
0.0
210
0.0
220
0.0
230
1.0
  2
SOLID
 70
     1
 71
     1
 91
        1
 92
        1
 93
        1
 72
     4
 94
        3
 73
     0
 74
     0
 95
       77
 96
       73
 40
0.0
 40
0.0
 40
0.0
 40
0.0
 40
1.0
 40
1.0
 40
1.0
 40
2.0
 40
2.0
 40
2.0
 40
3.0
 40
3.0
 40
3.0
 40
4.0
 40
4.0
 40
4.0
 40
5.0
 40
5.0
 40
5.0
 40
6.0
 40
6.0
 40
6.0
 40
7.0
 40
7.0
 40
7.0
 40
8.0
 40
8.0
 40
8.0
 40
9.0
 40
9.0
 40
9.0
 40
10.0
 40
10.0
 40
10.0
 40
11.0
 40
11.0
 40
11.0
 40
12.0
 40
12.0
 40
12.0
 40
13.0
 40
13.0
 40
13.0
 40
14.0
 40
14.0
 40
14.0
 40
15.0
 40
15.0
 40
15.0
 40
16.0
 40
16.0
 40
16.0
 40
17.0
 40
17.0
 40
17.0
 40
18.0
 40
18.0
 40
18.0
 40
19.0
 40
19.0
 40
19.0
 40
20.0
 40
20.0
 40
20.0
 40
21.0
 40
21.0
 40
21.0
 40
22.0
 40
22.0
 40
22.0
 40
23.0
 40
23.0
 40
23.0
 40
24.0
 40
24.0
 40
24.0
 40
24.0
 10
213.3433945864211
 20
216.907345865912
 10
213.3433945864211
 20
216.9814154188449
 10
213.3926594518602
 20
217.0310247938325
 10
213.4670735143416
 20
217.0310247938325
 10
213.4670735143416
 20
217.0310247938325
 10
218.8507242291415
 20
217.0310247938325
 10
218.8507242291415
 20
217.0310247938325
 10
218.9247937820744
 20
217.0310247938325
 10
218.974403157062
 20
216.9814154188449
 10
218.974403157062
 20
216.907345865912
 10
218.974403157062
 20
216.907345865912
 10
218.974403157062
 20
215.5861517473188
 10
218.974403157062
 20
215.5861517473188
 10
218.974403157062
 20
215.5120821943859
 10
218.9247937820744
 20
215.4628173289468
 10
218.8507242291415
 20
215.4628173289468
 10
218.8507242291415
 20
215.4628173289468
 10
215.2326849505321
 20
215.4628173289468
 10
215.2326849505321
 20
215.4628173289468
 10
215.1834200850931
 20
215.4628173289468
 10
215.1586153975992
 20
215.438012641453
 10
215.1586153975992
 20
215.388747776014
 10
215.1586153975992
 20
215.388747776014
 10
215.1586153975992
 20
213.7216660707015
 10
215.1586153975992
 20
213.7216660707015
 10
215.1586153975992
 20
213.6720566957139
 10
215.1834200850931
 20
213.6475965177687
 10
215.2326849505321
 20
213.6475965177687
 10
215.2326849505321
 20
213.6475965177687
 10
218.2457654619316
 20
213.6475965177687
 10
218.2457654619316
 20
213.6475965177687
 10
218.3198350148645
 20
213.6475965177687
 10
218.3690998803036
 20
213.5979871427811
 10
218.3690998803036
 20
213.5239175898482
 10
218.3690998803036
 20
213.5239175898482
 10
218.3690998803036
 20
212.2151258150018
 10
218.3690998803036
 20
212.2151258150018
 10
218.3690998803036
 20
212.1410562620689
 10
218.3198350148645
 20
212.0914468870813
 10
218.2457654619316
 20
212.0914468870813
 10
218.2457654619316
 20
212.0914468870813
 10
215.2326849505321
 20
212.0914468870813
 10
215.2326849505321
 20
212.0914468870813
 10
215.1834200850931
 20
212.0914468870813
 10
215.1586153975992
 20
212.066986709136
 10
215.1586153975992
 20
212.0173773341484
 10
215.1586153975992
 20
212.0173773341484
 10
215.1586153975992
 20
210.2762260759031
 10
215.1586153975992
 20
210.2762260759031
 10
215.1586153975992
 20
210.2269612104641
 10
215.1834200850931
 20
210.2021565229703
 10
215.2326849505321
 20
210.2021565229703
 10
215.2326849505321
 20
210.2021565229703
 10
218.8507242291415
 20
210.2021565229703
 10
218.8507242291415
 20
210.2021565229703
 10
218.9247937820744
 20
210.2021565229703
 10
218.974403157062
 20
210.1528916575312
 10
218.974403157062
 20
210.0788221045984
 10
218.974403157062
 20
210.0788221045984
 10
218.974403157062
 20
208.7572834764565
 10
218.974403157062
 20
208.7572834764565
 10
218.974403157062
 20
208.6832139235236
 10
218.9247937820744
 20
208.6339490580846
 10
218.8507242291415
 20
208.6339490580846
 10
218.8507242291415
 20
208.6339490580846
 10
213.4670735143416
 20
208.6339490580846
 10
213.4670735143416
 20
208.6339490580846
 10
213.3926594518602
 20
208.6339490580846
 10
213.3433945864211
 20
208.6832139235236
 10
213.3433945864211
 20
208.7572834764565
 10
213.3433945864211
 20
208.7572834764565
 10
213.3433945864211
 20
216.907345865912
 10
213.3433945864211
 20
216.907345865912
 97
        0
 97
        1
330
125
 75
     2
 76
     1
 98
        1
 10
0.0
 20
0.0
450
        0
451
        0
460
0.0
461
0.0
452
        0
462
0.0
453
        0
470

  0
SPLINE
  5
127
330
115
100
AcDbEntity
  8
Ebene 1
100
AcDbSpline
210
0.0
220
0.0
230
1.0
 70
     9
 71
     3
 72
    26
 73
    22
 74
     0
 42
0.0000000001
 43
0.0000000001
 40
0.0
 40
0.0
 40
0.0
 40
0.0
 40
1.0
 40
1.0
 40
1.0
 40
2.0
 40
2.0
 40
2.0
 40
3.0
 40
3.0
 40
3.0
 40
4.0
 40
4.0
 40
4.0
 40
5.0
 40
5.0
 40
5.0
 40
6.0
 40
6.0
 40
6.0
 40
7.0
 40
7.0
 40
7.0
 40
7.0
 10
224.8265868578559
 20
214.4254990783381
 30
0.0
 10
224.8265868578559
 20
215.0552625330417
 30
0.0
 10
224.3821695402587
 20
215.4628173289468
 30
0.0
 10
223.6903943668205
 20
215.4628173289468
 30
0.0
 10
223.6903943668205
 20
215.4628173289468
 30
0.0
 10
222.2086587986145
 20
215.4628173289468
 30
0.0
 10
222.2086587986145
 20
215.4628173289468
 30
0.0
 10
222.1593939331754
 20
215.4628173289468
 30
0.0
 10
222.1345892456816
 20
215.438012641453
 30
0.0
 10
222.1345892456816
 20
215.388747776014
 30
0.0
 10
222.1345892456816
 20
215.388747776014
 30
0.0
 10
222.1345892456816
 20
213.4498480369153
 30
0.0
 10
222.1345892456816
 20
213.4498480369153
 30
0.0
 10
222.1345892456816
 20
213.4005831714762
 30
0.0
 10
222.1593939331754
 20
213.3757784839825
 30
0.0
 10
222.2086587986145
 20
213.3757784839825
 30
0.0
 10
222.2086587986145
 20
213.3757784839825
 30
0.0
 10
223.6903943668205
 20
213.3757784839825
 30
0.0
 10
223.6903943668205
 20
213.3757784839825
 30
0.0
 10
224.3821695402587
 20
213.3757784839825
 30
0.0
 10
224.8265868578559
 20
213.7833332798875
 30
0.0
 10
224.8265868578559
 20
214.4254990783381
 30
0.0
  0
SPLINE
  5
128
330
115
100
AcDbEntity
  8
Ebene 1
100
AcDbSpline
210
0.0
220
0.0
230
1.0
 70
     9
 71
     3
 72
    53
 73
    49
 74
     0
 42
0.0000000001
 43
0.0000000001
 40
0.0
 40
0.0
 40
0.0
 40
0.0
 40
1.0
 40
1.0
 40
1.0
 40
2.0
 40
2.0
 40
2.0
 40
3.0
 40
3.0
 40
3.0
 40
4.0
 40
4.0
 40
4.0
 40
5.0
 40
5.0
 40
5.0
 40
6.0
 40
6.0
 40
6.0
 40
7.0
 40
7.0
 40
7.0
 40
8.0
 40
8.0
 40
8.0
 40
9.0
 40
9.0
 40
9.0
 40
10.0
 40
10.0
 40
10.0
 40
11.0
 40
11.0
 40
11.0
 40
12.0
 40
12.0
 40
12.0
 40
13.0
 40
13.0
 40
13.0
 40
14.0
 40
14.0
 40
14.0
 40
15.0
 40
15.0
 40
15.0
 40
16.0
 40
16.0
 40
16.0
 40
16.0
 10
224.9623236199747
 20
208.6339490580846
 30
0.0
 10
224.8513915453496
 20
208.6339490580846
 30
0.0
 10
224.814184514109
 20
208.6711560893253
 30
0.0
 10
224.7773219924168
 20
208.7572834764565
 30
0.0
 10
224.7773219924168
 20
208.7572834764565
 30
0.0
 10
223.332448945903
 20
211.8323757065905
 30
0.0
 10
223.332448945903
 20
211.8323757065905
 30
0.0
 10
223.332448945903
 20
211.8323757065905
 30
0.0
 10
222.2086587986145
 20
211.8323757065905
 30
0.0
 10
222.2086587986145
 20
211.8323757065905
 30
0.0
 10
222.1593939331754
 20
211.8323757065905
 30
0.0
 10
222.1345892456816
 20
211.8075710190967
 30
0.0
 10
222.1345892456816
 20
211.7579616441092
 30
0.0
 10
222.1345892456816
 20
211.7579616441092
 30
0.0
 10
222.1345892456816
 20
208.7572834764565
 30
0.0
 10
222.1345892456816
 20
208.7572834764565
 30
0.0
 10
222.1345892456816
 20
208.6832139235236
 30
0.0
 10
222.0853243802426
 20
208.6339490580846
 30
0.0
 10
222.0112548273097
 20
208.6339490580846
 30
0.0
 10
222.0112548273097
 20
208.6339490580846
 30
0.0
 10
220.443047362424
 20
208.6339490580846
 30
0.0
 10
220.443047362424
 20
208.6339490580846
 30
0.0
 10
220.3686332999426
 20
208.6339490580846
 30
0.0
 10
220.3193684345035
 20
208.6832139235236
 30
0.0
 10
220.3193684345035
 20
208.7572834764565
 30
0.0
 10
220.3193684345035
 20
208.7572834764565
 30
0.0
 10
220.3193684345035
 20
216.907345865912
 30
0.0
 10
220.3193684345035
 20
216.907345865912
 30
0.0
 10
220.3193684345035
 20
216.9814154188449
 30
0.0
 10
220.3686332999426
 20
217.0310247938325
 30
0.0
 10
220.443047362424
 20
217.0310247938325
 30
0.0
 10
220.443047362424
 20
217.0310247938325
 30
0.0
 10
223.7892686072471
 20
217.0310247938325
 30
0.0
 10
223.7892686072471
 20
217.0310247938325
 30
0.0
 10
225.5056151779986
 20
217.0310247938325
 30
0.0
 10
226.641807669034
 20
215.9564995119831
 30
0.0
 10
226.641807669034
 20
214.4254990783381
 30
0.0
 10
226.641807669034
 20
213.3509737964887
 30
0.0
 10
226.0737114235163
 20
212.4990016829864
 30
0.0
 10
225.1476697570812
 20
212.0914468870813
 30
0.0
 10
225.1476697570812
 20
212.0914468870813
 30
0.0
 10
226.8023491186466
 20
208.7820881639503
 30
0.0
 10
226.8023491186466
 20
208.7820881639503
 30
0.0
 10
226.8395561498874
 20
208.7080186110175
 30
0.0
 10
226.8023491186466
 20
208.6339490580846
 30
0.0
 10
226.7158772219669
 20
208.6339490580846
 30
0.0
 10
226.7158772219669
 20
208.6339490580846
 30
0.0
 10
224.9623236199747
 20
208.6339490580846
 30
0.0
 10
224.9623236199747
 20
208.6339490580846
 30
0.0
  0
HATCH
  5
129
330
115
100
AcDbEntity
  8
Ebene 1
 62
    18
420
        0
440
 33554687
100
AcDbHatch
 10
0.0
 20
0.0
 30
0.0
210
0.0
220
0.0
230
1.0
  2
SOLID
 70
     1
 71
     1
 91
        2
 92
        1
 93
        1
 72
     4
 94
        3
 73
     0
 74
     0
 95
       26
 96
       22
 40
0.0
 40
0.0
 40
0.0
 40
0.0
 40
1.0
 40
1.0
 40
1.0
 40
2.0
 40
2.0
 40
2.0
 40
3.0
 40
3.0
 40
3.0
 40
4.0
 40
4.0
 40
4.0
 40
5.0
 40
5.0
 40
5.0
 40
6.0
 40
6.0
 40
6.0
 40
7.0
 40
7.0
 40
7.0
 40
7.0
 10
224.8265868578559
 20
214.4254990783381
 10
224.8265868578559
 20
215.0552625330417
 10
224.3821695402587
 20
215.4628173289468
 10
223.6903943668205
 20
215.4628173289468
 10
223.6903943668205
 20
215.4628173289468
 10
222.2086587986145
 20
215.4628173289468
 10
222.2086587986145
 20
215.4628173289468
 10
222.1593939331754
 20
215.4628173289468
 10
222.1345892456816
 20
215.438012641453
 10
222.1345892456816
 20
215.388747776014
 10
222.1345892456816
 20
215.388747776014
 10
222.1345892456816
 20
213.4498480369153
 10
222.1345892456816
 20
213.4498480369153
 10
222.1345892456816
 20
213.4005831714762
 10
222.1593939331754
 20
213.3757784839825
 10
222.2086587986145
 20
213.3757784839825
 10
222.2086587986145
 20
213.3757784839825
 10
223.6903943668205
 20
213.3757784839825
 10
223.6903943668205
 20
213.3757784839825
 10
224.3821695402587
 20
213.3757784839825
 10
224.8265868578559
 20
213.7833332798875
 10
224.8265868578559
 20
214.4254990783381
 97
        0
 97
        1
330
127
 92
        1
 93
        1
 72
     4
 94
        3
 73
     0
 74
     0
 95
       53
 96
       49
 40
0.0
 40
0.0
 40
0.0
 40
0.0
 40
1.0
 40
1.0
 40
1.0
 40
2.0
 40
2.0
 40
2.0
 40
3.0
 40
3.0
 40
3.0
 40
4.0
 40
4.0
 40
4.0
 40
5.0
 40
5.0
 40
5.0
 40
6.0
 40
6.0
 40
6.0
 40
7.0
 40
7.0
 40
7.0
 40
8.0
 40
8.0
 40
8.0
 40
9.0
 40
9.0
 40
9.0
 40
10.0
 40
10.0
 40
10.0
 40
11.0
 40
11.0
 40
11.0
 40
12.0
 40
12.0
 40
12.0
 40
13.0
 40
13.0
 40
13.0
 40
14.0
 40
14.0
 40
14.0
 40
15.0
 40
15.0
 40
15.0
 40
16.0
 40
16.0
 40
16.0
 40
16.0
 10
224.9623236199747
 20
208.6339490580846
 10
224.8513915453496
 20
208.6339490580846
 10
224.814184514109
 20
208.6711560893253
 10
224.7773219924168
 20
208.7572834764565
 10
224.7773219924168
 20
208.7572834764565
 10
223.332448945903
 20
211.8323757065905
 10
223.332448945903
 20
211.8323757065905
 10
223.332448945903
 20
211.8323757065905
 10
222.2086587986145
 20
211.8323757065905
 10
222.2086587986145
 20
211.8323757065905
 10
222.1593939331754
 20
211.8323757065905
 10
222.1345892456816
 20
211.8075710190967
 10
222.1345892456816
 20
211.7579616441092
 10
222.1345892456816
 20
211.7579616441092
 10
222.1345892456816
 20
208.7572834764565
 10
222.1345892456816
 20
208.7572834764565
 10
222.1345892456816
 20
208.6832139235236
 10
222.0853243802426
 20
208.6339490580846
 10
222.0112548273097
 20
208.6339490580846
 10
222.0112548273097
 20
208.6339490580846
 10
220.443047362424
 20
208.6339490580846
 10
220.443047362424
 20
208.6339490580846
 10
220.3686332999426
 20
208.6339490580846
 10
220.3193684345035
 20
208.6832139235236
 10
220.3193684345035
 20
208.7572834764565
 10
220.3193684345035
 20
208.7572834764565
 10
220.3193684345035
 20
216.907345865912
 10
220.3193684345035
 20
216.907345865912
 10
220.3193684345035
 20
216.9814154188449
 10
220.3686332999426
 20
217.0310247938325
 10
220.443047362424
 20
217.0310247938325
 10
220.443047362424
 20
217.0310247938325
 10
223.7892686072471
 20
217.0310247938325
 10
223.7892686072471
 20
217.0310247938325
 10
225.5056151779986
 20
217.0310247938325
 10
226.641807669034
 20
215.9564995119831
 10
226.641807669034
 20
214.4254990783381
 10
226.641807669034
 20
213.3509737964887
 10
226.0737114235163
 20
212.4990016829864
 10
225.1476697570812
 20
212.0914468870813
 10
225.1476697570812
 20
212.0914468870813
 10
226.8023491186466
 20
208.7820881639503
 10
226.8023491186466
 20
208.7820881639503
 10
226.8395561498874
 20
208.7080186110175
 10
226.8023491186466
 20
208.6339490580846
 10
226.7158772219669
 20
208.6339490580846
 10
226.7158772219669
 20
208.6339490580846
 10
224.9623236199747
 20
208.6339490580846
 10
224.9623236199747
 20
208.6339490580846
 97
        0
 97
        1
330
128
 75
     2
 76
     1
 98
        1
 10
0.0
 20
0.0
450
        0
451
        0
460
0.0
461
0.0
452
        0
462
0.0
453
        0
470

  0
SPLINE
  5
12A
330
115
100
AcDbEntity
  8
Ebene 1
100
AcDbSpline
210
0.0
220
0.0
230
1.0
 70
     9
 71
     3
 72
    65
 73
    61
 74
     0
 42
0.0000000001
 43
0.0000000001
 40
0.0
 40
0.0
 40
0.0
 40
0.0
 40
1.0
 40
1.0
 40
1.0
 40
2.0
 40
2.0
 40
2.0
 40
3.0
 40
3.0
 40
3.0
 40
4.0
 40
4.0
 40
4.0
 40
5.0
 40
5.0
 40
5.0
 40
6.0
 40
6.0
 40
6.0
 40
7.0
 40
7.0
 40
7.0
 40
8.0
 40
8.0
 40
8.0
 40
9.0
 40
9.0
 40
9.0
 40
10.0
 40
10.0
 40
10.0
 40
11.0
 40
11.0
 40
11.0
 40
12.0
 40
12.0
 40
12.0
 40
13.0
 40
13.0
 40
13.0
 40
14.0
 40
14.0
 40
14.0
 40
15.0
 40
15.0
 40
15.0
 40
16.0
 40
16.0
 40
16.0
 40
17.0
 40
17.0
 40
17.0
 40
18.0
 40
18.0
 40
18.0
 40
19.0
 40
19.0
 40
19.0
 40
20.0
 40
20.0
 40
20.0
 40
20.0
 10
230.5302869432355
 20
209.6464626211995
 30
0.0
 10
230.4810220777964
 20
209.6960719961871
 30
0.0
 10
230.4562173903026
 20
209.7821993833183
 30
0.0
 10
230.5178845994886
 20
209.8566134457998
 30
0.0
 10
230.5178845994886
 20
209.8566134457998
 30
0.0
 10
231.4566731192192
 20
210.9307942181007
 30
0.0
 10
231.4566731192192
 20
210.9307942181007
 30
0.0
 10
231.5059379846583
 20
210.9924614272866
 30
0.0
 10
231.5800075375911
 20
210.9924614272866
 30
0.0
 10
231.6416747467771
 20
210.9431965618476
 30
0.0
 10
232.1973686485479
 20
210.4984347347018
 30
0.0
 10
232.950811031172
 20
210.0788221045984
 30
0.0
 10
233.8396456663665
 20
210.0788221045984
 30
0.0
 10
234.7164224673626
 20
210.0788221045984
 30
0.0
 10
235.2104491599474
 20
210.4863769005034
 30
0.0
 10
235.2104491599474
 20
211.0789333239664
 30
0.0
 10
235.2104491599474
 20
211.5729600165512
 30
0.0
 10
234.9141709482159
 20
211.8816405720296
 30
0.0
 10
233.9137152192993
 20
212.0173773341484
 30
0.0
 10
233.9137152192993
 20
212.0173773341484
 30
0.0
 10
233.4692979017021
 20
212.0790445433344
 30
0.0
 10
233.4692979017021
 20
212.0790445433344
 30
0.0
 10
231.7653536746976
 20
212.3136555458799
 30
0.0
 10
230.8145073207686
 20
213.1163627939431
 30
0.0
 10
230.8145073207686
 20
214.5984428716976
 30
0.0
 10
230.8145073207686
 20
216.1418456490896
 30
0.0
 10
231.9751599897493
 20
217.1667615559514
 30
0.0
 10
233.7903808009274
 20
217.1667615559514
 30
0.0
 10
234.901768604469
 20
217.1667615559514
 30
0.0
 10
235.9390868550777
 20
216.8332763129792
 30
0.0
 10
236.6429198627143
 20
216.2899847549553
 30
0.0
 10
236.7169894156472
 20
216.2407198895162
 30
0.0
 10
236.729391759394
 20
216.1911105145286
 30
0.0
 10
236.6677245502081
 20
216.1046386178488
 30
0.0
 10
236.6677245502081
 20
216.1046386178488
 30
0.0
 10
235.9142821675839
 20
214.9811929801089
 30
0.0
 10
235.9142821675839
 20
214.9811929801089
 30
0.0
 10
235.8650173021449
 20
214.9191812613744
 30
0.0
 10
235.8033500929589
 20
214.907123427176
 30
0.0
 10
235.7413383742244
 20
214.9439859488682
 30
0.0
 10
235.0991725757738
 20
215.3639430885201
 30
0.0
 10
234.4818114648171
 20
215.5861517473188
 30
0.0
 10
233.7903808009274
 20
215.5861517473188
 30
0.0
 10
233.0493407620502
 20
215.5861517473188
 30
0.0
 10
232.6665906536389
 20
215.2034016389075
 30
0.0
 10
232.6665906536389
 20
214.6725124246305
 30
0.0
 10
232.6665906536389
 20
214.1908880757926
 30
0.0
 10
233.012478240358
 20
213.8822075203142
 30
0.0
 10
233.9757269380339
 20
213.7461262486468
 30
0.0
 10
233.9757269380339
 20
213.7461262486468
 30
0.0
 10
234.4201442556311
 20
213.6844590394609
 30
0.0
 10
234.4201442556311
 20
213.6844590394609
 30
0.0
 10
236.1488931701294
 20
213.4498480369153
 30
0.0
 10
237.0628770023663
 20
212.659543132599
 30
0.0
 10
237.0628770023663
 20
211.1406005331524
 30
0.0
 10
237.0628770023663
 20
209.6220024432542
 30
0.0
 10
235.9390868550777
 20
208.4982122959658
 30
0.0
 10
233.7655761134336
 20
208.4982122959658
 30
0.0
 10
232.4567843385872
 20
208.4982122959658
 30
0.0
 10
231.184855085433
 20
209.0166991664959
 30
0.0
 10
230.5302869432355
 20
209.6464626211995
 30
0.0
  0
HATCH
  5
12B
330
115
100
AcDbEntity
  8
Ebene 1
 62
    18
420
        0
440
 33554687
100
AcDbHatch
 10
0.0
 20
0.0
 30
0.0
210
0.0
220
0.0
230
1.0
  2
SOLID
 70
     1
 71
     1
 91
        1
 92
        1
 93
        1
 72
     4
 94
        3
 73
     0
 74
     0
 95
       65
 96
       61
 40
0.0
 40
0.0
 40
0.0
 40
0.0
 40
1.0
 40
1.0
 40
1.0
 40
2.0
 40
2.0
 40
2.0
 40
3.0
 40
3.0
 40
3.0
 40
4.0
 40
4.0
 40
4.0
 40
5.0
 40
5.0
 40
5.0
 40
6.0
 40
6.0
 40
6.0
 40
7.0
 40
7.0
 40
7.0
 40
8.0
 40
8.0
 40
8.0
 40
9.0
 40
9.0
 40
9.0
 40
10.0
 40
10.0
 40
10.0
 40
11.0
 40
11.0
 40
11.0
 40
12.0
 40
12.0
 40
12.0
 40
13.0
 40
13.0
 40
13.0
 40
14.0
 40
14.0
 40
14.0
 40
15.0
 40
15.0
 40
15.0
 40
16.0
 40
16.0
 40
16.0
 40
17.0
 40
17.0
 40
17.0
 40
18.0
 40
18.0
 40
18.0
 40
19.0
 40
19.0
 40
19.0
 40
20.0
 40
20.0
 40
20.0
 40
20.0
 10
230.5302869432355
 20
209.6464626211995
 10
230.4810220777964
 20
209.6960719961871
 10
230.4562173903026
 20
209.7821993833183
 10
230.5178845994886
 20
209.8566134457998
 10
230.5178845994886
 20
209.8566134457998
 10
231.4566731192192
 20
210.9307942181007
 10
231.4566731192192
 20
210.9307942181007
 10
231.5059379846583
 20
210.9924614272866
 10
231.5800075375911
 20
210.9924614272866
 10
231.6416747467771
 20
210.9431965618476
 10
232.1973686485479
 20
210.4984347347018
 10
232.950811031172
 20
210.0788221045984
 10
233.8396456663665
 20
210.0788221045984
 10
234.7164224673626
 20
210.0788221045984
 10
235.2104491599474
 20
210.4863769005034
 10
235.2104491599474
 20
211.0789333239664
 10
235.2104491599474
 20
211.5729600165512
 10
234.9141709482159
 20
211.8816405720296
 10
233.9137152192993
 20
212.0173773341484
 10
233.9137152192993
 20
212.0173773341484
 10
233.4692979017021
 20
212.0790445433344
 10
233.4692979017021
 20
212.0790445433344
 10
231.7653536746976
 20
212.3136555458799
 10
230.8145073207686
 20
213.1163627939431
 10
230.8145073207686
 20
214.5984428716976
 10
230.8145073207686
 20
216.1418456490896
 10
231.9751599897493
 20
217.1667615559514
 10
233.7903808009274
 20
217.1667615559514
 10
234.901768604469
 20
217.1667615559514
 10
235.9390868550777
 20
216.8332763129792
 10
236.6429198627143
 20
216.2899847549553
 10
236.7169894156472
 20
216.2407198895162
 10
236.729391759394
 20
216.1911105145286
 10
236.6677245502081
 20
216.1046386178488
 10
236.6677245502081
 20
216.1046386178488
 10
235.9142821675839
 20
214.9811929801089
 10
235.9142821675839
 20
214.9811929801089
 10
235.8650173021449
 20
214.9191812613744
 10
235.8033500929589
 20
214.907123427176
 10
235.7413383742244
 20
214.9439859488682
 10
235.0991725757738
 20
215.3639430885201
 10
234.4818114648171
 20
215.5861517473188
 10
233.7903808009274
 20
215.5861517473188
 10
233.0493407620502
 20
215.5861517473188
 10
232.6665906536389
 20
215.2034016389075
 10
232.6665906536389
 20
214.6725124246305
 10
232.6665906536389
 20
214.1908880757926
 10
233.012478240358
 20
213.8822075203142
 10
233.9757269380339
 20
213.7461262486468
 10
233.9757269380339
 20
213.7461262486468
 10
234.4201442556311
 20
213.6844590394609
 10
234.4201442556311
 20
213.6844590394609
 10
236.1488931701294
 20
213.4498480369153
 10
237.0628770023663
 20
212.659543132599
 10
237.0628770023663
 20
211.1406005331524
 10
237.0628770023663
 20
209.6220024432542
 10
235.9390868550777
 20
208.4982122959658
 10
233.7655761134336
 20
208.4982122959658
 10
232.4567843385872
 20
208.4982122959658
 10
231.184855085433
 20
209.0166991664959
 10
230.5302869432355
 20
209.6464626211995
 97
        0
 97
        1
330
12A
 75
     2
 76
     1
 98
        1
 10
0.0
 20
0.0
450
        0
451
        0
460
0.0
461
0.0
452
        0
462
0.0
453
        0
470

  0
SPLINE
  5
12C
330
115
100
AcDbEntity
  8
Ebene 1
100
AcDbSpline
210
0.0
220
0.0
230
1.0
 70
     9
 71
     3
 72
    77
 73
    73
 74
     0
 42
0.0000000001
 43
0.0000000001
 40
0.0
 40
0.0
 40
0.0
 40
0.0
 40
1.0
 40
1.0
 40
1.0
 40
2.0
 40
2.0
 40
2.0
 40
3.0
 40
3.0
 40
3.0
 40
4.0
 40
4.0
 40
4.0
 40
5.0
 40
5.0
 40
5.0
 40
6.0
 40
6.0
 40
6.0
 40
7.0
 40
7.0
 40
7.0
 40
8.0
 40
8.0
 40
8.0
 40
9.0
 40
9.0
 40
9.0
 40
10.0
 40
10.0
 40
10.0
 40
11.0
 40
11.0
 40
11.0
 40
12.0
 40
12.0
 40
12.0
 40
13.0
 40
13.0
 40
13.0
 40
14.0
 40
14.0
 40
14.0
 40
15.0
 40
15.0
 40
15.0
 40
16.0
 40
16.0
 40
16.0
 40
17.0
 40
17.0
 40
17.0
 40
18.0
 40
18.0
 40
18.0
 40
19.0
 40
19.0
 40
19.0
 40
20.0
 40
20.0
 40
20.0
 40
21.0
 40
21.0
 40
21.0
 40
22.0
 40
22.0
 40
22.0
 40
23.0
 40
23.0
 40
23.0
 40
24.0
 40
24.0
 40
24.0
 40
24.0
 10
238.2845078614358
 20
216.907345865912
 30
0.0
 10
238.2845078614358
 20
216.9814154188449
 30
0.0
 10
238.3337727268749
 20
217.0310247938325
 30
0.0
 10
238.4078422798078
 20
217.0310247938325
 30
0.0
 10
238.4078422798078
 20
217.0310247938325
 30
0.0
 10
243.7918375041562
 20
217.0310247938325
 30
0.0
 10
243.7918375041562
 20
217.0310247938325
 30
0.0
 10
243.8659070570891
 20
217.0310247938325
 30
0.0
 10
243.9151719225282
 20
216.9814154188449
 30
0.0
 10
243.9151719225282
 20
216.907345865912
 30
0.0
 10
243.9151719225282
 20
216.907345865912
 30
0.0
 10
243.9151719225282
 20
215.5861517473188
 30
0.0
 10
243.9151719225282
 20
215.5861517473188
 30
0.0
 10
243.9151719225282
 20
215.5120821943859
 30
0.0
 10
243.8659070570891
 20
215.4628173289468
 30
0.0
 10
243.7918375041562
 20
215.4628173289468
 30
0.0
 10
243.7918375041562
 20
215.4628173289468
 30
0.0
 10
240.1737982255468
 20
215.4628173289468
 30
0.0
 10
240.1737982255468
 20
215.4628173289468
 30
0.0
 10
240.1241888505592
 20
215.4628173289468
 30
0.0
 10
240.0997286726139
 20
215.438012641453
 30
0.0
 10
240.0997286726139
 20
215.388747776014
 30
0.0
 10
240.0997286726139
 20
215.388747776014
 30
0.0
 10
240.0997286726139
 20
213.7216660707015
 30
0.0
 10
240.0997286726139
 20
213.7216660707015
 30
0.0
 10
240.0997286726139
 20
213.6720566957139
 30
0.0
 10
240.1241888505592
 20
213.6475965177687
 30
0.0
 10
240.1737982255468
 20
213.6475965177687
 30
0.0
 10
240.1737982255468
 20
213.6475965177687
 30
0.0
 10
243.1868787369463
 20
213.6475965177687
 30
0.0
 10
243.1868787369463
 20
213.6475965177687
 30
0.0
 10
243.2609482898792
 20
213.6475965177687
 30
0.0
 10
243.3102131553183
 20
213.5979871427811
 30
0.0
 10
243.3102131553183
 20
213.5239175898482
 30
0.0
 10
243.3102131553183
 20
213.5239175898482
 30
0.0
 10
243.3102131553183
 20
212.2151258150018
 30
0.0
 10
243.3102131553183
 20
212.2151258150018
 30
0.0
 10
243.3102131553183
 20
212.1410562620689
 30
0.0
 10
243.2609482898792
 20
212.0914468870813
 30
0.0
 10
243.1868787369463
 20
212.0914468870813
 30
0.0
 10
243.1868787369463
 20
212.0914468870813
 30
0.0
 10
240.1737982255468
 20
212.0914468870813
 30
0.0
 10
240.1737982255468
 20
212.0914468870813
 30
0.0
 10
240.1241888505592
 20
212.0914468870813
 30
0.0
 10
240.0997286726139
 20
212.066986709136
 30
0.0
 10
240.0997286726139
 20
212.0173773341484
 30
0.0
 10
240.0997286726139
 20
212.0173773341484
 30
0.0
 10
240.0997286726139
 20
210.2762260759031
 30
0.0
 10
240.0997286726139
 20
210.2762260759031
 30
0.0
 10
240.0997286726139
 20
210.2269612104641
 30
0.0
 10
240.1241888505592
 20
210.2021565229703
 30
0.0
 10
240.1737982255468
 20
210.2021565229703
 30
0.0
 10
240.1737982255468
 20
210.2021565229703
 30
0.0
 10
243.7918375041562
 20
210.2021565229703
 30
0.0
 10
243.7918375041562
 20
210.2021565229703
 30
0.0
 10
243.8659070570891
 20
210.2021565229703
 30
0.0
 10
243.9151719225282
 20
210.1528916575312
 30
0.0
 10
243.9151719225282
 20
210.0788221045984
 30
0.0
 10
243.9151719225282
 20
210.0788221045984
 30
0.0
 10
243.9151719225282
 20
208.7572834764565
 30
0.0
 10
243.9151719225282
 20
208.7572834764565
 30
0.0
 10
243.9151719225282
 20
208.6832139235236
 30
0.0
 10
243.8659070570891
 20
208.6339490580846
 30
0.0
 10
243.7918375041562
 20
208.6339490580846
 30
0.0
 10
243.7918375041562
 20
208.6339490580846
 30
0.0
 10
238.4078422798078
 20
208.6339490580846
 30
0.0
 10
238.4078422798078
 20
208.6339490580846
 30
0.0
 10
238.3337727268749
 20
208.6339490580846
 30
0.0
 10
238.2845078614358
 20
208.6832139235236
 30
0.0
 10
238.2845078614358
 20
208.7572834764565
 30
0.0
 10
238.2845078614358
 20
208.7572834764565
 30
0.0
 10
238.2845078614358
 20
216.907345865912
 30
0.0
 10
238.2845078614358
 20
216.907345865912
 30
0.0
  0
HATCH
  5
12D
330
115
100
AcDbEntity
  8
Ebene 1
 62
    18
420
        0
440
 33554687
100
AcDbHatch
 10
0.0
 20
0.0
 30
0.0
210
0.0
220
0.0
230
1.0
  2
SOLID
 70
     1
 71
     1
 91
        1
 92
        1
 93
        1
 72
     4
 94
        3
 73
     0
 74
     0
 95
       77
 96
       73
 40
0.0
 40
0.0
 40
0.0
 40
0.0
 40
1.0
 40
1.0
 40
1.0
 40
2.0
 40
2.0
 40
2.0
 40
3.0
 40
3.0
 40
3.0
 40
4.0
 40
4.0
 40
4.0
 40
5.0
 40
5.0
 40
5.0
 40
6.0
 40
6.0
 40
6.0
 40
7.0
 40
7.0
 40
7.0
 40
8.0
 40
8.0
 40
8.0
 40
9.0
 40
9.0
 40
9.0
 40
10.0
 40
10.0
 40
10.0
 40
11.0
 40
11.0
 40
11.0
 40
12.0
 40
12.0
 40
12.0
 40
13.0
 40
13.0
 40
13.0
 40
14.0
 40
14.0
 40
14.0
 40
15.0
 40
15.0
 40
15.0
 40
16.0
 40
16.0
 40
16.0
 40
17.0
 40
17.0
 40
17.0
 40
18.0
 40
18.0
 40
18.0
 40
19.0
 40
19.0
 40
19.0
 40
20.0
 40
20.0
 40
20.0
 40
21.0
 40
21.0
 40
21.0
 40
22.0
 40
22.0
 40
22.0
 40
23.0
 40
23.0
 40
23.0
 40
24.0
 40
24.0
 40
24.0
 40
24.0
 10
238.2845078614358
 20
216.907345865912
 10
238.2845078614358
 20
216.9814154188449
 10
238.3337727268749
 20
217.0310247938325
 10
238.4078422798078
 20
217.0310247938325
 10
238.4078422798078
 20
217.0310247938325
 10
243.7918375041562
 20
217.0310247938325
 10
243.7918375041562
 20
217.0310247938325
 10
243.8659070570891
 20
217.0310247938325
 10
243.9151719225282
 20
216.9814154188449
 10
243.9151719225282
 20
216.907345865912
 10
243.9151719225282
 20
216.907345865912
 10
243.9151719225282
 20
215.5861517473188
 10
243.9151719225282
 20
215.5861517473188
 10
243.9151719225282
 20
215.5120821943859
 10
243.8659070570891
 20
215.4628173289468
 10
243.7918375041562
 20
215.4628173289468
 10
243.7918375041562
 20
215.4628173289468
 10
240.1737982255468
 20
215.4628173289468
 10
240.1737982255468
 20
215.4628173289468
 10
240.1241888505592
 20
215.4628173289468
 10
240.0997286726139
 20
215.438012641453
 10
240.0997286726139
 20
215.388747776014
 10
240.0997286726139
 20
215.388747776014
 10
240.0997286726139
 20
213.7216660707015
 10
240.0997286726139
 20
213.7216660707015
 10
240.0997286726139
 20
213.6720566957139
 10
240.1241888505592
 20
213.6475965177687
 10
240.1737982255468
 20
213.6475965177687
 10
240.1737982255468
 20
213.6475965177687
 10
243.1868787369463
 20
213.6475965177687
 10
243.1868787369463
 20
213.6475965177687
 10
243.2609482898792
 20
213.6475965177687
 10
243.3102131553183
 20
213.5979871427811
 10
243.3102131553183
 20
213.5239175898482
 10
243.3102131553183
 20
213.5239175898482
 10
243.3102131553183
 20
212.2151258150018
 10
243.3102131553183
 20
212.2151258150018
 10
243.3102131553183
 20
212.1410562620689
 10
243.2609482898792
 20
212.0914468870813
 10
243.1868787369463
 20
212.0914468870813
 10
243.1868787369463
 20
212.0914468870813
 10
240.1737982255468
 20
212.0914468870813
 10
240.1737982255468
 20
212.0914468870813
 10
240.1241888505592
 20
212.0914468870813
 10
240.0997286726139
 20
212.066986709136
 10
240.0997286726139
 20
212.0173773341484
 10
240.0997286726139
 20
212.0173773341484
 10
240.0997286726139
 20
210.2762260759031
 10
240.0997286726139
 20
210.2762260759031
 10
240.0997286726139
 20
210.2269612104641
 10
240.1241888505592
 20
210.2021565229703
 10
240.1737982255468
 20
210.2021565229703
 10
240.1737982255468
 20
210.2021565229703
 10
243.7918375041562
 20
210.2021565229703
 10
243.7918375041562
 20
210.2021565229703
 10
243.8659070570891
 20
210.2021565229703
 10
243.9151719225282
 20
210.1528916575312
 10
243.9151719225282
 20
210.0788221045984
 10
243.9151719225282
 20
210.0788221045984
 10
243.9151719225282
 20
208.7572834764565
 10
243.9151719225282
 20
208.7572834764565
 10
243.9151719225282
 20
208.6832139235236
 10
243.8659070570891
 20
208.6339490580846
 10
243.7918375041562
 20
208.6339490580846
 10
243.7918375041562
 20
208.6339490580846
 10
238.4078422798078
 20
208.6339490580846
 10
238.4078422798078
 20
208.6339490580846
 10
238.3337727268749
 20
208.6339490580846
 10
238.2845078614358
 20
208.6832139235236
 10
238.2845078614358
 20
208.7572834764565
 10
238.2845078614358
 20
208.7572834764565
 10
238.2845078614358
 20
216.907345865912
 10
238.2845078614358
 20
216.907345865912
 97
        0
 97
        1
330
12C
 75
     2
 76
     1
 98
        1
 10
0.0
 20
0.0
450
        0
451
        0
460
0.0
461
0.0
452
        0
462
0.0
453
        0
470

  0
SPLINE
  5
12E
330
115
100
AcDbEntity
  8
Ebene 1
100
AcDbSpline
210
0.0
220
0.0
230
1.0
 70
     9
 71
     3
 72
    26
 73
    22
 74
     0
 42
0.0000000001
 43
0.0000000001
 40
0.0
 40
0.0
 40
0.0
 40
0.0
 40
1.0
 40
1.0
 40
1.0
 40
2.0
 40
2.0
 40
2.0
 40
3.0
 40
3.0
 40
3.0
 40
4.0
 40
4.0
 40
4.0
 40
5.0
 40
5.0
 40
5.0
 40
6.0
 40
6.0
 40
6.0
 40
7.0
 40
7.0
 40
7.0
 40
7.0
 10
249.7677001328706
 20
214.4254990783381
 30
0.0
 10
249.7677001328706
 20
215.0552625330417
 30
0.0
 10
249.3229383057248
 20
215.4628173289468
 30
0.0
 10
248.6315076418352
 20
215.4628173289468
 30
0.0
 10
248.6315076418352
 20
215.4628173289468
 30
0.0
 10
247.1497720736292
 20
215.4628173289468
 30
0.0
 10
247.1497720736292
 20
215.4628173289468
 30
0.0
 10
247.1001626986416
 20
215.4628173289468
 30
0.0
 10
247.0757025206963
 20
215.438012641453
 30
0.0
 10
247.0757025206963
 20
215.388747776014
 30
0.0
 10
247.0757025206963
 20
215.388747776014
 30
0.0
 10
247.0757025206963
 20
213.4498480369153
 30
0.0
 10
247.0757025206963
 20
213.4498480369153
 30
0.0
 10
247.0757025206963
 20
213.4005831714762
 30
0.0
 10
247.1001626986416
 20
213.3757784839825
 30
0.0
 10
247.1497720736292
 20
213.3757784839825
 30
0.0
 10
247.1497720736292
 20
213.3757784839825
 30
0.0
 10
248.6315076418352
 20
213.3757784839825
 30
0.0
 10
248.6315076418352
 20
213.3757784839825
 30
0.0
 10
249.3229383057248
 20
213.3757784839825
 30
0.0
 10
249.7677001328706
 20
213.7833332798875
 30
0.0
 10
249.7677001328706
 20
214.4254990783381
 30
0.0
  0
SPLINE
  5
12F
330
115
100
AcDbEntity
  8
Ebene 1
100
AcDbSpline
210
0.0
220
0.0
230
1.0
 70
     9
 71
     3
 72
    53
 73
    49
 74
     0
 42
0.0000000001
 43
0.0000000001
 40
0.0
 40
0.0
 40
0.0
 40
0.0
 40
1.0
 40
1.0
 40
1.0
 40
2.0
 40
2.0
 40
2.0
 40
3.0
 40
3.0
 40
3.0
 40
4.0
 40
4.0
 40
4.0
 40
5.0
 40
5.0
 40
5.0
 40
6.0
 40
6.0
 40
6.0
 40
7.0
 40
7.0
 40
7.0
 40
8.0
 40
8.0
 40
8.0
 40
9.0
 40
9.0
 40
9.0
 40
10.0
 40
10.0
 40
10.0
 40
11.0
 40
11.0
 40
11.0
 40
12.0
 40
12.0
 40
12.0
 40
13.0
 40
13.0
 40
13.0
 40
14.0
 40
14.0
 40
14.0
 40
15.0
 40
15.0
 40
15.0
 40
16.0
 40
16.0
 40
16.0
 40
16.0
 10
249.9034368949894
 20
208.6339490580846
 30
0.0
 10
249.7921603108159
 20
208.6339490580846
 30
0.0
 10
249.7552977891237
 20
208.6711560893253
 30
0.0
 10
249.718090757883
 20
208.7572834764565
 30
0.0
 10
249.718090757883
 20
208.7572834764565
 30
0.0
 10
248.2732177113692
 20
211.8323757065905
 30
0.0
 10
248.2732177113692
 20
211.8323757065905
 30
0.0
 10
248.2732177113692
 20
211.8323757065905
 30
0.0
 10
247.1497720736292
 20
211.8323757065905
 30
0.0
 10
247.1497720736292
 20
211.8323757065905
 30
0.0
 10
247.1001626986416
 20
211.8323757065905
 30
0.0
 10
247.0757025206963
 20
211.8075710190967
 30
0.0
 10
247.0757025206963
 20
211.7579616441092
 30
0.0
 10
247.0757025206963
 20
211.7579616441092
 30
0.0
 10
247.0757025206963
 20
208.7572834764565
 30
0.0
 10
247.0757025206963
 20
208.7572834764565
 30
0.0
 10
247.0757025206963
 20
208.6832139235236
 30
0.0
 10
247.0260931457088
 20
208.6339490580846
 30
0.0
 10
246.9520235927759
 20
208.6339490580846
 30
0.0
 10
246.9520235927759
 20
208.6339490580846
 30
0.0
 10
245.3838161278901
 20
208.6339490580846
 30
0.0
 10
245.3838161278901
 20
208.6339490580846
 30
0.0
 10
245.3097465749573
 20
208.6339490580846
 30
0.0
 10
245.2604817095182
 20
208.6832139235236
 30
0.0
 10
245.2604817095182
 20
208.7572834764565
 30
0.0
 10
245.2604817095182
 20
208.7572834764565
 30
0.0
 10
245.2604817095182
 20
216.907345865912
 30
0.0
 10
245.2604817095182
 20
216.907345865912
 30
0.0
 10
245.2604817095182
 20
216.9814154188449
 30
0.0
 10
245.3097465749573
 20
217.0310247938325
 30
0.0
 10
245.3838161278901
 20
217.0310247938325
 30
0.0
 10
245.3838161278901
 20
217.0310247938325
 30
0.0
 10
248.7303818822619
 20
217.0310247938325
 30
0.0
 10
248.7303818822619
 20
217.0310247938325
 30
0.0
 10
250.4467284530133
 20
217.0310247938325
 30
0.0
 10
251.5829209440487
 20
215.9564995119831
 30
0.0
 10
251.5829209440487
 20
214.4254990783381
 30
0.0
 10
251.5829209440487
 20
213.3509737964887
 30
0.0
 10
251.014824698531
 20
212.4990016829864
 30
0.0
 10
250.0884385225473
 20
212.0914468870813
 30
0.0
 10
250.0884385225473
 20
212.0914468870813
 30
0.0
 10
251.7434623936614
 20
208.7820881639503
 30
0.0
 10
251.7434623936614
 20
208.7820881639503
 30
0.0
 10
251.7803249153535
 20
208.7080186110175
 30
0.0
 10
251.7434623936614
 20
208.6339490580846
 30
0.0
 10
251.6569904969816
 20
208.6339490580846
 30
0.0
 10
251.6569904969816
 20
208.6339490580846
 30
0.0
 10
249.9034368949894
 20
208.6339490580846
 30
0.0
 10
249.9034368949894
 20
208.6339490580846
 30
0.0
  0
HATCH
  5
130
330
115
100
AcDbEntity
  8
Ebene 1
 62
    18
420
        0
440
 33554687
100
AcDbHatch
 10
0.0
 20
0.0
 30
0.0
210
0.0
220
0.0
230
1.0
  2
SOLID
 70
     1
 71
     1
 91
        2
 92
        1
 93
        1
 72
     4
 94
        3
 73
     0
 74
     0
 95
       26
 96
       22
 40
0.0
 40
0.0
 40
0.0
 40
0.0
 40
1.0
 40
1.0
 40
1.0
 40
2.0
 40
2.0
 40
2.0
 40
3.0
 40
3.0
 40
3.0
 40
4.0
 40
4.0
 40
4.0
 40
5.0
 40
5.0
 40
5.0
 40
6.0
 40
6.0
 40
6.0
 40
7.0
 40
7.0
 40
7.0
 40
7.0
 10
249.7677001328706
 20
214.4254990783381
 10
249.7677001328706
 20
215.0552625330417
 10
249.3229383057248
 20
215.4628173289468
 10
248.6315076418352
 20
215.4628173289468
 10
248.6315076418352
 20
215.4628173289468
 10
247.1497720736292
 20
215.4628173289468
 10
247.1497720736292
 20
215.4628173289468
 10
247.1001626986416
 20
215.4628173289468
 10
247.0757025206963
 20
215.438012641453
 10
247.0757025206963
 20
215.388747776014
 10
247.0757025206963
 20
215.388747776014
 10
247.0757025206963
 20
213.4498480369153
 10
247.0757025206963
 20
213.4498480369153
 10
247.0757025206963
 20
213.4005831714762
 10
247.1001626986416
 20
213.3757784839825
 10
247.1497720736292
 20
213.3757784839825
 10
247.1497720736292
 20
213.3757784839825
 10
248.6315076418352
 20
213.3757784839825
 10
248.6315076418352
 20
213.3757784839825
 10
249.3229383057248
 20
213.3757784839825
 10
249.7677001328706
 20
213.7833332798875
 10
249.7677001328706
 20
214.4254990783381
 97
        0
 97
        1
330
12E
 92
        1
 93
        1
 72
     4
 94
        3
 73
     0
 74
     0
 95
       53
 96
       49
 40
0.0
 40
0.0
 40
0.0
 40
0.0
 40
1.0
 40
1.0
 40
1.0
 40
2.0
 40
2.0
 40
2.0
 40
3.0
 40
3.0
 40
3.0
 40
4.0
 40
4.0
 40
4.0
 40
5.0
 40
5.0
 40
5.0
 40
6.0
 40
6.0
 40
6.0
 40
7.0
 40
7.0
 40
7.0
 40
8.0
 40
8.0
 40
8.0
 40
9.0
 40
9.0
 40
9.0
 40
10.0
 40
10.0
 40
10.0
 40
11.0
 40
11.0
 40
11.0
 40
12.0
 40
12.0
 40
12.0
 40
13.0
 40
13.0
 40
13.0
 40
14.0
 40
14.0
 40
14.0
 40
15.0
 40
15.0
 40
15.0
 40
16.0
 40
16.0
 40
16.0
 40
16.0
 10
249.9034368949894
 20
208.6339490580846
 10
249.7921603108159
 20
208.6339490580846
 10
249.7552977891237
 20
208.6711560893253
 10
249.718090757883
 20
208.7572834764565
 10
249.718090757883
 20
208.7572834764565
 10
248.2732177113692
 20
211.8323757065905
 10
248.2732177113692
 20
211.8323757065905
 10
248.2732177113692
 20
211.8323757065905
 10
247.1497720736292
 20
211.8323757065905
 10
247.1497720736292
 20
211.8323757065905
 10
247.1001626986416
 20
211.8323757065905
 10
247.0757025206963
 20
211.8075710190967
 10
247.0757025206963
 20
211.7579616441092
 10
247.0757025206963
 20
211.7579616441092
 10
247.0757025206963
 20
208.7572834764565
 10
247.0757025206963
 20
208.7572834764565
 10
247.0757025206963
 20
208.6832139235236
 10
247.0260931457088
 20
208.6339490580846
 10
246.9520235927759
 20
208.6339490580846
 10
246.9520235927759
 20
208.6339490580846
 10
245.3838161278901
 20
208.6339490580846
 10
245.3838161278901
 20
208.6339490580846
 10
245.3097465749573
 20
208.6339490580846
 10
245.2604817095182
 20
208.6832139235236
 10
245.2604817095182
 20
208.7572834764565
 10
245.2604817095182
 20
208.7572834764565
 10
245.2604817095182
 20
216.907345865912
 10
245.2604817095182
 20
216.907345865912
 10
245.2604817095182
 20
216.9814154188449
 10
245.3097465749573
 20
217.0310247938325
 10
245.3838161278901
 20
217.0310247938325
 10
245.3838161278901
 20
217.0310247938325
 10
248.7303818822619
 20
217.0310247938325
 10
248.7303818822619
 20
217.0310247938325
 10
250.4467284530133
 20
217.0310247938325
 10
251.5829209440487
 20
215.9564995119831
 10
251.5829209440487
 20
214.4254990783381
 10
251.5829209440487
 20
213.3509737964887
 10
251.014824698531
 20
212.4990016829864
 10
250.0884385225473
 20
212.0914468870813
 10
250.0884385225473
 20
212.0914468870813
 10
251.7434623936614
 20
208.7820881639503
 10
251.7434623936614
 20
208.7820881639503
 10
251.7803249153535
 20
208.7080186110175
 10
251.7434623936614
 20
208.6339490580846
 10
251.6569904969816
 20
208.6339490580846
 10
251.6569904969816
 20
208.6339490580846
 10
249.9034368949894
 20
208.6339490580846
 10
249.9034368949894
 20
208.6339490580846
 97
        0
 97
        1
330
12F
 75
     2
 76
     1
 98
        1
 10
0.0
 20
0.0
450
        0
451
        0
460
0.0
461
0.0
452
        0
462
0.0
453
        0
470

  0
SPLINE
  5
131
330
115
100
AcDbEntity
  8
Ebene 1
100
AcDbSpline
210
0.0
220
0.0
230
1.0
 70
     9
 71
     3
 72
    47
 73
    43
 74
     0
 42
0.0000000001
 43
0.0000000001
 40
0.0
 40
0.0
 40
0.0
 40
0.0
 40
1.0
 40
1.0
 40
1.0
 40
2.0
 40
2.0
 40
2.0
 40
3.0
 40
3.0
 40
3.0
 40
4.0
 40
4.0
 40
4.0
 40
5.0
 40
5.0
 40
5.0
 40
6.0
 40
6.0
 40
6.0
 40
7.0
 40
7.0
 40
7.0
 40
8.0
 40
8.0
 40
8.0
 40
9.0
 40
9.0
 40
9.0
 40
10.0
 40
10.0
 40
10.0
 40
11.0
 40
11.0
 40
11.0
 40
12.0
 40
12.0
 40
12.0
 40
13.0
 40
13.0
 40
13.0
 40
14.0
 40
14.0
 40
14.0
 40
14.0
 10
254.9532578572687
 20
208.6339490580846
 30
0.0
 10
254.8667859605889
 20
208.6339490580846
 30
0.0
 10
254.8171765856013
 20
208.6832139235236
 30
0.0
 10
254.792716407656
 20
208.7572834764565
 30
0.0
 10
254.792716407656
 20
208.7572834764565
 30
0.0
 10
252.1255234829756
 20
216.8949435221652
 30
0.0
 10
252.1255234829756
 20
216.8949435221652
 30
0.0
 10
252.1007187954818
 20
216.9814154188449
 30
0.0
 10
252.1499836609208
 20
217.0310247938325
 30
0.0
 10
252.2364555576006
 20
217.0310247938325
 30
0.0
 10
252.2364555576006
 20
217.0310247938325
 30
0.0
 10
253.841870053727
 20
217.0310247938325
 30
0.0
 10
253.841870053727
 20
217.0310247938325
 30
0.0
 10
253.9283419504068
 20
217.0310247938325
 30
0.0
 10
253.9776068158459
 20
216.9938177625919
 30
0.0
 10
254.0024115033397
 20
216.907345865912
 30
0.0
 10
254.0024115033397
 20
216.907345865912
 30
0.0
 10
255.681895552399
 20
211.4000162231917
 30
0.0
 10
255.681895552399
 20
211.4000162231917
 30
0.0
 10
255.681895552399
 20
211.4000162231917
 30
0.0
 10
255.7187580740912
 20
211.4000162231917
 30
0.0
 10
255.7187580740912
 20
211.4000162231917
 30
0.0
 10
255.7187580740912
 20
211.4000162231917
 30
0.0
 10
257.3486327481628
 20
216.907345865912
 30
0.0
 10
257.3486327481628
 20
216.907345865912
 30
0.0
 10
257.3734374356566
 20
216.9938177625919
 30
0.0
 10
257.4227023010958
 20
217.0310247938325
 30
0.0
 10
257.5091741977755
 20
217.0310247938325
 30
0.0
 10
257.5091741977755
 20
217.0310247938325
 30
0.0
 10
259.102186350155
 20
217.0310247938325
 30
0.0
 10
259.102186350155
 20
217.0310247938325
 30
0.0
 10
259.1762559030879
 20
217.0310247938325
 30
0.0
 10
259.2258652780755
 20
216.9814154188449
 30
0.0
 10
259.2010605905817
 20
216.8949435221652
 30
0.0
 10
259.2010605905817
 20
216.8949435221652
 30
0.0
 10
256.5338676659012
 20
208.7572834764565
 30
0.0
 10
256.5338676659012
 20
208.7572834764565
 30
0.0
 10
256.5090629784075
 20
208.6832139235236
 30
0.0
 10
256.4597981129684
 20
208.6339490580846
 30
0.0
 10
256.3857285600355
 20
208.6339490580846
 30
0.0
 10
256.3857285600355
 20
208.6339490580846
 30
0.0
 10
254.9532578572687
 20
208.6339490580846
 30
0.0
 10
254.9532578572687
 20
208.6339490580846
 30
0.0
  0
HATCH
  5
132
330
115
100
AcDbEntity
  8
Ebene 1
 62
    18
420
        0
440
 33554687
100
AcDbHatch
 10
0.0
 20
0.0
 30
0.0
210
0.0
220
0.0
230
1.0
  2
SOLID
 70
     1
 71
     1
 91
        1
 92
        1
 93
        1
 72
     4
 94
        3
 73
     0
 74
     0
 95
       47
 96
       43
 40
0.0
 40
0.0
 40
0.0
 40
0.0
 40
1.0
 40
1.0
 40
1.0
 40
2.0
 40
2.0
 40
2.0
 40
3.0
 40
3.0
 40
3.0
 40
4.0
 40
4.0
 40
4.0
 40
5.0
 40
5.0
 40
5.0
 40
6.0
 40
6.0
 40
6.0
 40
7.0
 40
7.0
 40
7.0
 40
8.0
 40
8.0
 40
8.0
 40
9.0
 40
9.0
 40
9.0
 40
10.0
 40
10.0
 40
10.0
 40
11.0
 40
11.0
 40
11.0
 40
12.0
 40
12.0
 40
12.0
 40
13.0
 40
13.0
 40
13.0
 40
14.0
 40
14.0
 40
14.0
 40
14.0
 10
254.9532578572687
 20
208.6339490580846
 10
254.8667859605889
 20
208.6339490580846
 10
254.8171765856013
 20
208.6832139235236
 10
254.792716407656
 20
208.7572834764565
 10
254.792716407656
 20
208.7572834764565
 10
252.1255234829756
 20
216.8949435221652
 10
252.1255234829756
 20
216.8949435221652
 10
252.1007187954818
 20
216.9814154188449
 10
252.1499836609208
 20
217.0310247938325
 10
252.2364555576006
 20
217.0310247938325
 10
252.2364555576006
 20
217.0310247938325
 10
253.841870053727
 20
217.0310247938325
 10
253.841870053727
 20
217.0310247938325
 10
253.9283419504068
 20
217.0310247938325
 10
253.9776068158459
 20
216.9938177625919
 10
254.0024115033397
 20
216.907345865912
 10
254.0024115033397
 20
216.907345865912
 10
255.681895552399
 20
211.4000162231917
 10
255.681895552399
 20
211.4000162231917
 10
255.681895552399
 20
211.4000162231917
 10
255.7187580740912
 20
211.4000162231917
 10
255.7187580740912
 20
211.4000162231917
 10
255.7187580740912
 20
211.4000162231917
 10
257.3486327481628
 20
216.907345865912
 10
257.3486327481628
 20
216.907345865912
 10
257.3734374356566
 20
216.9938177625919
 10
257.4227023010958
 20
217.0310247938325
 10
257.5091741977755
 20
217.0310247938325
 10
257.5091741977755
 20
217.0310247938325
 10
259.102186350155
 20
217.0310247938325
 10
259.102186350155
 20
217.0310247938325
 10
259.1762559030879
 20
217.0310247938325
 10
259.2258652780755
 20
216.9814154188449
 10
259.2010605905817
 20
216.8949435221652
 10
259.2010605905817
 20
216.8949435221652
 10
256.5338676659012
 20
208.7572834764565
 10
256.5338676659012
 20
208.7572834764565
 10
256.5090629784075
 20
208.6832139235236
 10
256.4597981129684
 20
208.6339490580846
 10
256.3857285600355
 20
208.6339490580846
 10
256.3857285600355
 20
208.6339490580846
 10
254.9532578572687
 20
208.6339490580846
 10
254.9532578572687
 20
208.6339490580846
 97
        0
 97
        1
330
131
 75
     2
 76
     1
 98
        1
 10
0.0
 20
0.0
450
        0
451
        0
460
0.0
461
0.0
452
        0
462
0.0
453
        0
470

  0
SPLINE
  5
133
330
115
100
AcDbEntity
  8
Ebene 1
100
AcDbSpline
210
0.0
220
0.0
230
1.0
 70
     9
 71
     3
 72
    29
 73
    25
 74
     0
 42
0.0000000001
 43
0.0000000001
 40
0.0
 40
0.0
 40
0.0
 40
0.0
 40
1.0
 40
1.0
 40
1.0
 40
2.0
 40
2.0
 40
2.0
 40
3.0
 40
3.0
 40
3.0
 40
4.0
 40
4.0
 40
4.0
 40
5.0
 40
5.0
 40
5.0
 40
6.0
 40
6.0
 40
6.0
 40
7.0
 40
7.0
 40
7.0
 40
8.0
 40
8.0
 40
8.0
 40
8.0
 10
260.1388155816667
 20
216.907345865912
 30
0.0
 10
260.1388155816667
 20
216.9814154188449
 30
0.0
 10
260.1880804471058
 20
217.0310247938325
 30
0.0
 10
260.2621500000386
 20
217.0310247938325
 30
0.0
 10
260.2621500000386
 20
217.0310247938325
 30
0.0
 10
261.8303574649244
 20
217.0310247938325
 30
0.0
 10
261.8303574649244
 20
217.0310247938325
 30
0.0
 10
261.9044270178572
 20
217.0310247938325
 30
0.0
 10
261.9540363928448
 20
216.9814154188449
 30
0.0
 10
261.9540363928448
 20
216.907345865912
 30
0.0
 10
261.9540363928448
 20
216.907345865912
 30
0.0
 10
261.9540363928448
 20
208.7572834764565
 30
0.0
 10
261.9540363928448
 20
208.7572834764565
 30
0.0
 10
261.9540363928448
 20
208.6832139235236
 30
0.0
 10
261.9044270178572
 20
208.6339490580846
 30
0.0
 10
261.8303574649244
 20
208.6339490580846
 30
0.0
 10
261.8303574649244
 20
208.6339490580846
 30
0.0
 10
260.2621500000386
 20
208.6339490580846
 30
0.0
 10
260.2621500000386
 20
208.6339490580846
 30
0.0
 10
260.1880804471058
 20
208.6339490580846
 30
0.0
 10
260.1388155816667
 20
208.6832139235236
 30
0.0
 10
260.1388155816667
 20
208.7572834764565
 30
0.0
 10
260.1388155816667
 20
208.7572834764565
 30
0.0
 10
260.1388155816667
 20
216.907345865912
 30
0.0
 10
260.1388155816667
 20
216.907345865912
 30
0.0
  0
HATCH
  5
134
330
115
100
AcDbEntity
  8
Ebene 1
 62
    18
420
        0
440
 33554687
100
AcDbHatch
 10
0.0
 20
0.0
 30
0.0
210
0.0
220
0.0
230
1.0
  2
SOLID
 70
     1
 71
     1
 91
        1
 92
        1
 93
        1
 72
     4
 94
        3
 73
     0
 74
     0
 95
       29
 96
       25
 40
0.0
 40
0.0
 40
0.0
 40
0.0
 40
1.0
 40
1.0
 40
1.0
 40
2.0
 40
2.0
 40
2.0
 40
3.0
 40
3.0
 40
3.0
 40
4.0
 40
4.0
 40
4.0
 40
5.0
 40
5.0
 40
5.0
 40
6.0
 40
6.0
 40
6.0
 40
7.0
 40
7.0
 40
7.0
 40
8.0
 40
8.0
 40
8.0
 40
8.0
 10
260.1388155816667
 20
216.907345865912
 10
260.1388155816667
 20
216.9814154188449
 10
260.1880804471058
 20
217.0310247938325
 10
260.2621500000386
 20
217.0310247938325
 10
260.2621500000386
 20
217.0310247938325
 10
261.8303574649244
 20
217.0310247938325
 10
261.8303574649244
 20
217.0310247938325
 10
261.9044270178572
 20
217.0310247938325
 10
261.9540363928448
 20
216.9814154188449
 10
261.9540363928448
 20
216.907345865912
 10
261.9540363928448
 20
216.907345865912
 10
261.9540363928448
 20
208.7572834764565
 10
261.9540363928448
 20
208.7572834764565
 10
261.9540363928448
 20
208.6832139235236
 10
261.9044270178572
 20
208.6339490580846
 10
261.8303574649244
 20
208.6339490580846
 10
261.8303574649244
 20
208.6339490580846
 10
260.2621500000386
 20
208.6339490580846
 10
260.2621500000386
 20
208.6339490580846
 10
260.1880804471058
 20
208.6339490580846
 10
260.1388155816667
 20
208.6832139235236
 10
260.1388155816667
 20
208.7572834764565
 10
260.1388155816667
 20
208.7572834764565
 10
260.1388155816667
 20
216.907345865912
 10
260.1388155816667
 20
216.907345865912
 97
        0
 97
        1
330
133
 75
     2
 76
     1
 98
        1
 10
0.0
 20
0.0
450
        0
451
        0
460
0.0
461
0.0
452
        0
462
0.0
453
        0
470

  0
SPLINE
  5
135
330
115
100
AcDbEntity
  8
Ebene 1
100
AcDbSpline
210
0.0
220
0.0
230
1.0
 70
     9
 71
     3
 72
    59
 73
    55
 74
     0
 42
0.0000000001
 43
0.0000000001
 40
0.0
 40
0.0
 40
0.0
 40
0.0
 40
1.0
 40
1.0
 40
1.0
 40
2.0
 40
2.0
 40
2.0
 40
3.0
 40
3.0
 40
3.0
 40
4.0
 40
4.0
 40
4.0
 40
5.0
 40
5.0
 40
5.0
 40
6.0
 40
6.0
 40
6.0
 40
7.0
 40
7.0
 40
7.0
 40
8.0
 40
8.0
 40
8.0
 40
9.0
 40
9.0
 40
9.0
 40
10.0
 40
10.0
 40
10.0
 40
11.0
 40
11.0
 40
11.0
 40
12.0
 40
12.0
 40
12.0
 40
13.0
 40
13.0
 40
13.0
 40
14.0
 40
14.0
 40
14.0
 40
15.0
 40
15.0
 40
15.0
 40
16.0
 40
16.0
 40
16.0
 40
17.0
 40
17.0
 40
17.0
 40
18.0
 40
18.0
 40
18.0
 40
18.0
 10
263.3365532110756
 20
212.8324869259586
 30
0.0
 10
263.3365532110756
 20
214.1288763570581
 30
0.0
 10
263.3858180765147
 20
214.5612358404569
 30
0.0
 10
263.5711642136211
 20
215.1045273984808
 30
0.0
 10
264.0155815312184
 20
216.4753308920617
 30
0.0
 10
265.0901068130678
 20
217.1667615559514
 30
0.0
 10
266.5594400375268
 20
217.1667615559514
 30
0.0
 10
267.9795083965468
 20
217.1667615559514
 30
0.0
 10
269.0168266471555
 20
216.4753308920617
 30
0.0
 10
269.4860486522466
 20
215.3022758793341
 30
0.0
 10
269.5232556834873
 20
215.2402641605997
 30
0.0
 10
269.4984509959934
 20
215.1785969514137
 30
0.0
 10
269.4243814430606
 20
215.1541367734684
 30
0.0
 10
269.4243814430606
 20
215.1541367734684
 30
0.0
 10
268.0783826369735
 20
214.54883349671
 30
0.0
 10
268.0783826369735
 20
214.54883349671
 30
0.0
 10
268.0043130840406
 20
214.5119709750178
 30
0.0
 10
267.9426458748547
 20
214.5364311529631
 30
0.0
 10
267.9054388436139
 20
214.610500705896
 30
0.0
 10
267.6708278410684
 20
215.1541367734684
 30
0.0
 10
267.2756753889103
 20
215.5613470598249
 30
0.0
 10
266.5718423812737
 20
215.5613470598249
 30
0.0
 10
265.9172742390762
 20
215.5613470598249
 30
0.0
 10
265.4976616089728
 20
215.2158039826544
 30
0.0
 10
265.3123154718664
 20
214.6353053933898
 30
0.0
 10
265.2134412314397
 20
214.3266248379114
 30
0.0
 10
265.1765787097476
 20
214.0303466261799
 30
0.0
 10
265.1765787097476
 20
212.8324869259586
 30
0.0
 10
265.1765787097476
 20
211.6346272257372
 30
0.0
 10
265.2134412314397
 20
211.3383490140057
 30
0.0
 10
265.3123154718664
 20
211.0296684585273
 30
0.0
 10
265.4976616089728
 20
210.4491698692627
 30
0.0
 10
265.9172742390762
 20
210.1032822825436
 30
0.0
 10
266.5718423812737
 20
210.1032822825436
 30
0.0
 10
267.2756753889103
 20
210.1032822825436
 30
0.0
 10
267.6708278410684
 20
210.5108370784487
 30
0.0
 10
267.9054388436139
 20
211.0541286364726
 30
0.0
 10
267.9426458748547
 20
211.1281981894054
 30
0.0
 10
268.0043130840406
 20
211.1530028768993
 30
0.0
 10
268.0783826369735
 20
211.1161403552071
 30
0.0
 10
268.0783826369735
 20
211.1161403552071
 30
0.0
 10
269.4243814430606
 20
210.5108370784487
 30
0.0
 10
269.4243814430606
 20
210.5108370784487
 30
0.0
 10
269.4984509959934
 20
210.4863769005034
 30
0.0
 10
269.5232556834873
 20
210.4243651817689
 30
0.0
 10
269.4860486522466
 20
210.362697972583
 30
0.0
 10
269.0168266471555
 20
209.1896429598554
 30
0.0
 10
267.9795083965468
 20
208.4982122959658
 30
0.0
 10
266.5594400375268
 20
208.4982122959658
 30
0.0
 10
265.0901068130678
 20
208.4982122959658
 30
0.0
 10
264.0155815312184
 20
209.1896429598554
 30
0.0
 10
263.5711642136211
 20
210.5604464534363
 30
0.0
 10
263.3858180765147
 20
211.1037380114602
 30
0.0
 10
263.3365532110756
 20
211.5357529853105
 30
0.0
 10
263.3365532110756
 20
212.8324869259586
 30
0.0
  0
HATCH
  5
136
330
115
100
AcDbEntity
  8
Ebene 1
 62
    18
420
        0
440
 33554687
100
AcDbHatch
 10
0.0
 20
0.0
 30
0.0
210
0.0
220
0.0
230
1.0
  2
SOLID
 70
     1
 71
     1
 91
        1
 92
        1
 93
        1
 72
     4
 94
        3
 73
     0
 74
     0
 95
       59
 96
       55
 40
0.0
 40
0.0
 40
0.0
 40
0.0
 40
1.0
 40
1.0
 40
1.0
 40
2.0
 40
2.0
 40
2.0
 40
3.0
 40
3.0
 40
3.0
 40
4.0
 40
4.0
 40
4.0
 40
5.0
 40
5.0
 40
5.0
 40
6.0
 40
6.0
 40
6.0
 40
7.0
 40
7.0
 40
7.0
 40
8.0
 40
8.0
 40
8.0
 40
9.0
 40
9.0
 40
9.0
 40
10.0
 40
10.0
 40
10.0
 40
11.0
 40
11.0
 40
11.0
 40
12.0
 40
12.0
 40
12.0
 40
13.0
 40
13.0
 40
13.0
 40
14.0
 40
14.0
 40
14.0
 40
15.0
 40
15.0
 40
15.0
 40
16.0
 40
16.0
 40
16.0
 40
17.0
 40
17.0
 40
17.0
 40
18.0
 40
18.0
 40
18.0
 40
18.0
 10
263.3365532110756
 20
212.8324869259586
 10
263.3365532110756
 20
214.1288763570581
 10
263.3858180765147
 20
214.5612358404569
 10
263.5711642136211
 20
215.1045273984808
 10
264.0155815312184
 20
216.4753308920617
 10
265.0901068130678
 20
217.1667615559514
 10
266.5594400375268
 20
217.1667615559514
 10
267.9795083965468
 20
217.1667615559514
 10
269.0168266471555
 20
216.4753308920617
 10
269.4860486522466
 20
215.3022758793341
 10
269.5232556834873
 20
215.2402641605997
 10
269.4984509959934
 20
215.1785969514137
 10
269.4243814430606
 20
215.1541367734684
 10
269.4243814430606
 20
215.1541367734684
 10
268.0783826369735
 20
214.54883349671
 10
268.0783826369735
 20
214.54883349671
 10
268.0043130840406
 20
214.5119709750178
 10
267.9426458748547
 20
214.5364311529631
 10
267.9054388436139
 20
214.610500705896
 10
267.6708278410684
 20
215.1541367734684
 10
267.2756753889103
 20
215.5613470598249
 10
266.5718423812737
 20
215.5613470598249
 10
265.9172742390762
 20
215.5613470598249
 10
265.4976616089728
 20
215.2158039826544
 10
265.3123154718664
 20
214.6353053933898
 10
265.2134412314397
 20
214.3266248379114
 10
265.1765787097476
 20
214.0303466261799
 10
265.1765787097476
 20
212.8324869259586
 10
265.1765787097476
 20
211.6346272257372
 10
265.2134412314397
 20
211.3383490140057
 10
265.3123154718664
 20
211.0296684585273
 10
265.4976616089728
 20
210.4491698692627
 10
265.9172742390762
 20
210.1032822825436
 10
266.5718423812737
 20
210.1032822825436
 10
267.2756753889103
 20
210.1032822825436
 10
267.6708278410684
 20
210.5108370784487
 10
267.9054388436139
 20
211.0541286364726
 10
267.9426458748547
 20
211.1281981894054
 10
268.0043130840406
 20
211.1530028768993
 10
268.0783826369735
 20
211.1161403552071
 10
268.0783826369735
 20
211.1161403552071
 10
269.4243814430606
 20
210.5108370784487
 10
269.4243814430606
 20
210.5108370784487
 10
269.4984509959934
 20
210.4863769005034
 10
269.5232556834873
 20
210.4243651817689
 10
269.4860486522466
 20
210.362697972583
 10
269.0168266471555
 20
209.1896429598554
 10
267.9795083965468
 20
208.4982122959658
 10
266.5594400375268
 20
208.4982122959658
 10
265.0901068130678
 20
208.4982122959658
 10
264.0155815312184
 20
209.1896429598554
 10
263.5711642136211
 20
210.5604464534363
 10
263.3858180765147
 20
211.1037380114602
 10
263.3365532110756
 20
211.5357529853105
 10
263.3365532110756
 20
212.8324869259586
 97
        0
 97
        1
330
135
 75
     2
 76
     1
 98
        1
 10
0.0
 20
0.0
450
        0
451
        0
460
0.0
461
0.0
452
        0
462
0.0
453
        0
470

  0
SPLINE
  5
137
330
115
100
AcDbEntity
  8
Ebene 1
100
AcDbSpline
210
0.0
220
0.0
230
1.0
 70
     9
 71
     3
 72
    77
 73
    73
 74
     0
 42
0.0000000001
 43
0.0000000001
 40
0.0
 40
0.0
 40
0.0
 40
0.0
 40
1.0
 40
1.0
 40
1.0
 40
2.0
 40
2.0
 40
2.0
 40
3.0
 40
3.0
 40
3.0
 40
4.0
 40
4.0
 40
4.0
 40
5.0
 40
5.0
 40
5.0
 40
6.0
 40
6.0
 40
6.0
 40
7.0
 40
7.0
 40
7.0
 40
8.0
 40
8.0
 40
8.0
 40
9.0
 40
9.0
 40
9.0
 40
10.0
 40
10.0
 40
10.0
 40
11.0
 40
11.0
 40
11.0
 40
12.0
 40
12.0
 40
12.0
 40
13.0
 40
13.0
 40
13.0
 40
14.0
 40
14.0
 40
14.0
 40
15.0
 40
15.0
 40
15.0
 40
16.0
 40
16.0
 40
16.0
 40
17.0
 40
17.0
 40
17.0
 40
18.0
 40
18.0
 40
18.0
 40
19.0
 40
19.0
 40
19.0
 40
20.0
 40
20.0
 40
20.0
 40
21.0
 40
21.0
 40
21.0
 40
22.0
 40
22.0
 40
22.0
 40
23.0
 40
23.0
 40
23.0
 40
24.0
 40
24.0
 40
24.0
 40
24.0
 10
270.6584146458771
 20
216.907345865912
 30
0.0
 10
270.6584146458771
 20
216.9814154188449
 30
0.0
 10
270.7076795113161
 20
217.0310247938325
 30
0.0
 10
270.7820935737976
 20
217.0310247938325
 30
0.0
 10
270.7820935737976
 20
217.0310247938325
 30
0.0
 10
276.1657442885975
 20
217.0310247938325
 30
0.0
 10
276.1657442885975
 20
217.0310247938325
 30
0.0
 10
276.2398138415303
 20
217.0310247938325
 30
0.0
 10
276.289423216518
 20
216.9814154188449
 30
0.0
 10
276.289423216518
 20
216.907345865912
 30
0.0
 10
276.289423216518
 20
216.907345865912
 30
0.0
 10
276.289423216518
 20
215.5861517473188
 30
0.0
 10
276.289423216518
 20
215.5861517473188
 30
0.0
 10
276.289423216518
 20
215.5120821943859
 30
0.0
 10
276.2398138415303
 20
215.4628173289468
 30
0.0
 10
276.1657442885975
 20
215.4628173289468
 30
0.0
 10
276.1657442885975
 20
215.4628173289468
 30
0.0
 10
272.5477050099881
 20
215.4628173289468
 30
0.0
 10
272.5477050099881
 20
215.4628173289468
 30
0.0
 10
272.498440144549
 20
215.4628173289468
 30
0.0
 10
272.4736354570552
 20
215.438012641453
 30
0.0
 10
272.4736354570552
 20
215.388747776014
 30
0.0
 10
272.4736354570552
 20
215.388747776014
 30
0.0
 10
272.4736354570552
 20
213.7216660707015
 30
0.0
 10
272.4736354570552
 20
213.7216660707015
 30
0.0
 10
272.4736354570552
 20
213.6720566957139
 30
0.0
 10
272.498440144549
 20
213.6475965177687
 30
0.0
 10
272.5477050099881
 20
213.6475965177687
 30
0.0
 10
272.5477050099881
 20
213.6475965177687
 30
0.0
 10
275.5607855213876
 20
213.6475965177687
 30
0.0
 10
275.5607855213876
 20
213.6475965177687
 30
0.0
 10
275.6348550743204
 20
213.6475965177687
 30
0.0
 10
275.6841199397595
 20
213.5979871427811
 30
0.0
 10
275.6841199397595
 20
213.5239175898482
 30
0.0
 10
275.6841199397595
 20
213.5239175898482
 30
0.0
 10
275.6841199397595
 20
212.2151258150018
 30
0.0
 10
275.6841199397595
 20
212.2151258150018
 30
0.0
 10
275.6841199397595
 20
212.1410562620689
 30
0.0
 10
275.6348550743204
 20
212.0914468870813
 30
0.0
 10
275.5607855213876
 20
212.0914468870813
 30
0.0
 10
275.5607855213876
 20
212.0914468870813
 30
0.0
 10
272.5477050099881
 20
212.0914468870813
 30
0.0
 10
272.5477050099881
 20
212.0914468870813
 30
0.0
 10
272.498440144549
 20
212.0914468870813
 30
0.0
 10
272.4736354570552
 20
212.066986709136
 30
0.0
 10
272.4736354570552
 20
212.0173773341484
 30
0.0
 10
272.4736354570552
 20
212.0173773341484
 30
0.0
 10
272.4736354570552
 20
210.2762260759031
 30
0.0
 10
272.4736354570552
 20
210.2762260759031
 30
0.0
 10
272.4736354570552
 20
210.2269612104641
 30
0.0
 10
272.498440144549
 20
210.2021565229703
 30
0.0
 10
272.5477050099881
 20
210.2021565229703
 30
0.0
 10
272.5477050099881
 20
210.2021565229703
 30
0.0
 10
276.1657442885975
 20
210.2021565229703
 30
0.0
 10
276.1657442885975
 20
210.2021565229703
 30
0.0
 10
276.2398138415303
 20
210.2021565229703
 30
0.0
 10
276.289423216518
 20
210.1528916575312
 30
0.0
 10
276.289423216518
 20
210.0788221045984
 30
0.0
 10
276.289423216518
 20
210.0788221045984
 30
0.0
 10
276.289423216518
 20
208.7572834764565
 30
0.0
 10
276.289423216518
 20
208.7572834764565
 30
0.0
 10
276.289423216518
 20
208.6832139235236
 30
0.0
 10
276.2398138415303
 20
208.6339490580846
 30
0.0
 10
276.1657442885975
 20
208.6339490580846
 30
0.0
 10
276.1657442885975
 20
208.6339490580846
 30
0.0
 10
270.7820935737976
 20
208.6339490580846
 30
0.0
 10
270.7820935737976
 20
208.6339490580846
 30
0.0
 10
270.7076795113161
 20
208.6339490580846
 30
0.0
 10
270.6584146458771
 20
208.6832139235236
 30
0.0
 10
270.6584146458771
 20
208.7572834764565
 30
0.0
 10
270.6584146458771
 20
208.7572834764565
 30
0.0
 10
270.6584146458771
 20
216.907345865912
 30
0.0
 10
270.6584146458771
 20
216.907345865912
 30
0.0
  0
HATCH
  5
138
330
115
100
AcDbEntity
  8
Ebene 1
 62
    18
420
        0
440
 33554687
100
AcDbHatch
 10
0.0
 20
0.0
 30
0.0
210
0.0
220
0.0
230
1.0
  2
SOLID
 70
     1
 71
     1
 91
        1
 92
        1
 93
        1
 72
     4
 94
        3
 73
     0
 74
     0
 95
       77
 96
       73
 40
0.0
 40
0.0
 40
0.0
 40
0.0
 40
1.0
 40
1.0
 40
1.0
 40
2.0
 40
2.0
 40
2.0
 40
3.0
 40
3.0
 40
3.0
 40
4.0
 40
4.0
 40
4.0
 40
5.0
 40
5.0
 40
5.0
 40
6.0
 40
6.0
 40
6.0
 40
7.0
 40
7.0
 40
7.0
 40
8.0
 40
8.0
 40
8.0
 40
9.0
 40
9.0
 40
9.0
 40
10.0
 40
10.0
 40
10.0
 40
11.0
 40
11.0
 40
11.0
 40
12.0
 40
12.0
 40
12.0
 40
13.0
 40
13.0
 40
13.0
 40
14.0
 40
14.0
 40
14.0
 40
15.0
 40
15.0
 40
15.0
 40
16.0
 40
16.0
 40
16.0
 40
17.0
 40
17.0
 40
17.0
 40
18.0
 40
18.0
 40
18.0
 40
19.0
 40
19.0
 40
19.0
 40
20.0
 40
20.0
 40
20.0
 40
21.0
 40
21.0
 40
21.0
 40
22.0
 40
22.0
 40
22.0
 40
23.0
 40
23.0
 40
23.0
 40
24.0
 40
24.0
 40
24.0
 40
24.0
 10
270.6584146458771
 20
216.907345865912
 10
270.6584146458771
 20
216.9814154188449
 10
270.7076795113161
 20
217.0310247938325
 10
270.7820935737976
 20
217.0310247938325
 10
270.7820935737976
 20
217.0310247938325
 10
276.1657442885975
 20
217.0310247938325
 10
276.1657442885975
 20
217.0310247938325
 10
276.2398138415303
 20
217.0310247938325
 10
276.289423216518
 20
216.9814154188449
 10
276.289423216518
 20
216.907345865912
 10
276.289423216518
 20
216.907345865912
 10
276.289423216518
 20
215.5861517473188
 10
276.289423216518
 20
215.5861517473188
 10
276.289423216518
 20
215.5120821943859
 10
276.2398138415303
 20
215.4628173289468
 10
276.1657442885975
 20
215.4628173289468
 10
276.1657442885975
 20
215.4628173289468
 10
272.5477050099881
 20
215.4628173289468
 10
272.5477050099881
 20
215.4628173289468
 10
272.498440144549
 20
215.4628173289468
 10
272.4736354570552
 20
215.438012641453
 10
272.4736354570552
 20
215.388747776014
 10
272.4736354570552
 20
215.388747776014
 10
272.4736354570552
 20
213.7216660707015
 10
272.4736354570552
 20
213.7216660707015
 10
272.4736354570552
 20
213.6720566957139
 10
272.498440144549
 20
213.6475965177687
 10
272.5477050099881
 20
213.6475965177687
 10
272.5477050099881
 20
213.6475965177687
 10
275.5607855213876
 20
213.6475965177687
 10
275.5607855213876
 20
213.6475965177687
 10
275.6348550743204
 20
213.6475965177687
 10
275.6841199397595
 20
213.5979871427811
 10
275.6841199397595
 20
213.5239175898482
 10
275.6841199397595
 20
213.5239175898482
 10
275.6841199397595
 20
212.2151258150018
 10
275.6841199397595
 20
212.2151258150018
 10
275.6841199397595
 20
212.1410562620689
 10
275.6348550743204
 20
212.0914468870813
 10
275.5607855213876
 20
212.0914468870813
 10
275.5607855213876
 20
212.0914468870813
 10
272.5477050099881
 20
212.0914468870813
 10
272.5477050099881
 20
212.0914468870813
 10
272.498440144549
 20
212.0914468870813
 10
272.4736354570552
 20
212.066986709136
 10
272.4736354570552
 20
212.0173773341484
 10
272.4736354570552
 20
212.0173773341484
 10
272.4736354570552
 20
210.2762260759031
 10
272.4736354570552
 20
210.2762260759031
 10
272.4736354570552
 20
210.2269612104641
 10
272.498440144549
 20
210.2021565229703
 10
272.5477050099881
 20
210.2021565229703
 10
272.5477050099881
 20
210.2021565229703
 10
276.1657442885975
 20
210.2021565229703
 10
276.1657442885975
 20
210.2021565229703
 10
276.2398138415303
 20
210.2021565229703
 10
276.289423216518
 20
210.1528916575312
 10
276.289423216518
 20
210.0788221045984
 10
276.289423216518
 20
210.0788221045984
 10
276.289423216518
 20
208.7572834764565
 10
276.289423216518
 20
208.7572834764565
 10
276.289423216518
 20
208.6832139235236
 10
276.2398138415303
 20
208.6339490580846
 10
276.1657442885975
 20
208.6339490580846
 10
276.1657442885975
 20
208.6339490580846
 10
270.7820935737976
 20
208.6339490580846
 10
270.7820935737976
 20
208.6339490580846
 10
270.7076795113161
 20
208.6339490580846
 10
270.6584146458771
 20
208.6832139235236
 10
270.6584146458771
 20
208.7572834764565
 10
270.6584146458771
 20
208.7572834764565
 10
270.6584146458771
 20
216.907345865912
 10
270.6584146458771
 20
216.907345865912
 97
        0
 97
        1
330
137
 75
     2
 76
     1
 98
        1
 10
0.0
 20
0.0
450
        0
451
        0
460
0.0
461
0.0
452
        0
462
0.0
453
        0
470

  0
ENDBLK
  5
118
330
115
100
AcDbEntity
  8
0
100
AcDbBlockEnd
  0
ENDSEC
  0
SECTION
  2
ENTITIES
  0
INSERT
  5
7A
330
70
100
AcDbEntity
  8
Ebene 1
100
AcDbBlockReference
  2
Block_0
 10
0.0
 20
0.0
 30
0.0
  0
LWPOLYLINE
  5
A8
330
70
100
AcDbEntity
  8
Ebene 1
100
AcDbPolyline
 90
        4
 70
     1
 43
0.0
 10
-38.00834717379498
 20
308.4750340244561
 10
-38.00553902355636
 20
208.6111163289365
 10
-39.68609716424337
 20
208.6110690720304
 10
-39.68890531448199
 20
308.47498676755
  0
HATCH
  5
A9
330
70
100
AcDbEntity
  8
Ebene 1
 62
   168
420
   922133
440
 33554687
100
AcDbHatch
 10
0.0
 20
0.0
 30
0.0
210
0.0
220
0.0
230
1.0
  2
SOLID
 70
     1
 71
     1
 91
        1
 92
        1
 93
        4
 72
     1
 10
-38.00834717379498
 20
308.4750340244561
 11
-38.00553902355636
 21
208.6111163289365
 72
     1
 10
-38.00553902355636
 20
208.6111163289365
 11
-39.68609716424337
 21
208.6110690720304
 72
     1
 10
-39.68609716424337
 20
208.6110690720304
 11
-39.68890531448199
 21
308.47498676755
 72
     1
 10
-39.68890531448199
 20
308.47498676755
 11
-38.00834717379498
 21
308.4750340244561
 97
        1
330
A8
 75
     2
 76
     1
 98
        1
 10
0.0
 20
0.0
450
        0
451
        0
460
0.0
461
0.0
452
        0
462
0.0
453
        0
470

  0
LINE
  5
AA
330
70
100
AcDbEntity
  8
Ebene 1
100
AcDbLine
 10
-122.3355024847891
 20
304.2119855425633
 30
0.0
 11
-108.6947892338029
 21
286.8083169119948
 31
0.0
  0
INSERT
  5
AC
330
70
100
AcDbEntity
  8
Ebene 1
100
AcDbBlockReference
  2
Block_4
 10
0.0
 20
0.0
 30
0.0
  0
INSERT
  5
E7
330
70
100
AcDbEntity
  8
Ebene 1
100
AcDbBlockReference
  2
Block_6
 10
0.0
 20
0.0
 30
0.0
  0
INSERT
  5
112
330
70
100
AcDbEntity
  8
Ebene 1
100
AcDbBlockReference
  2
Block_8
 10
0.0
 20
0.0
 30
0.0
  0
LINE
  5
139
330
70
100
AcDbEntity
  8
Ebene 1
 62
    30
420
 16543495
370
   211
100
AcDbLine
 10
161.5741849880738
 20
219.9297855524825
 30
0.0
 11
161.5741849880738
 21
203.9297855564823
 31
0.0
  0
LINE
  5
13A
330
70
100
AcDbEntity
  8
Ebene 1
 62
    30
420
 16543495
370
   211
100
AcDbLine
 10
295.7934566003586
 20
219.9297855524825
 30
0.0
 11
295.7934566003586
 21
203.9297855564823
 31
0.0
  0
ENDSEC
  0
SECTION
  2
OBJECTS
  0
DICTIONARY
  5
C
330
0
100
AcDbDictionary
281
     1
  3
ACAD_COLOR
350
63
  3
ACAD_DETAILVIEWSTYLE
350
6A
  3
ACAD_GROUP
350
D
  3
ACAD_LAYOUT
350
62
  3
ACAD_MATERIAL
350
10
  3
ACAD_MLEADERSTYLE
350
66
  3
ACAD_MLINESTYLE
350
5F
  3
ACAD_PLOTSETTINGS
350
61
  3
ACAD_PLOTSTYLENAME
350
E
  3
ACAD_SCALELIST
350
42
  3
ACAD_SECTIONVIEWSTYLE
350
68
  3
ACAD_TABLESTYLE
350
64
  3
ACAD_VISUALSTYLE
350
29
  3
ACDB_RECOMPOSE_DATA
350
143
  3
AcDbVariableDictionary
350
13B
  0
DICTIONARY
  5
63
102
{ACAD_REACTORS
330
C
102
}
330
C
100
AcDbDictionary
281
     1
  0
DICTIONARY
  5
6A
102
{ACAD_REACTORS
330
C
102
}
330
C
100
AcDbDictionary
281
     1
  3
Imperial24
350
6B
  0
DICTIONARY
  5
D
102
{ACAD_REACTORS
330
C
102
}
330
C
100
AcDbDictionary
281
     1
  0
DICTIONARY
  5
62
102
{ACAD_REACTORS
330
C
102
}
330
C
100
AcDbDictionary
281
     1
  3
Layout1
350
6F
  3
Layout2
350
77
  3
Model
350
73
  0
DICTIONARY
  5
10
102
{ACAD_REACTORS
330
C
102
}
330
C
100
AcDbDictionary
281
     1
  3
ByBlock
350
19
  3
ByLayer
350
11
  3
Global
350
21
  0
DICTIONARY
  5
66
102
{ACAD_REACTORS
330
C
102
}
330
C
100
AcDbDictionary
281
     1
  3
Standard
350
67
  0
DICTIONARY
  5
5F
102
{ACAD_REACTORS
330
C
102
}
330
C
100
AcDbDictionary
281
     1
  3
Standard
350
60
  0
DICTIONARY
  5
61
102
{ACAD_REACTORS
330
C
102
}
330
C
100
AcDbDictionary
281
     1
  0
ACDBDICTIONARYWDFLT
  5
E
102
{ACAD_REACTORS
330
C
102
}
330
C
100
AcDbDictionary
281
     1
  3
Normal
350
F
100
AcDbDictionaryWithDefault
340
F
  0
DICTIONARY
  5
42
102
{ACAD_REACTORS
330
C
102
}
330
C
100
AcDbDictionary
281
     1
  3
A0
350
43
  3
A1
350
44
  3
A2
350
45
  3
A3
350
46
  3
A4
350
47
  3
A5
350
48
  3
A6
350
49
  3
A7
350
4A
  3
A8
350
4B
  3
A9
350
4C
  3
B0
350
4D
  3
B1
350
4E
  3
B2
350
4F
  3
B3
350
50
  3
B4
350
51
  3
B5
350
52
  3
B6
350
53
  0
DICTIONARY
  5
68
102
{ACAD_REACTORS
330
C
102
}
330
C
100
AcDbDictionary
281
     1
  3
Imperial24
350
69
  0
DICTIONARY
  5
64
102
{ACAD_REACTORS
330
C
102
}
330
C
100
AcDbDictionary
281
     1
  3
Standard
350
65
  0
DICTIONARY
  5
29
102
{ACAD_REACTORS
330
C
102
}
330
C
100
AcDbDictionary
281
     1
  3
2dWireframe
350
2F
  3
Basic
350
2E
  3
Brighten
350
35
  3
ColorChange
350
39
  3
Conceptual
350
32
  3
Dim
350
34
  3
EdgeColorOff
350
41
  3
Facepattern
350
38
  3
Flat
350
2A
  3
FlatWithEdges
350
2B
  3
Gouraud
350
2C
  3
GouraudWithEdges
350
2D
  3
Hidden
350
31
  3
JitterOff
350
3F
  3
Linepattern
350
37
  3
OverhangOff
350
40
  3
Realistic
350
33
  3
Shaded
350
3E
  3
Shaded with edges
350
3D
  3
Shades of Gray
350
3A
  3
Sketchy
350
3B
  3
Thicken
350
36
  3
Wireframe
350
30
  3
X-Ray
350
3C
  0
XRECORD
  5
143
102
{ACAD_REACTORS
330
C
102
}
330
C
100
AcDbXrecord
280
     1
 90
        1
330
65
  0
DICTIONARY
  5
13B
102
{ACAD_REACTORS
330
C
102
}
330
C
100
AcDbDictionary
281
     1
  3
CANNOSCALE
350
140
  3
CMLEADERSTYLE
350
13D
  3
CTABLESTYLE
350
13C
  3
CVIEWDETAILSTYLE
350
13E
  3
CVIEWSECTIONSTYLE
350
13F
  0
ACDBDETAILVIEWSTYLE
  5
6B
102
{ACAD_REACTORS
330
6A
102
}
330
6A
100
AcDbModelDocViewStyle
 70
     0
  3
Imperial24
290
     1
300
Imperial24
 90
        0
100
AcDbDetailViewStyle
 70
     0
 71
     0
 90
        3
 71
     1
340
55
 62
   256
 40
0.24
340
0
 62
   256
 40
0.24
300

 40
0.36
280
     3
 71
     2
340
5D
 90
       25
 62
   256
 71
     3
340
55
 62
   256
 40
0.24
 90
        1
 40
0.75
 90
        1
300
%<\AcVar ViewType \f "%tc1">% %<\AcVar ViewDetailId>%\PSCALE %<\AcVar ViewScale \f "%sn">%
 71
     4
340
5D
 90
       25
 62
   256
340
5D
 90
       25
 62
   256
280
     0
  0
LAYOUT
  5
6F
102
{ACAD_REACTORS
330
62
102
}
330
62
100
AcDbPlotSettings
  1

  2

  4

  6

 40
0.0
 41
0.0
 42
0.0
 43
0.0
 44
0.0
 45
0.0
 46
0.0
 47
0.0
 48
0.0
 49
0.0
140
0.0
141
0.0
142
1.0
143
1.0
 70
   688
 72
     0
 73
     0
 74
     5
  7

 75
    16
147
1.0
 76
     0
 77
     2
 78
   300
148
0.0
149
0.0
100
AcDbLayout
  1
Layout1
 70
     1
 71
     1
 10
0.0
 20
0.0
 11
12.0
 21
9.0
 12
0.0
 22
0.0
 32
0.0
 14
0.0
 24
0.0
 34
0.0
 15
0.0
 25
0.0
 35
0.0
146
0.0
 13
0.0
 23
0.0
 33
0.0
 16
1.0
 26
0.0
 36
0.0
 17
0.0
 27
1.0
 37
0.0
 76
     0
330
6C
  0
LAYOUT
  5
77
102
{ACAD_REACTORS
330
62
102
}
330
62
100
AcDbPlotSettings
  1

  2

  4

  6

 40
0.0
 41
0.0
 42
0.0
 43
0.0
 44
0.0
 45
0.0
 46
0.0
 47
0.0
 48
0.0
 49
0.0
140
0.0
141
0.0
142
1.0
143
1.0
 70
   688
 72
     0
 73
     0
 74
     5
  7

 75
    16
147
1.0
 76
     0
 77
     2
 78
   300
148
0.0
149
0.0
100
AcDbLayout
  1
Layout2
 70
     1
 71
     2
 10
0.0
 20
0.0
 11
12.0
 21
9.0
 12
0.0
 22
0.0
 32
0.0
 14
0.0
 24
0.0
 34
0.0
 15
0.0
 25
0.0
 35
0.0
146
0.0
 13
0.0
 23
0.0
 33
0.0
 16
1.0
 26
0.0
 36
0.0
 17
0.0
 27
1.0
 37
0.0
 76
     0
330
74
  0
LAYOUT
  5
73
102
{ACAD_REACTORS
330
62
102
}
330
62
100
AcDbPlotSettings
  1

  2

  4

  6

 40
0.0
 41
0.0
 42
0.0
 43
0.0
 44
0.0
 45
0.0
 46
0.0
 47
0.0
 48
0.0
 49
0.0
140
0.0
141
0.0
142
1.0
143
1.0
 70
  1712
 72
     0
 73
     0
 74
     0
  7

 75
     0
147
1.0
 76
     0
 77
     2
 78
   300
148
0.0
149
0.0
100
AcDbLayout
  1
Model
 70
     1
 71
     0
 10
0.0
 20
0.0
 11
12.0
 21
9.0
 12
0.0
 22
0.0
 32
0.0
 14
0.0
 24
0.0
 34
0.0
 15
0.0
 25
0.0
 35
0.0
146
0.0
 13
0.0
 23
0.0
 33
0.0
 16
1.0
 26
0.0
 36
0.0
 17
0.0
 27
1.0
 37
0.0
 76
     0
330
70
  0
MATERIAL
  5
19
102
{ACAD_XDICTIONARY
360
1A
102
}
102
{ACAD_REACTORS
330
10
102
}
330
10
100
AcDbMaterial
  1
ByBlock
 72
     0
 43
0.0208333333333333
 43
0.0
 43
0.0
 43
0.0
 43
0.0
 43
0.0208333333333333
 43
0.0
 43
0.0
 43
0.0
 43
0.0
 43
1.0
 43
0.0
 43
0.0
 43
0.0
 43
0.0
 43
1.0
 77
     0
 47
0.0208333333333333
 47
0.0
 47
0.0
 47
0.0
 47
0.0
 47
0.0208333333333333
 47
0.0
 47
0.0
 47
0.0
 47
0.0
 47
1.0
 47
0.0
 47
0.0
 47
0.0
 47
0.0
 47
1.0
171
     0
 49
0.0208333333333333
 49
0.0
 49
0.0
 49
0.0
 49
0.0
 49
0.0208333333333333
 49
0.0
 49
0.0
 49
0.0
 49
0.0
 49
1.0
 49
0.0
 49
0.0
 49
0.0
 49
0.0
 49
1.0
175
     0
142
0.0208333333333333
142
0.0
142
0.0
142
0.0
142
0.0
142
0.0208333333333333
142
0.0
142
0.0
142
0.0
142
0.0
142
1.0
142
0.0
142
0.0
142
0.0
142
0.0
142
1.0
179
     0
144
0.0208333333333333
144
0.0
144
0.0
144
0.0
144
0.0
144
0.0208333333333333
144
0.0
144
0.0
144
0.0
144
0.0
144
1.0
144
0.0
144
0.0
144
0.0
144
0.0
144
1.0
147
0.0208333333333333
147
0.0
147
0.0
147
0.0
147
0.0
147
0.0208333333333333
147
0.0
147
0.0
147
0.0
147
0.0
147
1.0
147
0.0
147
0.0
147
0.0
147
0.0
147
1.0
  0
MATERIAL
  5
11
102
{ACAD_XDICTIONARY
360
12
102
}
102
{ACAD_REACTORS
330
10
102
}
330
10
100
AcDbMaterial
  1
ByLayer
 72
     0
 43
0.0208333333333333
 43
0.0
 43
0.0
 43
0.0
 43
0.0
 43
0.0208333333333333
 43
0.0
 43
0.0
 43
0.0
 43
0.0
 43
1.0
 43
0.0
 43
0.0
 43
0.0
 43
0.0
 43
1.0
 77
     0
 47
0.0208333333333333
 47
0.0
 47
0.0
 47
0.0
 47
0.0
 47
0.0208333333333333
 47
0.0
 47
0.0
 47
0.0
 47
0.0
 47
1.0
 47
0.0
 47
0.0
 47
0.0
 47
0.0
 47
1.0
171
     0
 49
0.0208333333333333
 49
0.0
 49
0.0
 49
0.0
 49
0.0
 49
0.0208333333333333
 49
0.0
 49
0.0
 49
0.0
 49
0.0
 49
1.0
 49
0.0
 49
0.0
 49
0.0
 49
0.0
 49
1.0
175
     0
142
0.0208333333333333
142
0.0
142
0.0
142
0.0
142
0.0
142
0.0208333333333333
142
0.0
142
0.0
142
0.0
142
0.0
142
1.0
142
0.0
142
0.0
142
0.0
142
0.0
142
1.0
179
     0
144
0.0208333333333333
144
0.0
144
0.0
144
0.0
144
0.0
144
0.0208333333333333
144
0.0
144
0.0
144
0.0
144
0.0
144
1.0
144
0.0
144
0.0
144
0.0
144
0.0
144
1.0
147
0.0208333333333333
147
0.0
147
0.0
147
0.0
147
0.0
147
0.0208333333333333
147
0.0
147
0.0
147
0.0
147
0.0
147
1.0
147
0.0
147
0.0
147
0.0
147
0.0
147
1.0
  0
MATERIAL
  5
21
102
{ACAD_XDICTIONARY
360
22
102
}
102
{ACAD_REACTORS
330
10
102
}
330
10
100
AcDbMaterial
  1
Global
 72
     0
 43
0.0208333333333333
 43
0.0
 43
0.0
 43
0.0
 43
0.0
 43
0.0208333333333333
 43
0.0
 43
0.0
 43
0.0
 43
0.0
 43
1.0
 43
0.0
 43
0.0
 43
0.0
 43
0.0
 43
1.0
 77
     0
 47
0.0208333333333333
 47
0.0
 47
0.0
 47
0.0
 47
0.0
 47
0.0208333333333333
 47
0.0
 47
0.0
 47
0.0
 47
0.0
 47
1.0
 47
0.0
 47
0.0
 47
0.0
 47
0.0
 47
1.0
171
     0
 49
0.0208333333333333
 49
0.0
 49
0.0
 49
0.0
 49
0.0
 49
0.0208333333333333
 49
0.0
 49
0.0
 49
0.0
 49
0.0
 49
1.0
 49
0.0
 49
0.0
 49
0.0
 49
0.0
 49
1.0
175
     0
142
0.0208333333333333
142
0.0
142
0.0
142
0.0
142
0.0
142
0.0208333333333333
142
0.0
142
0.0
142
0.0
142
0.0
142
1.0
142
0.0
142
0.0
142
0.0
142
0.0
142
1.0
179
     0
144
0.0208333333333333
144
0.0
144
0.0
144
0.0
144
0.0
144
0.0208333333333333
144
0.0
144
0.0
144
0.0
144
0.0
144
1.0
144
0.0
144
0.0
144
0.0
144
0.0
144
1.0
147
0.0208333333333333
147
0.0
147
0.0
147
0.0
147
0.0
147
0.0208333333333333
147
0.0
147
0.0
147
0.0
147
0.0
147
1.0
147
0.0
147
0.0
147
0.0
147
0.0
147
1.0
  0
MLEADERSTYLE
  5
67
102
{ACAD_REACTORS
330
66
102
}
330
66
100
AcDbMLeaderStyle
179
     2
170
     2
171
     1
172
     0
 90
        2
 40
0.0
 41
0.0
173
     1
 91
-1056964608
340
5B
 92
       -2
290
     1
 42
0.09
291
     1
 43
0.36
  3
Standard
 44
0.18
300

342
55
174
     1
178
     6
175
     1
176
     0
 93
-1056964608
 45
0.18
292
     0
297
     0
 46
0.18
 94
-1056964608
 47
1.0
 49
1.0
140
1.0
293
     1
141
0.0
294
     1
177
     0
142
1.0
295
     1
296
     0
143
0.125
271
     0
272
     9
273
     9
298
     1
  0
MLINESTYLE
  5
60
102
{ACAD_REACTORS
330
5F
102
}
330
5F
100
AcDbMlineStyle
  2
STANDARD
 70
     0
  3

 62
   256
 51
90.0
 52
90.0
 71
     2
 49
0.5
 62
   256
  6
BYLAYER
 49
-0.5
 62
   256
  6
BYLAYER
  0
ACDBPLACEHOLDER
  5
F
102
{ACAD_REACTORS
330
E
102
}
330
E
  0
SCALE
  5
43
102
{ACAD_REACTORS
330
42
102
}
330
42
100
AcDbScale
 70
     0
300
1:1
140
1.0
141
1.0
290
     1
  0
SCALE
  5
44
102
{ACAD_REACTORS
330
42
102
}
330
42
100
AcDbScale
 70
     0
300
1/128" = 1'-0"
140
0.0078125
141
12.0
290
     0
  0
SCALE
  5
45
102
{ACAD_REACTORS
330
42
102
}
330
42
100
AcDbScale
 70
     0
300
1/64" = 1'-0"
140
0.015625
141
12.0
290
     0
  0
SCALE
  5
46
102
{ACAD_REACTORS
330
42
102
}
330
42
100
AcDbScale
 70
     0
300
1/32" = 1'-0"
140
0.03125
141
12.0
290
     0
  0
SCALE
  5
47
102
{ACAD_REACTORS
330
42
102
}
330
42
100
AcDbScale
 70
     0
300
1/16" = 1'-0"
140
0.0625
141
12.0
290
     0
  0
SCALE
  5
48
102
{ACAD_REACTORS
330
42
102
}
330
42
100
AcDbScale
 70
     0
300
3/32" = 1'-0"
140
0.09375
141
12.0
290
     0
  0
SCALE
  5
49
102
{ACAD_REACTORS
330
42
102
}
330
42
100
AcDbScale
 70
     0
300
1/8" = 1'-0"
140
0.125
141
12.0
290
     0
  0
SCALE
  5
4A
102
{ACAD_REACTORS
330
42
102
}
330
42
100
AcDbScale
 70
     0
300
3/16" = 1'-0"
140
0.1875
141
12.0
290
     0
  0
SCALE
  5
4B
102
{ACAD_REACTORS
330
42
102
}
330
42
100
AcDbScale
 70
     0
300
1/4" = 1'-0"
140
0.25
141
12.0
290
     0
  0
SCALE
  5
4C
102
{ACAD_REACTORS
330
42
102
}
330
42
100
AcDbScale
 70
     0
300
3/8" = 1'-0"
140
0.375
141
12.0
290
     0
  0
SCALE
  5
4D
102
{ACAD_REACTORS
330
42
102
}
330
42
100
AcDbScale
 70
     0
300
1/2" = 1'-0"
140
0.5
141
12.0
290
     0
  0
SCALE
  5
4E
102
{ACAD_REACTORS
330
42
102
}
330
42
100
AcDbScale
 70
     0
300
3/4" = 1'-0"
140
0.75
141
12.0
290
     0
  0
SCALE
  5
4F
102
{ACAD_REACTORS
330
42
102
}
330
42
100
AcDbScale
 70
     0
300
1" = 1'-0"
140
1.0
141
12.0
290
     0
  0
SCALE
  5
50
102
{ACAD_REACTORS
330
42
102
}
330
42
100
AcDbScale
 70
     0
300
1-1/2" = 1'-0"
140
1.5
141
12.0
290
     0
  0
SCALE
  5
51
102
{ACAD_REACTORS
330
42
102
}
330
42
100
AcDbScale
 70
     0
300
3" = 1'-0"
140
3.0
141
12.0
290
     0
  0
SCALE
  5
52
102
{ACAD_REACTORS
330
42
102
}
330
42
100
AcDbScale
 70
     0
300
6" = 1'-0"
140
6.0
141
12.0
290
     0
  0
SCALE
  5
53
102
{ACAD_REACTORS
330
42
102
}
330
42
100
AcDbScale
 70
     0
300
1'-0" = 1'-0"
140
12.0
141
12.0
290
     0
  0
ACDBSECTIONVIEWSTYLE
  5
69
102
{ACAD_REACTORS
330
68
102
}
330
68
100
AcDbModelDocViewStyle
 70
     0
  3
Imperial24
290
     1
300
Imperial24
 90
        0
100
AcDbSectionViewStyle
 70
     0
 71
     0
 90
       78
 71
     1
340
55
 62
   256
 40
0.24
340
0
340
0
 62
   256
 40
0.24
300
I, O, Q, S, X, Z
 40
0.48
 90
        3
 40
0.18
 90
        1
 71
     2
340
5D
 90
       25
 62
   256
340
5D
 90
       50
 62
   256
 40
0.24
 40
0.0
 40
0.24
 71
     3
340
55
 62
   256
 40
0.24
 90
        1
 40
0.75
 90
        1
300
%<\AcVar ViewType \f "%tc1">% %<\AcVar ViewSectionStartId>%-%<\AcVar ViewSectionEndId>%\PSCALE %<\AcVar ViewScale \f "%sn">%
 71
     4
 62
   256
 62
   257
300
ANSI31
 40
1.0
 90
        0
290
     0
290
     0
 90
        6
 40
0.0
 40
1.570796326794896
 40
0.2617993877991494
 40
1.308996938995747
 40
-0.2617993877991494
 40
1.832595714594046
  0
TABLESTYLE
  5
65
102
{ACAD_XDICTIONARY
360
141
102
}
102
{ACAD_REACTORS
330
64
102
}
330
64
100
AcDbTableStyle
280
     0
  3
Standard
 70
     0
 71
     0
 40
0.06
 41
0.06
280
     0
281
     0
  7
Standard
140
0.18
170
     2
 62
     0
 63
     7
283
     0
 90
      512
 91
        0
  1

274
    -2
284
     1
 64
     0
275
    -2
285
     1
 65
     0
276
    -2
286
     1
 66
     0
277
    -2
287
     1
 67
     0
278
    -2
288
     1
 68
     0
279
    -2
289
     1
 69
     0
  7
Standard
140
0.25
170
     5
 62
     0
 63
     7
283
     0
 90
      512
 91
        0
  1

274
    -2
284
     1
 64
     0
275
    -2
285
     1
 65
     0
276
    -2
286
     1
 66
     0
277
    -2
287
     1
 67
     0
278
    -2
288
     1
 68
     0
279
    -2
289
     1
 69
     0
  7
Standard
140
0.18
170
     5
 62
     0
 63
     7
283
     0
 90
      512
 91
        0
  1

274
    -2
284
     1
 64
     0
275
    -2
285
     1
 65
     0
276
    -2
286
     1
 66
     0
277
    -2
287
     1
 67
     0
278
    -2
288
     1
 68
     0
279
    -2
289
     1
 69
     0
  0
VISUALSTYLE
  5
2F
102
{ACAD_REACTORS
330
29
102
}
330
29
100
AcDbVisualStyle
  2
2dWireframe
 70
     4
177
     3
291
     0
 70
    58
 90
        0
176
     1
 90
        2
176
     1
 90
        0
176
     1
 90
        0
176
     1
 40
0.6
176
     1
 40
30.0
176
     1
 62
     7
420
 16777215
176
     1
 90
        1
176
     1
 90
        4
176
     1
 62
     7
176
     1
 62
   257
176
     1
 90
        1
176
     1
 90
        1
176
     1
 40
1.0
176
     1
 90
        0
176
     1
 62
   257
176
     1
 40
1.0
176
     1
 90
        1
176
     1
 90
        6
176
     1
 90
        2
176
     1
 62
     7
176
     1
 90
        5
176
     1
 90
        0
176
     1
 90
        0
176
     1
290
     0
176
     1
 90
        1
176
     1
 40
0.0
176
     1
 90
        0
176
     1
290
     1
176
     1
290
     1
176
     1
290
     0
176
     1
290
     0
176
     1
290
     0
176
     1
290
     0
176
     1
290
     0
176
     1
290
     0
176
     1
290
     0
176
     1
 90
       50
176
     1
 40
0.0
176
     1
 40
1.0
176
     1
 90
        0
176
     1
 62
    18
420
        0
176
     1
 90
       50
176
     1
 90
        3
176
     1
 62
     5
420
      255
176
     1
290
     0
176
     1
 90
       50
176
     1
 90
       50
176
     1
 90
       50
176
     1
290
     0
176
     1
 90
       50
176
     1
 62
   256
176
     0
 40
1.0
176
     0
 90
        2
176
     1
  1
strokes_ogs.tif
176
     1
290
     0
176
     1
 40
1.0
176
     1
 40
1.0
176
     1
  0
VISUALSTYLE
  5
2E
102
{ACAD_REACTORS
330
29
102
}
330
29
100
AcDbVisualStyle
  2
Basic
 70
     7
177
     3
291
     1
 70
    58
 90
        1
176
     1
 90
        0
176
     1
 90
        1
176
     1
 90
        0
176
     1
 40
0.6
176
     1
 40
30.0
176
     1
 62
     7
420
 16777215
176
     1
 90
        0
176
     1
 90
        4
176
     1
 62
     7
176
     1
 62
   257
176
     1
 90
        1
176
     1
 90
        1
176
     1
 40
1.0
176
     1
 90
        8
176
     1
 62
     7
176
     1
 40
1.0
176
     1
 90
        1
176
     1
 90
        6
176
     1
 90
        2
176
     1
 62
     7
176
     1
 90
        5
176
     1
 90
        0
176
     1
 90
        0
176
     1
290
     0
176
     1
 90
        1
176
     1
 40
0.0
176
     1
 90
        0
176
     1
290
     0
176
     1
290
     1
176
     1
290
     1
176
     1
290
     0
176
     1
290
     0
176
     1
290
     0
176
     1
290
     0
176
     1
290
     0
176
     1
290
     0
176
     1
 90
       50
176
     1
 40
0.0
176
     1
 40
1.0
176
     1
 90
        0
176
     1
 62
    18
420
        0
176
     1
 90
       50
176
     1
 90
        3
176
     1
 62
     5
420
      255
176
     1
290
     0
176
     1
 90
       50
176
     1
 90
       50
176
     1
 90
       50
176
     1
290
     0
176
     1
 90
       50
176
     1
 62
   256
176
     0
 40
1.0
176
     0
 90
        2
176
     1
  1
strokes_ogs.tif
176
     1
290
     0
176
     1
 40
1.0
176
     1
 40
1.0
176
     1
  0
VISUALSTYLE
  5
35
102
{ACAD_REACTORS
330
29
102
}
330
29
100
AcDbVisualStyle
  2
Brighten
 70
    12
177
     3
291
     1
 70
    58
 90
        2
176
     1
 90
        2
176
     1
 90
        0
176
     1
 90
        0
176
     1
 40
0.6
176
     1
 40
30.0
176
     1
 62
     7
420
 16777215
176
     1
 90
        1
176
     1
 90
        4
176
     1
 62
     7
176
     1
 62
   257
176
     1
 90
        1
176
     1
 90
        1
176
     1
 40
1.0
176
     1
 90
        8
176
     1
 62
     7
176
     1
 40
1.0
176
     1
 90
        1
176
     1
 90
        6
176
     1
 90
        2
176
     1
 62
     7
176
     1
 90
        5
176
     1
 90
        0
176
     1
 90
        0
176
     1
290
     0
176
     1
 90
        1
176
     1
 40
50.0
176
     1
 90
        0
176
     1
290
     0
176
     1
290
     1
176
     1
290
     1
176
     1
290
     0
176
     1
290
     0
176
     1
290
     0
176
     1
290
     0
176
     1
290
     0
176
     1
290
     0
176
     1
 90
       50
176
     1
 40
0.0
176
     1
 40
1.0
176
     1
 90
        0
176
     1
 62
    18
420
        0
176
     1
 90
       50
176
     1
 90
        3
176
     1
 62
     5
420
      255
176
     1
290
     0
176
     1
 90
       50
176
     1
 90
       50
176
     1
 90
       50
176
     1
290
     0
176
     1
 90
       50
176
     1
 62
   256
176
     0
 40
1.0
176
     0
 90
        2
176
     1
  1
strokes_ogs.tif
176
     1
290
     0
176
     1
 40
1.0
176
     1
 40
1.0
176
     1
  0
VISUALSTYLE
  5
39
102
{ACAD_REACTORS
330
29
102
}
330
29
100
AcDbVisualStyle
  2
ColorChange
 70
    16
177
     3
291
     1
 70
    58
 90
        2
176
     1
 90
        2
176
     1
 90
        3
176
     1
 90
        0
176
     1
 40
0.6
176
     1
 40
30.0
176
     1
 62
     8
420
  8421504
176
     1
 90
        1
176
     1
 90
        4
176
     1
 62
     7
176
     1
 62
   257
176
     1
 90
        1
176
     1
 90
        1
176
     1
 40
1.0
176
     1
 90
        8
176
     1
 62
     8
420
  8421504
176
     1
 40
1.0
176
     1
 90
        1
176
     1
 90
        6
176
     1
 90
        2
176
     1
 62
     7
176
     1
 90
        5
176
     1
 90
        0
176
     1
 90
        0
176
     1
290
     0
176
     1
 90
        1
176
     1
 40
0.0
176
     1
 90
        0
176
     1
290
     0
176
     1
290
     1
176
     1
290
     1
176
     1
290
     0
176
     1
290
     0
176
     1
290
     0
176
     1
290
     0
176
     1
290
     0
176
     1
290
     0
176
     1
 90
       50
176
     1
 40
0.0
176
     1
 40
1.0
176
     1
 90
        0
176
     1
 62
    18
420
        0
176
     1
 90
       50
176
     1
 90
        3
176
     1
 62
     5
420
      255
176
     1
290
     0
176
     1
 90
       50
176
     1
 90
       50
176
     1
 90
       50
176
     1
290
     0
176
     1
 90
       50
176
     1
 62
   256
176
     0
 40
1.0
176
     0
 90
        2
176
     1
  1
strokes_ogs.tif
176
     1
290
     0
176
     1
 40
1.0
176
     1
 40
1.0
176
     1
  0
VISUALSTYLE
  5
32
102
{ACAD_REACTORS
330
29
102
}
330
29
100
AcDbVisualStyle
  2
Conceptual
 70
     9
177
     3
291
     0
 70
    58
 90
        3
176
     1
 90
        2
176
     1
 90
        0
176
     1
 90
        0
176
     1
 40
0.6
176
     1
 40
30.0
176
     1
 62
     7
420
 16777215
176
     1
 90
        2
176
     1
 90
        2
176
     1
 62
     7
176
     1
 62
   257
176
     1
 90
        1
176
     1
 90
        1
176
     1
 40
179.0
176
     1
 90
        8
176
     1
 62
     7
176
     1
 40
1.0
176
     1
 90
        1
176
     1
 90
        6
176
     1
 90
        2
176
     1
 62
     7
176
     1
 90
        3
176
     1
 90
        0
176
     1
 90
        0
176
     1
290
     0
176
     1
 90
        1
176
     1
 40
0.0
176
     1
 90
        0
176
     1
290
     0
176
     1
290
     1
176
     1
290
     1
176
     1
290
     0
176
     1
290
     0
176
     1
290
     0
176
     1
290
     0
176
     1
290
     0
176
     1
290
     0
176
     1
 90
       50
176
     1
 40
0.0
176
     1
 40
1.0
176
     1
 90
        0
176
     1
 62
    18
420
        0
176
     1
 90
       50
176
     1
 90
        3
176
     1
 62
     5
420
      255
176
     1
290
     0
176
     1
 90
       50
176
     1
 90
       50
176
     1
 90
       50
176
     1
290
     0
176
     1
 90
       50
176
     1
 62
   256
176
     0
 40
1.0
176
     0
 90
        2
176
     1
  1
strokes_ogs.tif
176
     1
290
     0
176
     1
 40
1.0
176
     1
 40
1.0
176
     1
  0
VISUALSTYLE
  5
34
102
{ACAD_REACTORS
330
29
102
}
330
29
100
AcDbVisualStyle
  2
Dim
 70
    11
177
     3
291
     1
 70
    58
 90
        2
176
     1
 90
        2
176
     1
 90
        0
176
     1
 90
        0
176
     1
 40
0.6
176
     1
 40
30.0
176
     1
 62
     7
420
 16777215
176
     1
 90
        1
176
     1
 90
        4
176
     1
 62
     7
176
     1
 62
   257
176
     1
 90
        1
176
     1
 90
        1
176
     1
 40
1.0
176
     1
 90
        8
176
     1
 62
     7
176
     1
 40
1.0
176
     1
 90
        1
176
     1
 90
        6
176
     1
 90
        2
176
     1
 62
     7
176
     1
 90
        5
176
     1
 90
        0
176
     1
 90
        0
176
     1
290
     0
176
     1
 90
        1
176
     1
 40
-50.0
176
     1
 90
        0
176
     1
290
     0
176
     1
290
     1
176
     1
290
     1
176
     1
290
     0
176
     1
290
     0
176
     1
290
     0
176
     1
290
     0
176
     1
290
     0
176
     1
290
     0
176
     1
 90
       50
176
     1
 40
0.0
176
     1
 40
1.0
176
     1
 90
        0
176
     1
 62
    18
420
        0
176
     1
 90
       50
176
     1
 90
        3
176
     1
 62
     5
420
      255
176
     1
290
     0
176
     1
 90
       50
176
     1
 90
       50
176
     1
 90
       50
176
     1
290
     0
176
     1
 90
       50
176
     1
 62
   256
176
     0
 40
1.0
176
     0
 90
        2
176
     1
  1
strokes_ogs.tif
176
     1
290
     0
176
     1
 40
1.0
176
     1
 40
1.0
176
     1
  0
VISUALSTYLE
  5
41
102
{ACAD_REACTORS
330
29
102
}
330
29
100
AcDbVisualStyle
  2
EdgeColorOff
 70
    22
177
     3
291
     1
 70
    58
 90
        2
176
     0
 90
        2
176
     0
 90
        0
176
     0
 90
        0
176
     0
 40
0.6
176
     0
 40
30.0
176
     0
 62
     7
420
 16777215
176
     0
 90
        1
176
     0
 90
        4
176
     0
 62
     7
176
     0
 62
   257
176
     0
 90
        1
176
     0
 90
        1
176
     0
 40
1.0
176
     0
 90
        8
176
     2
 62
     7
176
     0
 40
1.0
176
     0
 90
        1
176
     0
 90
        6
176
     0
 90
        2
176
     0
 62
     7
176
     0
 90
        5
176
     0
 90
        0
176
     0
 90
        0
176
     0
290
     0
176
     0
 90
        1
176
     0
 40
0.0
176
     0
 90
        0
176
     0
290
     0
176
     0
290
     1
176
     0
290
     1
176
     0
290
     0
176
     0
290
     0
176
     0
290
     0
176
     0
290
     0
176
     0
290
     0
176
     0
290
     0
176
     0
 90
       50
176
     0
 40
0.0
176
     0
 40
1.0
176
     0
 90
        0
176
     0
 62
    18
420
        0
176
     0
 90
       50
176
     0
 90
        3
176
     0
 62
     5
420
      255
176
     0
290
     0
176
     0
 90
       50
176
     0
 90
       50
176
     0
 90
       50
176
     0
290
     0
176
     0
 90
       50
176
     0
 62
   256
176
     0
 40
1.0
176
     0
 90
        2
176
     0
  1
strokes_ogs.tif
176
     0
290
     0
176
     0
 40
1.0
176
     0
 40
1.0
176
     0
  0
VISUALSTYLE
  5
38
102
{ACAD_REACTORS
330
29
102
}
330
29
100
AcDbVisualStyle
  2
Facepattern
 70
    15
177
     3
291
     1
 70
    58
 90
        2
176
     1
 90
        2
176
     1
 90
        0
176
     1
 90
        0
176
     1
 40
0.6
176
     1
 40
30.0
176
     1
 62
     7
420
 16777215
176
     1
 90
        1
176
     1
 90
        4
176
     1
 62
     7
176
     1
 62
   257
176
     1
 90
        1
176
     1
 90
        1
176
     1
 40
1.0
176
     1
 90
        8
176
     1
 62
     7
176
     1
 40
1.0
176
     1
 90
        1
176
     1
 90
        6
176
     1
 90
        2
176
     1
 62
     7
176
     1
 90
        5
176
     1
 90
        0
176
     1
 90
        0
176
     1
290
     0
176
     1
 90
        1
176
     1
 40
0.0
176
     1
 90
        0
176
     1
290
     0
176
     1
290
     1
176
     1
290
     1
176
     1
290
     0
176
     1
290
     0
176
     1
290
     0
176
     1
290
     0
176
     1
290
     0
176
     1
290
     0
176
     1
 90
       50
176
     1
 40
0.0
176
     1
 40
1.0
176
     1
 90
        0
176
     1
 62
    18
420
        0
176
     1
 90
       50
176
     1
 90
        3
176
     1
 62
     5
420
      255
176
     1
290
     0
176
     1
 90
       50
176
     1
 90
       50
176
     1
 90
       50
176
     1
290
     0
176
     1
 90
       50
176
     1
 62
   256
176
     0
 40
1.0
176
     0
 90
        2
176
     1
  1
strokes_ogs.tif
176
     1
290
     0
176
     1
 40
1.0
176
     1
 40
1.0
176
     1
  0
VISUALSTYLE
  5
2A
102
{ACAD_REACTORS
330
29
102
}
330
29
100
AcDbVisualStyle
  2
Flat
 70
     0
177
     3
291
     1
 70
    58
 90
        2
176
     1
 90
        1
176
     1
 90
        1
176
     1
 90
        2
176
     1
 40
0.6
176
     1
 40
30.0
176
     1
 62
     7
420
 16777215
176
     1
 90
        0
176
     1
 90
        0
176
     1
 62
     7
176
     1
 62
   257
176
     1
 90
        1
176
     1
 90
        1
176
     1
 40
1.0
176
     1
 90
        8
176
     1
 62
     7
176
     1
 40
1.0
176
     1
 90
        1
176
     1
 90
        6
176
     1
 90
        2
176
     1
 62
     7
176
     1
 90
        5
176
     1
 90
        0
176
     1
 90
        0
176
     1
290
     0
176
     1
 90
       13
176
     1
 40
0.0
176
     1
 90
        0
176
     1
290
     0
176
     1
290
     1
176
     1
290
     1
176
     1
290
     0
176
     1
290
     0
176
     1
290
     0
176
     1
290
     0
176
     1
290
     0
176
     1
290
     0
176
     1
 90
       50
176
     1
 40
0.0
176
     1
 40
1.0
176
     1
 90
        0
176
     1
 62
    18
420
        0
176
     1
 90
       50
176
     1
 90
        3
176
     1
 62
     5
420
      255
176
     1
290
     0
176
     1
 90
       50
176
     1
 90
       50
176
     1
 90
       50
176
     1
290
     0
176
     1
 90
       50
176
     1
 62
   256
176
     0
 40
1.0
176
     0
 90
        2
176
     1
  1
strokes_ogs.tif
176
     1
290
     0
176
     1
 40
1.0
176
     1
 40
1.0
176
     1
  0
VISUALSTYLE
  5
2B
102
{ACAD_REACTORS
330
29
102
}
330
29
100
AcDbVisualStyle
  2
FlatWithEdges
 70
     1
177
     3
291
     1
 70
    58
 90
        2
176
     1
 90
        1
176
     1
 90
        1
176
     1
 90
        2
176
     1
 40
0.6
176
     1
 40
30.0
176
     1
 62
     7
420
 16777215
176
     1
 90
        1
176
     1
 90
        0
176
     1
 62
     7
176
     1
 62
   257
176
     1
 90
        1
176
     1
 90
        1
176
     1
 40
1.0
176
     1
 90
        0
176
     1
 62
   257
176
     1
 40
1.0
176
     1
 90
        1
176
     1
 90
        6
176
     1
 90
        2
176
     1
 62
     7
176
     1
 90
        5
176
     1
 90
        0
176
     1
 90
        0
176
     1
290
     0
176
     1
 90
       13
176
     1
 40
0.0
176
     1
 90
        0
176
     1
290
     0
176
     1
290
     1
176
     1
290
     1
176
     1
290
     0
176
     1
290
     0
176
     1
290
     0
176
     1
290
     0
176
     1
290
     0
176
     1
290
     0
176
     1
 90
       50
176
     1
 40
0.0
176
     1
 40
1.0
176
     1
 90
        0
176
     1
 62
    18
420
        0
176
     1
 90
       50
176
     1
 90
        3
176
     1
 62
     5
420
      255
176
     1
290
     0
176
     1
 90
       50
176
     1
 90
       50
176
     1
 90
       50
176
     1
290
     0
176
     1
 90
       50
176
     1
 62
   256
176
     0
 40
1.0
176
     0
 90
        2
176
     1
  1
strokes_ogs.tif
176
     1
290
     0
176
     1
 40
1.0
176
     1
 40
1.0
176
     1
  0
VISUALSTYLE
  5
2C
102
{ACAD_REACTORS
330
29
102
}
330
29
100
AcDbVisualStyle
  2
Gouraud
 70
     2
177
     3
291
     1
 70
    58
 90
        2
176
     1
 90
        2
176
     1
 90
        1
176
     1
 90
        2
176
     1
 40
0.6
176
     1
 40
30.0
176
     1
 62
     7
420
 16777215
176
     1
 90
        0
176
     1
 90
        0
176
     1
 62
     7
176
     1
 62
   257
176
     1
 90
        1
176
     1
 90
        1
176
     1
 40
1.0
176
     1
 90
        0
176
     1
 62
     7
176
     1
 40
1.0
176
     1
 90
        1
176
     1
 90
        6
176
     1
 90
        2
176
     1
 62
     7
176
     1
 90
        5
176
     1
 90
        0
176
     1
 90
        0
176
     1
290
     0
176
     1
 90
       13
176
     1
 40
0.0
176
     1
 90
        0
176
     1
290
     0
176
     1
290
     1
176
     1
290
     1
176
     1
290
     0
176
     1
290
     0
176
     1
290
     0
176
     1
290
     0
176
     1
290
     0
176
     1
290
     0
176
     1
 90
       50
176
     1
 40
0.0
176
     1
 40
1.0
176
     1
 90
        0
176
     1
 62
    18
420
        0
176
     1
 90
       50
176
     1
 90
        3
176
     1
 62
     5
420
      255
176
     1
290
     0
176
     1
 90
       50
176
     1
 90
       50
176
     1
 90
       50
176
     1
290
     0
176
     1
 90
       50
176
     1
 62
   256
176
     0
 40
1.0
176
     0
 90
        2
176
     1
  1
strokes_ogs.tif
176
     1
290
     0
176
     1
 40
1.0
176
     1
 40
1.0
176
     1
  0
VISUALSTYLE
  5
2D
102
{ACAD_REACTORS
330
29
102
}
330
29
100
AcDbVisualStyle
  2
GouraudWithEdges
 70
     3
177
     3
291
     1
 70
    58
 90
        2
176
     1
 90
        2
176
     1
 90
        1
176
     1
 90
        2
176
     1
 40
0.6
176
     1
 40
30.0
176
     1
 62
     7
420
 16777215
176
     1
 90
        1
176
     1
 90
        0
176
     1
 62
     7
176
     1
 62
   257
176
     1
 90
        1
176
     1
 90
        1
176
     1
 40
1.0
176
     1
 90
        0
176
     1
 62
   257
176
     1
 40
1.0
176
     1
 90
        1
176
     1
 90
        6
176
     1
 90
        2
176
     1
 62
     7
176
     1
 90
        5
176
     1
 90
        0
176
     1
 90
        0
176
     1
290
     0
176
     1
 90
       13
176
     1
 40
0.0
176
     1
 90
        0
176
     1
290
     0
176
     1
290
     1
176
     1
290
     1
176
     1
290
     0
176
     1
290
     0
176
     1
290
     0
176
     1
290
     0
176
     1
290
     0
176
     1
290
     0
176
     1
 90
       50
176
     1
 40
0.0
176
     1
 40
1.0
176
     1
 90
        0
176
     1
 62
    18
420
        0
176
     1
 90
       50
176
     1
 90
        3
176
     1
 62
     5
420
      255
176
     1
290
     0
176
     1
 90
       50
176
     1
 90
       50
176
     1
 90
       50
176
     1
290
     0
176
     1
 90
       50
176
     1
 62
   256
176
     0
 40
1.0
176
     0
 90
        2
176
     1
  1
strokes_ogs.tif
176
     1
290
     0
176
     1
 40
1.0
176
     1
 40
1.0
176
     1
  0
VISUALSTYLE
  5
31
102
{ACAD_REACTORS
330
29
102
}
330
29
100
AcDbVisualStyle
  2
Hidden
 70
     6
177
     3
291
     0
 70
    58
 90
        1
176
     1
 90
        2
176
     1
 90
        2
176
     1
 90
        0
176
     1
 40
0.6
176
     1
 40
30.0
176
     1
 62
     7
420
 16777215
176
     1
 90
        2
176
     1
 90
        2
176
     1
 62
     7
176
     1
 62
   257
176
     1
 90
        2
176
     1
 90
        1
176
     1
 40
40.0
176
     1
 90
        0
176
     1
 62
   257
176
     1
 40
1.0
176
     1
 90
        1
176
     1
 90
        6
176
     1
 90
        2
176
     1
 62
     7
176
     1
 90
        3
176
     1
 90
        0
176
     1
 90
        0
176
     1
290
     0
176
     1
 90
        1
176
     1
 40
0.0
176
     1
 90
        0
176
     1
290
     0
176
     1
290
     1
176
     1
290
     1
176
     1
290
     0
176
     1
290
     0
176
     1
290
     0
176
     1
290
     0
176
     1
290
     0
176
     1
290
     0
176
     1
 90
       50
176
     1
 40
0.0
176
     1
 40
1.0
176
     1
 90
        0
176
     1
 62
    18
420
        0
176
     1
 90
       50
176
     1
 90
        3
176
     1
 62
     5
420
      255
176
     1
290
     0
176
     1
 90
       50
176
     1
 90
       50
176
     1
 90
       50
176
     1
290
     0
176
     1
 90
       50
176
     1
 62
   256
176
     0
 40
1.0
176
     0
 90
        2
176
     1
  1
strokes_ogs.tif
176
     1
290
     0
176
     1
 40
1.0
176
     1
 40
1.0
176
     1
  0
VISUALSTYLE
  5
3F
102
{ACAD_REACTORS
330
29
102
}
330
29
100
AcDbVisualStyle
  2
JitterOff
 70
    20
177
     3
291
     1
 70
    58
 90
        2
176
     0
 90
        2
176
     0
 90
        0
176
     0
 90
        0
176
     0
 40
0.6
176
     0
 40
30.0
176
     0
 62
     7
420
 16777215
176
     0
 90
        1
176
     0
 90
        4
176
     0
 62
     7
176
     0
 62
   257
176
     0
 90
        1
176
     0
 90
        1
176
     0
 40
1.0
176
     0
 90
       10
176
     2
 62
     7
176
     0
 40
1.0
176
     0
 90
        1
176
     0
 90
        6
176
     0
 90
        2
176
     0
 62
     7
176
     0
 90
        5
176
     0
 90
        0
176
     0
 90
        0
176
     0
290
     0
176
     0
 90
        1
176
     0
 40
0.0
176
     0
 90
        0
176
     0
290
     0
176
     0
290
     1
176
     0
290
     1
176
     0
290
     0
176
     0
290
     0
176
     0
290
     0
176
     0
290
     0
176
     0
290
     0
176
     0
290
     0
176
     0
 90
       50
176
     0
 40
0.0
176
     0
 40
1.0
176
     0
 90
        0
176
     0
 62
    18
420
        0
176
     0
 90
       50
176
     0
 90
        3
176
     0
 62
     5
420
      255
176
     0
290
     0
176
     0
 90
       50
176
     0
 90
       50
176
     0
 90
       50
176
     0
290
     0
176
     0
 90
       50
176
     0
 62
   256
176
     0
 40
1.0
176
     0
 90
        2
176
     0
  1
strokes_ogs.tif
176
     0
290
     0
176
     0
 40
1.0
176
     0
 40
1.0
176
     0
  0
VISUALSTYLE
  5
37
102
{ACAD_REACTORS
330
29
102
}
330
29
100
AcDbVisualStyle
  2
Linepattern
 70
    14
177
     3
291
     1
 70
    58
 90
        2
176
     1
 90
        2
176
     1
 90
        0
176
     1
 90
        0
176
     1
 40
0.6
176
     1
 40
30.0
176
     1
 62
     7
420
 16777215
176
     1
 90
        1
176
     1
 90
        4
176
     1
 62
     7
176
     1
 62
   257
176
     1
 90
        7
176
     1
 90
        7
176
     1
 40
1.0
176
     1
 90
        8
176
     1
 62
     7
176
     1
 40
1.0
176
     1
 90
        1
176
     1
 90
        6
176
     1
 90
        2
176
     1
 62
     7
176
     1
 90
        5
176
     1
 90
        0
176
     1
 90
        0
176
     1
290
     0
176
     1
 90
        1
176
     1
 40
0.0
176
     1
 90
        0
176
     1
290
     0
176
     1
290
     1
176
     1
290
     1
176
     1
290
     0
176
     1
290
     0
176
     1
290
     0
176
     1
290
     0
176
     1
290
     0
176
     1
290
     0
176
     1
 90
       50
176
     1
 40
0.0
176
     1
 40
1.0
176
     1
 90
        0
176
     1
 62
    18
420
        0
176
     1
 90
       50
176
     1
 90
        3
176
     1
 62
     5
420
      255
176
     1
290
     0
176
     1
 90
       50
176
     1
 90
       50
176
     1
 90
       50
176
     1
290
     0
176
     1
 90
       50
176
     1
 62
   256
176
     0
 40
1.0
176
     0
 90
        2
176
     1
  1
strokes_ogs.tif
176
     1
290
     0
176
     1
 40
1.0
176
     1
 40
1.0
176
     1
  0
VISUALSTYLE
  5
40
102
{ACAD_REACTORS
330
29
102
}
330
29
100
AcDbVisualStyle
  2
OverhangOff
 70
    21
177
     3
291
     1
 70
    58
 90
        2
176
     0
 90
        2
176
     0
 90
        0
176
     0
 90
        0
176
     0
 40
0.6
176
     0
 40
30.0
176
     0
 62
     7
420
 16777215
176
     0
 90
        1
176
     0
 90
        4
176
     0
 62
     7
176
     0
 62
   257
176
     0
 90
        1
176
     0
 90
        1
176
     0
 40
1.0
176
     0
 90
        9
176
     2
 62
     7
176
     0
 40
1.0
176
     0
 90
        1
176
     0
 90
        6
176
     0
 90
        2
176
     0
 62
     7
176
     0
 90
        5
176
     0
 90
        0
176
     0
 90
        0
176
     0
290
     0
176
     0
 90
        1
176
     0
 40
0.0
176
     0
 90
        0
176
     0
290
     0
176
     0
290
     1
176
     0
290
     1
176
     0
290
     0
176
     0
290
     0
176
     0
290
     0
176
     0
290
     0
176
     0
290
     0
176
     0
290
     0
176
     0
 90
       50
176
     0
 40
0.0
176
     0
 40
1.0
176
     0
 90
        0
176
     0
 62
    18
420
        0
176
     0
 90
       50
176
     0
 90
        3
176
     0
 62
     5
420
      255
176
     0
290
     0
176
     0
 90
       50
176
     0
 90
       50
176
     0
 90
       50
176
     0
290
     0
176
     0
 90
       50
176
     0
 62
   256
176
     0
 40
1.0
176
     0
 90
        2
176
     0
  1
strokes_ogs.tif
176
     0
290
     0
176
     0
 40
1.0
176
     0
 40
1.0
176
     0
  0
VISUALSTYLE
  5
33
102
{ACAD_REACTORS
330
29
102
}
330
29
100
AcDbVisualStyle
  2
Realistic
 70
     8
177
     3
291
     0
 70
    58
 90
        2
176
     1
 90
        3
176
     1
 90
        0
176
     1
 90
        2
176
     1
 40
0.6
176
     1
 40
30.0
176
     1
 62
     7
420
 16777215
176
     1
 90
        0
176
     1
 90
        0
176
     1
 62
     7
176
     1
 62
   257
176
     1
 90
        1
176
     1
 90
        1
176
     1
 40
1.0
176
     1
 90
        8
176
     1
 62
   257
176
     1
 40
1.0
176
     1
 90
        1
176
     1
 90
        6
176
     1
 90
        2
176
     1
 62
     7
176
     1
 90
        3
176
     1
 90
        0
176
     1
 90
        0
176
     1
290
     0
176
     1
 90
       13
176
     1
 40
0.0
176
     1
 90
        0
176
     1
290
     0
176
     1
290
     1
176
     1
290
     1
176
     1
290
     0
176
     1
290
     0
176
     1
290
     0
176
     1
290
     0
176
     1
290
     0
176
     1
290
     0
176
     1
 90
       50
176
     1
 40
0.0
176
     1
 40
1.0
176
     1
 90
        0
176
     1
 62
    18
420
        0
176
     1
 90
       50
176
     1
 90
        3
176
     1
 62
     5
420
      255
176
     1
290
     0
176
     1
 90
       50
176
     1
 90
       50
176
     1
 90
       50
176
     1
290
     0
176
     1
 90
       50
176
     1
 62
   256
176
     0
 40
1.0
176
     0
 90
        2
176
     1
  1
strokes_ogs.tif
176
     1
290
     0
176
     1
 40
1.0
176
     1
 40
1.0
176
     1
  0
VISUALSTYLE
  5
3E
102
{ACAD_REACTORS
330
29
102
}
330
29
100
AcDbVisualStyle
  2
Shaded
 70
    27
177
     3
291
     0
 70
    58
 90
        2
176
     1
 90
        2
176
     1
 90
        1
176
     1
 90
        2
176
     1
 40
0.6
176
     1
 40
30.0
176
     1
 62
     7
420
 16777215
176
     1
 90
        0
176
     1
 90
        4
176
     1
 62
     7
176
     1
 62
   257
176
     1
 90
        1
176
     1
 90
        1
176
     1
 40
1.0
176
     1
 90
        8
176
     1
 62
   257
176
     1
 40
1.0
176
     1
 90
        1
176
     1
 90
        6
176
     1
 90
        2
176
     1
 62
     8
420
  7895160
176
     1
 90
        3
176
     1
 90
        0
176
     1
 90
        0
176
     1
290
     0
176
     1
 90
        5
176
     1
 40
0.0
176
     1
 90
        0
176
     1
290
     0
176
     1
290
     1
176
     1
290
     1
176
     1
290
     0
176
     1
290
     0
176
     1
290
     0
176
     1
290
     0
176
     1
290
     0
176
     1
290
     0
176
     1
 90
       50
176
     1
 40
0.0
176
     1
 40
1.0
176
     1
 90
        0
176
     1
 62
    18
420
        0
176
     1
 90
       50
176
     1
 90
        3
176
     1
 62
     5
420
      255
176
     1
290
     0
176
     1
 90
       50
176
     1
 90
       50
176
     1
 90
       50
176
     1
290
     0
176
     1
 90
       50
176
     1
 62
   256
176
     0
 40
1.0
176
     0
 90
        2
176
     1
  1
strokes_ogs.tif
176
     1
290
     0
176
     1
 40
1.0
176
     1
 40
1.0
176
     1
  0
VISUALSTYLE
  5
3D
102
{ACAD_REACTORS
330
29
102
}
330
29
100
AcDbVisualStyle
  2
Shaded with edges
 70
    26
177
     3
291
     0
 70
    58
 90
        2
176
     1
 90
        2
176
     1
 90
        1
176
     1
 90
        2
176
     1
 40
0.6
176
     1
 40
30.0
176
     1
 62
     7
420
 16777215
176
     1
 90
        1
176
     1
 90
        2
176
     1
 62
     7
176
     1
 62
   257
176
     1
 90
        2
176
     1
 90
        1
176
     1
 40
1.0
176
     1
 90
        8
176
     1
 62
   257
176
     1
 40
1.0
176
     1
 90
        1
176
     1
 90
        6
176
     1
 90
        2
176
     1
 62
     7
176
     1
 90
        3
176
     1
 90
        0
176
     1
 90
        0
176
     1
290
     0
176
     1
 90
        5
176
     1
 40
0.0
176
     1
 90
        0
176
     1
290
     0
176
     1
290
     1
176
     1
290
     1
176
     1
290
     0
176
     1
290
     0
176
     1
290
     0
176
     1
290
     0
176
     1
290
     0
176
     1
290
     0
176
     1
 90
       50
176
     1
 40
0.0
176
     1
 40
1.0
176
     1
 90
        0
176
     1
 62
    18
420
        0
176
     1
 90
       50
176
     1
 90
        3
176
     1
 62
     5
420
      255
176
     1
290
     0
176
     1
 90
       50
176
     1
 90
       50
176
     1
 90
       50
176
     1
290
     0
176
     1
 90
       50
176
     1
 62
   256
176
     0
 40
1.0
176
     0
 90
        2
176
     1
  1
strokes_ogs.tif
176
     1
290
     0
176
     1
 40
1.0
176
     1
 40
1.0
176
     1
  0
VISUALSTYLE
  5
3A
102
{ACAD_REACTORS
330
29
102
}
330
29
100
AcDbVisualStyle
  2
Shades of Gray
 70
    23
177
     3
291
     0
 70
    58
 90
        2
176
     1
 90
        2
176
     1
 90
        3
176
     1
 90
        0
176
     1
 40
0.6
176
     1
 40
30.0
176
     1
 62
     7
420
 16777215
176
     1
 90
        2
176
     1
 90
        2
176
     1
 62
     7
176
     1
 62
     7
176
     1
 90
        1
176
     1
 90
        1
176
     1
 40
40.0
176
     1
 90
        8
176
     1
 62
     7
176
     1
 40
1.0
176
     1
 90
        1
176
     1
 90
        6
176
     1
 90
        2
176
     1
 62
     7
176
     1
 90
        3
176
     1
 90
        0
176
     1
 90
        0
176
     1
290
     0
176
     1
 90
        1
176
     1
 40
0.0
176
     1
 90
        0
176
     1
290
     0
176
     1
290
     1
176
     1
290
     1
176
     1
290
     0
176
     1
290
     0
176
     1
290
     0
176
     1
290
     0
176
     1
290
     0
176
     1
290
     0
176
     1
 90
       50
176
     1
 40
0.0
176
     1
 40
1.0
176
     1
 90
        0
176
     1
 62
    18
420
        0
176
     1
 90
       50
176
     1
 90
        3
176
     1
 62
     5
420
      255
176
     1
290
     0
176
     1
 90
       50
176
     1
 90
       50
176
     1
 90
       50
176
     1
290
     0
176
     1
 90
       50
176
     1
 62
   256
176
     0
 40
1.0
176
     0
 90
        2
176
     1
  1
strokes_ogs.tif
176
     1
290
     0
176
     1
 40
1.0
176
     1
 40
1.0
176
     1
  0
VISUALSTYLE
  5
3B
102
{ACAD_REACTORS
330
29
102
}
330
29
100
AcDbVisualStyle
  2
Sketchy
 70
    24
177
     3
291
     0
 70
    58
 90
        1
176
     1
 90
        2
176
     1
 90
        2
176
     1
 90
        0
176
     1
 40
0.6
176
     1
 40
30.0
176
     1
 62
     7
420
 16777215
176
     1
 90
        2
176
     1
 90
        2
176
     1
 62
     7
176
     1
 62
     7
176
     1
 90
        1
176
     1
 90
        1
176
     1
 40
40.0
176
     1
 90
       11
176
     1
 62
     7
176
     1
 40
1.0
176
     1
 90
        1
176
     1
 90
        6
176
     1
 90
        2
176
     1
 62
     7
176
     1
 90
        6
176
     1
 90
        0
176
     1
 90
        0
176
     1
290
     0
176
     1
 90
        1
176
     1
 40
0.0
176
     1
 90
        0
176
     1
290
     0
176
     1
290
     1
176
     1
290
     1
176
     1
290
     0
176
     1
290
     0
176
     1
290
     0
176
     1
290
     0
176
     1
290
     0
176
     1
290
     0
176
     1
 90
       50
176
     1
 40
0.0
176
     1
 40
1.0
176
     1
 90
        0
176
     1
 62
    18
420
        0
176
     1
 90
       50
176
     1
 90
        3
176
     1
 62
     5
420
      255
176
     1
290
     0
176
     1
 90
       50
176
     1
 90
       50
176
     1
 90
       50
176
     1
290
     0
176
     1
 90
       50
176
     1
 62
   256
176
     0
 40
1.0
176
     0
 90
        2
176
     1
  1
strokes_ogs.tif
176
     1
290
     0
176
     1
 40
1.0
176
     1
 40
1.0
176
     1
  0
VISUALSTYLE
  5
36
102
{ACAD_REACTORS
330
29
102
}
330
29
100
AcDbVisualStyle
  2
Thicken
 70
    13
177
     3
291
     1
 70
    58
 90
        2
176
     1
 90
        2
176
     1
 90
        0
176
     1
 90
        0
176
     1
 40
0.6
176
     1
 40
30.0
176
     1
 62
     7
420
 16777215
176
     1
 90
        1
176
     1
 90
        4
176
     1
 62
     7
176
     1
 62
   257
176
     1
 90
        1
176
     1
 90
        1
176
     1
 40
1.0
176
     1
 90
       12
176
     1
 62
     7
176
     1
 40
1.0
176
     1
 90
        1
176
     1
 90
        6
176
     1
 90
        2
176
     1
 62
     7
176
     1
 90
        5
176
     1
 90
        0
176
     1
 90
        0
176
     1
290
     0
176
     1
 90
        1
176
     1
 40
0.0
176
     1
 90
        0
176
     1
290
     0
176
     1
290
     1
176
     1
290
     1
176
     1
290
     0
176
     1
290
     0
176
     1
290
     0
176
     1
290
     0
176
     1
290
     0
176
     1
290
     0
176
     1
 90
       50
176
     1
 40
0.0
176
     1
 40
1.0
176
     1
 90
        0
176
     1
 62
    18
420
        0
176
     1
 90
       50
176
     1
 90
        3
176
     1
 62
     5
420
      255
176
     1
290
     0
176
     1
 90
       50
176
     1
 90
       50
176
     1
 90
       50
176
     1
290
     0
176
     1
 90
       50
176
     1
 62
   256
176
     0
 40
1.0
176
     0
 90
        2
176
     1
  1
strokes_ogs.tif
176
     1
290
     0
176
     1
 40
1.0
176
     1
 40
1.0
176
     1
  0
VISUALSTYLE
  5
30
102
{ACAD_REACTORS
330
29
102
}
330
29
100
AcDbVisualStyle
  2
Wireframe
 70
     5
177
     3
291
     0
 70
    58
 90
        0
176
     1
 90
        2
176
     1
 90
        0
176
     1
 90
        0
176
     1
 40
0.6
176
     1
 40
30.0
176
     1
 62
     7
420
 16777215
176
     1
 90
        1
176
     1
 90
        4
176
     1
 62
     7
176
     1
 62
   257
176
     1
 90
        1
176
     1
 90
        1
176
     1
 40
1.0
176
     1
 90
        0
176
     1
 62
   257
176
     1
 40
1.0
176
     1
 90
        1
176
     1
 90
        6
176
     1
 90
        2
176
     1
 62
     7
176
     1
 90
        3
176
     1
 90
        0
176
     1
 90
        0
176
     1
290
     0
176
     1
 90
        1
176
     1
 40
0.0
176
     1
 90
        0
176
     1
290
     0
176
     1
290
     1
176
     1
290
     1
176
     1
290
     0
176
     1
290
     0
176
     1
290
     0
176
     1
290
     0
176
     1
290
     0
176
     1
290
     0
176
     1
 90
       50
176
     1
 40
0.0
176
     1
 40
1.0
176
     1
 90
        0
176
     1
 62
    18
420
        0
176
     1
 90
       50
176
     1
 90
        3
176
     1
 62
     5
420
      255
176
     1
290
     0
176
     1
 90
       50
176
     1
 90
       50
176
     1
 90
       50
176
     1
290
     0
176
     1
 90
       50
176
     1
 62
   256
176
     0
 40
1.0
176
     0
 90
        2
176
     1
  1
strokes_ogs.tif
176
     1
290
     0
176
     1
 40
1.0
176
     1
 40
1.0
176
     1
  0
VISUALSTYLE
  5
3C
102
{ACAD_REACTORS
330
29
102
}
330
29
100
AcDbVisualStyle
  2
X-Ray
 70
    25
177
     3
291
     0
 70
    58
 90
        2
176
     1
 90
        2
176
     1
 90
        1
176
     1
 90
        1
176
     1
 40
0.5
176
     1
 40
30.0
176
     1
 62
     7
420
 16777215
176
     1
 90
        1
176
     1
 90
        0
176
     1
 62
     7
176
     1
 62
   257
176
     1
 90
        1
176
     1
 90
        1
176
     1
 40
1.0
176
     1
 90
        8
176
     1
 62
     7
176
     1
 40
1.0
176
     1
 90
        1
176
     1
 90
        6
176
     1
 90
        2
176
     1
 62
     7
176
     1
 90
        3
176
     1
 90
        0
176
     1
 90
        0
176
     1
290
     0
176
     1
 90
       13
176
     1
 40
0.0
176
     1
 90
        0
176
     1
290
     0
176
     1
290
     1
176
     1
290
     1
176
     1
290
     0
176
     1
290
     0
176
     1
290
     0
176
     1
290
     0
176
     1
290
     0
176
     1
290
     0
176
     1
 90
       50
176
     1
 40
0.0
176
     1
 40
1.0
176
     1
 90
        0
176
     1
 62
    18
420
        0
176
     1
 90
       50
176
     1
 90
        3
176
     1
 62
     5
420
      255
176
     1
290
     0
176
     1
 90
       50
176
     1
 90
       50
176
     1
 90
       50
176
     1
290
     0
176
     1
 90
       50
176
     1
 62
   256
176
     0
 40
1.0
176
     0
 90
        2
176
     1
  1
strokes_ogs.tif
176
     1
290
     0
176
     1
 40
1.0
176
     1
 40
1.0
176
     1
  0
DICTIONARYVAR
  5
140
102
{ACAD_REACTORS
330
13B
102
}
330
13B
100
DictionaryVariables
280
     0
  1
1:1
  0
DICTIONARYVAR
  5
13D
102
{ACAD_REACTORS
330
13B
102
}
330
13B
100
DictionaryVariables
280
     0
  1
STANDARD
  0
DICTIONARYVAR
  5
13C
102
{ACAD_REACTORS
330
13B
102
}
330
13B
100
DictionaryVariables
280
     0
  1
STANDARD
  0
DICTIONARYVAR
  5
13E
102
{ACAD_REACTORS
330
13B
102
}
330
13B
100
DictionaryVariables
280
     0
  1
Imperial24
  0
DICTIONARYVAR
  5
13F
102
{ACAD_REACTORS
330
13B
102
}
330
13B
100
DictionaryVariables
280
     0
  1
Imperial24
  0
DICTIONARY
  5
1A
330
19
100
AcDbDictionary
280
     1
281
     1
  3
BUMPTILE
360
1C
  3
DIFFUSETILE
360
1B
  3
OPACITYTILE
360
1F
  3
REFLECTIONTILE
360
1E
  3
REFRACTIONTILE
360
20
  3
SPECULARTILE
360
1D
  0
DICTIONARY
  5
12
330
11
100
AcDbDictionary
280
     1
281
     1
  3
BUMPTILE
360
14
  3
DIFFUSETILE
360
13
  3
OPACITYTILE
360
17
  3
REFLECTIONTILE
360
16
  3
REFRACTIONTILE
360
18
  3
SPECULARTILE
360
15
  0
DICTIONARY
  5
22
330
21
100
AcDbDictionary
280
     1
281
     1
  3
BUMPTILE
360
24
  3
DIFFUSETILE
360
23
  3
OPACITYTILE
360
27
  3
REFLECTIONTILE
360
26
  3
REFRACTIONTILE
360
28
  3
SPECULARTILE
360
25
  0
DICTIONARY
  5
141
330
65
100
AcDbDictionary
280
     1
281
     1
  3
ACAD_ROUNDTRIP_2008_TABLESTYLE_CELLSTYLEMAP
360
142
  0
XRECORD
  5
1C
102
{ACAD_REACTORS
330
1A
102
}
330
1A
100
AcDbXrecord
280
     1
270
     1
271
     1
  0
XRECORD
  5
1B
102
{ACAD_REACTORS
330
1A
102
}
330
1A
100
AcDbXrecord
280
     1
270
     1
271
     1
  0
XRECORD
  5
1F
102
{ACAD_REACTORS
330
1A
102
}
330
1A
100
AcDbXrecord
280
     1
270
     1
271
     1
  0
XRECORD
  5
1E
102
{ACAD_REACTORS
330
1A
102
}
330
1A
100
AcDbXrecord
280
     1
270
     1
271
     1
  0
XRECORD
  5
20
102
{ACAD_REACTORS
330
1A
102
}
330
1A
100
AcDbXrecord
280
     1
270
     1
271
     1
  0
XRECORD
  5
1D
102
{ACAD_REACTORS
330
1A
102
}
330
1A
100
AcDbXrecord
280
     1
270
     1
271
     1
  0
XRECORD
  5
14
102
{ACAD_REACTORS
330
12
102
}
330
12
100
AcDbXrecord
280
     1
270
     1
271
     1
  0
XRECORD
  5
13
102
{ACAD_REACTORS
330
12
102
}
330
12
100
AcDbXrecord
280
     1
270
     1
271
     1
  0
XRECORD
  5
17
102
{ACAD_REACTORS
330
12
102
}
330
12
100
AcDbXrecord
280
     1
270
     1
271
     1
  0
XRECORD
  5
16
102
{ACAD_REACTORS
330
12
102
}
330
12
100
AcDbXrecord
280
     1
270
     1
271
     1
  0
XRECORD
  5
18
102
{ACAD_REACTORS
330
12
102
}
330
12
100
AcDbXrecord
280
     1
270
     1
271
     1
  0
XRECORD
  5
15
102
{ACAD_REACTORS
330
12
102
}
330
12
100
AcDbXrecord
280
     1
270
     1
271
     1
  0
XRECORD
  5
24
102
{ACAD_REACTORS
330
22
102
}
330
22
100
AcDbXrecord
280
     1
270
     1
271
     1
  0
XRECORD
  5
23
102
{ACAD_REACTORS
330
22
102
}
330
22
100
AcDbXrecord
280
     1
270
     1
271
     1
  0
XRECORD
  5
27
102
{ACAD_REACTORS
330
22
102
}
330
22
100
AcDbXrecord
280
     1
270
     1
271
     1
  0
XRECORD
  5
26
102
{ACAD_REACTORS
330
22
102
}
330
22
100
AcDbXrecord
280
     1
270
     1
271
     1
  0
XRECORD
  5
28
102
{ACAD_REACTORS
330
22
102
}
330
22
100
AcDbXrecord
280
     1
270
     1
271
     1
  0
XRECORD
  5
25
102
{ACAD_REACTORS
330
22
102
}
330
22
100
AcDbXrecord
280
     1
270
     1
271
     1
  0
CELLSTYLEMAP
  5
142
102
{ACAD_REACTORS
330
141
102
}
330
141
100
AcDbCellStyleMap
 90
        3
300
CELLSTYLE
  1
TABLEFORMAT_BEGIN
 90
        5
170
     1
 91
        0
 92
    32768
 62
   257
 93
        1
300
CONTENTFORMAT
  1
CONTENTFORMAT_BEGIN
 90
        0
 91
        0
 92
      512
 93
        0
300

 40
0.0
140
1.0
 94
        5
 62
     0
340
55
144
0.25
309
CONTENTFORMAT_END
171
     0
 94
        0
309
TABLEFORMAT_END
  1
CELLSTYLE_BEGIN
 90
        1
 91
        1
300
_TITLE
309
CELLSTYLE_END
300
CELLSTYLE
  1
TABLEFORMAT_BEGIN
 90
        5
170
     1
 91
        0
 92
        0
 62
   257
 93
        1
300
CONTENTFORMAT
  1
CONTENTFORMAT_BEGIN
 90
        0
 91
        0
 92
      512
 93
        0
300

 40
0.0
140
1.0
 94
        5
 62
     0
340
55
144
0.18
309
CONTENTFORMAT_END
171
     0
 94
        0
309
TABLEFORMAT_END
  1
CELLSTYLE_BEGIN
 90
        2
 91
        1
300
_HEADER
309
CELLSTYLE_END
300
CELLSTYLE
  1
TABLEFORMAT_BEGIN
 90
        5
170
     1
 91
        0
 92
        0
 62
   257
 93
        1
300
CONTENTFORMAT
  1
CONTENTFORMAT_BEGIN
 90
        0
 91
        0
 92
      512
 93
        0
300

 40
0.0
140
1.0
 94
        2
 62
     0
340
55
144
0.18
309
CONTENTFORMAT_END
171
     0
 94
        0
309
TABLEFORMAT_END
  1
CELLSTYLE_BEGIN
 90
        3
 91
        2
300
_DATA
309
CELLSTYLE_END
  0
ENDSEC
  0
EOF
